1405127031357289997711145.31036850533126573586
380178530556191348134584.19295033193126573586
457461564788771427483243804146454925121911950453.372228995805831164147344039062
1.741849039749888343010272
0.2270542459056493580975946021614176
225970855268177309834439.301785305561913481345845
-67185473411154345006485.101785305561913481345845
11637234898287652400528927442646081341553367381.2798123947089507470101495
0.541640641
38971541924162.576508735751064316777294971513355
574502174410620279240099.871412222476539253
-218417639429312581063553.871412222476539253
70586620797164390127588379646079286760230155785.018798706346480069
0.4490801323993533
39053940.3787747005416952386532384807349151
863004501411459525444418.149736781872281964431219
-303578240634775310902570.841611352712291164431219
163154255317384075570890621925493328910334445130.9197226539179616926715726283202766363926
0.4795427196149
12704661631.1894407568474733491874575437867824369
900038147554741741054397.453994
823682001983672846570533.946006
32904156665484956879816693751786470688995830102.9630058
22.574740207833733013
22491.739247310062044207596078
1383108262760357061112381.3131609063859006626459
-327855344472419317921720.8898146028839551373541
451374834904211044741291880772011510171146854026.09087777078158550796463394745255973061
0.61675941780821917
6914168.001831082627603564388660619652157
1209719996948195620660714.43835976195925841
217334248874647135118638.67795976195925841
354047073820608840561783460953036044348814890389.637783878423210422482
1.438003567255
29144731822.69023342862640741
1172243839169909208819713.474209201190203707942
400045777065690089265277.685790798809796292058
303529748680929038219611593330554973606706038928.84281598050924514589636
2.0361
8570992599374380102.2256006454566262302592938
1194766155489433127336536.533165483315632
-364553292133974212252994.218493935315632
323641765874320388084180606915514548811928826571.585972031471641971019168
0.532420001957138663
213855.191882199574121160754325342519984
625207904173342488746470.7259784838
329518577859159227893491.6976424802
70575607571625155508694488991520819701785485429.1453478360902348676
3.2288161833
96131837949.18745708315313647006
1206424048218509193560691.5489723048
-625848783093003738460364.0689723048
265943071205235538405192086019391579052268052433.398365187952
0.316860707206
899763485160.5970077058290042116112
1394888227664606698710611.252034790569924467841
435645075150682841229876.732034790569924467841
438981634043565887078731673466981200196987720700.00720572617411039928566
1.90831000254517688979384
0.3276255162808889605553216
1028412298771648737315937.01987
-711635004196231021591515.27227
137801869266854290817573332731535471297278629058.921135966
0.18205096
6312352178225375.7533308562728
416433966582742046234835.930556191348134126
236255436026550698100251.537605859464407874
29400154367935182441095235817124551705070427336.911145860515321554086150824063146
3.622
41382467383840695811.398447974364842757628
536766613260090028229189.96728999771114671549553
73044937819485770962081.25271000228885328450447
70695708542413628356689989485110867062224241156.3638574103602751464638233
1.315
8773937590600442511.63016365300984206912337805
1034332799267566948958570.7202
812558175020981155107956.7682
102398387961813375083935620084544464556387129756.1395392
8.327783129214256226778
65.224701446945622878596672
700953688868543526359959.62558937922339208056763
364187075608453498130769.45346761322339208056763
89675961974545373962426059613683840149064124091.55946693197541675526870737901729
3.162845491617580425917
90.104524301565468052174696895289
1579873350118257419699395.688761730373079
-229236285954070344090943.541268024719619
610862631903967420783313979077299973175206084780.94494859579890397255724110877
0.7465
68360418097199969481.9561382467383804715
766735332265201800564583.0434424279
-218295567254139009689478.6861066679
135057528765255769444386401462852127929844752112.888786575951251452
0.5567741735601202094370604
0.02241854761086866063180077908500684
1877424277103837644007017.27264820322
-9536888685435263599603.25589379722
881157741003267243327769135397852773327928517228.56659759735585598466
0.989891801846
915144579232.47119859615657953759388
861234454871442740520331.7850428
210101472495613031204699.5690428
174395539378221575841346197334680607926557199512.4796454224
1.645341207349081364829396
0.106616933614964414639289232
885069047074082551308460.242572592103456
-614770733196002136263064.922728392103456
101351040923568628044716450026566867687929641303.2455705284557781007776
0.1802
13592736705577172503.2425284813229572288
1717265583276112001220720.034470130464637216754405
218158236057068741893644.399221789883268482490273
725352016886278358611915118943508491991449569185.604301951700148938740965410890279058312636822374
1.2910508529782989291966939
0.0342442969405661097123682723486861888024481234026
301014724956130312046997.45573
-297993438620584420538643.14427
452443794873691603921403524511744426296488174.005319
0
1510643167772945754177.15573
1203189135576409552147706.1287708848786907759212
-526054779888609140154115.5951018548786907759212
292732616131363658692246753954560544382126002932.509850162533271434581907080218
0.3915782785944972
78681620.50812542825246043859924663435541917936
1348134584573128862439915.44417486839093
-182528419928282597085527.44417486839093
446037558510161816472988678308210926013745454218.00681788745042
0.76150410718558
755626763.5154345006485123513745012106
828564888990615701533530.8720531013962005035465049
-659281300068665598535133.2386358434424353398934951
62966985661950357606476474928730955276414527205.295849641041900264776788483431870676279396428
0.11377
5663996337834744792.8587720883497367818724205
1680247196154726482032500.0363927672236157
-170092317082475013351643.9895170519569643
698574810963833667487517291645082927459689165338.894910807454600222793237127453
0.81615015421154195
450904.0970473792629935327585363523345
1265598535133897917143509.835339894711878461890592
-472831311512932021057449.744609750514121538109408
344542550746507219841659280149231766926838295213.095049254876181421321834695813556896
0.456024857804929429113124
0.068116273747249773983572510189726988
1570183871213855191882198.7807736324101624998
286259250782024872205691.3289082169832913798
595883257690460594920588591607587551257548822862.613863931679955976670767253063299288
1.445912861591119
496696421.75936522468909694485040452520836
694407568474860761425191.949863355458
-643717097734035248340580.724136644542
16957542310009737332882781634919732561046704406.073813842577346
0.03788172
3405203326466773.479853295818
1031677729457541771572441.17477624
-155992980849927519645990.53600424
260006281846055724744195051728587915707915032313.27911366719264
0.7373127425
1945525291828.7937737387378668
1195529106584267948424504.7818493934538796
-490714885175860227359425.7818493934538796
297122186539255056227434471062752806132902178050.1813604883152442
0.4179787
74924849317158770.11104745692835889483548
953536278324559395742731.937285420004537102
368352788586251621271076.155642023346262898
193386914305445954461278285150384285014028547753.3850700267389243755295757406908
2.25893089960886571
164034.48538948653387257244830942670342758
1132188906691081101701379.809277866
-789745937285420004577705.779277866
164538268743879750618429830024254963292927427052.40331400999
0.1781761595503120186734
80.6927447167042027265911396970356
1356542305638208590829326.483539970244907
-261493858243686579690241.594000029755093
442956997271764419841177109177665732736747746337.38273342966648304439
0.67677625002357645372
3346.6086845319798397444092756
1651010910200656137941556.289684138246
-73533226520180056458380.949684138246
680107472549782733566282643979351284227076877652.75405780902682
0.91472154877
8485084306095.97380712595541608874258
623208972304875257495993.882711604486152437628747
92103456168459601739528.403288395513847562371253
94976594130780854164002303308734319665472226475.615377265866523233956377821
1.3
12437628747997253376058.5813749141680018310826289
1301014724956130312046996.486427099545
-111299305714503700312809.837582970455
420062944775036212236473904612484910007430574375.814319102056384984075
0.8423873114654
64374761577.782864118811291971711
1344304570077058060578315.585534378576333
356130312046997787441824.622934378576333
420081494492842972143832188029510313748798316262.1769934027543740729
1.720784434
413214312962539.101322500492133
533028152895399404898145.4958113984885310139
93141069657434958419165.2383611810474689861
68860938230537533477193163170522526553364496832.5661233920510624559993262357752
1.423
104951552605477988860.9139104600586843672203
951537346456092164492255.09485001059739
-878568703746089875638970.66335538940261
33385088624654133348239539269745520458517712907.700778159216584161953
0.03987126467449
2802777141.985198751531751219877
775921263447013046463720.899519340539482719
572579537651636530098420.118654154539482719
68551620032961792390581648119547845133881660676.872356868924401957857860367
6.6316974335884736605132
8.3680476099439913168336296132724
557778286411841000991835.821355001144426642
189639124132143129625390.778644998855573358
68788404847730835184524265352130743937738765618.2629732810125955386
2.0302578131476415485
6782.591081101701380941986963632430464863
712626840619516289005874.00455939574273289
-109895475700007629510948.24455939574273289
123939999598005625930473966878036565876268992413.8011411036750301232
0.732784208964084298
4638.73641260395208667184186205314283878
1057328145265888456549934.086839093614099336
-709788662546730754558632.086839093614099336
153535715322881724087162057557593596016574491486.589420615217987736
0.1966703509256700746062
39.5952239261463340200350142816526621185168
1044220645456626230258639.3761991
-429983978027008468757152.2358009
226377633759480549226297460161780895768848554871.4894749746
0.416656315
726482032501716.64026718511
1006958113984893568322269.53550011434884
885160601205462729839016.43382925145116
57613838348399420050062445656120443904600646326.216418648192936726172836
15.5349536457028313
4298466.468299381915857228606950899308
398229953459983215075913.23395284
-265049210345616845960173.68604716
22084002981976338341050434304793704802934598513.1471104264
0.200791386767277077390264
0.03428809490714213986712656
259037155718318455786983.79528496223392080567635
-215640497444113832303349.13966582742046234836347
5149855976172874903978429530086214172229582513.7215797065696026627883822191887421737484297204
0.091423428057
21698329137.10231174181732780956740388365838513
104173342488746471351186.2143
42343785763332570382238.3857
2264772273126666197847851855535900091277636552.95589
2.3696939782823297137
668.27469792031808056266409
379736018921187151903562.60111306935225452
36163881895170519569695.54711306935225452
35722904428096091137910548025565854958764962451.10117235577242529204
1.2105169657132
12121766994.73656202680579812
951918822003509575036239.225085242
-119661249713893339436941.972351242
222957657250364651564798162906758201198084101565.702326165086814
0.776663
489524681467917906.462194694013554
993652246890974288548103.07287708766308079652
-154192416266117341878385.44129091233691920348
240892371629374528710928419817319192323800425632.43793848871394857437254768
0.7313357439115176007657
7.5013351650855290247139507812
583489738307774471656366.2433966582742016
-437247272449835965514610.0762188143740016
37318774361413513503649299093809333787441402716.62169796102062228931990253016
0.143271444374682333243
326.2226291294727977986650930884562105112
1016113527122911421377888.58791485465781643396658
169787136644541084916456.61208514534218356603342
250914757058052894671204304562468851766285919317.966027700625534329891708
1.40123323236694
303959716.1089494163424121474021553643337431348
716411078049897001602196.57
499397268635080491340504.57
65961800208109216085416486012942076737745686682.22
5.602446913233019265
100480.67455607978625181
957900358587014572365910.38718242068
631967650873579003585869.51375600732
129547496307615315412870926697429386138952201838.74564047681655914952
4.8779
427252613107499809.262225863135628
1306767376211184863050277.1703822384985122355001
630060273136491950865948.8625772487983520355001
327666256936258378513606112059413860420244306255.92005709367881659818824488183853855801
2.8621358347614
10931563286.79331654840923606394094561186
1142092011902037079423207.8218127
90959029526207370107576.0218127
324025154649523335432888874473319859469961511745.75088193
1.1730685480358853758383
21.87755809155708789043103
1017532616159304188601509.618
374608987563897154192415.898
223760182846087454708473326260032700082760431685.83988
2.16532966250534010537807
3.0559984908945406566686398
1225619897764553292133972.9866328102
-83573662928206301976043.2520488102
373789894165289154885061254988003232694595706033.3785759627599784
0.872328
17212176699473563.7445636697198544
339345387960631723506522
116166933699549858854048
25415133961249011305430852955713113367902637545
2.041022836045398605223
65.572178746807391864149
953917753871976806286716.067521171892881422522316
72526131074998092622262.840421149004348577477684
226174760365862379304113757500239022501850725640.94503687250612227044209950154640879234
1.16457186385512
4261539635.30937666895551544586862019357800914208
399130235751888303959715.77560311284
-139391165026321812771801.19560311284
34968762050990663794170566074039505368930197099.6947180106036
0.48231893913634
2202792400.9996360723279867948353944
994399938963912413214311.96813916158342870222
261997405966277561608300.64591439758342870222
230047149469593569892178606640660930314875976372.25394196093671568815183288804
1.71544647693
2394598306248.56946669837672835496
885206378271152819104294.529457541762520027
-683970397497520408941786.147493705662520027
78943706869753805338642295236628253384975418596.00689437046706099455549778735
0.128243
21759365224689097.428854788638235294177439
771831845578698405432211.023392080567635533
386633096818493934538795.676539253833829333
111559811573490209163912656934377049499669150816.0801011964082519125174698809382423
3
1434348058289463645380.329686427100023133
1509971770809491111619743.664267200732433
-154970626382848859388113.067067200732433
563999713400014455731660677022970661937138588329.3891206108665994938
0.813842657
71839475089646.753547737778164381205519
341054398413061722743571.7959716182192643
-59006637674525062943465.2648661020828643
28209079846810689504231271983658468837950839771.80553686374851388776264198526
0.7050118239377526889922953
0.01392080567634832952102692465490320511221
830838483253223468375676.2882577376974135957
88334477759975585564965.1973902623025864043
170622401323347318092437514170578305858449777161.2870514007697231808122568
1.23793670365803
1985198748.760204025940335239294737954521529
966079194323643854428930.13943694209201190203686
-136476691844052796215762.43314259555962462806114
228670780572081069284544845663561012736871008301.31377509092328660332103728215787785947530514
0.75243578
2138704509040970.47379262775371938658746894678
1397253376058594644083312.64888990615
384664682993820096131837.35111009385
451087519641101099262520926802157624335409262317.65715408625
1.759
387273975738155184252.47560265508215
772304875257495994506751.34488441290913252423
-334584573128862439917600.94717326619363698823
121126995942668337719908972677713688605203826711.84542563319745679030671998764050659464
0.3954507
47470817120622568.093385166536964980179517139
1388311589227130540932324.849576562142366668468
-275593194476234073395895.047516594186312651532
462864364985186367612887502863212438327607258840.40113465374340322230265282854644824088
0.66873922453321594952
4128.4809643701838712177473308895893060368
1378255893797207598992903.176562142366674296177517
-561013199053940642404821.289906157015335317006083
396213374818500791610510502448062498588057336185.9335725496727177297663249896865915998927293206
0.42141789283185144
3741512.169069962615396349352295036104089677808
1657602807660028992141602.0649086
-37247272449835965514610.4769086
686564927164364690064519072580262901083032566626.6706584284
0.95
5123979552910658426794.83663683
497337300679026474402990.270471274891279468
143022812237735561150530.108471274891279468
56722216456577456571117449795262753005209005324.072462636615439276908
1.807321274763135228
44556.344811609493635074532
1109376668955519951171128.821194774941634241
-508781567101548790722514.178027014941634241
242964477650134377359173436936980642991433202750.78556520801729909976163508
0.3711
48290226596475165941.8630782768871595331649
1134157320515754940108337.92130922407873655027695
122087434195468070496681.04065003433279927027695
317851871522761033804029924274128986140791128600.544959425548293173230541313848411064848
1.24126285317
4933089188982.9861905851785566524826154112
1390157930876630807965208.0399
-144472419317921721217669.8029
477916698208905509545942207562194520467424808498.2687859
0.81
1317463950560769054703.592166
918364232852674143587395.12358
137895780880445563439383.40358
206094404449613209639908496436287551849546952166.0045788
1.353366700555
98115510795.7660600647477
883268482490272373540855.1478100251773861
-682459754329747463187608.9918100251773861
78602973970212333300322604189274446664141950565.3763909629289764158
0.12825260695838612221
243.381349355306324868365685868237044719
1138307774471656366826885.13783
700007629510948348210878.86217
201433477012269542361885558598783427382030149473.50606
4.1
20642404821850919356069.134897
1026947432669565880827037.959097505149919890135
163012130922407873655298.533097505149919890135
257012018659687075727782330144401573775959291654.374616202423411383981255
1.377371154049
409842069123.370233338731982890135
917112993057145037003127.17322
-818875410086213473716333.97322
42634826197592668390981451137946504886807412545.799052
0.0565
77119096665903715571.82261307
1866239414053559166857402.5690890363927672
-106080720225833524071106.9309109636072328
867899107840835071656310369775417222108370373508.1880941490382442
0.892
424567025253681239032.5820890363927672
987548638132295719844356
526268406195162890058746
174573469329438749436830318962389537915383490555
3
64988174258030060273136
668299382009613183794918.0774090180819409467873
439261463340199893186846.2838635843442435347873
63418357704664279718838278928105110690221511824.7872534324635393988504744229734860262338
4.8357095269820119920053297
0.0091783016708629015465774939252217450516318
428717479209582665751124.924147401681391622
94300755321583886472876.994277866318608378
43726511131399428391474840092090278106942041749.787047631679509730524152348
1.563971527651
5218585488.670176241232771161695067260078
947997253376058594644082.3662623025864042114900427
578789959563591973754481.7588921950102998397802693
140925243779231651609718549744773096673785273383.7309341341648015926381455044445308272494139168252
4.1353116217556
11462577248.79835202563514532387273897821970690948
1330617227435721370260164.992721399748226
-47058823529411764705882.305882399748226
442081918269188483432798698316136030040846943748.570684921862451898807
0.93
1159838254367895017929.34956873323414982
500587472343022812237735.0605630579079880979625259
-6927595941100175478751.8050812542915999084454741
62634956470313370331135144038289841890303977675.3936898897698945435341759503056266132709169836
0.97269
2522316319523918516.82306911879148546578202714
1494102388036926832990003.84655525889
-205661097123674372472724.29269854111
547511364766883514865574483473270786297907448147.769935439111598141
0.7580121
1011673151750972.76264592620451
1097337300679026474402989.670954451363
400183108262760357061111.982513161363
261000657830671994949003616101761489534350991463.270745575745076964135
2.148047627385746804
143801.02235446805950301732043142
450766765850308995193407.65177385666514
246875715266651407644769.72336919666514
35560764601681639210817566051583972362686607892.7497934259267051177762
3.4
2206454566262302586404.20928360466514
1396002136263065537499044.914514
49027237354085603112840.418514
486604573612117188473233532511877533497799441700.967723472
1.072796066792033894464961
0.250038149498940334273667672
1204745555809872587167161.373355458915083543144
-647608148317692835889218.846644541084916456856
258003885119041995600192595405132962898951984247.80867466824069641910584
0.30077269057778802906
2215.3068373875107976585474
608514534218356603341725.186861982146851728
229968719005111772335393.071320668345251728
79351081658532858258174749934777780690152330902.9696004065906300835181369645824
2.21501128668171557562
145.265888456550140376028125602761504
1164324406805523765926602.9403524834058136872656443
-66651407644769970244907.2347905699244678415343557
337802228535501374094886958905983428972311934550.40082619588131093408142578480943868820050292
0
548836499580376897840847.8527809567406729228656443
1.13096818493934538
-0.06903181506065462
0.318580910963607228
0.884946974898908966
0.0000000000000000004
0.264209946707
-0.059739053293
0.0165595353626429715
0.6311823571
0.00000000000690605
0.9756466
-0.9756466
0
0
0
0.618212787
0.328212787
0.068615854115
3.2635
0.000005287
1.409597924681818875410086
-0.371435110918181124589914
0.4622505669111223010605018317185308
0.5828992461186
0.000000000000038037599006
0.41659448
0.24549448
0.028320855264
3.869602337814143775
0.00000000000000000004875
1.0727092298138399328603036
-0.8280766098138399328603036
0.116248555001754787518120081831716
0.128700779908965384
0.0000000000000000003501030054165955198694176
1.1757076370491493095
-0.7176012818491493095
0.2168342120260379949578208672
0.2419607020425216
0.0000000000000000375076517837211648
0.095368886854352533
-0.084565499351491467
0.000485975224817797912788602317426
0.06004070556309368796
0.00000000000000000000025617516778088
1.466208368123903257
0.461157631876096743
0.484275154329747462415531
1.9176
0.0000403540856031143768
1.6178072785534447077058
0.1876707103074693077058
0.64552002375829824246127590017381861866
1.2624514532030216671
0.00000000000000000000668647571320533
0.46547020904859
0.00289020904859
0.0541635405508483811
1.01
0.00057730904859
0.96195925841153581
-0.75715266651407645
0.0880213636085739158676284216169384
0.119135112105235121
0.00000000000000000015211857890990827
0.7416012054627298390173
-0.4203987945372701609827
0.0933093003738460364690513
0.276422040383
0.0000000000002068390173
1.16026550698100245204
-0.75059128709849705204
0.195707191605426055661676913791980508
0.21439
0.0000028158999007506601444
1.0828389410238
-0.8628389410238
0.107012283512618
0.113
0.0000691996643106
0.281681
-0.281681
0
0
0
1.006805523765853910124
0.524162661173346089876
0.1847277168292778515294405836022304
3.172051849509
0.000000000000158709087892740470884
0.73389730151827267
0.33456869848172733
0.10666725879301136331211
2.67565606839893
0.0000000000000000378312539237569
1.180468451972228553749
0.258731975280384553749
0.331640882767305036972193139947961578
1.561401185
0.00000000014412150303143
0.162081330586
-0.162081330586
0
0
0
1.296116578927290759971
0.686732280460822461971
0.302079240285815554481914590696645248679
3.2538
0.0000171145189593369548
1.069596894789044
0.289403105210956
0.265070840009155398
1.7418749266575397044
0.0000000000000000000023101078814064
0.1388723521
0.1205310079
0.001189451578099128
14.1430942667768047229602
0.00000000000000000000000066444958
0.5678797589074536932936
0.4061646448462656932936
0.0393794254634236468757104251918243984
6.0232119
0.000000002165257248425
1.3040949874113069352254
-0.0260949874113069352254
0.4249956969558251316090306
0.96
0.000508812085145342183616
0.3735400681315327687495231
0.0224620681315327687495231
0.0347569094987411306935225354509
1.12
0.0013973881315327687495231
1.2800617227435721370260166
0.4539382772564278629739834
0.3581245136186770428015563922
2.098959918729220539342
0.0000000000000000000001840916715658470621549228
0.35294
-0.35294
0
0
0
0.61271076523994811932554
-0.54114595254444190127412
0.0206438849714228625795841375641512383862786293
0.0620222
0.000000040286869611657891883774
0.35400701915007248035
-0.13400701915007248035
0.0268407721065079728385
0.45
0.0001968413824673838425
1.124635690767978942
0.387258716632021058
0.2787090308354222930153844854
2.050368346
0.000000000281185627128630068
0.587670710307469291216
0.309681849393453879604
0.06236350397738391060498954019835762189046
3.22801624766714238663482
0.00000000000000000000000013430348147508423508
1.1180743103150988
-0.5517814896849012
0.23640683775692377937652
0.33912678
0.0000000000559368
0.634378576333257038223
-0.634378576333257038223
0
0
0
1.4647135118630868
0.0354924849309132
0.5360314888369314538542628596
1.049666894430034947
0.0000000000000000000255693766646004
0.328458
-0.128458
0.0228458
0.437717217169020126237
0.000000000000000000000147454
1.163725024795910582131
0.171674975204089417869
0.3311959090562294956888687
1.346
0.000050316624704356451674
1.105546645
0.642191205
0.202455960122851
3.771916112606771164702415
0.0000000000000000000000000143062
1.561501408590829
-0.150224991409171
0.6039297752468143985928
0.824475463591
0.0000000000003522488
0.76047912473
-0.60056457527
0.0544126725202178505
0.11749405949272
0.000000000000004124068
1.14596780346379797054636
-0.31346608682383459220636
0.3037453047467485212403698332118356853060212
0.570427836
0.00000000040906385900291586364304
1.7189593347065753795681
0.2194247348744246204319
0.72666849502504017700458646806398305
1.29265711
0.000000003708482757305346805809
0.999694819562056087
0.127916380560016087
0.24575678296090925403582635330874
1.293460757
0.00000000023710759552786
1.58123140305921263447013
-0.21634241245921263447013
0.613372177647983520256351250775389
0.75929510032741
0.0000000000000060453192953859851347367
1.6081788357366193987945372
-0.2852216372930593987945372
0.626221946332763786678873837774035260216
0.698720221785231815544
0.0000000000000000000002922898102629094147537632
0.580788891432020355
-0.173586633096779645
0.076795854305239783120014331862
0.5397
0.000032893873523675
1.06607150025177
0.83532470025177
0.109685272199587560918
8.24018448144693664224
0.000000000000000000000187584
1.01513240253299
0.38073240253299
0.221384158083464428
2.2002913068505359394
0.00000000000000000002232
0.429800869
-0.365316243
0.012818207398380028
0.08110079009342
0.00000000000000083969848
0.87977340352483405813
-0.13977340352483405813
0.1886161593041886015081
0
0.37
0.8810711833
-0.8810711833
0
0
0
0.9501487754
0.2498512246
0.21008926524
1.713557328065983
0.0000000000000000021527818
1.230945296307377
0.693095292492623
0.2587113095064553830717888
3.5772809801125835
0.0000000000000000182583008215205
1.123750667558236057
0.540581368758236057
0.2426468366472632944027834158
2.853943
0.000000049095651857
1.16933278
-0.19653278
0.332178504192
0.7122223654
0.000000000019202188
1.30176241702859
0.52465094987459
0.35483169279595177881703743
2.35025918944
0.00000000000264538817312
0.77755397871158159761
0.33488975348841840239
0.123109760704669260695053500021
2.513064460176732161432
0.00000000000000000000013241737834901462248
0.3919966430151827
0.2080033569848173
0.02759899290455481
3.2609885553
0.00000000000146953116144669
1.07061875333785954
0.61297016861214046
0.1926230218475791555839364515
3.6787810082686466504
0.000000000000000000002951163213315184
0.590287632562752727550164
-0.009712367437247272449836
0.0870862897688258182650492
0.9676254418758424251672
0.000000000000000000000004
0.14192416265172808422
-0.04072632945172808422
0.004620958508445868619325556052
0.55405179605363408
0.0000000000000000004815116726726977824
0.778326499580376897840848
0.080653500419623102159152
0.14982178820477607385366580752
1.231207171602292113
0.000000000000000000071824710542042520368176
0.475327763790341039139391
0.469327763790341039139391
0.001416983291371023117418173
157.44258793011
0.000000000000011039139391
0.9519483100633249408
0.2870516899366750592
0.2059517280842298008256
1.86344758
0.000000001137407492312596736
0.8281986724650949807
0.7555046921492332407
0.028781425303359495957705828235627309
21.7858942065491223601
0.000000000000000000000406308932953713
1.1597858663309681849
0.2283141336690318151
0.323243978027008468729845
1.490222356005504226585
0.0000000000000000000002314541078842244335
1.563874265659571221484
0.236125734340428778516
0.5974868390936140993356
1.35567839657986
0.00000000000000047272545117184628776
0.961028458
-0.161028458
0.2244113832
0.712976310374615
0.00000000000000034420633
0.5876401922582
0.1268482490218
0.082307629319339418639648
1
0.1268482490218
1.18898298619056
-0.17022964827956
0.34617560207430967169817983
0.7495172661547206769
0.000000000000000000025915380387886
0.7369497215228503852388
0.0495002670328831922388
0.1351611539040699974334944305607369230942
1.144011364645298766
0.000000000000000000014334879488308081
0.76189821762417029068
-0.73583581762417029068
0.009758635880064087891909216
0.0174
0.000000913893339436942168
0.710887312119602
-0.321995880060398
0.10041985593919055456745618
0.37651056286278
0.0000000000000036171454698
1.18719768007934691386282
-0.63869688007934691386282
0.250376156740672922865643930128
0.300401
0.00000012411688410772869500918
1.158983749141679761
0.309147783627069761
0.311917744663243634987571230379105
1.727546952993
0.000000000000060395637636135
0.800640878919661249713598
0.004394598306248569466402
0.16025162612574359572919337696246380151550482
1.01
0.00041336690318150606516602
1.33167009993903105
-0.04512092774096895
0.442827339237855800790864732
0.93445493639364977
0.0000000000000000000678521832
1.448794971389333943
0.316545028610666057
0.49970152849622339146781
1.559
0.000081169604028382863
1.162096589608605216
-0.668894483863585216
0.22576216325920473739537766891216
0.2693
0.0000581048294795583312
1.5319896806286717
0.4424056806286717
0.5378173988250553127864
1.812063467577849344
0.000000000000000000183552
1.32860303651329060807
0.34723430231329060807
0.411153591982334630349202102497
1.707653077202121
0.0000000000000004264073809
1.0504615782963302052338
0.4300907982963302052338
0.229622858174410620279226294182
2.38656
0.0000001439379302052338
0.88278019378957573434
0.17262531471732426566
0.187375342816476409551921439728473
1.48616244091103763
0.0000000000000000015250135220048767858
1.69204242008087281594
0.28314641031509880206
0.69570891541970264527518457442460451446
1.401940822250140796107
0.00000000000000000000002351610350196601742
0.2880140383001368
0.2775463492790032
0.001480027564962556853600628276
54.0291545
0.0000000000991794802294
0.886731731136034180209048
-0.385931731136034180209048
0.1593374654764629587243456192
0.393
0.000321629663538567177844136
1.660737773708705271
-0.079262226291294729
0.68794186312657358577
0.9088939927
0.000000000059705271
1.56053025101091020065613
0.05946974898908979934387
0.6079295033188372625314653
1.07923697
0.0000000060056458381017862468739
1.1097634
0.3757634
0.2725941678
2.0238784741144
0.0000000000000152
0.32607
0.26607
0.0088821
9.869
0
1.363073167009994659341
-0.351247425040054932479
0.43364842625634694603423656708586134736721
0.59021967458254708583
0.0000000000000000000085249390491389970447
1.587548638092317
0.117036697907683
0.626653272412909062231756
1.1591781
0.0000000495747311553423
1.80648508429
-0.10070954451
0.813311486851709183416
0.894389861
0.0000000004138107016
0.099455252916776531
0.041132219423223469
0.00204987196451494616806182627
2.410496
0.000000016697962159130624
0.09831181811245
-0.02031181811245
0.00231316090638555
0.657541
0.00000004780652151455
0.051413748378
-0.051413748378
0
0
0
0.113647669184405279621339
0.029201190203707942320661
0.003015770800433723174148953958027118950269169
1.69159047378121499
0.00000000000000000001763243910346510461839
0.05209124895094224460206
0.02125581750209811551074
0.000565422109896635231997867640491925859175224
2.37866
0.0000000295414663920042203844
0.045192645151445
-0.045192645151445
0
0
0
0.1645292820630197
-0.0112707179369803
0.00673571389333943163
0.8717
0.0000068520630197
0.07150835431186
-0.07064164186814
0.0000308007926409891162474
0
0.00043335622186
0.151726558327611190228
-0.039148546578164329772
0.00537208495068982464123345679147520928
0.58
0.000935225452048529428
0.0805233844510566203021
-0.0125230792706188203021
0.00158179698225861607095347827441312969
0.73082095181868
0.000000000000000338132316645845976772
0.0700160219729296940566109
0.0593896391240703059433891
0.00034377852440661783779659262889807865
12.1777713957379307869
0.00000000000000000000002253531587336541588279
0.1364515526054779
0.0065484473945221
0.00464403601129166985
1.1008
0.00000133089188992768
0.063318019989318684
-0.010649980010681316
0.000973937395284962209056
0.7
0.000445219989318684
0.1645055344472419317921721
-0.0210655344472419317921721
0.006654578530556191348134583012
0.77296531649
0.000000000000293842984664699818952071
0.107391470204235
-0.058565651944235
0.00202574807124345423926555
0.2942074291714
0.000000000000007317140061121
0.0692520790417
0.0127479209583
0.0011583352407097
1.4512206319217817438
0.00000000000000000000226634108354
0.097030594330903
-0.086218051430903
0.00049534596091660763911935
0.0590047629277
0.0000000000000012798033002869
0.016865644312199588006
-0.011134355687800411994
0.000040119020370794232084
0.204688
0.000000012312199588006
0.13934668497749294270237
-0.00265331502250705729763
0.00485261463340199893186827
0.96262936588018
0.00000000000000016270237
0.0425818
-0.0025818
0.000451636
0.88566899
0.000000000001618
0.18284885938804280918
0.00800183108255719082
0.008342419019708618142411050100054
1.0915295
0.00000000054391371786715919
0.13702449
-0.05847715
0.0038390334469094
0.40177
0.0000003230486
0.1341764230563820859082932
-0.0409544230563820859082932
0.0040815119340810254062714543452
0.53229
0.000000800961318379491874612572
0.123791866941329060797444
-0.046779583428702220197444
0.0032840242237642018576449181772210650477132
0.451495741787
0.000000000000062555876409603542507572
0.0777256778820477
0.0741656778820477
0.000135183306630044906
42.666111169689
0.00000000000000128
0.10200198360669871061
0.04554665439330128939
0.00208247673331960021343082459
2.61
0.0001001143765163653079
0.0490150301365682459754329
-0.0490150301365682459754329
0
0
0
0.13132371981147478446
-0.03426718581147478446
0.00401791984042114900404233082
0.5861223
0.000000005768596932940300542
0.06231174089
0.03176318089
0.0007184633481229092
3.079520664149144836
0.00000000000000000001438192
0.041694514
-0.018305486
0.00035083542
0.3898171333333333
0.000000000000000001
0.01968403753
-0.01879596247
0.0000085432820772
0.023
0.00000151753
0.1170443274586099026746
0.0451865415426871133254
0.0029143877634123289377705467418376354968
2.257665845578
0.0000000000000311462848890048410812
0.12469669192034
0.02222930807966
0.00376378070954393742
1.43388066029328773337208
0.0000000000000000000000000327210598928
0.118969995
0.071712805
0.002252783327333
4.03500081151672369
0.00000000000000000020208445
0.0930105
0.0588105
0.00129806955
4.439
0.0000036
0.0537376974135957885064
0.0360189211871519035664
0.000397594359957229800846523268625918325908
5.065621770582156391927
0.00000000000000000000000618990869843356031
0.0742641336690221187151903
0.0738918135347621187151903
0.000013790360538582604715037755598724839
397.92622
0.0000000017739049701151903
0.09831631189440756847
-0.08508368810559243153
0.000606715800717174028699
0.0721517109
0.00000000000487756847
0.131997215228503
-0.046997215228503
0.0038036316472113775
0.474875110823164861
0.000000000000000000006212244766917
0.045333028152823056382085
0.017924773021976943617915
0.000433446488403813839932831575336729
2.30798352076078276361
0.00000000000000000000003046284762452560607315
0.1215319093385214
-0.0770182906614786
0.00220954697276264583714
0.224
0.0000191869385214
0.05030289158464938
-0.03571526665140762
0.00031370015744896003568608253508
0.16958
0.00000033282978560697
0.1002304112306398
-0.0898359655146102
0.00049390865888023296265016485
0.05468850353
0.00000000000023134273213375
0.1327687495231547
-0.0181612878614473
0.0043244271182889595837974473637
0.7593416370106838821
0.0000000000000000000008801599382879
0.17654
0.01206
0.007755232
1.14664396887159
0.0000000000000004384
0.05499
0.04821
0.000174924
15.2
0.000072
0.057607385366597951583123
0.015300221255817551583123
0.0007711285195746881483176817983254995946
1.72329221669191775
0.00000000000000000018023383744395
0.129707780860608834973
0.049610140860608834973
0.00359073558489356832224338186
2.2387416373
0.000000000001875848973
0.0272884169527
-0.0132775830473
0.0001420908720516141
0.3453836
0.0000000013939
0.0361067
-0.0102733
0.000299538273
0.5569943941
0.000000000000821
0.142631494621194
-0.036631494621194
0.004750469214923282
0.5913100102145097
0.0000000000000000046263160614182
0.051502250705639
-0.022030975814361
0.00054177948310338338657314
0.40078854
0.0000000001964189596
0.137560608
0.015839392
0.0046680086336
1.2602568807
0.0000000000044145344
0.028734264133669031781
0.022954146639200427219
0.0000746912718423855614087280800794679895
8.942449841605068626787
0.000000000000000000000002795863693268198853
0.1043427175397
-0.0141130692603
0.00267205599490589830798
0.7617158326907504
0.00000000000000000014279264
0.181734950786
0.017410543986
0.0081811163238253503124
1.211904540841464336872
0.0000000000000000000000766162352
0.05521713588158999
0.02921713588158999
0.00054882276646066987
3.2474719908915
0.00000000000000049
0.094442013427939269
-0.020022013427939269
0.00212960321965362019949
0.650160596
0.000000000039411001815155676
0.08598911650263218127718
-0.06188911650263218127718
0.000890966353856717784390019
0.16
0.0002197413595788509956512
0.1129957122148
-0.0401957122148
0.00278808392461872
0.4752224236511075633025265
0.0000000000000000000000000067362493078
0.0417914091706721599123
0.0251682307164110780477
0.000278270510769010755448972784765500575054
4.028088856251147420343723
0.0000000000000000000000000058089314694131270471
0.0757000076295109483482
-0.0442999923704890516518
0.000942000457770656900892
0.2616667938
0.0000000000015109483482
0.054010818898298
0.012607018898298
0.0006895579081406753662
1.6
0.000185878898298
0.1020614938582436856028
-0.0801220721751735703972
0.0009992505197331476717655340188437569584
0.1204248119671005256058
0.0000000000000000000000022919376482131576
0.1438757991912718
0.0152757991912718
0.00511672388799877674
1.2375
0.0000045491912718
0.1053833523
-0.0059250477
0.00276763618793466
0.8935381750164408077
0.00000000000000000000010266
0.085789272907555657282368
0.030414282444444342717632
0.001608692692349156939040195890816768
2.09848443097087903
0.00000000000000000000099225653644212005696
0.12656565171
0.06202365171
0.00304298270533341
2.921962496049084317188807
0.000000000000000000000000009303
0.1233127335284962233
-0.0441092544715037767
0.0033151009800595101776889602
0.4730769237849000251
0.0000000000000000000082540506
0.12420904081788357366
0.01421895918211642634
0.00380642675516899366730324
1.2585498
0.000000002377660791946921732
0.11804379339283276874
-0.07795834287023276874
0.001964208483874254215113928971762
0.20451537563243
0.0000000000000002109579253535657618
0.105143816281371727321
0.043543144884408272679
0.00228980415894657000074223111813769
2.4137230616793
0.0000000000000004440382099130498447
0.0998870831464
0.0723659112536
0.00118515106698297895008
6.25
0.000122835035
0.0885831998168917227435721
0.0464744029907682772564279
0.001421778289112758587014569865588821143
3.20734889114364331
0.000000000000000000165743614597269922332349
0.086628519111924925604877
-0.001895170519569695575123
0.00187522716305672400782991401853431558964743
0.95718274899162
0.0000000000000001200345399505527442
0.137240958419
-0.062371041581
0.003736233459966714
0.375077234024006
0.000000000000000057164
0.0681681544213015945621
-0.0275852597848477912621
0.000971487679952219830883159522642798794965
0.423827129015808260974
0.0000000000000000000000468433757306151576146
0.1040680552376592655642023
0.0262043183031967655642023
0.002535873455803311770428014215978095881875
1.6730814454809124
0.0000000000000000023639855482075
0.1060318912569619
-0.0532112612569619
0.0021028309097428847219985
0.33169796732943668
0.000000000000000000435082344777508
0.154364843213549428
0.006758220798047428
0.005945707817997134020731737215428
1.0915706990303392
0.0000000000000000012926568008608
0.0605462729839
-0.0605462729839
0
0
0
0.05761501487632715342
-0.01502098115632715342
0.0007734650160751659416615466612
0
0.02129701686
0.05227893492
-0.05227893492
0
0
0
0.084341191729610126789501
-0.001158159761959253210499
0.00177802382208415853411150955234759853969
0.9729083380925186791889474
0.000000000000000000000000000579766411864694
0.121139620050354772259
-0.059139620050354772259
0.002794328221560997940029
0.3439109237722
0.0000000000000073691920685598046002
0.0971003280689
0.0268996719311
0.0021762203402718
1.7663652567092089228549518
0.00000000000000000000000000061110342098
0.111398489356832227054236
-0.085510032806897077897316
0.00127441443008691210338199977396064735856138496
0.13
0.00014517433432516975660912
0.092783160906385
-0.047756839093615
0.00158199981689167395
0.3203808297479009
0.000000000000000003757
0.0114457923247119
-0.0114457923247119
0
0
0
0.0422979543221179522392
0.0283298456778820477608
0.00024663419592584115357988488
5.05636101
0.000000000033920805676666926408
0.04497138933391
-0.01100175478749
0.000475346812554513744603847
0.606
0.0000249546044258
1210116731517509727626457.933848686198214694438
-432791638056000610360875.435068686198214694438
319268475481856121300643369137128546525659427178.02950635197408487910389282
0.47313965152134338893635
8.1498401411459525444419340596906099949189787
1034470130464637216754405.0081025406271457999542227
-83405813687342641336690.2347447928587777523460747
265792980266668957790118694671613467635776961437.1281637073367099114472055416827592768103747658038
0.850778050778
28381780727.8553444724192895399404897199591493114
567986572060730907148851.190610128175783
-403067063401235980773632.007089871824217
40036422110600969423461462980063736655768758259.26795423958477064955
0.1698356327980137653603
9.373618097695350856481684345
629327840085450522621499.332523810711
612878614480811779964903.636758189289
5108333554674718708278557495183634095838203935.243640049176789751
75.5176252319109
379949645.2277401074101528984823501
571770809491111619745173.76255347562371252
-400198367284657053482871.34772347562371252
41690781352203948126101046353169742630872959510.9483032556022028523358
0.176520455901
138109407186.99931245937271609064343841948
802532997634851606012053.7653238727397573
-752941176470588235294116.8346761272602427
19284699266966809659895664128743931324116461781.86670082221819769
0.0318821244285
57732509346.1528068484887073
577965972381170366979476.037582889814602883955
318928816662851911192492.242298089814602883955
58082268783136195140944984716426472833897176119.497048804982528524705287692
3.46241
975356679636835278.858624467630602883955
1629327840085450522621498.332524605172808404
265781643396658274204623.217853055619134796
646017332127722751523544870659816603367674062094.5317975751217382116693230322187664
1.3898388540734109
15075913.6339360646982528097550524950652364
503349355306324864576180.1634699015
-360555428397039749752040.5336232547
30840089135180003284059972529857282858521223355.87603299868494965754
0.165288964250388582732796
0.1652857251806811767416152075546324
608361943999389639124131.534767093156328
-184832532234683756771190.781827093156328
83985297483607771330092867183265421709853942437.66785405186272280216
0.533954
24200808728160524.910352633920806039088
781795986877241168841076.50514991988
574975204089417868314640.45653467612
70152119944922928929612303765149506242037529615.06728742980369428024
6.56012
1018692301823453116.6552213815525744
1119310292210269321736475.5725331728084229
-603036545357442587930113.0766771728084229
222300613802799896054243160461460447600632597143.2018334768872915727512
0.299750163
774685282673380.6363006245400320679520673
766475928892957961394673.834874712748
430594338902876325627526.844914712748
100518466219279409193303788099684387113415734496.47238397352000504
3.5639651099400327
1583886.472903502217045514154
699214160372320134279391.9917143505
-59006637674525062943465.2648661025
121354664693878984873282090658341467044856873442.367688516683524086
0.844355001
2365148393987.9453727011753022735
1209918364232852674143586.1861295444655527580682078
-339360646982528419928282.2577248844655527580682078
337184199846875418398520447353764367361249031096.964828718097380465305170059684174
0.561911515581294567230035
0.659037151087968261234454228070684961730757218727
721355001144426642252230
51880674448767833981842
129415358323704182689759595134235881136538564984
1.1549892875051283
7368582.0547324984846098
1801373311970702677958341.06884870653925383
81559472037842374303807.04440375346074617
809573465400301730946677261489547728865885803745.5030047035041948114059609
1.094846860914
800244144350.34714274789040293392464819938
327992675669489585717555.17669947309155413138017
53208209353780422674906.48528267290844586861983
26187020437548814797937906249748026508559124392.02018126180786527663229043922241
1.3872723234118
2331578545.815213244358813568322282376662735994
721904325932707713435568.0581368734264133668211718
8789196612497138933394.3606317235065232317788282
130267151455815989816933911385139720898204884265.28353477320313884614438029874842107628911974
1.024650147644113493388
39.7344930189974822613049958379041038942506879416
1636041809719996948195619.024673838406958113965
-355840390630960555428396.683909361409933623235
637502604886872025021162366688717682127681119016.963433636168513038015739505183343749039
0.64270940262605
5226977950.71335927367055249028504088676297
479285877775234607461661.2281913
-109346150911726558327611.0907687
54439592978891762048505011940434514986424191297.360544878124
0.62847366238
222171358815.8999053266436376
1280735484855420767528800.11824
-199023422598611429007400.42176
400168264856246060930995465700542457634691297222.1030248
0.7
22940413519493400473029.65924
1099259937438010223544669.68734083543144884412
842328526741435873960478.29096083543144884412
124713765773455075111740478239556725972711565965.3577204165789464998761428
7.556835728708872
101197833.21890431603736150244
1335378042267490653849086.93806358139
-148012512397955291065842.53147178139
440331702985950296626269193232099733769880957451.850484171659093301
0.800440265805336679902
53.19295028315533877809208684757622
1793072404058899824521246.3949187457
-77622644388494697489890.82037079424
802270842818924952138307231670107273144530057139.3605635982158232128281
0.9170119742895363
59244678.416113527114980760808535089
1540230411230640115968564.8746623917578
-242298008697642481116960.1605401717578
578400348665215982711889096942328896214209003977.208498742957462819158
0.728141211114725
419241626.611734185455891492254536395
858747234302281223773555.256305790798354
-153688868543526359960326.389379720760354
178456636026906939856594524070810173677670602485.142828007370872587539197726
0.69639788997739261492087
2.10193026626947722283861637819411028202
765560387579156176089111.9223163194
556603341725795376516364.7443808652
69068856752506319376590292851305122861651726894.49797109043891556133
6.327442675624361
3555352.1019302666493245284401169
762279697871366445410847
-51117723353933012893873
144614329036493120293544257774040033389166079320
0.87431
237582970931563287.1284
477454795147631036850537.40306706278
-354375524528877698939497.62380407478
25595267256087279556276858995953190358647703731.73191894694649115732
0.14796199141
2100099183642.3285267408125851758202
1155657282368200198367283.5013866559853
458289463645380331120774.7000133440147
281378630450570906228210735331458814665760256667.57723443303141971
2.3143407290709378145376569
0.03322613107511690851274825653737715643
897734035248340581368733.365549782558937972
-44174868390936140993362.280450217441062028
200993744761478070098004324244479088373154402714.889272162981022634956
0.906
94850080109864957656.214911782558937972
1156801709010452429999235.891627603570611123
440207522697795071335926.926372396429388877
286101882732443423963156486076785154944993778890.108782433254483412307
2.228610365827690473148503
0.015652933546959641730060848692022357401131
1347936217288471808957044.5051320668345159075
444724193179217212176699.0291320668345159075
404788109469762144422630812162497076358249246437.724089164999533829735
1.9847
27753109025711451895.9340234668345159075
1035751888303959716182191.68569466697184344
751079575799191271839474.33856717784389656
127165361235631284170794873020146420134502284896.9162157981937954503060195269728
6.276801029159519725557461
0.05786221103226923439899143333551880216416
1647699702449073014419774.04467841611352711728542
-266208896009765774013885.44371709773403524271458
661011783284006365108833532325274172707245270962.8572910604990531429845876413632512843956
0.7218165003029
59958800640.878919661249653938599736680578
1025787747005416952773326.203936827612268253604943
778500038147554741741053.619913023612268253604943
111544548127676277108796864976817097684217283512.362307734131041623129645762031586
7.296310008
78980697337300.679026474594553037604943
292256046387426565957121.856214236662240787365529
-198077363241016250858319.783611810477759212634471
11544738705374033208914712652279540403337661612.26182839300258751875922833718251853
0.192070703
227344167238879.987792782256295317655529
571801327534905012588692.4929732204164815289539
290150301365682459754329.4573128862440815289539
60692390197020842162613425072395630134613700652.43354474500367383844818364009712618
3.06035323436992
126955062.180514229038193266774572896
1150194552529182879377430.756420233462967956054
-34210727092393377584496.799542229343032043946
330444283704904253945095930076318567849297592240.165130878768295924103611908763762
0.942231383664004122648801
0.506446936751417427434654155918502197
1448432135500114442664223.7747310597385591
-202349889372091248950942.0422522316314409
514252543355131079532606760282016574131625640953.0979567100958242234904074835
0.75
3997863736934462500953.6848706797898091
655710688944838635843441.4089
23437857633325703822384.5911
107351793606518721211540161701245644355158152742.1257
1.0741384303504
6298924238.58570366681852144
687586785687037460898755.7021286328489356832
645685511558709086747538.8370336468489356832
13966452003650034408471508138299261841687571673.8269766330892749140864022176
31.81937363437727603787
68.51300833862038504189035844009
849088273441672388799877.0709
-133928435187304493781948.4509
175753517586110050098592170140853559788534194921.663479
0.7275154
22134737163347829.39638873214
936156252384222171358814.96374456397343009842069
624383916990920881971465.00466926070036990157931
121633313270286575362952042533281929740439209412.784565588411933648723940371967210461
5.0053837118245888801
13708.705271992065289410225101162512750454230731
1146044098573281452658883.39784847791256580453192
637796597238117036697947.00215152208743419546808
226658144106531093627440480457137803898447838942.820953800630663163413184
3.5097874384532244505
20950.61545738918135347522131969017497014829004
450568398565651941710535.85497825589379720759899
-105348287174792095826657.45497825589379720759899
47978405043838429485166114640043113634676488740.408582832049666806561408
0.6209925340360122
26929121.794216830701152029224080540259843652322
1353856717784390020599678.16596475165941863
-573388265812161440451666.43403524834058137
376038477229710895436995784794665365848727971373.630962585307894949
0.4049658
72697032120241092.56245741165941863
1690165560387579156176087.422522104371709
302540627145799954222934.007369895628291
691282197611621383769993246276048730027345914044.247157400178725862714
1
302540627145799954222934.007369895628291
964019226367589837491415.83616388189516254
584832532234683756771190.38182650492104254
146825994511583500486097985916284852043097701247.7654124285030278514826179431324
4.0846
12893873502708476386.663601968413857264
1620904859998474097810328.73691920347688
305241474021515220874341.64943923094312
633540051925961390995763652919843292475955597585.7312116168076120285490048
1.464011505184291712
60547.79888609139936489059362019590144
1500373846036469062333102.947506065461203936827
-170519569695582513160906.215506065461203936827
555511188555274887111672163446101442436259603391.048886383715365071924682
0.795894138919837
67338063.629996337834744725521230934234862801
1414175631342030975814448.879560540169375143034
161806668192568856336308.680796520943007553234
493427829602512957289773200051782184080837665699.1206275198537983832119263397453531537166
1.25840095523551
5739375906.004425116350036222957314954963101
810711833371480888075073.577019038
293980315861753261615930.124878962
142707312663592894045685938627370101975271478483.585926610766062
2.137845499645641
100526436.255435154384149452595642
907331960021362630655374.08253238727397
897627222095063706416417.81053238727397
4379163957526692417706791616624552429791526241.49739926405691992
185
4791332875562676432440.78653238727397
331425955596246280613412.3488212331654
-142580300602731364919508.5169146331654
22378505480729943316988718883212007627112238022.55605498054242757582
0.3
23321889066910811017013.78609292005038
1735988403143358510719461.1464407987411
-47608148317692835889219.4534218012589
752847300015497098495296763798755393035840358267.26625786079376648643
0.94
5899748226138704509040.9645740767411
1514320592050049591821162.74199588
-118028534370946822308689.90199588
569809030145264735909690032662320996381509285607.8515459496
0.8553881244391
21655603875.784507515123082489092
934370946822308690012969.234241245135889906
-393163958190280003051803.986175326161889906
179617792061442342891666016238372395481438251470.907119164945770730217421238222
0.40767816091
6332494087129.01503013656161661713885722554
1027038986800946059357594.10636301213
848569466697184710460058.70636301213
83684735149592345631293333181061752743898494057.369938652201
10.5094049247606019151846
7.47720805587548661198258
990035858701457236591133.5182421606774874113069
781719691767757686732279.6791027695124874113069
92271331254313428447437296033212069675585056793.32125621530540435760155575148176925
8.5051274
5609216449225604.6387426509866077008069
968825818265049210345615.8771343240558480201419
697459372854200045777064.9926299240558480201419
113043472338692030101799522982622419833948382978.28155747968848334839589958718
6.1403508771929824561
5474.93705672890741387687027158
439765011062790875104905.3357747768361341268
62378881513694972152284.9761501487761341268
47375535024039246106526353763273475993103019428.153274963121724892618461439004
1.330583858968
26123445487.14427405203413087907896
1338368810559243152513922.519111924925531
-148256656748302433813992.374822613870531
442312759201894828946590670213106438008804850933.9607381329192032387817663525
0.8005460554677396177
45470.3593499656671205195696470709272513
951201647974364843213549.060242618448157445
-885435263599603265430685.007598992904554845
30197242270862144458139318366110689121770020678.7872783693864834412117937919739885
0.03580804891828
1114518959.3347066453040348692582607191694
1078889143205920500495917.1327525864042
-151049057755397878995956.2081474135958
285296491369702927379960233383471245686359692097.74123657238589589
0.7
33441672388799877927824.7929875864042
1350026703288319218738077.533943694209201
-69855802243076218814373.933943694209201
454423066621125931292059007647582650255651394060.3095860685584118
0.901603
287205310139620050.349599163469901750797
1558587014572365911345081.22160677500572213313
214328221560997940032043.73165484092469672687
595814223859025031856714136323318358897375594375.2119731904328901389574753790058665159
1.31887
6320897230487525749.5994443543144884412229369
393896391241321431296253.5162279640077821011
-181460288395513847562371.0705424640077821011
30556632692088276311397587117196036835199686640.363041023791442419909902025
0.3692250570201029013
27330.43411916718165865567769491628968007857
1103929198138399328603035.4414282443
781200885023270008392461.2619821469
152096212935337249093822825233190287709857783925.31212952719286182572
5.841
37003128099488822766.4606328681433
1683909361409933623254747.68665598535133325703822
250141145952544441901273.87818722819866674296178
693245036136389577928549311621821388540230570721.4686896923525920055019131699859405
1.348928290159
610681315327.68749523155504087891966644288712302
1027252613107499809262225.2640329
-434103913939116502632180.8430671
216700430759731705485463101355501176782940075904.973700059295
0.405889
79880979629205767.91028054405
219180590524147402151521.8682536049439230944538
202121004043640802624551.5641107804989700159462
1796807746726128072555312529061570910075854450.60597904289121059558046540358707158850976
24.695885509838998211
778.2101167315175097275507095563923905250482
1635950255588616769665062.8301007095445181
-189669642175936522468909.5498992904554819
660089666399328183928595395915369077897637910664.764702976502905039
0.7922134367529797228
36334.785567827732940471868
1394415197985809109636070.9333485923496612497
396871900511177233539329.7320668345103387503
446721609739612364380668825807832983915674059622.427301323233094673057863273471
1.79569859577
1007248035400.930800335691905699269626666231
1377569237811856260013731.68617532616159
-591241321431296253910123.71382467383841
387032676199428302996582036377715194480352817982.426498408097043
0.3993923
69430075532158388.66963861616159
1162722209506370641641869.593362325474937056447745
-718226901655603875791561.042664225223163195152255
209018263554391995471258791620530303224775449271.562351777453399867438013597794046267736321
0.2363143719
35330739299610.89494163420591439690770201498
190569924467841611352711.99070725566491187
54947737850003814755474.00929274433508813
8324410554211528752764000098569532764894935340.71086698538778391
1.810306
2075226977950713.24940871082627605226778
1101930266269932097352558.59899290455481803616
-337148088807507438773174.30235751888303959716
275145369483792132259943773895918464271591634937.02375212223604638149103501065398599687
0.5314388718057470045594316
0.044281681544213015946163470254680615169789544
1266147859922178988326846.982879294048981460288
206195162890058747234302.075028694048981460288
390153489496563981319217043883682983790027988576.3099629261497165703916684864
1
206195162890058747234302.075028694048981460288
1275104905775539787899594.3608060540169375143053
-485603112840466926070038.4248939459830624856947
347520534383124236594143241142462488776274583060.874200310564228790819637105
0.4484001802613
69547570000.7629550307804858093053
695155260547798886091400.84600595101853970343
267658503089951934081025.13861295490959030343
102899940497731086358246202071003534017175032675.412981176482462964439930539982348221
2.252213
4516670481422140.8407721019913023759189
1907835507743953612573432.135042343785170061799
89478904402227817196917.588097962921170061799
907957462568901565041631407247152479593193484311.001084471155252160834177336507168
1.0984173338032660322575231
0.0172838941030396958256768879321610208
940062561989776455329212.45735866330967224
53818570229648279545281.09365987640193224
220205295488304679184826915840927089130038151963.9775660316360539471814932826688
1.12
643930724040588998245.21183794918746784
900572213321126115815974.36122682536049439
651941710536354619668877.63877317463950561
96500579367260971633440730874105915412407210131.44411513153799014
6.2442616914201
6794842449.664789806973366226368642816761
986419470511940184634163.9636072327763789436
-723231860837720302128632.8313572899977110564
112489761818566201555217401508666840957351885269.345544160767154759537559235800662
0.1539422716481
27312123292.8969253070877883727158611355
1049973296711680781261920.060883148546578164339665
145510032806897077897306.637124851453421835660335
270317688540032745951796492090666506888746380544.23991800839898615691684544366
1.3217599622094
186160067.139695996643014996566721166894544149
1319096665903715571831844.2596017395284962233833
376363775082017242694742.8905928130006866559767
399591580701077839120628300009090102149354945920.324377071211836488600419260709295148966944
1.798452623741542844194
48.0048828870069428549543491195183525377763598
1066559853513389791714350.04353398947127486058594
-24338139925230792706187.50904097047379266058594
284239394017870844423176475949722157333235238069.597316145856062316300103717025228360134
0.955379622894869356011
469.88632028686961162719874279798182381817891466
834912642099641412985426.7991756040283817807278553
-588937209124895094224459.6231636040283817807278553
87558020911495874327547669854170070422184724866.9773333999282452266267731835318
0.17275377229
576180666819.256885224841111467154955375043730363
1435873960479133287556266.20737010757603149
-68726634622720683604180.90327306019676851
514252670018866668192917084454834596116882156755.932790195276937241111938022736
0.90864
3520561532005798428.320741119707092994
1169542992294193942168305.76788738841840238
-329777981231403067063400.83211261158159762
314769323479849339307460359009573292867529235822.533719894406450854
0.5600968877
63884946974898.95047761400840238
918684672312504768444341.79894712748912794689783
-548348210879682612344548.16607919432364385442817
135823941691746348255689035806442188607552782614.02351474647906975777653321925155597755069229
0.2524391004971812527303
26.6834515907530327306021291184032884066698111
925978484779125658045318.302586
-685893034256504158083466.097414
96746724958062865365721631144915398414289941870.9382292
0.148948255296590113
25619.9076644863061256814
696208133058670939192797.045456626229471961547
280277714198519874876020.166811627375471961547
101537541865173217402486430742949691486872625687.584814043287913639904915473533569
2.34771443246019517205957
1.83825436789686482669639139226513361
1233234149691004806591896.226138704509033
-269169146257724879835202.294346532387267
362103609666745790754802737477748642204144616865.23452374484897083027987871645
0.641681901279707
372167544.06042572671092175598857330795
1649423971923399710078582.31280544747
-107011520561532005798428.21319455253
677286993405668221958799879625847060540238248549.95736666503461
0.87814921
5610131990539406.42452115524
1052567330434119172961012.14648618860151064
70099946593423361562523.77212218860151064
275745995646201852551431721108574186711856123625.38557216053676412461648
1.1427018295902836
994888.2276650884695437751848
1102571145189593347066451.937788967404211
91935606927595941100175.386816205404211
301802743595886476439505538447694165935203147277.471841980849553891550391
1.18193
3145189593347066453.040356968108881
1208316166933699549858852.83341954680704966
58091096360723277637903.34658045319295034
364163345949239310050756791739606671497695567599.2693178950030859494
1.101008224993
211032272831.30579308766286977318419584762
1.443717097733956366
0.432898451209356366
0.4742294973074746558726156828018
1.85653
0.000000203555498547
0.361347371633478294041
-0.081347371633478294041
0.03098863202868696116574
0.632490004136
0.000000000000048584725941685846424
1.36200503542986953536
-0.48043030437013046464
0.406061109794785992215334857664
0.47848340292
0.000000000006084279252
0.92487144274052033264
-0.78487144274052033264
0.0598410009918364232848
0.0818836
0.000000048731212329290239296
0.38600747692072
-0.38600747692072
0
0
0
1.25084306095974876
-0.09655909056225124
0.38882117629523617900316480636
0.856673688025241
0.000000000000000594578716599
0.9336059357595178149080643
-0.4556059357595178149080643
0.1660108186465247577630273677
0.34407998506183959051
0.000000000000000000006016511767999830391250207
0.8134050507362478065156023
0.5865949492637521934843977
0.07938353551537346456092161
6.172
0.0000640268558785381857026044
1.11769283588921504539559
-0.27893492027161504539559
0.292858146412785888456549875315583192
0.60055939166156166419
0.0000000000000000000001349754364890827130779
1.16098267421225
-0.57671472578775
0.253820223720146936575
0.336231123108373183
0.0000000000000000008355879
1.1994506751468909742885
-0.0357366293468909742885
0.35935120385831387808038705570665
0.942135
0.0000004273403753719387040525
1.0566929465171282520790417
0.4260070534828717479209583
0.233779493400473029678797564295
2.350932
0.0000001760585946440833143381356
0.680338750286106571297
-0.519752803845273428703
0.04817945950895949919843342733749993
0
0.080292973220416571297
1.724251
-0.011549
0.7432270329
0.986693167415600875
0.0000000000000000005875
1.304448004882886935
-0.087144274052033335
0.423497618235722081652222443010618
0.874756025351433044237
0.000000000000000000000034885754511008005
0.8236057068687800411993591
0.2081788357312199588006409
0.15874698318510414282444494220332383
1.67653
0.000001465165873197528038488077
1.57201495336736095
0.23770504263263905
0.6036818315794003184822781
1.3562966
0.00000000036209659254223
1.07928587777523460746113
-0.33180743114366369115687
0.26369045865072538359693635149216894760637817
0.529715818158224836714
0.000000000000000000000553608654197269069374
1.1604028381780727855
-0.3604028381780727855
0.3041611352712291142
0.52603696345794955
0.000000000000000001160258311513028475
0.67008468755809872587167
-0.56198977644190127412833
0.03329524491865415426871037401744
0.08773
0.00000250919473872587167
0.828046081736552986953
0.190402075736552986953
0.162351840758617532615988326859
1.59720494176982
0.00000000000000060960354
0.78249790188
-0.78249790188
0
0
0
0.385198748759433966
-0.244510566873433966
0.022148164683266376704258169938
0.223417
0.000000207857625772618178
1.057
0.843
0.10165
8.878504672897
0.000000000000021
0.701228351262684058956
-0.091752498664835581044
0.12082566990083539124456624807387154792
0.768588362068
0.00000000000038282064324949224
0.88598458838788433661399
-0.70858319981689173723961
0.070719634949525927499130017991896769008927692
0.11125358851674641148325
0.0000000000000000000000064802053616114403239
1.401586091401541161211566
0.203813908598458838788434
0.4807258655680170901045240282
1.340321659702405218100286
0.000000000000000000000000073452927882755348892124
0.872403970130464
-0.352864970130464
0.159143749988555568048
0.42402037865
0.0000000000012385398198064
0.8431219958800593759
-0.7528191042954193759
0.036029524036154335850800837813088
0.05658284730853
0.000000000000001752499004583053573
0.308080415045395590142671
-0.248080415045395590142671
0.00834241245136186770428013
0.1078824626865671
0.0000000000000000178469521025869557852759
1.49205767910276900289921
0.38504615854123699710079
0.51949389339054454599831760286593931763
1.69564
0.0000054114595249348439835556
0.7289692530708781515
0.4479591058213168485
0.08268220285862006222136320518252125
4.188205907
0.0000000001273212738083915895
0.649387808041504539
0.613387808041504539
0.011364980544747081702
35.077100446750252
0.000000000000000003
1.267301441977569
0.652698558022431
0.29500938429846624
3.123968419484584
0.000000000000000175647330703704
1.1897001602197299152554055
0.1004196231021591516554055
0.3513255926307178336799145448441756355913199
1.18437788922
0.000000000001076371472129695804
1.08375677118684138246738
-0.07721065079315861753262
0.2921418136243561455710666650225062
0.8669891172
0.00000000005664134443938
1.228686961071496
-0.367681391528504
0.3436205106576927184787448
0
0.430502784771496
0.58587014572364925001907
-0.02595559624627074998093
0.0856425336684376458381006221296831872
0.9151536
0.00000000957046756016307
0.497627143877317
0.063874343877317
0.0608882106294345526188
1.2945195691062605244
0.00000000000000000000601584
0.79493400473029678797589
-0.4778820477607385366598
0.100887205076137682060274332618632041085571313025
0
0.158525978484779125658045
1.2
-0.69
0.240975
0.269841269841269841
0.000000000000000000255
0.4888837944
0.4213168456
0.015374870010151808
13.471092837
0.0000000000011871272
1.29073014419775686827
0.06060883497367813173
0.415577718565973922174600882714683725
1.0985412325096
0.000000000000046380757877229289608
0.93440070191
-0.60559929809
0.1265885404707
0.213507405077922
0.00000000000000006
1.3694056548424505989166094
-0.4525520651575494010833906
0.417617118959029526207370066277284
0.503
0.0002044282624505989166094
1.008484016174563204509
-0.795315480277714204509
0.0961283244275513618219228476575960705
0.118177511
0.000000000531532762760361902901
1.121553367716
0.036240177716
0.31414215153855346202
1.066782893
0.000000000396370665
1.5959258411535820553901554
-0.3187151903562981612879554
0.61134997947447926259391026192175442033298953094
0.6670757754470974
0.00000000000000005064154789668295501220404
1.114221408407721065079
-0.285778591592278934921
0.2899549858854047455553
0.59174486915
0.000000000002721065079
0.57276
0.27276
0.063414
2.8184
0
0.41463340106
-0.15391775294
0.03705754565112098262
0.4585614615074723777625117
0.0000000000000000000000000175132491
1.07987505683985
-0.89194494316015
0.0926410891889765135
0.0953079457961
0.000000000000017049
1.050189974822613
-0.010189974822613
0.27569878690775876
0.98
0.00041382467383926
1.4085450522621499961165789
-0.0328526741435873961165789
0.49572996651344953201037611611790784874457
0.95441
0.000003987029831387739375932051
1.27350270840198
0.67214465560198
0.292507677563218549272272
3.2354224824042466036
0.00000000000000000000404526496
1.033646143282215609892
-0.561715114061188677892
0.188225120039356099009797592475135649672
0.2958145229
0.0000000000134218355736808708732
0.7402914473182269016556
-0.3402914473182269016556
0.10805828946364538033112
0.37
0.000092164492256046387428
1.44979
-0.51021
0.4603942
0.4793775510204081632
0.000000000000000000064
1.392568856321828
-0.570656900878172
0.4033996802694010531340808
0.418653816266085
0.000000000000000799597719
1.066025787745255
-0.405981536585255
0.2428974930224416803227229
0
0.33002212558
1.040459
0.440459
0.2221377
2.468196666666666666666666
0.0000000000000000000000002
0.9770809490545967803
-0.1530327305454032197
0.23281704109681239029957289594
0.729172855248387669
0.0000000000000000000095715738
1.16102845807583733383
-0.12738231479362173383
0.332940206584943756773738286958776874
0.8
0.001458762493324172936
1.75510032806
-0.04489967194
0.769590295254
0.9501
0.00001032806
1.698764019226367589
0.298764019226367589
0.6991348134584573123
1.4268057417
0.000000000036367589
0.808529793235
0.212146181435
0.1521786060627949782765
1.7114420223409
0.00000000000001888356869
0.71223773556115053025101
-0.11223773556115053025101
0.123671320668345159075303
0.72773541
0.0000000024939345387960638347359
1.3322919050888
-0.4322919050888
0.39703135728996
0.51
0.000031128404712
0.3369343869
0.3180743869
0.003088366368467
34.73005163308589607
0.0000000000000000000599
0.8079765926604
-0.5032234073396
0.09989809414815824
0.2324
0.0000151526604
1.6719920653086136303
-0.1119707026779584303
0.69575500704919188498137093434802628
0.874469686601888501
0.0000000000000000008437481913584924197
0.914625772487983514819562
0.347417410543984125180438
0.17896036163753834254245818673497381148684
2.22500807059076722
0.00000000000000000141573219858525895564236
0.892294093995574883
0.428954093995574883
0.15304678385595483314461
2.851573764387166586
0.00000000000000000002138
1.4386608072022583
-0.3805391927977417
0.48123371023117414968
0.581641168867918095866314
0.0000000000000000000000007856
0.26126497287107652399
-0.11123826967107652399
0.013971358352477302204567704884
0.4027527443147632312
0.000000000000000000001522973646443283512
0.278404242008087281605
-0.099995757991912718395
0.016877442587930113679666
0.4714811945
0.000000000008687281605
0.194063289845120927748531
-0.049623289845120927748531
0.00879952239261463340199890882
0.592728578584
0.000000000000103150988021856975939896
0.8747539482719107690547035
-0.0798809796292107690547035
0.189703374777693588921950065838222969725
0.832646
0.000000007232771377889677349539
0.2869
-0.2869
0
0
0
0.362767986572060730902095
-0.294163424124513618682095
0.01126712299722208848438022646942724806695045
0.1044318498559881073
0.0000000000000000000294355025191953299482065
1.247104600219272144
0.455161363780727856
0.337024504202334629792253408
2.1494797678369942232
0.0000000000000000000046028965633214592
0.28929579556099794
0.13936064756099794
0.01606766681016250858079756
2.8589456764466986753
0.0000000000000000000037452778
1.08068970768741
-0.88403143368741
0.09659466713852052206517
0
0.098329137
1.13540093080033569
-0.53540093080033569
0.250620279240100707
0.359109
0.00000000714122225069979
0.603372243839169834515907
-0.422003509575036165484093
0.046492775635466744930189702930233387421
0.176880264
0.000000000150515005200715
1.062119478140296
-0.454230563819704
0.23044309518426213102301008
0.4008895
0.00000005208713429
0.73994048981452206454566
-0.41089494163432206454566
0.094669318851570473792629460876403966
0
0.1645227740901
1.26219513466
0.16998486534
0.3910604258786794
1.311267656265182
0.00000000000000019122059188
1.1033798733501182573980849
0.6117647058823529411980849
0.21079777238770030163848475632652174065147269
3
0.1201495384145876249980849
0.76901579
0.17098421
0.1405374213
1.571823347522884
0.00000000000000029766164
1.79001
-0.04481
0.800531966
0.95115597170294633806
0.0000000000000000000003754
1.146
-0.486
0.26928
0.4
0.0036
1.206057831654
0.008651865454
0.3636251596295285214374
1.01445101443991786250379
0.000000000000000000000005291944051
0.798992901620508
0.400915538379492
0.11941409698146021314376
3.01
0.00084778832227092
0.064843213550011444266422
-0.064843213550011444266422
0
0
0
0.160383
-0.000383
0.00643064
0.99523531094
0.00000000000070998
0.173510566872
0.004489433128
0.007521440451608
1.05312274303874580688778
0.00000000000000000000000067011037584
0.10388791638
0.01123208362
0.0026666348668328
1.242447416108
0.00000000000000151095096
0.1357549400452277
-0.0250049592452277
0.00445103893995696729331408
0.6889
0.00000124308940263747
0.0737284
-0.0345586
0.00106039503315
0.361722090370958656163713
0.0000000000000000000000000051845
0.0919532436
-0.0642367564
0.001082259533942
0.17
0.0005820936
0.077938504311
0.011302355689
0.00148666680252877373
1.339225958364241
0.000000000000000026356887049
0.120505073624675745784695
-0.021620508125324254215305
0.003513506599422827496757443560658125
0.695754868910863695158
0.00000000000000000000005229591675
0.1276208133058670939192
0.0116208133058670939192
0.0040380071717402914473136
1.20035885010115679171
0.00000000000000000000002
0.049692530708781566246
-0.019601739528496224246
0.000521279853925046902751151694963642066
0.4342464546815819360557493
0.0000000000000000000000000008794605883812621722
0.0749111161224536
0.0701411458775464
0.0001729737434241208350216
30.4094689384
0.00000000000020113040474176
0.1194454871442740520332
0.0074454871442740520332
0.0035529472800793469138592
1.1329551275763
0.0000000000000012520332
0.173679870298313878080415
-0.012519870298313878080415
0.0075019875486381322957198407
0.86552215101699637
0.00000000000000000072814530517934537690645
0.079115711833371480888075
0.006505711833371480888075
0.001554242893110551613641562875
1.1791960290145
0.000000000000000058388075
0.04315556568
-0.02343785768
0.00032826741913321472
0.2960909201
0.000000000002364383232
0.1142421759365224689
0.0149578240634775311
0.00320688456549935149094
1.30131282082808225519
0.000000000000000000000324425667181361409
0.109307240405
0.070692759595
0.00173765163645
4.6614636847165
0.0000000000000014102298175
0.1005152933
0.0991847067
0.000066429536005
150
0.000056005
0.0968810559243143698
-0.0339375906004416302
0.0020585447353117360900691862353844
0.4811505
0.000000004069581563911
0.193496604867627985
0.000225833524071107
0.009360221273629589910809853290738694
1
0.000225833524071107
0.13693904020751327
-0.02949721522851327
0.004470553756679425210469735665
0
0.0537209124895
0.150696574349538666361486
0.015996032654261333638514
0.0056133961150024600595101663330878234
1.237505097647608976
0.000000000000000000026416701765490405701664
0.1029953434981
0.0082215634981
0.002635111668984579909
1.173498
0.00000003285688
0.1464271000228418326
-0.0034866865034418326
0.00535718465958151079514836582622
0.95348411131179681626386
0.000000000000000000000000581982502394450164
0.0435782091020065
0.0014420091020065
0.00047424522957198314265
1.06844514227702070903
0.000000000000000000000085057
0.0351963
-0.0011963
0.0003093371
0.9342558652033655193638
0.00000000000000000000000048606
0.11865110246433203631
-0.07865110246433203631
0.0019730220492866407262
0.2027346831448856166317597
0.000000000000000000000000004263155615080405293
0.0789
0.0011
0.001556
1.028277634961439588688946
0.0000000000000000000000000006
0.085584817273212787
-0.068384817273212787
0.0006620694285496299682
0.11171
0.00000002606240939956423
0.016868848706
-0.016868848706
0
0
0
0.021094071869993053253
-0.019671931029220946747
0.000014493749409501582340464497921571
0.034
0.000018048371099415253
0.12721599145494765
0.04794842450598925
0.00347121426731469076245263578124
2.2
0.00038788433661421
0.09400015258879987792782
-0.02711680781120012207218
0.002025176855212024109254304499164
0.552221130357
0.00000000000005387449642
0.0453658350499732967116807
-0.0146341649500267032883193
0.000460975051499198901350421
0.512194501665
0.0000000000000232967116807
0.0868
0.0362
0.00155595
2.4308300395256916996047
0.00000000000000000000000109
0.13676729
0.01678729
0.0046058696271
1.2798348
0.000000000348
0.0877729456
0.0370641642
0.00158258442786399943
2.461844
0.0000000002815492
0.106437781338215937056534
-0.024451056687266062943466
0.002682786780769492584115313956783299694
0.6263843876
0.0000000000003413691741224
0.087375448233768215457389
0.067375448233768215457389
0.00077375448233768215457389
7.73754482337682154
0.000000000000000000057389
0.14797432796
0.04014187204
0.005071257961084476
1.7445230046467813027
0.000000000000000000003361036508
0.15640035858701
-0.03940035858701
0.005727170977340085
0.5975463302109102471606
0.000000000000000000000002352319456194
0.0923338673990997
-0.0923338673990997
0
0
0
0.16345311659294270237277
-0.00991683839294270237277
0.006654644410058594644082707412307
0.88559911209
0.0000000000007083085374297518062107
0.15403982604690394
-0.01479209582690394
0.0058773654774020291395875334
0.824771338705
0.0000000000000007513682110023
0.066688
-0.0156832
0.00105033164544
0.619
0.0000085136
0.10555428396985351338
0.03445944914985351338
0.0024885633071692835885738799458
1.96939388739
0.0000000000000986479201
0.07570991721980621042
-0.01840008278019378958
0.0013483571297779812313131
0.60896646944652450154
0.0000000000000000000000353
0.086781109330891
0.073218890669109
0.00054248874647128
11.797479747
0.000000000006620706035423
0.0779140917018837262
0.0515281910381162738
0.000853862803517235061792572894
4
0.0119493400424650952
0.0951872966216525
-0.0084672233783475
0.00224723189159990574715
0.83
0.0003434108216525
0.151999606569008926
0.017155806569008926
0.0057023896745250629078794
1.25445451061166959103792
0.000000000000000000000000461552
0.15710004806591897
0.00327995193408103
0.0061674167544060422043
1
0.00327995193408103
0.104165712977798120421149
-0.053252460517280839578851
0.00200366780225711626587319718574670446252
0.32342677678
0.0000000000002045328089517256
0.13389486487
-0.04947890487
0.0038699182028552626
0.4
0.005533226052
0.08048676279850461
-0.08048676279850461
0
0
0
0.16206759746700234
-0.02697032120241094
0.006384626980741271550012869233448
0.714657023392473555997
0.00000000000000000000003912766039227992
0.0893996391241
-0.0506203608759
0.001357468635078241
0.27695527959
0.0000000000000041
0.1026993209735063401
-0.0935469596399063401
0.00044902921763725337595060557868
0.046637119974
0.0000000000000905012599698528426
0.058617
-0.058617
0
0
0
0.04597143
0.02818857
0.0003296942244
4.170307813253886045326
0.00000000000000000000000704382
0.1082536049432925917
-0.0407293812472925917
0.0025149901216077882032611964616
0.45323446268972100482
0.000000000000000000000037536240774008006
0.12911
-0.04031
0.003761124
0.524141187581159249203163
0.00000000000000000000000006227
0.178759373846
-0.000158626154
0.007988722143889314
0.9982268284465
0.0000000000000045565
0.137003119263752193484
-0.036186779263752193484
0.00436509292362859540701436428
0.5821144354
0.0000000000008392462045497810664
0.106290608072
0.079709391928
0.001236026550696
6.9974225028821540589
0.0000000000000000000000360965592
0.059038
0.020674
0.000764517792
2.077781253258262954
0.000000000000000000016372
0.08370756
-0.03370756
0.001467689
0.425
0.000049287
0.089718471046005951018
-0.089718471046005951018
0
0
0
0.061582360570678705271992
0.021200885023261294728008
0.00083572740192188455024032689164346424
2.05003022974
0.00000000000011384679942029105255792
0.189422827496757
0.000577172503243
0.008970168612191915
1.006112637362642241178035
0.000000000000000000000000053194177867505
0.078432898451209277466
0.051915770199130235734
0.0008641180910222018998504159659778412156
4.915640464
0.000000000012671091767918078176
0.1008224578690775921263
0.0864515178690775921263
0.000672825767223620965895764861
13.031435364572
0.0000000000000064232863
0.08824750133230869001297
-0.02049439231230869001297
0.0018419003437862516212710708119947
0.6230635383399332061068
0.000000000000000000000003923473748358224794804
0.0934935530625778
-0.0174731059745778
0.0021089337579665560789557232
0.685074
0.0000000370573898322428
0.18574959945056748302
0.01030136568256748302
0.00859919889028007019112016530968
1.1
0.00152895399416748302
0.12720378423743038071238
0.00439002059967956054038
0.00404038261086428272359533890799060678966868
1.07149069403374499
0.00000000000000000056088812779140203086
0.066198146
0.016401854
0.0010282934298
1.6587580456793851236
0.0000000000000000000023791544
0.1287208361943999
0.0647208361943999
0.0030950667582207968
3.022526131074996875
0
0.18149233226998
-0.00090486006998
0.008234661975262644862278
0.99007
0.0000007419899879014
0.136398413061
0.027601586939
0.004460669871002
1.50739
0.00000037613597921
0.10372777904935
-0.06808575570305
0.00153094550421384179748903
0.2074459
0.00000000499870355242
0.15572618219
0.04370618219
0.0055851033644619
1.780328
0.00000001091
0.072983831784
0.070548631784
0.0000873825638201984
58.9407291261
0.00000000000006064
0.1076569712993
-0.0913664512993
0.000810548761577736318
0.08185227541210314
0.000000000000000000399284990198
0.0333501182
0.0066498818
0.000267002364
1.498114076622932
0.0000000000000000009694376
0.157958342870221453
-0.031338979171434547
0.005992176616699708042175599839084
0.668891468369127604423
0.000000000000000000000033182652077756
0.122877861448081177996
0.039697861448081177996
0.00338076215762569619285364
1.9545049
0.000000002657081177996
0.14974830243381399252307
-0.04374830243381399252307
0.00512766002899214160372271
0.5478132294492461043
0.000000000000000000004526021575151474623799
0.170361591439
-0.017832408561
0.007176269260635583
0.81
0.000046021439
0.177463
0.003059
0.007870939722
1.0350794706543427903029
0.0000000000000000000000065142
0.08768749479209582665
0.04888685479209582665
0.001324793042862592507674528
3.5198994
0.00000000006428782665
1496620126649881742580299.1061112374097
-13626306553749904631113.1320210565903
559921531815802824937753054939234909119209612353.1240754775785496304259
0.98195485683108695212
6676.73762111933070505006909811836
860822461280231937132828.9247882742961776150148775
406561379415579461356526.6400549257038223849851225
143930788653064413416602111220588717806113782604.246338830791840031106191977354
2.7899899227
9315632867933.16548408568535133897917156442503075
888578622110322728313114.179
209613183794918745708399.821
186408570212709333287789875719978944016660379174.503
1.617448759
149050125886930.587051709139
798489356832227054245822.0442664225223163192401
-267414358739604791332875.2952620737010757607599
141518703428557395107656004834198770873969629964.593980333673841078846651207079613379204
0
265537499046311131456473.3745021744106202792401
990966659037155718318454.79595948
-349355306324864576180666.46995948
214991447316480618536274489285608403222220656388.57358751524
0.47869942393
6383306630045.0140566907529676436
1728862439917601281757837.59313344014648661020828
35873960479133287556267.60686655985351338979172
746919598779345771211565484636058503022428986796.068700576586014056915528
1.04237
7999542229343099107.3467074959945067521171951764
722835126268406195162889.3359121080338750286106228
464530403601129167620355.0706797894254978255894228
76675530974408692382676208190523958803574634534.57117511390087988745138008539804751227737444168
4.5967
8105592431525139238.57479924925612268253624778
410574502174410620279239.69013504233
383840695811398489356831.84321355001
5309435518696641337004638493214718341418432084.6885851057128410302072
29.7157
714122224765392538.338291801503288
877836270695048447394521.1332819867246509498
-188250553139543755245288.5887180132753490502
183789561847611546584642682452232613363504875050.5517534400371692869778
0.64683823318
4929579613946.7460270532366709498
765499351491569390402074.461446
-131090257114518959334706.514246
142201150405915652813978670042543343007217929480.0957848656
0.707580244392252969808366
0.233217132325005386740127880364
1518684672312504768444341.1989471274891279461364
-246540016784924086366063.6887617303730830861364
561405288510157334346316122383097390401655446303.250442051489402253723714614708038139452
0.720670101310466443
60944.5334554055085069038842868605710527891748
1130998702983138780804149.322957198443579766
-473090714885175860227358.953170061799038682
263835810409743854668171365192582634510119954649.724305051003429124166353081368079408
0.4101442106464746394
58857.0992599374380102230598786011587061744
757320515754940108339054.70915658045319295033
442862592507820248722056.47335658045319295033
94351771935145210339190335336994372934441754814.149310052209150303513907
3.81
1049210345616845960173.95205758045319295033
1383062485694666971847103.1690089265
164263370717936980239566.4309910735
471469846094073121496034653388626456319787840106.0920280922
1.269549540526328968124796
0.289433127371843351455088310008506
196139467460135805294879.5942778667887388418
125795376516365300984207.5942778667887388418
5661553485662890440018907346762681270809108424.6868404766703298448
4.576572668112
28076600293.6180800211567388418
602502479591058213168535.26223392
291065842679484245059891.33776608
69572478284663811598543406837073503080085434456.891375136
2.86
1429770351720454718852.4880109888
1355275806820782787823299.1218814
305821316853589684901197.4781186
435811458677915011765086838780712899493623880850.53995162
1.5828
10278477149614709697.05912612008
307667658503089951934080.6831998168917372396
9933623254749370565346.7168001831082627604
23640177804451670331154426000472229881128929593.77644566598112830252
1.06672816728167
419317921.686678873884183604531956558521868
893400473029678797589073.646921492239253833
426413366903181506065460.777523460839253833
154084011433986635893199554185284850104307683679.7127847626515323816175521781
2
192919813839932860303654.342824445139253833
976699473563744563973448.325200214900434882
-388860914015411612115662.997115985099565118
200682262802698605812378393126043021670052071942.7157894774997207257568442
0.4304742323336
11206225680.93385216580379333984
587548638132295719844357.389105058365667841
-345754177157244220645456.280476081483267841
56416862787358090703446908594897119695825450611.9723578484067066394070556194492
0.2590739650774965
31082627.6035706111237360185149889129599435
749538414587624933241778.4524147402151521908903639
230426489662012664988174.0276035706111238091096361
127177866951143171937830739420984556867469398859.4379928448843238533273058760775676609182
1.88777189888
781261921110.856794079498722802014190942602797568
1230090791180285343709466.7843442435339894712
36743724727244983596551.2156557564660105288
377943313309927202171718717608681807185790837988.5125652387361988408
1.061580952868066388
458319.7730373083085374223723848221053859744
1034821087968261234454870.407919432364326573586633
-456290531776913099870297.857587548638073426413367
215663408678639428212422267049766257368024293871.7916356216819590451568383867807904596
0.3879860826
63538567177843.900205996732089674987513
1771358815899900816357669.701899748226137902
151338979171435111009384.147127489127946098
778702142012411660703079152035340765525280900383.689112189138248872909172423681884
1.1868359581041368
32178225.3757534142061485532203275938726064
697428854810406652933546.2622110313547722590981918
-365972381170366979476615.1829709306452277409018082
88117805935661725960225466594342452848230551562.0365632290561794507076925880881558
0.311
369344625009536888685.4348942552637722590981918
509437705043106736858165.896131837949187457
-188723582818341344319829.896131837949187457
55977546151949018731208555237834942122851248454.688984150961425776
0.4593696725969
10966659036.1698176546883235111395259029167
1205127031357289997711145.5103684955458915
-653391317616540779736018.2677958244541085
256352736942838838982736250440829405524623155519.41703971090308749394564
0.296868
544258793011367971.3130382928710115
984176394293125810635537.277553902494
-29633020523384451056687.236446097506
241931264794619729649876910345320235848880081568.428049356268958
0.941541240216736905478
317.998267821459590813756154
507316700999465934233615.117921721217669947278
96238651102464332036316.375875486381322957122
62027089286739915210620043423802499011472767024.0011552920158206964153993091529351622716
1.4682256867112100965
2212.558175020981155107879375824203833344973
1080048828870069428549628.8886701762416991302357518
-815091172655832761120011.3921263447013008697642482
125532963250536986424901201375371187756490343237.7516971802574386055419378324180249737
0.139809
13870450904097047.3792629753719391867357518
1410635538261997405966276.0210116731517
542153047989623865110246.0210116731517
423990673590818937455524468356926927965672556234.0542930248755
2.2485
2853437094682230869.2935116731517
736858167391470206759745.9633783468642710002288
518440527962157625696192.3555962468642710002288
68544844454458796039422763139760102648093408954.20813045847245019220728027224
5.747
26260776684214541847.8675254325142710002288
1256168459601739528496222.1359121080338679125658045
646936751354238193331806.7842069123369120874341955
289858009661357925237299941562879967557014413268.136762160238137907050239181236369496255
3.12377899113359715473
1907.530327306019677022199969429106699304906569715
1510734721904325932707711.9248340572096589
366521705958648050659952.3305104152096589
536995309757125837784418749840962390169465765640.8787291796529069265128569
1.6406529218787507
74769.2072938139878579507829753
1049866483558403906309604.5044174863305
-774105439841306172274356.4395971623305
125745100326846572595442546797177116563908773960.418026094578738046541
0.15118710994361
3984588387.884336613514455513163996895
1078477149614709697108414.27209887839322
327611200122072175173571.04646372160678
263945965948911125243197773575314362369410251447.046413206620173992786
1.87262
877698939497978179.5986868463492883636
1454077973601892118715188.902153582055390249485
288166628519111924925611.980153582055390249485
507825686880528255766026476992028843893808779630.968158127958651089192585
1.494
186526283665217059586.480419582055390249485
1072007324330510414282443.4232996896314946211
-58014801251239795529106.5262523103685053789
286458496563509822775604799555196516523747019015.0983683085875620321773736
0.89732094
3565728236820019.8367292130220546211
1017441062027924010070953.43437676
157564660105287251087205.15257676
252589923146603803268423309978651976169731594363.900299115484
1.3664
35303273060196841382.467351
1928282597085526817730981.51567864499885557327
17456321049820706492713.79958800640878919653
929492262769577435982437727521476793914301037112.999499076591680745721626675613224343613
1.0182709660933033076198
22.317845426108186465165106140531263490258274
1471824216067750057221330.038315
-185366598001068131532767.961685
532976436837239352473793982106771569514271757825.632435
0.77628816618172443
32654.77455038056539293
42496375982299534599832.1082627603567946898603
-38895246814679179064621.9188372625312053101397
73275436713538477244263108213864429240190639.8716212295149862344937294957612732
0.0442444694413198
1425192.6451514457923364982838362088
514763103685053788052185.3401235932295719844357
-275074387731746395056076.6303959667704280155643
47328783532368571283530047402738740004969572462.463787865739913237320281206146
0.30346586298829256983887
3.1361867718991547214675203083514
776546883344777599755854.87310597385145342183566
327718013275349050125886.60292973214854657816434
123906491451836443425732476139721473638493630801.89157352281893054373685711203798
2.46032
1125505455100328068.9707778475067521171892889888
306553749904631113145647.057390295262073701075
-273350118257419699397268.361790295262073701075
4813728607311446433559863758722754556257846583.138743269972768286408885
0.0572571308283338595
27176.3179380941481651025897895124650959510375
795162890058747234302280.42861066605616960402
-595239185168230716411077.45465781643383039598
69493583541710021783193700959547066300888411635.3448293735577911280423798018049
0.1437884108867
29724574654.7646295872434475518580585
701808194094758525978484.07731746395056074
4135194934004730296787.97175555046921494
123129410365351009397337134167134859723307857746.526486153031365018798993575127536
1.0118542495953807794
32602.42618448157473107665410838511754174
613916227969787136644540.471000225113
-519462882429236285954069.824628065113
26762862185740272319697072992759070673505885547.50185896068262162704
0.083337821
56488899061570.153353166233304781227
989669642175936522468908.7448958571755
186770428015564202334630.1551041428245
236140701965882296245184054086657460346100736938.118875679188475
1.4652400319282
15048447394.5136911573968764729292009
1062836652170595864805064.93243296617074845
-862363622491798275730524.81094063382925155
96487682950005852667874238022282552397438444720.53515820211206726998546
0.10413099993
6345922026398.107881293640966526
1340474555580987258716714.918013275349041158159761
604257267109178301670862.293430991073481158159761
357936297326448111534217332220729324774787985122.76698572272101887903648794350831387058
2.6415188194329
10992599374.380102235446720561846496038
670084687571526665140763.80691233691298
242099641412985427634088.41281757838702
97600313036383593416300562577396066894406812217.948817678142250785912797
2.13134626354820308043354
0.5346761272540480805131883132159276508
1473380636301213092240785.89214428931105516136415
487800411993591210803387.01505571068894483863585
483225314371562561736564436573449647663805853266.14133226898075723481167844
1.98
4866102082856488899061.565282307164110780498983
1817288471808957045853358.982211696040283817807
-31616693369954985885404.714011696040283817807
825384443617521178004870933100555238052179742647.9070500938125993384069187
0.965799551036
533699549858.853974876019913389791983377901948
642236972610055695429922.2997024421286335545891
546501869230182345311664.9757381621286335545891
28451008978811526160115629465040724095317511202.577061466814617640047499238674
12.416958877908
39734493018.9974823476150969914691
225482566567483024338139.6992
-1876859693293659876401.9212
12709716305887775732356334626117713953108887173.0038678
0.9834899328859060402684563
0.00818035408304287426719570574
1293644617380025940337223.090272373540826
182726787212939650568398.382925154497626
410031829327787696956941932741775735559061553696.7910853350409409201190622816
1.32896544145926048019339
3.314564736400435788797100474286617776
1366567483024338139925229.42613870450904097032
193789578088044556343938.15976195925841153568
457488071270983097847926918407073368670769187985.62560702556242409462140258100295780196
1.330479585729527179994
161.34889753566796368338935817569679513070392
897550926985580224307620.98388647286722362096589
-61142900740062561989776.39418631266722362096589
200464803055441304982473057647967468117098923833.802226427858796676466984705867789
0.872445406506653084611956
0.21692225527357137407492689034638567450343781916
412375066758220798046844.784847791256550835431448
94529640650034332799267.472419317921750835431448
40279335680605609123081207599179174746706433491.4416522017670259917792326472606763952
1.59481517042726
1329060807.202258335240756976214934676
1633478294041351949340045.6694895857172201
-111451895933470664530403.4896772716872201
663957452999270071118950361564242883031761899095.0816962807472959579896890015
0.87225632
5971770809491111.619745168362219119743968
1240146486610208285648888.6660105225200274662
463370717936980239566643.3147630974799725338
330812721502552754499968659090619840698943032645.758404086840462106362200822
2.1930617
8390936140993362.32547492246051728092873546
1707789730678263523308154.239414053559163126
-194277866788738841840237.846463721675436874
719700468671538226117107368397665035524811408651.2695826123148647252726928696798
0.79
5439230945296406500343.322553444724196126
181643396658274204623483.4530556191348134583
70038910505836575875486.3112840466926070039
7022218641177638851642111145097738854989735328.46847012868342843505347125582186780592
2.2551271534044298
3378347.44792858777752345748110830444414944
1405752651255054551003279.282639
-169130998702983138780803.982639
486883805447086634834369222862865211272404223050.92565835
0.7
67101548790722514686808.5071527
1937788967727168688487066.03
26443884946974898908979.91
938581701098509291818221052506142024076831940199.0882
1.02767044
5230792706187533.3813508536
1130067902647440299076828.0451819638361181045502403
62729839017318989852750.3759670405127031354497597
318279607972711462356168718885763798827974950308.399979427038571185712680877791878431871986
1.1175444616000457
25760280.76600289921416034628061344575383357401829
1756694895857175555046919.73563739558251
215045395590142671854733.89649800441749
759933108741532978943799765594867655808835002935.010353837116979095927
1.278980916937208013
233340.96284423162432692340894092534737
625055313954375524528877.0738835
-22781719691767757686732.2576785
97543784687622168875601109127263951531702469050.5908488905525
0.92966836
822766460669871.06126552961084
1081864652475776302738993.348592354
513618677042801556420232.949416342
226656745217333636511366170451074091257205040455.523645398702650088
2.80773361976
1049820706492.71381704465293940144
958434424353398947127488.16951247425040054932473
-519493400473029678797588.55504692149233234149687
162180788162649904071720128727411951546534233659.962483278160391319694635218676958979966692444
0.296997604691500784
495124.7425040054932478823155925761239385979328
1360021362630655374990461.00430304417486
-156816968032349126420997.00430304417486
456266636337221450161348969170153164566436905892.58563663623752
0.7932317968734281
48000304.433447775997565164453575962434
648142214084077210650796.63520988784618905928
-59113450827801937895780.82079011215381094072
104148482402259704326676415865677970060429952256.43045009161437814779584
0.83283710895361
1346608682.38391061835828097928
860074769207293812466620.0295262073700981391622796
38467994201571679255359.6929732204165618608377204
184562205512271891112681116186475306164520880909.866083902652194065889183047683594035068
1
38467994201571679255359.6929732204165618608377204
756420233463035019455252.1584206912336919203479056
-666300450141145952544441.2384206912336919203479056
32053819933494670102350576624596180032452809070.764739306700804406109804576
0.06334
2327611200122072175.170122033417257953765163659296
418951705195696955825131.09
99916075379568169680323.49
41384327291781655771984537847641466235420886159.702
1.62636311
733348592355230.190656182
1398687724116884107728693.191985777
-167803463797970550087739.208105777
482042336783168024061265772573978122615475285091.24240326003738
0.785758815
397497520408941.786828227318725745
1054551003280689707789729.38814373998626688
509102006561379415579460.61185626001373312
213223241358871606332322460691460708725860440988.2455255380547136
2.866726347003
234699015792.85209430075508688571055383936
1445136186770428015564200.81261158159761
123186083772030212863355.41261158159761
518310946769570939809234585877654741065887504930.990701314809747
1.186370247
163286793316548.50045817469761
184344243533989471274890
84306095979247730220492
6718820576214172171372995802377772856751947509
2.68547895057
481269550621.28683844657
1397787441824979018844890.54792858777752
185152971694514381628137.54792858777752
479882027399077365284166464170768816683106025073.72437339039628
1.305373
58670939192797741.79099408777752
1033005264362554360265505.888258182650492
895338368810559243152513.088258182650492
66367270384099454223076732698877475822717644005.2804140772562288
14.007
21713588158999008164.413458182650492
575005722133211261158159.186948194094
-368062867170214389257648.216668194094
48790326574094219390170013036121583300400817961.39026402125276316
0.219
205416952773327229724.574444005493414
760921644922560463874264.8985506065461203936827
86167696650644693675135.3377506065461203936827
142894219441394415452942858701306613385473156175.24502515853255847957277908
1.255404794210764
121461814.2978277646371441680827
864286259250782024872204.826881666285191119249256
79667353322652018005645.758881666285191119249256
185160962686068430933009187939731599427868754180.629887510462637024069526704
1.203072734344612991054
25.33051441308985489596042
1302143892576485847257189.51186191348134584573128
306797894254978255893796.90073808651865415426872
400363442263738473520022654850939364399162857478.208431777545254359495403064
1.61646481680208493
122835.1262053940642404820622707503763554823896
421637293049515526054779.466971561913481345845
-65308613717860685130083.096360438086518654155
43378197966093573218848322300175666316589289556.78513735974284793595377777
0.73176234645274504
2163118.94407589344073022140836
231342030975814450293735.932959487296864271
-224353398947127489127946.667040512703135729
796171919221436668402877935803361163090683341.7200972850833211923
0.015336190731
71839475089.646864215306564271
598931868467231250476843.835339894712748912790766
355519951171129930571450.014511329823758297089234
58081236846231546349593226014386613775942061201.19287136496107019773543336900867506304038404
3.921
16845960173952849622.339191210803387502857146514
792507820248722056916150.87734
-640985732814526588845654.35734
54301483870901270513522205081636496744413112050.6808284
0.10570126
6336766613260090.0234098641516
531212329289692530708780.9885557335774776836804
-245990691996643015182726.5885557335774776836804
55418779560098359745952698108343351323018143713.66811716225570394130688
0.366
382665751125352864881.3133886015106431677729736
1402990768291752498664834.18104829445548180361638
217395284962233920805676.13875028645548180361638
480280596497017764629661955165005339924327382234.74690660764690149739063003508552
1.36672758629565754588
1646.14328221608672301247593369648
887983520256351567864498.997573814678873
-602456702525368123903257.198718241321127
106390163457280609111002617135498219196949723523.033041458644856696466444
0.191572136
336186770428015.564202334454997192
977080949111161974517432.402380407
-586205844205386434729533.197619593
152762472333854825861258223714219185124486324272.0508214996
0
195437552452887769893949.602380407
1103028915846494239719232.8940718699682764934767681
-12375066758220798046845.1848477912317235065232319
304129911729055512471839921584827356666620739420.91060414150209352907281117426148386
0.9778106
5807583733882658.1216143987333921334767681
1113130388342107270923932.6627145799954222934272
-4135194934004730296787.9717555504692149233272
309760540403377081043409830897200276827785206386.00200611607722015057957084908912912040086
0.99259765
511177233539330.12893873451590753032352096642
1121293965056839856565193.049759670405123941405355
55573357747768368047608.092744335088123941405355
313552939495382038694618048371088701989373527857.6888643636230873527680329877722112675
1.1042925460324732968
37341.8783855954833329307514047684572
429266803997863736934462.063467
100892652780956740672922.756533
43522665407340416106320706177332391141410753095.75808547
1.614498141263940520446096
0.099205231253114556397826985168
174593728542000457770656.7262989242389562819
60975051499198901350423.3768825818265049201
6691253285216946776590984566431517420667128371.1714147696050971071087593791774912209
2.07332796
75074387731746.395056076830395970719992036
1.01858548866427023
0.08158999007572977
0.2577148678092181237145899551
1.1741523629486679008
0.000000000000000000026696719437966816
1.969527733272297245744618
-0.026169222552834363315382
0.96958866597992336715748623865354027556661954
0.9737743523870691500768
0.000000000000000000000013202057821696712096
0.7053
-0.3347
0.096356
0.3563461538461
0.000000000000028
1.0579893186846723
-0.2180106813153277
0.2679531853208209274
0.658290468157793
0.000000000000000366
1.800732407827878233005264
-0.115404007827878233005264
0.8073297798947127489127943843488
0.87954510244158822686
0.00000000000000000000215458759428754119380896
0.831179171435111009384298
0.153220828564888990615702
0.1668455481803616388189514756
1.45200661
0.00000000242389562829022727379022
0.90325551232166018
0.11674448767833982
0.2005603112840466918
1
0.11674448767833982
0.530174715800714
-0.081528953994046
0.06860956473375114747958986492
0.73343643983237585432
0.0000000000000000000021337329703184
1.305332987609674219
-0.189593387609674219
0.4169871389791714346186862
0.746350869511074819
0.000000000000000000525676394875608639
1.09592909361409933
0.67774909361409933
0.1854291860837720289097
4.2414228
0.00000000036209933
1.3953728618
0.4747728618
0.43041403828654
2
0.0144728618
0.88868543235065232318608
-0.49655908764934767681392
0.1357977175362783245593931301408
0.2830737382
0.00000000005191999118608
0.770717888570992
-0.384084888570992
0.111621215533684174968
0.3348
0.0000025151064318784
0.852380102235446707866025
0.103619897764553292133975
0.17895368886854352635995995
1.27677725697982474016711
0.00000000000000000000000033666935060019000856225
0.94575417627992
0.41574730972008
0.18040128410285646698056
2.5688374470263221904313665
0.00000000000000000000000001907325738932
0.5792019531548027767
-0.5635156786449988553
0.0044812456149011828224148449339299312
0.01372716590107
0.00000000000000511047220973172688
1.7399
-0.1399
0.75192
0.8511543781253324
0.00000000000000007724
0.77833218890669107259
0.59797055008773936741
0.0620580543790118554947135018402244198
7.630795262267343391
0.00000000000000000008872967945597326731
0.2961165789268
0.2536964980548
0.0058307787975106584139888
12.96115107
0.00000000019899533348
0.796902418554970621
0.373037308308537419
0.12397415782717069584961602581248602
2.76016991864065
0.00000000000000018308190256656935
0.22975451445
0.02314851445
0.01306282079722835
1.224083661171
0.000000000000052187
1.45853020675
-0.52441020675
0.463076074764655
0.471078199647576
0.000000000000000046143662
0.98505517967498
0.72041517967498
0.1128339189745933536
6.4444919866609733978234582
0.000000000000000000000000010976
0.961058976119630723925
0.450644693675135416075
0.18013842891063907600110270042951404975
2.7
0.0167925535973144044025
0.880795648661020828564888
-0.207233648661020828564888
0.183213797390707255664911545528
0.619
0.000035932478828107118334328
1.40136735
0.56768735
0.410390380574
2.361
0.00036811
0.8759288835523
-0.2089570364477
0.180897091490043326808
0.614785236686084007
0.00000000000000000043425928
0.98432898451209277434874
0.01245136186770427965126
0.24218712833456181415795892991141938130598
1.0256233121899139598990558
0.000000000000000000000000021327771126132820680308
0.609
-0.253
0.076718
0.4
0.0056
1.1256580453071335
-0.0211184862928665
0.3166650111253436562940843
0.963168
0.0000005503130791
0.6440166933
0.1807833067
0.09551872431692
1.78052796680695
0.000000000000002081541565
1.4818
-0.3582
0.516856
0.61065
0.000002
0.10348668650339
-0.10348668650339
0
0
0
1.263851377126726176852063
0.263851377126726176852063
0.3819256885633630884260315
1.527702754253
0.000000000000226176852063
0.88426031891353
0.05212481879913
0.194799828717553911296082076
1.1252796420582080790310484
0.00000000000000000000000000995032403152
1.0076
0.0324
0.253552
1.0664479081214109
0.00000000000000004516
0.436102845807583300984206
-0.184512092774852699015794
0.039035244935329231586175043056632502908
0.40538945712
0.00000000000011736478063384
0.929254
-0.617034
0.12069550984
0.20191581387167203004
0.00000000000000000000675424
0.97981231403067061181
0.76072327763790338819
0.09533306639649571027653095329612947
7.944421228583367954485505
0.00000000000000000000000000819233483780818595
1.176180593636
0.029648206364
0.3456304431763327584
1.0517180442
0.0000000000231675932888
0.4166323338673990997177077
0.2345311665522240024414437
0.0296444083848622190477122437190155021568954005924
3.5758337523
0.0000000000003952086671253955772964
0.6137941557946090951400015
-0.1600213626306509048599985
0.087784107297361645990691986621257018945
0.586409528316775
0.00000000000000037977678063175
0.6516212710765239941
-0.2803692683299000541
0.086500838573885317032386020144458477
0.3983
0.00002008545052262080097
1.37577935454337376974135
0.13577935454337376974135
0.468583199816891737239637
1.218998958
0.00000000058337376974135
1.11894407501983672
0.06247043498016328
0.3120333219438467944194036
1.118262174
0.00000000025777066636777072
1.87661347219043259327
-0.10553347219043259327
0.8776352025635156786443158
0.89
0.0034846097505149919897
0.3754711223010605020218204
-0.2245288776989394979781796
0.02264133669031815060654612
0.251570407670201673
0.0000000000000000001218204
1.1437399862637766079
0.4527809567437766079
0.275782640347213550004730782604
2.3105
0.0000300526507966079
0.93360799572747386796009
-0.29214923323414969003991
0.19656817880174231758298149732001713290011
0.523316320179260551054186
0.000000000000000000000000380964912503943106
1.0711164
-0.7181564
0.157885431872
0.19726449762
0.000000000001434632
1.050797283835576
0.565590905564424
0.1960704648147597208830472
3.33134159356969554
0.00000000000000000034711789746896
1.1178142719157
0.3900822719157
0.2743361419088780962
2.07204924866
0.00000000000278044
1.1240248769359884031
-0.4298928769359884031
0.2696560095826657511103046
0.44669803036254
0.000000000000002872988010871340126
0.879804684519722285800572
0.111879148546578164340572
0.19038483475583518903519227029926152771983756
1.29138020108890036959331
0.0000000000000000000000038001518995212782837
1.53005683985656
-0.40005683985656
0.5452571145189564
0.58545774369
0.0000000000049767191548936
0.3658680094605935
-0.0138680094605935
0.033416769665064456
0.9269597363
0.00000000001860234399850595
0.8209
0.5791
0.08463
5.789909015715467328
0.0000000000000000000448
0.86360875867
-0.65639124133
0.0787426565892
0.136327314
0.00000000003
1.0830850241
0.0766609759
0.2917990660509393
1.15234329115467572945
0.000000000000000000004321520255
0.6484779119209
-0.4827344160791
0.0468727714455152244276
0.14651846
0.00000000380511256
0.34544899671838841840238
0.34010833905638841840238
0.00091533175951146715495536627301778
128.3
0.00017547887008841840238
1.56754400637064164187
-0.12312499362935835813
0.610508611963073167009355515
0.85434760603127122
0.00000000000000000074691
0.4800946059357595178133974
-0.3549706263828488593866026
0.02612167126349503583215075027408454905634964
0.14983
0.0000030778973067826354594
1.418631262095826657511253
-0.355718322095826657511253
0.47149478328023193713282950465691
0.59
0.00802334266346227206836073
1.580712593078507
0.331822686921493
0.59713650159029462361348
1.53138
0.00000512775463595034
1.68032349126414564
-0.18051422903785436
0.69772541210224909668085539164
0.80598605986065431322086
0.00000000000000000000000570928405014
0.7896238651102464306
0.2613565270466163094
0.138799653530443991955737706389491022
1.9894858463316002218
0.00000000000000000001087006704845955892
0.751201647715037766079194
-0.056763561715037766079194
0.140270453397802700846875602891342
0.859
0.000197985549782558937972354
1.30748454120698863202
0.02102694120698863202
0.427268423309681849387866176
1.0326896762193929
0.00000000000000000022448
0.77662308086518654
-0.31726568086518654
0.125621474369420919764698
0.4199306328
0.000000000036878004767757488
1.24968337522013
-0.42136263057987
0.346040517963097057718377
0
0.41416037232013
1.197909513901
0.241535057701
0.3441620048489761782081
1.5051056228764
0.00000000000001033509316
1.19331654840778439002
-0.46060883497221560998
0.3029609714623515678640039729338
0.4430113479
0.000000000009185361069
0.9986266880292973218
0.4064545662623025862
0.2080124869022217487839167261843610812
2.3727581941867656147
0.00000000000000000001011023581700101334
1.0279200099183642
0.3910999900816358
0.225915086137178583542
2.228290499353
0.0000000000000145540170816374
1.342367620355535210193
0.284032379644464789807
0.4303191088731212329289476
1.536753135903572
0.000000000000000406073131634000490604
1.1279468986037993
-0.0046692607003893
0.3180606010186103248218338057815
0.991754910678198669
0.0000000000000000003279906626775133
0.596520943007553215838864
-0.203479056992446784161136
0.0786083772030212863355456
0.491302357
0.000000000207553215838864
1.2650492103456137
-0.6628671702143863
0.290239154812008149109574836
0.3123
0.0000468772411697
1.66421811
0.15941811
0.686051945964
1.211879465709728867623604
0.0000000000000000000000003504
1.25084306095979247724995
0.59845883878843366135005
0.301613845356815672273229194561487615281535
2.83468
0.000000696421759365172435734
0.147112154398413
-0.136369954398413
0.0007613053772793160643
0.0378
0.0000132881437399886
1.1463339
-0.3991303
0.28869410347778
0.48348166201455847375824
0.000000000000000000000000312496
0.799252307921
0.456351567859
0.10763687455741937937459
3.6617123531
0.0000000000039212700539
0.6496070792681010147249561
-0.3955748827318989852750439
0.0663774673967193102922102534809341
0.24305068951831186
0.00000000000000000234362144
0.634
-0.634
0
0
0
0.75251392379928282
-0.61286335540071718
0.047668928279691763681451672
0.1
0.00155642023928282
0.91336623941405355916685
-0.74156623941405355916685
0.071079349965667200732432415
0.10381
0.0000007296864271000228893015
0.9206693522545204
0.1054693522545204
0.20912706797894251504
1.2
0.0239493522545204
1.795681696803225331502
0.080811779964894668498
0.80448555311325397909490477769265812
1.09424829157174
0.00000000000000241123091445028504652
1.32730220492866407263294
0.02730220492866407263294
0.440246433203631647211411
1.0420033921979447271
0.00000000000000000001794
1.5367789
-0.2533789
0.57437213013
0.71692003911610473
0.000000000000000005986803
1.351613641565227
0.369146257725227
0.42264761911816855341646584
1.75146771
0.0000000001832590968
0.8016784924085956588082703
-0.5531395437552043411917297
0.08418126258120078736552980865796273757
0.18344821372258
0.000000000000004207877950998
0.83330614938582
-0.39510614938582
0.134572567330433162
0.35672
0.0000003823910902896
1.47522690299839
0.36867330299839
0.510093602746619624352
1.6663451332107
0.00000000000000017824
0.6409360006103608758678568
0.6351760006103608758678568
0.001837601281757839322499427584
221.54722243415308189856138
0.0000000000000000000000000256
0.9610131923971923
-0.6440833076028077
0.127175762207217485278475
0.19745223093713
0.0000000000000027584775
1.33194552529182879
-0.07194552529182879
0.4422256809338521377
0.8975055
0.000000030350194555916655
0.0477821011673151750972
-0.0477821011673151750972
0
0
0
0.040616
0.00463
0.000407055639
1.257322
0.000000005254
0.1785915922789349201595
-0.0069336995498588541595
0.0079617201608194035280905465134470872635
0.925
0.0000234988937209123774625
0.077836949721522850385
0.007563050278477149615
0.0015003477531090257114395
1.215
0.000008606088349736782225
0.10474402990768291693
0.06382238498512245307
0.00172450374402809735678800358097473205
4.119248
0.00000000544441901218281136
0.0451000915
0.0282999085
0.00030828335805
4.369000028154
0.000000000000003823909
0.151824883
-0.030189117
0.005534853078181
0
0.060817883
0.1040848401617456321041626
0.0280949111161974517441626
0.002511082480217275339705742697462229773383268
1.739437751004016064
0.00000000000000000001119102461629534848
0.13533962005
0.00493962005
0.00457310322726
1.07576
0.00000006805
0.0987212939650057755397
-0.0268604562448057755397
0.00225610244311149004348505413629597
0.5722235722
0.00000000000600676737626148308366
0.112423895628290158319981
0.082302586404211558319981
0.0014663541448544924316777190781343472533
6.46474164133741532572
0.000000000000000000000012039357059204
0.180862125864042114900434
-0.015616074135957885099566
0.0081168117001602197299152257694
0.8410401343664
0.000000000000007908660434
0.0553978789952293430991073
0.0475181200892293430991073
0.0002027383150889127946898601939123069
13.060805579482
0.0000000000000004529157613
0.15976653696496
0.00384679942016
0.006377637116999246694013344
1.0493433285706
0.00000000000000260833126856
0.05753109025711430052
0.04388952468146769948
0.00034588399235176740640284416433132
7.43467561521249
0.0000000000000000405605546070725052
0.109016488593
-0.018640488593
0.002884281742540484
0.7
0.0005080579849
0.0760753795681696803234903
-0.0134767681391622796978723
0.0014014600242410873304021774343457299119712067717
0.699018538713195
0.0000000000000000090333400246763427502465
0.1537094
-0.0025094
0.00590507064
0.96787
0.000000255022
0.02208
-0.00992
0.00009728
0.38
0
0.186496223392
0.009503776608
0.008672629892416
1.1073918890968
0.0000000000000006980876544
0.10863660639352
0.05783016708628
0.002114396005868381979033438
3.27648966842827
0.0000000000000000943207841626
0.09110246433
-0.09110246433
0
0
0
0.1290714885175521858
0.0382986190585521858
0.0037981662315861272577515067411
1.84383405056619442523
0.000000000000000000000091836974715
0.1465916685740444
0.0045916685740444
0.0053670084687571524
1.064671
0.0000000275740444
0.13138910048065918974593
0.05854910048065918974593
0.0034587746395056076905467706
2.60760847
0.00000000000325918974593
0.066567
-0.053433
0.00039402
0.10945
0
0.1526207370107
-0.0326207370107
0.005557244220642
0.64
0.000722728313152
0.11180437933928358922713
-0.03154192416266041077287
0.00287633156488985061417559257170627036
0.55991995060782780541165
0.0000000000000000000000005297052523762
0.1598809796291350576
0.0179415579460649424
0.00631000703640997329646204816576
1.2528058482036908192
0.00000000000000000000200375793193681408
0.1090867475394325246
0.0193179217211674754
0.00288168409727668345125864665538
1.430392656806632840552406
0.0000000000000000000000000131480498746158124
0.1672373540050354
0.0147905700050354
0.0069373929033829192680768
1.194042401
0.000000000008991208
0.07689012596322575722896
-0.01072412596322575722896
0.00144927114824139772640568368
0.7551967693057926
0.000000000000000000376288706079747526304
0.07089494163424065
-0.05661860074769265
0.0004551066996739414049350508121
0.11
0.0001249256122676685
0.10139772635473411154345
0.04111238264526588845655
0.002147817725784695201037608868025
2.36392629
0.0000000000517509727626460676995
0.0992431525138758
0.0527580682078758
0.0017664473899663843234975974
3.2
0.0016244754712758
0.1113785605249
0.0660777605249
0.00200972832715319496
3.917288901
0.0000000000016896
0.0575029373617151140611886
0.0484970626382848859388114
0.0002386556801709010452429958
11.77009488309047780413439
0.000000000000000000000000023296159439663482464046
0.098755431906614
0.020000568093386
0.002338153151750926092
1.5
0.000311852140079
0.114608628
-0.038808628
0.0029072570012
0.494077406781411864
0.000000000000000000009637408
0.147535973144
-0.023535973144
0.005303230334928
0.7248
0.0000035266652288
0.06064850843060959792
-0.01619592584115358206
0.0008539833902513942773727182321137286207
0
0.02222629129472800793
0.116060120546272979511711
-0.070127412832837419511711
0.00213802438764705125508506217311313192158
0.24670130636463467886
0.00000000000000000000065660851523803070587054
0.0526277
-0.0226877
0.000563735769
0.3975282611
0.00000000000197453
0.05716945143804
0.00040283817796
0.00081704597478219792283232
1.01419278533015067133
0.0000000000000000000001270540552468
0.11833370992980849927519
0.04491340992980849927519
0.0029964131285572594796671161785
2.223460267250569
0.00000000000000002369984
0.10790798809796292057
0.00790798809796292057
0.0028953994048981460285
1.1581597619592584114
0
0.115509452964065003433279
-0.010890547035934996566721
0.0033059574273289082169832328
0.8
0.001749452964065003433279
0.09203669947356374456
-0.05231669947356374456
0.0014334292515449759669616
0.2751580516268155007445193
0.000000000000000000000000006343383272394809992
0.1630853742253
0.0161928740347
0.006583657529175621029589
1.2204
0.00000532051369588
0.09645380331120774755931
0.03911955443656061244069
0.0019432491584705303878226601034222207158
2.364613828
0.00000000002039215283896336386132
0.0432486457487296
-0.0384420538512704
0.00009816346369878337761408
0.058838912152726
0.0000000000000000355064452
0.098699207370107576104371
0.039646792629892423895629
0.002042416342412451361867655183
2.342766178294573
0.000000000000000018997483924220169121417
0.144
-0.002
0.005183
0.972602739726027
0.000000000000000029
0.04428778515236949721
0.03181200884963050279
0.00023735100166336766593365686721
6.09980430518721869395
0.0000000000000000000000509337784756311205
0.07094781414511
0.04705218585489
0.00070492103456149
4.93814176245347
0.0000000000000000056357969683
0.0338399301205462
0.0231921901205462
0.000151815796993972297794
5.35626529583671276721632
0.0000000000000000000000000504416
0.1654032196536125032
-0.0199298084992674968
0.006740256951240927622516910944608
0.7849297699616980475183063
0.000000000000000000000000005242462466428
0.17169908505073624
0.00187227494926376
0.0073692675984435790890432
1.02204
0.0000007835019455332704
0.0463379873350118
0.0256620126649882
0.0003721675440604248
3.482302583
0.0000000000002671225245206
0.15137560066
-0.03184863066
0.0054750593000646751
0.6523535077150733
0.000000000000000002515022122
0.084044969863431754
-0.057924969863431754
0.00092706370641641870724
0.183982
0.000000043274586099035572
0.06526896391241321431
-0.02539103608758678569
0.0009038332341496910046723
0.4398624291289039115
0.000000000000000000001705
0.14040131227585626
0.01473716334785626
0.00487383612631027695038454464
1.2345484
0.0000000008136442024
0.1439322499427786587
-0.0455848020141908813
0.004659629599729381542971761397025099
0.51893719806763289956
0.0000000000000000000005690288296002988
0.0695166704814221408407
0.0195166704814221408407
0.0011129167620355535210175
1.780666819256885633628
0
0.10489814602880199893186
-0.05988708323800199893186
0.001854289575381122148470092495317444
0.27314986295
0.000000000000194079499506394611413
0.157885328450446326390478
-0.020114671549553673609522
0.006130794232089723048752542
0.7739924544993969257
0.000000000000000000003178
0.0695765621423666
-0.0695765621423666
0
0
0
0.1097230402380407415884
-0.0479606402380407415884
0.00243473063675898374913969808
0.3916854
0.00000000226962691691465091064
0.099647516376821545738
-0.055442130376821545738
0.001713949424837109941232472434
0.28503118631909
0.00000000000000025221663462770246158
0.0221149004348819098954757
-0.0215533684290839098954757
0.0000061302826512272693980315861731840543
0.012859
0.0000000008682381317616540779737
0.08137018467231250476844
0.05726718467231250476844
0.00083539412832837415121685466
5.7518719389546948
0.00000000000000000038624
0.1590565957122148470283
0.0337434042877851529717
0.00604009582665751125352812
1.53854
0.000000321232928969253079318
0.039701619974
0.031063619974
0.000152817535667706
8.1923176601
0.0000000000000281
0.110183806210421
0.044255806210421
0.002545473691920317844
2.3425496362826416697
0.0000000000000000000000092
0.067280079261943999389639
-0.024545662538056000610361
0.0009810298790153353170061742046051
0.46538602233091896
0.000000000000000000100796736
0.135712977798123
-0.035712977798123
0.00428564888990615
0.58334
0.00000019153124292918
0.06049
0.04829
0.000331779
8.916
0.0000024
0.14083619439993890303654
0.00243991760128169696346
0.004957220113789084450598532812673200362
1.0352598734260945
0.00000000000000000095293146379402700697
0.159810788128480956145571
0.004657053482871756145571
0.0063794499637759754378576279810855884266
1
0.004657053482871756145571
0.0469794765584
-0.0304539559584
0.00031990694604627206152
0.2134158
0.00000000132634055728
0.0193271671625848
0.0058471671625848
0.000084837506675821552
1.86753
0.0000000149625848
0.112544441901211741817349
-0.044113832303411741817349
0.0026800553005904229800869590469761161
0.43681452476884
0.00000000000000038342870244204427339484
0.13051956771953
0.04589303228047
0.003732296786449179039
2.0846014679052
0.000000000000002047509771444
0.15886320286869611
0.02873121232928969
0.006103008665947442014920277897209
1.441570319645411667
0.00000000000000000005294274663864893
0.16976684214541847867
-0.00576684214541847867
0.00719688105592431525094
0.934293612434
0.00000000000003233082074912421722
0.147846135423
-0.039504135423
0.005074475760999333
0.5782857932
0.0000000000087930274764
0.16211337453268552758068
0.03432516975662552758068
0.0062756322308884032043944655164912604
1.537219688104673135
0.00000000000000000004107391342595
0.123241896543831540398
0.015773896543831540398
0.003734937312886243991746132
1.293555226557329445
0.00000000000000000000037
0.03207
-0.03207
0
0
0
850293736171511406118866.930281434721904325
238284885938811322194247.110459965278095675
166554937726408880701847616866348880747600060039.9996221750792085214332775
1.77869751670489
2074311436.63691147973601684853472016035075
1336522468909742885481039.32876247196154726482032
-644068055237659266041046.12484247196154726482032
342867162530743532601175509282101831810827664329.3917737445992134426499598272
0.3496201790474429498143268
0.076390457007705806057833370692223556866436239424
1482215609979400320439458.3479800869764248111
229694056610971236743724.4979800869764248111
536050938706050426870467079084103637735336418512.4942287320571810628675
1.366770625213196238
61.03667415005469018295
1141283283741512169069961.4741053398947
-596047913328755626764323.8107653398947
236813604691061298850807277481195949814145231347.213269927394825149
0.313835
17090104524299992.3704813051041468255
1548760204470893415732049.96358434424353
359166857404440375371938.23641565575647
567414334873735493837135772220974502929655872710.861814147523173
1.603848127244740892765
309.69499504081788997216865137922493955
682352941176470588235293.435018997482261387
372259098191805905241473.648981002517738613
81757175036400835051632102118036682527981587443.282849948447102892754
3.4
146486610208285648889.9057354085603112842
780437933928435187304493.0015097
193820096131837949187456.8901817
142879284762482415729367834674952432452531993813.2480581550448
1.6608053
7986572060730907.1488532337808
740642404821850919356068.53531700617018
-589547570000762951094834.23154039827018
50246208631622501507609773502254087056249492097.970697179967032739663711
0.11358891412577144561
3004.9591821164166217626388817448855902
716914625772487983520255.634652441748
584802014190890363927671.651408441748
42993296211196039262242096484002758774806184838.907251089375035256
9.85308385308385308
254520.48524474901235716110424
1224292362859540703440908.2134126797
-235690852216372930495155.0248569463
360835402984429284029333831126954962877251506837.5045497715693434271
0.67713210702341137
903334.09628442838985174481297619
958464942397192339971006.899931334401464865516
288532845044632639047836.745113298237582971516
208850960783725810173354912046420582661449082751.263955512529467873147690921760351874652
1.861
127077134355687800411.993464133669031816149
620889600976577401388570.371700549324788281
-314091706721599145494773.470899450675211719
71712574092391613838546168080344195546129318837.6939797833707849942853
0.3281326
23404287785152971.694517384944788281
792538338292515449759669.61258869306469674982
-300679026474402990768291.45181963836110325018
134427285175466731563203867060996487687450167190.256187981650006263636762903246678
0.449919044162
440009155413.1380178530552141285069102
1152498664835584039063094.903038
-309437705043106736858167.082038
308125369786364787402340901435668661323634057780.939799849
0.576
492805371175707637140.458798112
1687678339818417639429310.8933844067292286564431219
242313267719539177538719.5257504067292286564431219
697385614744832324776247785719152127831137495819.8080224824556854900794267882923
1.33529697430375
1468680857.5570316722955112426931219
821652552071412222476537.56
-789517051956969558251314.44
12943935248660151179571418902498988771102674584.56
0.019945448346403
274662.405896416941822
400076295109483482108796.426010711833
315815976195925841153581.739610711833
15080327771986229812523263424068352206557877535.8459270599320856
8.49
261081864652475776302.739042711833
878461890592813000686655.1068894483846417
-403356984817273212787059.9460746166153583
152249609005754346313868741811156721872052289169.57220810812215584775025525
0.37064
5778896772716868848.7067921153588417
1598962386511024643320361.55981
-398260471503776607919431.96019
599517327578655225671613318617851747629794661146.2676156
0.6011857465925065705
3021.28990081757416833842
837491416800183108262759.5195696955825131609063
798733501182574196993971.8876173037308308537423
15854166825651192322240381545142620659533996503.6516092182304343863543241772426374651806426
42.216535433
1373311970702.677958342868848706800202128994
605996795605401693751429.926317
-586617837796597238117036.112317
5777907165715032591260205233802832103335907762.123652519
0.01624
5448081177996490424.96276629192
232486457618066681925688.33087662984481574
-215579461356527046616311.67882810615518426
1893862204256694328315157985411647456129241774.24440295812093940486267232
0.037733278844844026699
80.598153658386842512879854626768
863004501411459525444418.1497367818722819501716
-288197146562905317769130.7105058365758754498284
165429793542360279407394301516645142854068872113.97785624992021670049115800825862690492
0.499
178866254673075455863.2789849393453879788716
1349858854047455558098724.4478370336461432822
633234149691004806591896.7521629663538567178
355283359378855010938163732748989747565985460487.74577535328486245132
2.7672685461204326718
12091.17497520408941786834574678755903261804
1023880369268329900053405.5527572831
-880415045395590142671853.8536972831
68300089603533135888086026684612767010203864060.100066076311943
0
71732661936369878690775.84953
1000717174029144731822689.16479885557335774776836
-473212787060349431601433.87480114442664225223164
194376130139863482221606326868136282658834097911.466467174192422203479953528
0
263752193484397650110627.64499885557335774776836
1124071107042038605325397.516754
321629663538567177843899.883246
290022553304695570783958707731025164080616368555.7643198
1.8
653086137178606851300.8298428
784344243533989471274890.4951247425039981437399862
-609903105210955977721827.4209201190203781437399862
60803523654734936953271012730560639708210372585.333236530573414823207117758035867363022
0.125114914
595040817883573.6629282057069278759441519882258132
1495033188372625314717325.080247
-164019226367589837491416.680247
552055481929348772781200778143517764063285090691.0956874
0.802273605209425528
325566.447104757964861447254584
177874418249790188448920.2463179
-145098039215686274509803.7764621
2646466920866115214905540959741183669815023039.676295628781
0.1014835112916
15216296635.385672638847188676
600854505226214999618523.77777
332326237888151369497214.82223
62646352015436863369568747463359378063362590735.415461
3.4751
9080643930724040588.924301473
833752956435492484931715.04255481
498786907759212634470129.96655481
111588903253231734115775052510156971000588037556.77116000778
3.9781
5712977798123140306.70913701
670893415732051575494010.1629
-571343556878004119935911.5367
30916128821652564877488369016249381779394859230.08227238
0.080137575236
284122987716.4873163580044472
231265735866330968184939.1141222247265
165957122148470283054856.0177615015265
6485518548498319048242624034288983132756325300.8623988310597624765424
6.0822429906542056
244144.35034714298418255363125504
1106538490882734416723886.89224071647974364843
87998779278248264286259.16278331647974364843
304170911662644365443759706406806738210139781367.443205458162531215030130941
1.172794007490636
358587014.5723659944795077179768
915724422064545662623024.948221
-74311436636911573968108.570021
208257256887601109865370526656772027945023677823.9185677811
0.84988132
1493553063248645.76171012248028
1355062180514229037918668.058
359044785229266803997863.378
426820088814911679199128561184072417103634725908.98012
1.72096087262
4593881132219.4249673100692
1456839856565194171053634.0051270313572899977067589
518867780575265125505454.5814602883955138475667589
463289648489448512090818089458968834137557825359.480759738981665127409745610995689946244690623
2.1063608264193
42946517128.252079041733381940956827322303149
1413107499809262226291293.1485008010986
-115693904020752269779506.8514991989014
495871931647405251174623143404790714653442075082.29101169044
0.848647569617726319992
11.7380712862848562832
1004440375371938658731974.2759441519798580901414
-952132448310063324940870.3380178530556191338586
25586067138101406881935243112573867703185793195.9094845270846154325960303548738927757368
0.026734464686798103319
187.258716716258487830955327989625388346772
1142641336690318150606544.97775234607461660439459
-27573052567330434119172.93344014648661019560541
326217237771389059195149449010894472466169449081.269204592312481026063595445505200841506
0.952875211892
19226367589.8374914168001638939778554472
880384527351796749828335.123276896
-572579537651636530098420.118654896
111807397265771176175640792824123435106063910504.638671472185656
0.21184625078
5557335774776.83680401901015660112
1139345387960631723506522.09251544969331654
243671320668345159075303.02938887610668346
309683050137726730196795185111869049762391935038.577644012986228398377344366
1.544107124
270450904097047.37926298890558481499896904
471396963454642557412069.414923323414963085
421683070115205615320057.562600137331203085
11099621383118048930957758385277659799114712749.9192756892610058805929791245998
17.96439533
113374532692454.4136720835061735185796
1514442664225223163195237.67072556574158846
168688487067978942549782.39024948425841154
566270194389077082910185972440546282701352574595.4683144515402947967139615
1.2
34113069352254520485236.862201876110093848
1069703212024109254596779.27662554360265506
63065537499046311131456.41062554360265506
285071924948663205428746599342418531919684270136.45309871849886430098
1.125299378505381233894
97.810387794711544973789898
1320195315480277714198518.5546153
-655420767528801403830013.8405847
328334822127006717235183322879315566108228026786.14601602328
0.33648974295600593
1762722.209528331541295848232
1486274509803921568627449.494117647058823521
-225513084611276417181658.430167086289768819
539538941790498658653740717560706520305084847433.76966170392213268238081538603954567
0.73651744486637785027901
0.7643244068055237707384448122463701256083
1497077897306782635233080.062372
-318043793392843518730449.060172
535022594022196969804126909227065333365534794054.2943333992
0.64
8678110933089188982986.18188592
662943465323872739757380.8449759670405127
385351338979171435111008.9550240329594873
72749595940646141867726131727401083844586632887.34336556360772523
3.7763852242744
878919661.20579079880979542497973851512
1515938048371099412527655.461249713893089494163
-407278553444724193179216.804898146029089494163
533048086600787670314482229480481761319722681391.082053246861824690700751863188916
0.57
6213015945677882047760.73232364385417898832709
1117097734035248340581367.6171663993300526436255436
550499732967116807812618.6606088346699473563744564
236214347847454881705063845827118502159827992044.3310953158335056722680967909336012
2.943
49774929427023727779.0493131606026550698100251852
1865812161440451667048140.3482719157683703364
43396658274204623483634.6556191348116296636
869842937957430495501604960113253210916799778118.937662858147089639687452007556
1.04762542702123
3499198901.350423437855801032794960554958228
279652094300755321583886.19315030899
-82078278782330052643625.46144969101
17867112499732163826572885557625425627453687131.009697118077427
0.5461
16429388876173037308.30856177899
1470771343556878004119934.441336690318150606545726
194750896467536430914778.167956054016937514305726
531310108338298743859550881063037508490792334832.81399602612320799264037361122450716965348312
1.30524729742657610255
2737.468528267338063630119084897997613575394
1173678187228198672465093.813733119707026779582502
-783535515373464560921644.139024948500801098650502
190898145830927464527474120447388188824359652062.881272068063549966914953261439234507713969932
0.19933575538334398827
4273.89944304570077058060058332583322416314856846
673365377279316395819026.506248569466697184
580651560234988937209123.493751430533302816
29066174228797280855569664227485647604641335724.8164288848988648
13.525674786043449637919666
0.013855191882200360566954502879118259579456
1317509727626459143968870.2778210116731517027
-488395513847562371252002.2582284275577934973
374325426110980518238503211997845156482052795090.66615605348257489983643874860443602
0.4591128
915541313801785.30556191256580455399072
1133241779201953154802776.008743419546717555504692
123308155947203784237430.257404440375282444495308
317258007201427104475909852617869264573856842469.228239189027561601710435513214877012
1.24419061
2186160067139696.34546425355495742732890840265788
772182803082322423132676.4232089722928
736751354238193331807430.4069123369072
13365930851065223098233480414269347131549518398.70387711559386232970688
42.587
7522697795071335927.3670482490167264
1077805752651255054551002.202883955138475542229343
324803540093080033569847.847928587777523542229343
264041975197785335807536580039421642905546316518.966624719199857322947489146750323407268
1.862689
177218280308232242.313267542320897382265343
366109712367437247272449.4698558022421686884
239032578011749446860456.0057221332121686884
19224937034706137135648248115465217493984930994.731601891525253522280412400126
4.7620076849183
3033493553.0632486457661253010048755
1355107957579919127183946.1220416571297779
243732356755931944762340.5220416571297779
444228028741654753086654910803633728780846849195.63309303604469812
1.4386138341983139742
23782.75729777743653741224
125520714122224765392538.21277180132753444472419
119844357976653696498054.35486381322957244472419
348194883729239291307318012835285703998520548.93262951837005152449709535519089555039
43.225806451612
2563515678.644998855573375080589782628
603341725795376516365300.38086518654153
44190127412832837415121.64650949874113
90517117681245226062141455111622562507288166756.670391126730336817896915266
1.158061
97016861219195849.5460440015564204878
1191500724803540093080032.37834744792858777746
225543602655069810025177.16058594644083314254
342201015127183342130815956924031020530940004478.7891760217236223018342135511116026316
1.466984
342290379186694132.90608037793545433732325936
1074448767833981841763941.85680933852140077821011
507545586327916380560005.59606317235065232318609
224209408124753348423663832283761646813435825478.687125488236748771485465041105426552091634181
2.7905900086132
18261997405.966277561608282645914414717693555468
1123064011596856641489279.414052893110551613641
467261768520637827115281.443167106889448386359
260734803455747605369980728513694140956445899882.85888578137687892860266901
2.4250081437014
9390402075.2269772846570440924710442195292026
1321644922560463874265658.2495765621423662684824902
189608606088349736781872.0923781185625997315175098
427698469456771893554566525108938234309275317028.3232445074200707121294084350965815931666
1.334
558541237506675822079.8041259784847787198443580732
754497596704051270313572.144911
530006866559853513389791.184911
72089836207898707476325102293219151577776402870.94094728
5.72185970636215334
472419.3211687734199537968
731181811245899137865262.1054703593417235065
-488502327000839246204317.8146944380782764935
73998079402899699627079345588023207032702891750.449182641883927779542012276615
0.1989691237551919
8004882.887006942856602924331637551
1040421149004348821240557.4397802700846847104
740062561989776455329212.6573586633096847104
133695892909164423376818949969639878407484754849.40341397162356544554006552648
5.92786019101808
864271000.228885328450462422062254
589639124132143129625390.42279
457923247119859616998549.93499
34495149113631218848164507994851175588191375097.230431271
7.95319740500463392029657
0.059199870575493515870266577
1142366674296177615014876.4039826046251544975
-276997024490730144197756.6467841612251544975
307068566741447748685689956054515612184661434975.94458545489099791335575459575
0.609688447397277
671503776.6079194322745015029658030141966925
986602578774700541695276.3071183337148
-597222858014801251239794.8928816662852
154177376577380433173560335948510353260279526491.30288514924688
0.2458476241859
2468909742.89506960444676
1120149538414587624933240.6590524147402150934996566
-669367513542381933318073.6420691233691920934996566
201670530056125714083544190958341839914925834056.8728991636927902240578929339044468453509
0.25190149732255
4777599755.85564965285724701384756238939075556367
958022430762188143739985.3088578622110322728273
347020675974670023651483.5928587777523460746127
199345907072393662694320384168770952377817385729.783038356253037332059229752329729406620156
2.135907297337795
96208133.0586709391927976454527627918689495965
771267261768520637827114.5106424744792858777752346
-765896086060883497367817.9569244744792858777752346
2064093608132868908173554922416973998816450794.9331132337917064579103944761214
0.0034942127101
75884641794.46097435820546314030670634014967071054
920332646677347981994353.241564131380178530556
328709849698634317540245.341544131380178530556
184740503812808368496053283879459260358641498549.27075690338697373728150556
2.1112142783
13369954985885.404748604952395530556
304219119554436560616464.1799441519798580910963
-162005035477225909819180.4280558480201419089037
16575910295624834914397663085949779144372379400.6316296257839261379518752
0.305
7858396276798657206.0732241519798580910963
717692835889219501029983.260334172579537651634
-312108033875028610666055.993682764934767681394
104417895469343537075153337909754637966433747891.70927181513190296330926858988668421227168
0.393847795163584
328130006.866559853513389463581920701570973824
774608987563897154192415.4915081414511329
34058136873426413366903.1474481414511329
149714781731869182043140356067638959364479375462.016133301485110792787
1.09198
203250171663996337.8347448220511329
1643381399252307927061873.690409592
300923170824750133516441.295170408
652536917167312939854882218453229666989502026937.66338890274168
1.448316624610698
86640726.329442171441848702404784
354741741054398413061722.388830395971617679789
149050125886930647745479.365712977798123679789
25906440704848995726257239872321324662249806620.313295862637928780076015109260656383
2.44925816023738872403
576.79102769512474382533694316308656959
567498283360036621652551.50391393888075074387
313405050736247806515602.03648432111924925613
55957893947399589142656893590865591472769135954.1956876341957921107955268331
3.4668508287292817679
7089.341573204921797512797710052871246312227
761837186236362249179826.811215381085214
748348210879682612344547.966079194314786
5092713401428945058318249668591262695562684151.0171606997657417323840678
111.95701357466063348416289
0.03997863736048763405931060436290649154
1311726558327611200122070.86341396200503547722
-252719920653086137178606.59861396200503547722
414189801381774458698945253060083412610221239940.780672818009026642223928
0.6
60169375143053330281528.893791622796978713668
1526268406195162890058745.39784847791256580453
84687571526665140764476.60215152208743419547
580580815744609679499477084895647214114666268404.34121169661131839783
1.117
355092698558022430761.87760325017166399633999
804913405050736247806514.797436401
549324788281071183337147.539482801
86531966652581729120532240252888673678266975127.8750194637662568
5.2985074626865671641791
0.57221375794701133836425505512
731532768749523155565727.5051396
420401312275883115892270.8848604
89600732097764682517084625330590755356684177171.478737622
3.7
373846036469062333104.44748348
1353688868543526359960325.18937972075989928949279
-359502555886167696650644.33417257953765163749279
425807866282491365546772704342154979378753018298.91297754875391086735599180372493714821454
0.58
267643244068055237659.2657734035248340571741818
686808575570305943389028.07644769967470817120622
676615548943312733653772.11654840927470817120622
3474354601263055147114479355131153756400105803.776155302425116563787016145033144
133.76047904191616
39063096.055542843414611251059788
1130357824063477531090255.98416113442435339
211398489356832227054245.61144426557564661
308254872279792228864325868954785191787836850644.339506611493949580296153
1.46
37842374303807125963.2257193857404440506
1288242923628595407034407.79645227740901808194094
557976653696498054474707.60354772259098191805906
337057971052202345620291281211655864712280152189.363223072493293967222238
2.52814576455347068
1499656.6623254749370565331764897648776922183608
1584634164950026703288317.07827878233005
-218036163881895170519568.92172121766995
615881416991633947578523341393321697613688702589.41626257238715
0.7580964634579898
7687495.6529247238562686
1240405889982452124818797.201
444617380025940337224382.799
335230539320506918747523596020748728317341134469.59
2.11742598558061
208133057.99767588554202739
593789578088044556343937.7591531242
559456778820477607385366.0391531242
9898543919448290487491153045531763845750602515.709203883812
33.59022222222222222222222
0.0585984567195188321761908
988647287708857862211031.2137
-224536507209887846189058.9863
231751704106016289363862272458157496680796018013.72787
0.62983925741
2750743877317.508327490809
1027908751049057755397877.9599473563744563
-496040283817807278553444.2200526436255437
202635109328295748925792449787565578242667782585.558203971281815367
0
265934233615625238422216.8699473563744563
1073441672388799877927823.7529855619134
-183779659723811703669794.5823744380866
279625515173165887134613054565487497111809920994.414856517762238912
0.70764151859403825614
863.0502794619196027279504448
0.798233989471274891
-0.311166010528725109
0.1350883039597161820377
0.4390372984879662
0.00000000000000003986
0.97183184557851934081
-0.01866178377948065919
0.23602721847667974364830631174999
0.96
0.00114808880767934081
1.3788356651865415
-0.5099260651865415
0.4102907999084458500742
0.4600419
0.00000003245593959391115
0.7266422522316319523918516
0.6733577477683680476081484
0.01864957656214236667429612
26.274054982817869415807
0.0000000000000000000000170858663702955609617588
1.2166552224002441443
0.5833447775997558557
0.28498970016021972987
2.84
0.000699168383306630188
0.29044022278171969160822
-0.05508506904707408239178
0.02033028954439351175011746049976562261114
0.681151
0.000000127840085450631283
1.14949263726764324406
0.71708247526764324406
0.20178151169913786526109506886
4.31667725823540309887536
0.00000000000000000000000178229584
1.1839780270084687571526652
-0.0899977111467154955367348
0.34842609510680468380374548724103909224152080444
0.858
0.0004545662623025864042126
0.57946135567948424505
-0.39732967032051575495
0.04447614895222400243661246065
0.18645921237094
0.00000000000000305745778
0.6396429388876172989
0.2385748073548485589
0.088056287641096254132599010338281293
2.189697154162228
0.00000000000000000461976801642364
1.648706797806248569
0.039917601193751431
0.6791601725618677038861175155
1.049624402349049625
0.000000000000000000009197563833763375
1.3665980010681218051
0.1463645380331218051
0.46154187963243427173737791223925
1.23989595838
0.00000000000205799085835
1.8327153429465171282512
-0.1533073929961089494172
0.8338355928810766235902879177249651702376614
0.8456136576670713155
0.0000000000000000000175507662531676196099
1.5867374456397344
0.1154625543602656
0.62610102998397794784
1.156955787181
0.0000000000000609911162352736
0.945761029
-0.906758971
0.01806302312154
0.02
0.000975829
0.807904172882429236285954
-0.586465247117570763714046
0.07719191662104219119554431656334
0.15880936758126728
0.0000000000000000062466652
1.6349719867246
-0.2904080132754
0.647199145799905174
0.69833693787678276496
0.0000000000000000000006576
0.70475270733196002136263
-0.00045729266803997863737
0.12416904234378576333257015115
0.9
0.03480320733196002136263
0.906004425115988632028686
0.422507057297988632028686
0.160582951215786800946059125234613574
2.7477119232509675918
0.0000000000000000000002248596538
1.229006525062943465323
0.446342525062943465323
0.327808847241931792171780236
2.1405725191472802258
0.0000000000000000000002344
1.104934
0.424934
0.26007756
2.2498058823529411
0.000000000000000026
1.3243872243839169909208819
0.6437127756160830090791181
0.334908845654993514915693833695
2.89139691310975609
0.000000000000000002573281659294383803304229
1.211596855824
0.390936140176
0.328783968836723380352
1.952735113846
0.000000000000081443168896
0.7114975781643
-0.3855955781643
0.0893862134584508493
0.2970595506133
0.00000000000004959954683481
1.9113450827801934489967
-0.0771496147096974489967
0.9118219906045424457770479806640356816
0.92240400257
0.000000000008299651789138129278481
0.5555352101866636148
-0.4498817425866636148
0.02655644686108186464918534024
0.10508423128
0.000000000000967421994795969056
1.37491416477607385366598
-0.23933775522392614633402
0.4582765998565651941710536268408
0.703469139
0.00000000063032541366598
1.367695352
-0.265444648
0.45003242868264
0.67492725914496
0.0000000000000000128
0.325513084611276417181658
-0.125513084611276417181658
0.0225513084611276417181658
0.4434
0.0000074982833600366216528428
1.43271526208133058
0.46117333791866942
0.459998043648432129146694
1.949
0.00017669490348669958
0.91291676203471
-0.64078736553071
0.10570214164503789384482292
0.17514878906
0.0000000000016964605348474
0.4646372162578011749
-0.1283894097421988251
0.0498509755494621194648914437
0.5670028
0.0000000245495247749
0.57306477
-0.38693523
0.0446710896
0.193884937
0.00000000024
1.41126115732
0.40660715732
0.45658216844408364
1.809
0.00022461432
1.3365682101930266269
-0.1745022101930266269
0.4389908897840848401075877
0.7690349730379
0.00000000000002165872736171714049
0.7600976577401388555428397
0.2889295796139467444571603
0.12356703683153831981689173515471431043916
2.22643953623939373651143
0.000000000000000000000000500648317680481606292229
0.158373388265
-0.158373388265
0
0
0
0.9479209582665749
0.7875791561760891
0.0695683039694952719239910015428
10.82375333079559
0.000000000000000513303558201189
1.029610589761196
-0.886389410238804
0.068602944991225768
0.0747500936964467640918
0.0000000000000000000000556
0.725361943999389639124
0.308638056000610360876
0.107723125047684443427108
2.48125924569754
0.00000000000000139314902704974544504
1.26980672159914549477
0.68639327840085450523
0.285318344396124208434537
3.3530252393157922
0.000000000000000007834465826056493206
0.955902
-0.334098
0.20053179
0.482018604651162790697674
0.00000000000000000000000027
1.379003
0.523003
0.407029284
2.221969626168224299
0.000000000000000000028
1.12448310063315
0.77767605096505
0.164920550841236976223639355
5.48477648
0.000000001240206656856
1.24956
0.65356
0.28356488
3.19315436241
0.00000000000182
0.959694819562066071564
-0.560305180437933928436
0.15176806286717021438864
0.26275634152903430468
0.0000000000000000000072
1.4424655991454947
-0.0290224008545053
0.5199661762417028525568
0.9605536696806154
0.0000000000000000031424
1.48796825268787
0.06420997268787
0.5524816501036039840318
1.09019785674274709
0.0000000000000000003332974
0.79508659
-0.25531395
0.1417443681333064
0.5138731554
0.000000000038168042
0.4700083924620425642023
0.2023651483939885642023
0.0449890589250581042801510077337116621
2.51220068415052473
0.00000000000000000000299803501229
0.8448615242995269703212
-0.4719005111004730296788
0.12277522571620813305866935188524
0.2832410133132
0.00000000000000310547756
1.77080948863050278477
0.15341420863050278477
0.7780575814035248340569269428
1.1897052755471164535239
0.000000000000000000000052386404
1.168841077286945906767368
0.411505302510109102006568
0.2992132124898429625218068797410499628539386272
2.086
0.0002719768062867170214536
1.06811626996032654306
-0.38106355003967345694
0.2489157342462806134064565246
0.4740976312523128331444747
0.000000000000000000000000060129723
0.655954833295185
-0.655954833295185
0
0
0
1.06347753048523689631494
0.84103151048523689631494
0.1059126140544747081712055347694
8
0.06247044048523689631494
0.7877690035858701457236
-0.5593890035858701457236
0.076915986419470511940177884
0.16952725573703644972024
0.000000000000000000000001562960078206747634336
0.41428244449530776508
0.07812619211108576508
0.04138156048080736987745407381628388
1.464820699046755172445
0.000000000000000000000066378996418605
0.274187075608453498130769
-0.054187075608453498130769
0.01806057831692988479438459
0.66
0.00163653009842069123369246
1.05794623331044480048
0.63586623331044480048
0.1787310914778362706932992
4.01301285
0.00000000144644480048
1.879559624628061341268
-0.111559624628061341268
0.880074708171206225680912
0.8879427
0.0000000988967727168688706564
0.59060044251163500372343
0.50936140993362325427657
0.02233995919134262213165471546174033679247
13.5398196844477836
0.000000000000000000393914738999073510252
0.66144808117799649042496
-0.66144808117799649042496
0
0
0
0.60531013962004866
0.60326543068589134
0.0006177963165522084349971226202
591
0.00007629510948194
0.488442
0.028442
0.05944166
1.1236608695
0.000000000015
0.3600213626306553749901405
-0.0475471122301060502018595
0.031838663417252889544067193479412011804943738
0.76
0.0013611047531853208211805
1.67582203
-0.26292817
0.684812063413443
0.7287652942601888577496987
0.00000000000000000000000004771763
0.85841153582055390216
-0.74210727092393377616
0.04653679081790831241317213710518146708
0
0.058152132448310063
1.242374303807125963225756
-0.619806210421911955443656
0.2898335430706673803376511297138577152613077813
0.334322
0.000000089753566796368352420668
0.094087129
-0.094087129
0
0
0
1.1062823605706874189364
0.8568823605706874189364
0.12240332036316472114136908
7.871
0.0000686605706874189364
0.4187
0.2883
0.0230482
5.4
0.00142
1.3248798352025635156742847
-0.3308766308079652094257153
0.411456808227885336882826706197789299870217985
0.60033176665745
0.0000000000000007667684678815415025
1.06838483
0.85161517
0.1040494368
8.85732809656111468735
0.0000000000000000000010670995
0.8445716029602464240482
0.7756923781185664240482
0.027900631763900774853131276794844488
23.52326096588652854
0.0000000000000000002199868492264
0.9280537117570763714021141
-0.7741512169069962615421141
0.065493396316875854792562902433344940877227513
0
0.07695124742504005493
0.7045699972304
-0.4199282027696
0.08001979637898489264
0.253
0.0000718749304
1.2877577096
0.7019577096
0.29139382314184
3.396578045749402526459
0.0000000000000000000001589
1.9001297016861122430762188
0.0508888380254922430762188
0.901975802348542279697871353154918031828
1.055037544351855252942
0.00000000000000000000058380692772798
1.47050136568245975
0.03010136568245975
0.54036704356450751195
1.04179
0.00000420768245975
0.3715877012199
-0.1730373083001
0.027033877408536453899124
0.36456348762755216485
0.000000000000000000002136070314
1.16434309910734
0.09434309910734
0.3366985580224269
1.1763422
0.00000002210734
1.581185619832
0.203021280168
0.6147325810406131204
1.294625647065424880616
0.000000000000000000000127163223488
0.6021057450217441062001594
-0.2171511406118867780601594
0.078844177579786526084674590429418760898152758
0.46988
0.000001089494163424121880701128
1.1502403295948729685
0.0184786755168993667
0.33067783859441578581951798033928523084
1.03265471214776863952
0.000000000000000000002805649631769888432
1.073966887
0.045173113
0.28784106605859
1.087817625
0.000000000076266625
0.73566494392309452
0.22845505607690548
0.1222527992675669443112
1.90083
0.0000001144426642435484
1.15593896467
0.33907896467
0.3053050864401681
1.83020092713561687
0.0000000000000000017859
1.10695207141222247
-0.59815207141222247
0.216889246967269396368
0.29839819587628866
0.0000000000000000017755176141418098
1.0539556
0.9210196
0.0656363257968
14.8565866281518
0.0000000000000061576
0.4657587548638132
0.2657587548638132
0.03657587548638132
3.657
0.0000587548638132
0.93180231937132
-0.10619768062868
0.21424440375371508
0.79538019146689
0.00000000000000409
1.134401464866102082841
0.777401388570992599359
0.1706284411345627038404576518106927348551
5.35
0.00092622262912947278565
1.0589761196307316700498
-0.0981765468833447776498
0.27794794689755602959584630041835879318076
0.830313579660838146391322
0.0000000000000000000000004743829544736958485644
0.125781643396657479
0.003941405355917479
0.00395137178484606325043497694723
1.06469792
0.0000000003691471023696
0.0862699320973525596991
0.0783993286030365453591
0.000324011614668729306292280848532239433647
20.92206
0.0000000110780498970379298
0.09438315030823224
0.05994658969176776
0.0013286463616083007294088
4.4815666
0.000000000061188688172816
0.1483009079118028518379491
-0.0210650797283894118379491
0.005387355425875406790020594115723283487952
0.751247815
0.0000000000167009978667888045437835
0.0640085450522621499961812
0.0200289921416037232013388
0.000923983328374762415998671951367691558483117712
1.910832003
0.0000000000072739757381512133693364
0.0778
0.0082
0.0014964
1.235632183908045
0.000000000000000034
0.0962767090791
-0.0958893090791
0.00001861127885862167
0.00201596517
0.000000000000267740625053
0.07278553444716
0.00388189517044
0.001320666228661107392545568
1.1126760563357224382
0.000000000000000000002423138550648
0.069242389523208972304875
-0.014831769323208972304875
0.0011436317814067292286564361167375
0.647174125160078
0.00000000000000001705653484277200521975
0.0645868619441
-0.0556054016559
0.00026987551061806659238
0
0.0044907301441
0.113630884259561608
-0.081181048295561608
0.001580403813810894936752035056
0.16657006343
0.00000000000068612196970720456
0.1088956328
-0.0902643672
0.000927650714224
0.09354
0.0000009196
0.113292263675898374914168
-0.007092263675898374914168
0.0031962092011902037079423208
0.88217316906
0.00000000000013760585946440994675792
0.1454544289311055161364156
0.0222544289311055161364156
0.00516543282215609979400320096
1.3612731
0.0000000059711055161364156
0.18016758
-0.01088758
0.0080854543712
0.88602684167232122911519
0.0000000000000000000000003580598
0.0825146780476081483176
-0.0530220580476081483176
0.000999333363424124513617308056
0.2175987178803026209
0.00000000000000000000091926254062079440216
0.1512960631723
-0.0337039368277
0.00543863584343775
0.6356331153762
0.0000000000000015
0.130679786732280460822
-0.004835586732280460822
0.0042634559403372243838879662
0.928634123071726156970627
0.000000000000000000000000052125436152921724606
0.10628747997253376
-0.08628747997253376
0.0009628747997253376
0.10385566226110107508289
0.0000000000000000000000000755752846766336
0.11232638284885938811322
0.06892638284885938811322
0.001966592507820248722056874
4
0.00382638284885938811322
0.00174105439841306
-0.00174105439841306
0
0
0
0.1043179064
0.0315179064
0.00247221179296
1.865876549
0.0000000000164
0.1714946211947809255359
0.0021042191195549255359
0.0073514943401595756343876403990818067
1.024844608593
0.000000000000069983079891491
0.07739681086282368200198
0.05276569771717631799802
0.0008015118690388189517049566634942
5.284475
0.0000000034698275730525867395
0.02247959105821261562523
-0.01951934081025461562523
0.00003108183711940031738764298535039017
0.07048394128757721624
0.0000000000000000000001609964692361894902648
0.086543068125658045319295
-0.030426490125658045319295
0.001640982834808880750743876386255
0.47975369693566061
0.00000000000000000021350425030082079553005
0.0125833524071
0.0074166475929
0.000025833524071
3.870939161268254363
0.0000000000000000000025288728227
0.019789425497818
-0.000090028229198
0.00009790331411290916737575948
0.990942
0.000000005816731655464
0.10701915007238
-0.05127183947518
0.002206074239761491505350708
0.3521824631745712
0.000000000000000007782607496864
0.095381094071869993133438
0.089341573205157549401082
0.00027890910089359693802988427877875599319273228
30
0.00176852063782711528192
0.0556969558251316090637
0.0486411841000991836423
0.0001840465243817300623573747026989370240771
14.7876297577854671
0.00000000000000000009974943939924333203
0.026889448385657434
-0.015503166246342566
0.000120673567705799933907987144
0.26
0.000182101167497434
0.038339817911
-0.018261997911
0.00028411026743681701
0.3547204220998887232
0.0000000000000000000013694307648
0.11773403524828278019378
0.01300221255811721980622
0.003423061381109357747767741945962096
1.2482953552
0.000000000000318181124601870069344
0.0450568398563508
0.0110688944836492
0.000476899598187670572423236
1.651342372259989702552073
0.0000000000000000000000000025576666547916
0.055027084763866635833524
0.013238727397573815833524
0.00071317903862562301867704131583317824884
1.6336084130577
0.000000000000001395036759122143
0.083509575
-0.083509575
0
0
0
0.09755397878995880064087
0.00442511635004119935913
0.0023742992807600823987177873511859
1.095032114
0.00000000001400091554132356910082
0.1644388493736324101625
-0.0019668878263675898375
0.0067590666339006637674517921475
0.976360336374657281497
0.0000000000000000000000718977058
0.01583746089875638971541
-0.00176253910124361028459
0.000061929655909056229495608
0.799
0.00000626089875638971541
0.02500343327992612870984
0.00162355992980787129016
0.00015563393223450993667493000597479128
1.138
0.00001034866864971152820208
0.09518798367284
0.09118401632716
0.00018655685053726824
46
0.00109475104936
0.1534
-0.0334
0.005604
0.6423982869379
0.00000000000000014
0.117082475012975967
-0.030576028076975967
0.003193353115550029753340393556
0.5858548280372395836548124
0.0000000000000000000000000038495288181064092
0.089835431
-0.028164569
0.001819290429
0.5226344237288135593
0.0000000000000000000013
0.0831265735865686655985351
-0.0149919890135686655985351
0.00167131687541506294346532271792950615
0.69441074927553
0.000000000000000320393682788473845723897
0.18616922255283429
-0.00661326009002829
0.00865381105422709566192865479987
0.931391483299
0.00000000000000324996918897429
0.0955638010986
0.0785621989014
0.0007401052460474118
10.241740630108194
0.0000000000000000082079380716
0.08788128
0.07036088
0.000693116485016
9.031880550672359078
0.0000000000000000000049044
0.09828335993
-0.00624399167
0.002405157851788725054
0.8805290371482060969
0.00000000000000000000003501498
0.167286087968261234454
-0.017643912031738765546
0.00691833189898527504378911
0.80918280396
0.000000000000099834454
0.0916472114137483787286439
-0.0804715037766079194326439
0.0004808871099619171159190537689609572947103472
0.064930229259384031628518
0.0000000000000000000000000223168843612385709572598
0.137997375448
-0.060397375448
0.0038488581673824
0.391
0.000013826199832
0.112838941023838
-0.048656443122038
0.0025912942885232678387807442
0.3
0.0078669413290186
0.07297141603723201342793
0.06687141603723201342793
0.0002132603189135576409551865
22.9250544384367257
0.00000000000000000004293
0.09074683777370870527
0.01036536222629129473
0.002031886957961394674500647
1.25790425357834390074194
0.0000000000000000000000003606363722102119762
0.0056961928740367742427
-0.0056961928740367742427
0
0
0
0.0857887392233157854
-0.0846412607766842146
0.000048891187914854652861
0
0.0005737392233157854
0.17262684061925764
-0.00171358815925764
0.0074492724294517578686518972
0.980342044
0.00000000007971695355978384
0.0438307774471656366826
-0.0161692225528343633174
0.000414923323414969100478
0.461
0.0000007774471656366826
0.00492
-0.00492
0
0
0
0.09605
-0.03615
0.001979695
0.453101361573
0.0000000000000247
0.092573433964476
-0.080756847564476
0.0005120430618557963523632
0.0681738141527580207192
0.0000000000000000000000037906646688608
0.117711146715495027
0.037872892347601027
0.003105389521575954813182093922569
1.94874049157144
0.00000000000000031686402832632
0.08482948043026
-0.05105210955974
0.0011474307148920420045237
0.248579449747429320612706
0.00000000000000000000000001386179353
0.044227006179
0.013592993821
0.00044281464863489
1.8874
0.0000006825377554
0.0755868476
-0.0249548476
0.0012726567778416
0.50359206595
0.00000000000005840078
0.14762295719844
-0.01502295719844
0.005391712062256572
0.815267942583
0.00000000000006245154282948
0.0606500343327952346
0.0316914625772447654
0.000668519466071083817462768047692
3.188744862
0.0000000000068350606784053748
0.1421896696420466926070038
-0.0050690470739533073929962
0.0050480517286691050583657520508677604
0.9311545396157517416431
0.0000000000000000000000013583619702
0.13349041000228
-0.04379501000228
0.003975421665369252756
0.50593782612068676325
0.00000000000000000000083642667979
0.1404516670481400236514839
0.0335896849012000236514839
0.004649600961209919325551230035219422133
1.6286554717
0.0000000000045092514456849
0.152058343
-0.021001657
0.00567016751979
0.7572904541777418236449786
0.000000000000000000000000001742
0.073873502703072404
-0.044057373916927596
0.00087906055129121842942539724
0.2528271614754389502
0.000000000000000000001810737838
0.1061264972908876173
-0.0483527885868876173
0.0022312103157761318378414154896
0.3739900037
0.00000000000349874113208881599
0.0074525062943465322
0.0064393072404058898
0.0000035187930827327413458845919089732
13.7108433734939756
0.00000000000000000000200371180303728
0.061812771768
-0.049642175968
0.0003391182797012452772
0.109197447463957
0.000000000000000033410624324
0.080912489509348599984
0.031155870908748599984
0.0013940356666294599831966416311952
2.2523307163953018
0.00000000000000000152183466946
0.03112687
-0.03112687
0
0
0
0.0833298
0.0593298
0.0008559576
5.94415
0
0.13238269626916914
0.02761730373083086
0.0041906157015335312
1.52722188237350363433647
0.0000000000000000000000003982356578994642
0.1600160982681
-0.0259839017319
0.0062324971389333
0.72060320718387096774
0.00000000000000000000018
0.15699397268635080488
-0.02986800946059357592
0.005938752367676138801026466335162756992
0.68032
0.000000009765774013907072
0.137665026
-0.044665026
0.004239173709
0.51006402
0.00000000035503548
0.1133562218661783779659723
0.0478278782330052643625543
0.0026405317748757695644145281537261877779751659797
2.45976154
0.00000000032520027466239409552814
0.16422056
0.00797124
0.006726212914894
1.10203231604463942627078
0.0000000000000000000000002445652
0.167228274967
0.001228274967
0.006990946822261
1.01479849357
0.00000000000069
0.066355382619973999961852
0.053815518425268999961852
0.00037673169481567008850232420910019683
9.583110245801989520367
0.0000000000000000000000001101744716325
0.036588082
0.03367361
0.000051193933501656
24
0.000157182
241611352712291142137787.75
-87708857862211032272830.25
12670800502992404559035209340750531180033529683.75
0.46733388935
368505378805.67306144085
1125001907377737087052718.79565117875852
-426993209735255970092316.65548180361548
270826522610882560486924661181668224987204436649.07458853335004491451219424
0.449749287189066955068331
0.411917296101724695483533890505701103
512535286488136110475317.93888761730373083
178271152819104295414663.66111238269626917
57727953992005830210673387490631496664345736144.131044174100026364
2.066
108369573510337987334.93105818265049210522
1073228046082246128023192.640054932478828106727
350621805142290379186693.782284275577935454727
257220697164069393589041405311901968974381276842.935828308098057918656782846309814759002
1.970436692288200016893
115.144579232471198596938427923333410214882
737682154573891813534751.6846875715260704
327153429465171282520790.0901808194100704
109286398691489103289380740301833511390803622116.8059480973576262099428184832
2.5938150460898007
15008773.9375906004440539200846283594
918013275349050125886929.729731404211490043488212
-122072175173571374074921.675441404211490043488212
206961689441370957049706411625763751579374834019.47314891330842889125533551474
0.7652
33856717784390020599.6795258834973678187228201776
1348775463492790112153809.59194323643854428931
20874341954680704966811.60650034332799267567
454689878192037462383096131765275869163090147150.5865438582585299862052549007733117925818
1.031439602
576424811169604.02838178015143053330335031436
1247699702449073014419774.35479514763103685053
-642252231631952391851681.75479514763103685053
286066654613820577058208355311235063451109824276.417397547097386699539
0.320350724
204531929503318.74737926278471046006203471628
580529488059815365835049.392767223620965822
20553902494850080109864.937102311741817422
84148005899805876765417120695025338247887308379.0503331483844881874531213981273524
1.0734
2798504615854123750.66757940947585267572
889097428854810406652932.657845685511
507072556649118791485465.274554314489
133342915072390216695631707030802787904886958757.2161030515187282
3.6546572934
18597695887693.5988237887985811440726
1067261768520637827115280.843158876173037
353414206149385824368657.615618876173037
253536520359399734736101100613491695227453611422.88701008014423191949
1.99
59662775616083009079.117986576173037
204058899824521248187990.633417257
134508278019378957808804.633417257
5886889435463863351390010775962442561149115761.743006401
4.867924528
10498207064928.658380153
375814450293736171511405.7429534447241931792172121
10269321736476691844052.7858465552758068207827879
35282760520163955728020734214198356772032675122.57420754955283539362435177924
1.0561863416
4809643701838.71203866635667658503089960034974664
1426459143968871595330737.8731512451361867704280155
442282749675745784695200.5953312451361867704280155
459792914687916883256705801518063262796476016964.264813061272691486623567383105
1.898787559
149675745784695.2010385738154967704280155
1110337987335011825741968.8293888761730373082743
-119569695582513160906385.7810940718699931334743
304638383504367503559462825210772734413173091273.69690434819781748490081337234634598901382
0.805563137391
81010147249.5613031204698968642368385579590487
1408712901503013656824596.134584573128862433
-324559395742732890821698.004577706569008933
469783309374037888953494603793710434208693152835.73883946529299846013040779570122025
0.62549
4508278019378957808.80445112611581596964033
816357671473258564126038.70450904097047
-115602349889372091248950.82664225223163
163268986118323988011905761918287815501937087740.918738654813317395831059891
0.75191
2630960555428397039.7497494099336244945
1106279087510490577553977.683663012130922
164003967345693141069657.270936987869078
299239029539479121814475575165712964526112375910.5122146913953630706
1.348102085762
190554665445.944897467002175143583867436
968734264133669031815059.6634241245
-328526741435873960479132.9365758755
207629063667031913422961357662765117908916305650.49604468935
0.4935071045450268
11987487.61312574507431916
1184039063096055542839702.69320210574
-607980468451972228580147.30679789426
258077063229576350143595443456468466542108482844.7048174695
0.321457765667
515144579232.502615960765
1004196231021591515983824.432593270770465781643
507515068284122987716486.865644312200465781643
187709631465632895000553458272032246619718106847.656934141884036451442434936765255
3.043625192012288
195315480.27771419852254629952154592
677241168841077286945906.090134996589608606088
379629205767910276951247.045410803410391393912
78634316725313547899023629138954363417664430081.1715356017426187188315414152
3.55116899097621
1220721.75173566798657205951142737153083352
293156328679331654840924.403570611122838
27924010070954451819638.333257038224838
21290220676575391416700602390019656527919228405.523527968985751449643221262
1.210562651018294787
94346.532387273976934456781311058637
1112199588006408789196611.384939345387960631638223
-78431372549019607843137.176470588235294117561777
307709110840425585727660047591111113905164057955.9847303620989645536924574950200179053393358
0.86825242220741
1621423666.742961776150147154113872085034214
455649652857251850156404.5180173952
59616998550392919813839.8740173952
51015604908194141908170098135962939481834141417.1666022476544
1.3010711
5116350041962310.216922301
470298313878080415045394.2
-5111772335393301289388.2
55288593455039138308469163275171453132651175773.6
0.9784953139042239055
1845.4861096363563896684
1583276112001220721751734.1293957427328908216
5706874189364461738002.5893957427328908216
626682669605172197223887067627088539330740060266.908814834807816216632
1.00723502215
762951094.8358977159273908216
638910505836575875486380.6840466872
46829938200961318379491.8277409072
101503397839110849913723806341195708650986336504.702444265604253908
1.15818
2286106660563057907.9880956830598
1212863355458915083543143.57555504692149233
385824368657969024185549.22444495307850767
330544268891184552677558034298944658826889717202.974397376468063112
1.9
13656824597543297474631.766445410849164573
1162493324177920195315479.115220791737239642938887
-304875257495994506752116.884412991737239642938887
314610451531245524967601598731279143966193961214.4848047644219325266588020214593
0.58445988103656253899588
1.49294261976806286717021325710421129677481521444
942656595712214847028304.54296177615
-744747081712062256809337.776653696498
83488310430277233679614705881540337381772367816.041359905405988802839624
0.11728
5405355916685740444.03753178850992128
653131914244296940566109.059235522924650949874
-436453803311207751583123.085328450524650949874
59022343744900307578084538722404907706696312953.7360860134272671826968332444388
0.19886284
358281834134431.98290989503909361409935871784
964995803768978408484014.258
-356801709010452429999235.742
200977360434739278096686219916767690018261406464.25
0.460126523
546639200427253.049880125
493095292591744869153886.742315861753261615930418
315693904020752269779506.818315861753261615930418
35870081635068634078124758101445030072130398872.154223206883750264540064116
4.55909169103733012214
2.748525215166186773971738
549813076981765468833447.22618448157473
406134126802471961547264.414190890363928
34337372666637596873673501962980206538251160662.161797192161850487574072745929
6.653355989804587935
30823.224231326771958167510644334563065
602548256656748302433813.389892172121766994735
-7751583123521782253757.526307827878233005265
90751078639791439311518618005600997043839546911.9368845287191364322631035
0.974597459745974597459
227.6341692058768705893240321
925139238574807354848553.282536049438544975967
-601831082627603570611123.225131609064544975967
123420489683515231130844562031796683411525564044.622679597055473127715138457245829
0.2117317877485759968
1709.0104524299985510795740987586464709310944
1892164492256046387426564.0649576562142362778667
92881666285191119249256.0298008697642477221333
892914865455667055150628550487691762914311081067.0238597072464623503072269698008100414
1.103242986532786051087
193.0876630807965205534446290060210297004238971
1346974898908979934386204.45307850766765
200442511635004196231021.34692149233235
443541044455076980263664438431947076159288155103.519376235702685
1
200442511635004196231021.34692149233235
1281696803234912642099639.593041886015
55024032959487296864270.406958113985
409929762804866907352211098806027230920659384399.035709359325
1.08971265
507362478065155.48525215482959641025
1076035706111238269626915.8385870954451819638
213229571984435797665369.4365729045548180362
278096497614411362100308635455982129237070011908.291656550083792776079604
1.494
116456855115587090867.4752753994048981460828
587151903562981612878613.8936597230487525749
-476829175249866483558403.4294802769512474251
29345323872041244133820201242538338991028665601.073538816100199490176593
0.1036
47144274052033264667.7347510710487525749
1315175097276264591439687.1549553673
-590829327840085450522621.1549553673
345151560464916214587436574280803898451457831783.2104341709
0.3800336242094307901689213
0.06253910126677415597626537091370651
1070893415732051575494009.7630121270679789
649134050507362478065155.3743648470679789
181359423082541407035840683816050695439815394341.556972648994732887291196
4.078219971
11902037079423.20897232058256446
525398641947051194018462.891096360723194392
256565194171053635461966.631357289997794392
52554508524943812030923146219384884661163894521.6603021939445757996173990359784
2.908
98084992751964599069.199566216525762792
1045593957427328908216982.24577706569008904921
489707789730678263523307.66623941405355895079
213363251121409175503542784633088075436390377018.72791673680176250677068354945245904
2.76189953335163326928
988.7846189059281297907987755706787276187312
912413214312962539101242.697871365971847104600595
-707576104371709773403524.126482032028152895399405
82958482543766846429632898845591671354844269993.089658284049773497474865960535905
0.1264434941506
56461432822.156099794063026987731195
364888990615701533531700.25308775463
-146074616617074845502403.14988775463
27951545463180030805481938927813657361160145285.893890465693908
0.4
7214465552758068207827.871004898148
879209582665751125352863.919249
169665064469367513542381.680751
186055814037472406762145691719286249695120795904.3712772
1.478236559139784946236558
0.321462192907616466945758695058
1523476005188067444876781.87377454795147631036
-405111772335393301289386.94422545204852368964
539215897574767242725302142590984244108167352709.10710597713420376117724
0.5798876493393
44808117799.64958389297050261036
733058670939192797741663.041977569237811856260013
-539360646982528419928283.041977569237811856260013
61616276881431025929282502814943077369614949637.02581657464715083518697
0.15222813834124
5179522391.63038071259631739620050365932403916388
1238117036697947661554893.092305
129213397421225299458304.594305
379059423622142890908487841466893855027033073886.683652945
1.233047115808014
50293736.172560901935688514
1041168841077286945906766.33504230748455024032
622461280231937132829784.98828110748455024032
174143627560559657894754416197360427538305023813.477758046451800848356825792
3.97325072886297376
195315.480277858432341252026944
468772411688410772869458.5945845731
51346608682383459220263.9254154269
54277774934246765137126859802945284080806946253.285125828106
1.2460154
20733958953231097.88230866931497426
374105439841306172274356.8349
60135805294880598153658.2949
34084641260098340536838445536955682634906526616.192623
1.38306765163297045101088
1.0219450464332273626299424
375341420614938582436865.42156099793
172457465476462958724345.59697871367
27784901157668707146103053402647499058049995841.254536219250162404854
2.70006016847172081829121
0.5481040665481230748912238341603227
1238879987792782482642861.353627832455939574273176
-149294270237277790493629.209063859006637674525176
378133711256940886028779072234652672931666911155.508697387174524914509478667876449700942903824
0.7849
3871213855191882200.3509536324101625085830867576
663385976958876935988402.02993820096131837
88517586022735942626078.02993820096131837
108061397847597785873662352547437126080398626246.88110302506354594
1.3079577427403514
10348669.23896540332099157
1321477073319600213626305.23227283045662623025864
-624322880903334096284427.54383153954337376974136
339130648922474337190819677176120195401606961159.4320484705513619672424183671284
0.358286673253
945647364003.96734569344641852245364
968780041199359121080337.7815060654612039368269331
-65445944914930952925917.3832455939574273289089331
233562899130105944843100040158388111760885596612.0793979751812305718366689773469534335968771429
0.87343
5046616311894407568.474855714808880750743161192467
1274296177615014877546348.00471503770670634
632898451209277485313190.79153124290670634
305817574685283837569381908882265646074978290880.838753379529195936725209516
2.97349764476376266831612
1.616845960350497891625477906193912
934248874647135118638894.3125655429159990844586
-662363622491798275730525.0109404570840009155414
108523847844745232398238670396690447770217361362.8136330869624266056851319258
0.17028881625475466
6908979.93438625039447248393962
1308537422751201647974363.5346761272602426184021744
-242145418478675516899366.5084458686198214693978256
413408945762536032442074423676671861917156083105.59261396841738709142635602265954902622625616
0.687691883806974730378
504.5242999923704890516829067642611172404058
928892957961394674601357.123999496452277409
423208972304875257495994.083599496452277409
170934073277730165368528931872991649408005070173.6093085757571582371618
2.6738
2044708934157320515.755088736452277409
1208590829327840085450521.41289957885099565
-283802548256656748302433.53018042114900435
345036976584596075022627210011114053993990474531.303436670325723538801
0.619667
676981765468833447.77600280167099565
1223529411764705882352939.948294804
91340505073624780651560.148294804
372170283396545580733988707580994374986641079661.1019852796
1
91340505073624780651560.148294804
114473182269016556038757.792332341496910048
101747158007171740291447.207667658503089952
687906324064778512014155755215671815285568751.29812319269519992
16.99040767386091127
6256.19016556038757915728982316550055904
1240100709544518196383610.57038223849851224536421
287113756008239871824215.78063630121309224078821
363853865230914596749261812565269121525117060123.78152003013805258662751836196886646125836848
1.6025554808338937
21821927.2144655527580681860073096399250512144
1472495613031204699778742.71000228845433737697
-4455634393835355153734.64115358245433737697
542055869429572951876644689499802925473969612651.23417859438058395812590935041
0.993966443507727911397636
0.12426947392774853132325332204948149310115708
1107225146868085755703058.32666514076447
-373754482337682154573891.43978027008469
271563778197386327577601091728729656037446279433.1968553590189620293990604962
0.49526046818331684800527
3.9282825970855232362934589090185724634
606988632028686961165788.6659178530556191348134584
97276264591439688715953.2101178530556191348134584
89743131939798239920079660111881411845919689289.27498301478527274925366916936
1.3
20819409475852597848477.8917478530556191348134584
1307438773174639505607689.2395971618218
-548088807507438773174638.9575188830396
352248701171370044500357397050462849637413111719.18152722622161465773994677
0.40923669018601667
6825818.265049210345577262482655880231
1622003509575036240177003.03199816891737239642938
-242008087281605249103532.22156099794003204394598
643081867691008403935121990859476370370793358941.978447385615967230508313346738221665251042256
0.7403362857938080191227
70.293736171511406118867711793996414168577051664
718196383611810482948042.164476
448691538872358281834133.835524
78620487094359459539111817739654475360116904108.589888
4.329
100724803540093080033.421983396
125123979552910658426794.1885099565
114412146181429770351719.8114900435
641467766329087438019823986593573527159932623.5111373205
22.361823
1937895780880445.0346227190093005
1701762417029068436713204.9816891607690547035934
-113572899977111467154955.2537880392309452964066
720774130100851517335796386225709413911586349166.22591421124161934719650188524
0.874
793224994277866788738.8410470243690547035934
1564385442893110551613640.0011109636072327763
275455863279163805600060.7607109636072327763
592856470330251067955448035098018111039845246077.19215987459242406856126
1.427418018231
209277485313.1915375384413665763
1193286030365453574425878.0143968871595
268192568856336308842603.0143968871595
338001074068895374467974457718770289065980990346.55156272868125
1.5798172401
12950331883726.4007872234095
564736400396734569314106.4009186541542687
370275425345235370412756.1721186541542687
45455827829616483222244314885778945389237804911.68680196038162083928
4.8082234777
1458762493324.1783454408053887
1262073701075761043717096.4719
547798886091401541161211.0185
323186601836022280453778472964439868134901930981.40503684
2.5338602862636188848536
22.76643770469268057708568888
1116166933699549858854046.3384
-808422980086976424811168.7964
148070227287886862321507666888999241408792019770.3556654
0.15990105289864264
8408331.425078430192747686064
472755016403448538948652.918562594
131441214618142977035171.914030666
51555128158583043524552454187780135285070154217.63176099617690132
1.7702
1269550621805142290.3791854205272
332005798428320744640267.912611581597619592584
-302983138780804150453955.912611581597619592584
4607266951139679371592226902613265538431561495.283472137520214755104
0.0457057720959292
17328144.9517204547188525042252284357310909472
913496604867627985046157.627740901808194094072
-45410849164568551155870.863263904783703363928
208103475470709014055593752578844842913654692432.180156146699167789868355674745199393488
0.905286273511
165850308995.193408102540461296112273182481
807919432364385442893109.743694209201190033417
-600976577401388570992598.773403524834057966583
72890240651725899047524070349552851692249178432.846254025902931857588292656311941208
0.14688298747996360958
1979.40032043945983064986751377548476208
1423285267414358739604789.8
490409704737926298924238.4
446309818484405653908257212011932888081198020537.37
2.05139
1685816739147020675.931777
996200503547722590981916.9940260929274433
756633859769588769359883.2059739070725567
104980161379727582045343082400627511704432566496.40610685335271433
7.3166878980891719745222924
0.00228122377355648733494760842822841297908
1774853131914244296940564.334859235443213550011
-41245136186770428015564.161089494243213550011
787100619651684157060026948772299621000667842310.9076244820746738860808723635766
0.954578
271580071717402914.473181997356694895857599642
1408270389868009460593574.543511100937669718471
41000991836423285267414.317738612955669718471
495386102411856228580635981013605238843382314273.706577059990771979794208585457761
1.0599750011
10952925917448.6915388723481346250809
419073777370870527199206.11178758
9124895094224460212100.39523918
43884891792352338184909396176833524926995324484.157362353408796
1.0445172336782550435494677
0.00588845158752913411934504935666
229098954757000076295109.252490272373540856031128
78644998855573357747768.287509727626459143968872
11575323806439208284362438048541303807224919269.13532028954142483046603256
2.0454361
411993591210803.3856099789883268482490280650792
823529411764705882352940.35294117647058823122224
-362432288090333409628442.45438315403982605122224
136710882147782014668091057581200782574657926551.1244206870775380987595319606568699834416
0.38
5215838864728770885786.2158873884184023763355488
1140779736018921187151902.3222
307270923933775844968337.3222
301740746354070812094819074793906518286387043781.0715
1.737294961921
208255130846.2863664858175
1839993896391241321431294.41391622792618448
158205539024948500801098.49137102307381552
840137136544711899928149829158429397975212254544.21332478356784631915903224
1.1881396530449299557233
5.853360799529144733693684727157042365616
1142549782558937972075988.76129549
-10849164568551155870908.63870451
326325575313410233704545307947713215687776313286.885056363
0.98118749
44861524376287.504698727
219592584115358205539024.72861
-138384069581139848935683.08461
7267688071155728411972202117331604967078808691.94993342
0.2
4806591897459372854200.040678
332982375829709315632867.599872053
-108674753948271915770199.021872053
24766765116870085075246329553948993982710015909.886450725317
0.50787728
58594644083314.25924490729434416
693507286182955672541389.403387502860248
641077286945906767376210.543785763331752
17493067037730874126637937105572401636229183356.130216550457658597594351808
25.4545983701
2566567483024.3381399252274104879478152
530174715800717174029144.2016479743648432135
346150911726558327611199.7759212634470130465
40316193896310912297942083623246891096528346920.844612986377612105589405836423948855
4.762
2136263065537499046.311129320210574502373
1329289692530708781567100.2195010299839688006408789
105546654459449149309529.1536278324559488006408789
438967747600200983216768930324189952079388493004.022202737777277741999207443973620088389
1.172498067283
289662012664.98817425802978142902199407
0.62481966887922
0.08441966887922
0.095818234531165244
1.312434007695114729829755
0.000000000000000000000000199
1.29182879377431906
-0.30817120622568094
0.393463035019455248
0.6147859922178988
0.00000000000000002
1.398107881284809643616395
-0.390554665445944915016395
0.4505431752522763541866632022551395426026985
0.563299778194
0.00000000000075776294194751255230937
1.0150402
0.8630402
0.0713670552
12.3
0.0042402
1.11699092082484168764782
-0.27765316237515831235218
0.292644359657050431067367344189312
0.601829
0.00000025225075528764782
0.680628616044861524376287
-0.090165616044861524376287
0.1137813686655985351338977754405
0.76604491240052262739
0.00000000000000000000016470734634499974729907
1.37003102838178
-0.56917702838178
0.38825563227283102006
0.41297
0.0000096243991763134
0.711604480220492866407
-0.046890980220492866407
0.12604554306095979247721469725
0.876357914671682626539
0.000000000000000000000226070890633400224627
0.8460822461280231937068
0.1222858014801251239732
0.175225337492351061649595123333952041442512
1.33790108361091200403
0.000000000000000000000085330501538867886796
0.37688258182650492103
0.02311741817349507897
0.035376516365300984206
1.13069358178
0.0000000000000952163017932531666
0.855863279163804702
-0.483176928358891298
0.124760502130671881482389911154296
0.278323
0.000000331563287042596
0.565
0.165
0.073
1.825
0
1.646800946059357595178149
0.073199053940642404821851
0.67664881361104753185320814
1.09303376452
0.00000000000084290836957359848452652
1.2783016708628976882
0.1216983291371023118
0.40481116960402838174
1.2104409087311
0.00000000000000062721622661455698
1.15550464
-0.11313044
0.330598119151734
0.821650147022577997764337
0.00000000000000000000000025442902
1.128076600289
-0.671923399711
0.2052689402601
0.25
0.003076600289
0.4662088889181
-0.3768825889181
0.018827560569159938015
0.1
0.00250857610819
0.9484092469672692
-0.8716258487830932
0.0349371198665437421495884863456
0.04218786679633768876
0.000000000000000000002716354225796688
1.72373540802166781
-0.08256656802166781
0.7411116296781872273015202
0.9085
0.000071747382314794615
1.6024414435034707162
-0.3087205310139627162
0.6181275533969859539714745383568148
0.676928972917730477
0.0000000000000000000144452392339003726
1.071320668345158072785534
-0.362600137331198072785534
0.25406227870772811902037063574732002732
0.494253607457
0.000000000000386546120393903815872962
0.8982141603723201342793926
0.5002141603723201342793926
0.1391436179140917067215991274
3.51363
0.0000017903723201342793926
0.210161
-0.185839
0.002407878
0.061419191919191
0.000000000000000182
1.8810295262073
-0.0370295262073
0.8842252231631306
0.961388544152814910098108
0.0000000000000000000000003403998542116
0.7967650873579003585034
-0.2052033264667734799034
0.14818154980985334308531422231263312025362
0.59039961013645224
0.000000000000000000775899273065997054384
1.1187457084000915538
-0.6389105058365758758
0.2108463313988183562863564195628903172
0.2729971872070007288784228
0.00000000000000000000000002471586899251098256
0.648950942244602120983
-0.208300907911802853417
0.0944370143008188862846947719059997450776
0.5140263438946244
0.00000000000000000922654783721019232
1.49240863660639067063401
0.30315098802167067063401
0.5338457542697076823071627075707991636
1.50981549436732487206
0.0000000000000000000017906429645384
1.654502616922255283436
-0.124297383077744716564
0.6804822674906538490879784
0.8602458
0.000000002402255283436
0.429282054120698
-0.136430905879302
0.04141742247775973142304
0.5176673842533075431045
0.00000000000000000000001285784
0.962951092870984969863431
0.427939267129015030136569
0.18603569772762645914396834721258
2.59973
0.00000203313191424429694252637
1.092408636606393455
0.497734035248340655
0.236404364871910743220602212835252
2.67397105614287247
0.000000000000000000568976421036792
1.1071335927362001983672
0.4041809720002001983672
0.2655956335094849469748691540311296
2.1499522445112097950131
0.0000000000000000000000140057741792
1.070490577553978789
0.049509422446021211
0.28587472343022812184
1.0969
0.0000428854810406663459
0.500312809948818173495078
-0.317570763713981826504922
0.0373654294582501441977565289731158492
0.22343283582093054
0.000000000000000002584011909044
0.91157340566109712367
0.02563459433890287633
0.20757723537041275654025668
1.057869898036513951095
0.00000000000000000000023319782226845308135
1.789773067826352330815594
-0.168173067826352330815594
0.7937513633936064698252836152
0.82821481677759246
0.00000000000000000829755152361366445517876
0.399161898222
-0.090838101778
0.03776966506439
0
0.154161898222
0.8159151598382533910124
-0.6323491264209973910124
0.0664630325921210096589575469807349872
0.126
0.0005423666742952007324376
0.35381077645532921339742
0.02983122354467078660258
0.03107304090943770504310650182
1.18415497692162
0.0000000000000012524605187317867497796
1.1905088883749317158
0.0776379034050682842
0.352820942313645227692070368062
1.13952723083
0.000000000003118486392785441886
0.7483634699015793087663078
0.2276035706111238269626918
0.1270611244320497925389458820485179268972008356384
1.874120956399437412095641
0.000000000000000000000000003171108039991514181072
0.5812924391546
0.3442282749676
0.05485194863278367759541285
3.90409371
0.000000000926663018115
1.20665293353944151979858
-0.38464942397944151979858
0.3270140306629059281300064921522124
0.51656
0.0000001818800228885328455152
1.33647669184
-0.53647669184
0.374590676736
0.42713289
0.0000000041967413824
0.47064814221408407721
0.46344814221408407721
0.001681373311970702677956
129.735
0.00000214221408407721
1.01718043793
0.80681956207
0.09592455939216
8.6708138694664588757
0.000000000000000000007538564699
0.9164096971084
0.0869903028916
0.20805985503928428
1.20976192140706516375
0.0000000000000000000014562524995
1.1905699244678415771725
0.5763027389944304228275
0.27133297451871985058365472296909296
2.876391
0.0000000297856107081712155525
1.16829175249866483554
-0.52686350804913405054
0.2718301157106403981335955017004169932
0.378389082922262629
0.00000000000000000010978662030029384784
1.439989513237201495384145
-0.260689513237201495384145
0.50140269398031586175326109925
0.6934289078902506863818
0.000000000000000000000022449380560549288863439
0.4829175249866483552
-0.3297169451438162808
0.0311240180060649459908071479489302296
0.188523358870362
0.000000000000000010214670425240884
1.324940186160067139696345
-0.289220186160067139696345
0.4179545452048523689631492217
0.641646281
0.000000000081605249103532761457055
1.488014038300048
0.376668955520048
0.51807656903136320438688672
1.677861379
0.00000000034098802319
1.0339947356374456
0.0999947356374456
0.2647865415426870952
1.21412148
0.0000000044774456
0.88317335011825741969939
-0.52342664988174258030061
0.126504927138170443274580987
0.2557562
0.00000001465825741969939
1.597125154497596704
0.368725154497596704
0.6037126298924238955968
1.6003340190452567
0.00000000000000003886
0.964446478980697337296
-0.699671931029221026936
0.11015404993702641128872390477706748876088
0.15910799757926
0.00000000000000810955559236251548584
0.746517127370717
0.495811399370717
0.077864719427969669683488
4.9553
0.000003216391517
1.33604863950560769
0.21030063950560769
0.43519990203707942290106
1.3736193881856466811400064
0.0000000000000000000000000376064
0.4705755703
-0.0534244297
0.0546467994186
0.79608996
0.00000000078
0.4726710917830167
0.1273289082169833
0.05180132753490501
1.737407211028
0.0000000000001091475166518324
1.70101472495613030252536
-0.27167162584878310252536
0.704911405556564606759740894313985162496
0.724566831683168307
0.00000000000000000017578981856078718423448
1.648371099398
0.279850461598
0.6597027501184893808122
1.40898244990719423
0.000000000000000000775960053
0.946746013361333
0.752712291361333
0.082438055062287265435713
8.7585718977377860122685272
0.0000000000000000000000000019628808
0.90298313878053009842069
-0.25609216449253009842069
0.18744883805186724650949834209860936
0.558109531331807266
0.00000000000000000056946738571992993326646
0.70521858548867017
-0.50521858548867017
0.060521858548867017
0.1652295590348687710860789
0.000000000000000000000000056649318239303587
1.5942720302128633
-0.2267279697871367
0.62257443350881203465
0.75098520616459
0.000000000000004105
1.11491569383173113603418
0.60434882116826886396582
0.21944987667620355535210175056135
3.3
0.017196917605287251087206
1.640711070420356115053
0.236148622873243884947
0.6590416611287452994582811670542804
1.3
0.0254642557411770504311
1.2521858543052567330434
0.1837796603052567330434
0.3835486125450675211718865154098
1.34402582339438
0.00000000000000388464854
1.4259555962462798
-0.2661478599221798
0.49062866978123177335691583909
0
0.57990386816205
1.00863659947
0.10066376053
0.2518036492765910046
1.2217329774
0.000000000041751570022
0.9481324910353246356908
-0.2839724910353246356908
0.204578711223010605020200864
0.539
0.0000277073319600213626588
0.478731958
0.454348042
0.00568803608532
38.266207938
0.000000000000637396
1.5756151740291
-0.0258191740291
0.6204741367208015318
0.9
0.05425254337381
0.81
-0.81
0
0
0
1.0779583428699307240405889
0.3216601815820692759594111
0.2646322291368693369954985197875648914
1
0.3216601815820692759594111
1.1359884031433584
0.1930418860151064
0.3133011205799820092180632568824
1.40944397695643727699074
0.00000000000000000000000024104940180676
0.45163653009842069123
-0.45163653009842069123
0
0
0
1.2363622491792317845
-0.0311131456467682155
0.3819058958408729533566840234985
0.95090532601457
0.00000000000000010461069259
0.49549637598229953459983
0.01050362401770046540017
0.06135158312352178225375699
1.04331456078
0.0000000000012854200045799504873326
1.1446707199
-0.1389487199
0.3227410775586339
0.7835048058766
0.00000000000003548003566
0.88685409
-0.00366191
0.19662419184122
0.9917757569768538689928
0.0000000000000000000000038576
1.20225824809643701838
0.15536744809643701838
0.355321462796978713660726452
1.296816913657923096429923
0.0000000000000000000000003832958
0.81306088036
-0.66898688036
0.05338113726949332
0.09721279152974
0.0000000000000043248580936
0.859932234683756771190966
-0.405132234683756771190966
0.1438378301670862897688256684
0.35
0.0060137178606851300831619
1.052170391088
-0.316594391088
0.251707630853473344
0.5374013194806303598856103
0.0000000000000000000000000647218389936
0.53765163653008074311
0.13319600213628074311
0.067832026819596487372276379188359
1.6586433
0.00000000526591777734
0.5646
-0.1464
0.07433505
0.588185
0.0000002325
0.352067277027542534
0.293267277027542534
0.0094864179446097504996
10.975077449916412
0.0000000000000000212
0.75046921492332341
-0.21139848935683223
0.1296286803113196686922988547718138
0.56044165
0.000000001149004345430797
0.659250254367895
-0.339573745632105
0.07982514229037917774
0.320052890935530183495791
0.000000000000000000000000025108
0.278644998855524254215304
-0.137529564354875745784696
0.0146821635788883009079116365995259808
0.3
0.008131532768764254215304
1.23297474631876096741486
-0.01710536354619668878514
0.379983532899441351801811151086721589715566
0
0.60793469138628213931486
0.05867550748
-0.02102846748
0.0007501546833695296
0.4723357902650831606
0.000000000000000000002609970712
0.082943465251888
-0.044682993748112
0.001220762124424334002296
0.299784792303733820586
0.000000000000000000000033757513
0.16407263294418754
-0.02197146562901246
0.006609270894837804643934048964
0.76380368
0.000000000091341085312
0.108830392156
-0.006869607844
0.0029492156862246
0.881
0.000014542156
0.13053171484702830548
0.06089271484702830548
0.00333265146486610208266086
2.74881071948271243
0.000000000000000000023615
0.1825024795910513763637
-0.0113878080415113763637
0.008294368221222953246350484704803849
0.8825334865
0.00000000000334328145272514695995
0.105487144274047079
-0.021303120469972921
0.00266842866633386103977624175879
0.6639628363741913849
0.000000000000000000001438756103351
0.082081818875
0.011681818875
0.0016502400244
1.3318698544034
0.00000000000000032
0.11503776607919
0.02980392156863
0.0030863534709053472163877448
1.69934
0.0000002031586224848
0.061149004348726420996414
-0.027212939650473579003586
0.0007496641621050614175631284660094344
0.3840574704
0.000000000003146815184574
0.160570687418875326
0.021774624246524674
0.0063272028492732066687187239602
1
0.021774624246524674
0.069666727702754253452
0.005133272297245746548
0.0012067756160830090791048
1.15
0.0002932631418326085302
0.06230869
-0.06230869
0
0
0
0.0673807888914320518341
0.0499977111467154881659
0.000510099897930333705529374650298801557
6
0.0065400167849240789954
0.04435034713
-0.02347295339
0.0003539934374255966862
0.30782037
0.0000000001396562038
0.1427191577011496
-0.0415793087671496
0.0046599797643429113969782632
0.54
0.000809338520559216
0.13204242008079
-0.03588006408781
0.004036955425461615345684107
0.5726592032573175
0.00000000000000000627707313475
0.0301304639795
-0.0298802160205
0.00000375438754705053
0.004170057
0.00000000000139562
0.1148704997329671168
0.0781695002670328832
0.001771190234225986113536
5.25980226
0.000000000032410162549676032
0.0429938200961318308949
-0.0198031586175326091051
0.000364075868806848309726319206863353678
0.369295815716
0.00000000000001811201224883048
0.03379262989242
-0.03379262989242
0
0
0
0.0861051301594567788204
0.0247791301594567788204
0.0017000220370794232089699252
1.808111735950715155738186
0.000000000000000000000000002682
0.1377447165636682614
0.0492790112153811014
0.004136296498709912277670246017355412
2.1140816889747485236112
0.000000000000000000000003785550631103904
0.14549935145558
-0.00841840234442
0.005274797943990463428102
0.89061
0.000000129199671
0.093086132784008545052262
0.065079732784008545052262
0.0011074141243610284580758352384
5.64
0.000104884784008545052262
0.1158901548790722
-0.0775301548790722
0.001854900770580604796
0.19832457123021
0.000000000000000804302262588838
0.070353246356908516062409
-0.043112840466926063937591
0.00077271556495731094917217539399188615161
0.2400753093060785626665
0.000000000000000000000000598779820146215
0.0454520484797131303
-0.0295918211202868697
0.00029755320844678415782050444
0.211346075888206337909
0.0000000000000000000000317336668
0.0610330357824063477531
-0.0610330357824063477531
0
0
0
0.180173766
-0.006013766
0.00810660514328
0.9354
0.0000000912836
0.14267643244067965
0.02448615243762965
0.00493924817820024699437071084125
1.4143513736
0.00000000000491346015526
0.144770787365529869535362
0.040289212634470130464638
0.00483384005493247882810704586
1.7712
0.0000011174181734950789668256
0.10031815060654612039
0.03968184939345387961
0.0021222705424582284273
2.3088
0.000001453879606317243568
0.0838635843442429015030136
0.0374029144731829015030136
0.001408530691993927031357288677656713208
2.61
0.0000020752269796015030136
0.115294117647058818
-0.062369726100556958
0.00235068770753883592740345203733584
0.29789061426
0.00000000000036596803844671712
0.1660837720187
-0.0007614251813
0.00689580988991319983382
0.990872674861749032114183
0.0000000000000000000000000022240562
0.0655054544
-0.0065873204
0.0010618929415245558
0.8172543
0.00000000189788418
0.053516777294575417715724
-0.035116777294575417715724
0.0004077143511100938429846608
0.207596322693
0.000000000000041506065461291555875268
0.097123674372395513847
-0.080839246204395513847
0.000724506099175060654607460421148
0.091504612956569605927
0.000000000000000000000010141184260538228831
0.079959563
-0.059959563
0.00069959563
0.1429397150465333810046
0.0000000000000000000000056830102
0.11884648
-0.00686648
0.0035193343152
0.89075939346269469750771
0.0000000000000000000000005765392
0.1398579191271839475089646
-0.0553019191271839475089646
0.0041254838208590829327840053588
0.4332653724061361
0.00000000000000000387747008682227320231794
0.10059136186770428
0.07568863813229572
0.0010974630350194552392
7.078743750000000088484296
0.00000000000000000000000001089494164801312
0.1074402990768291001831
0.0522606240939954998169
0.00220306125875614526024195866292899213
2.894198
0.0000000090974287797436723462
0.1161862
-0.0782738
0.001843111326
0.19496246014604545
0.0000000000000000008965
0.0571770809491111619745135
-0.0450583657587548638132335
0.00030974056525286945021963834476942132991345904
0.118537313432835
0.0000000000000000419623062855121747636275
0.111054398413061722743572
-0.068945601586938277256428
0.00189489585717555504692148
0.23393776014
0.000000000000461722743572
0.124104539559014267185
-0.001095460440985732815
0.003850184176394293125781
0.9825006319331352585463258
0.00000000000000000000000000492
0.072297245746543
0.019116502632177
0.00121536276741249993401017288
1.7189
0.0000006845197181413
0.05376821545
-0.05376821545
0
0
0
0.0727913195239185168
0.0118413195239185168
0.00128958983749141679948
1.38855847494400383264971
0.00000000000000000000000008775
0.096426337071793691
-0.040230411230640109
0.0019198881233241901203324025469679
0.4
0.000766613260090031
0.16753337887457
0.01077439512543
0.00698783636170283195359
1.1374
0.000005052941864082
0.17361785
-0.00945215
0.00751345367475
0.89673731359589
0.00000000000000020885
0.117619401846341
0.052619401846341
0.0027663805600060825
2.619
0.000001901846341
0.062588
-0.061392
0.00003707002
0
0.000598
0.0443228809032421149
-0.0390768291751578851
0.00010937979829462851909379040408
0.062902517564541
0.0000000000000000233699149928
0.1078538185
-0.0521004043
0.00222949850920187094
0.348558563969
0.0000000000000272608534
0.14242456702
-0.03437543298
0.004775771724568
0.611137635972850678733
0.0000000000000000000000028
0.11668068
-0.06932068
0.0022022561024
0.2546217941632254
0.000000000000000006806728
0.08568093385214007782
0.013112077515831235218
0.001792323962248409134578551387137003111219
1.3613692754110770007
0.0000000000000000000009335584621407280893
0.0749538414587624933133363
0.0192584115358205539133363
0.00131179798363556924637018150032310021321011
1.6915
0.0000017166399633783657863
0.07527718
0.04132282
0.000989769594
3.4
0.000577588
0.01
-0.01
0
0
0
0.040134279392453879606
0.019229419394453879606
0.000310247453025937285416688700394
2.839708029261481553596769
0.000000000000000000000000005354926769
0.0730495125276569
-0.0691493125276569
0.00013865096437018372069
0.02742779343277
0.000000000000000127012184223387
0.1031189440756846663
-0.0725551232166017337
0.00134231768057698045731878546777416
0.173980265443680239624795
0.000000000000000000000000004158833159356
0.0556374451394674
0.0429541471394674
0.0003126166362920572977426
7.77334036296669840919
0.00000000000000000000005864569
0.09411370809491111619
0.02532170809491111619
0.00205405028763256275247124
1.7361817680809139490056
0.0000000000000000000000033824
0.09551835262
-0.00723895262
0.002267838313051014
0.859105829934082
0.00000000000000000342340516
0.054749369848
-0.027225146152
0.000564071228938832784
0.3357656139866687349517257
0.0000000000000000000000000011888694
0.0763225757228960781643
0.0264988174258029218357
0.00128073706000279230487321824817662285
2.063702070317281932197
0.0000000000000000000000082763947782066740329
0.03217975079652
0.02314641079652
0.0001249450071412179884
6.1246628149765203125311
0.000000000000000000000000156563
0.088116273746852826733702
-0.002320897230487525749702
0.001939772783768955008285500123451389581217384
0.9486738
0.0000000009320210574501148451924
0.13175004272
-0.00390995728
0.0043356964976976
0.94235651
0.0000000006467
0.0043701838712138551
-0.0043701838712138551
0
0
0
0.02018616006713969630167
-0.01897764553292133969833
0.00001183250707074400721444865557941036506
0
0.00060425726710917830167
0.176157778286411840363
0.005894560158693828363
0.007749204252835042563372696851903823178
1
0.005894560158693828363
0.0444998855573357747
-0.0355001144426642253
0.000179995422293430988
0.1124971389333943675
0
0.127425040054932433
-0.014193942168306967
0.0040089182096809730659367872636401
0.79954746255791
0.000000000000000319969714853173
0.064538033
-0.064538033
0
0
0
0.03887522224765392538338
0.02459277775234607461662
0.00022661954680704966811618092
4
0.00316911100938429846648
0.04614328221560956023
-0.00400396734569356023
0.00052829268478100229790358244452034
0.84
0.0000078126192106894068
0.09344471777904936
0.08060273777904936
0.0005587784858319981500664
13.553007835092308195465
0.00000000000000000000000118965
0.10841382463761348897535
-0.06097657743761348897535
0.00200885359413748378728907632826
0.28004684219908116
0.000000000000000000326850119638440110594
0.09710994073929961
0.04608072073929961
0.0018267269416342412223021
2.806052326
0.00000000000181675
0.175321583879588769359884
0.022053864340411230640116
0.00756282121042560463874265349360324
1.287782246734269841
0.000000000000000000069120357867268303541556
0.055713740749103227283131
0.006057831693103227283131
0.000766830895859079880979625449467168
1.24
0.000099122606383227283131
0.145816738185168230716
-0.019426259814831769284
0.005221285391142137788933763284
0
0.063195239185168230716
0.1202876325627
0.0202876325627
0.003514381628135
1.405752651254
0
0.0611314
0.0388686
0.00055657
4.4917979768941912068562
0.00000000000000000000000089532
1016647592889295796139466.30936140993362325474
802532997634851606012053.69063859006637674526
97378278958704647695849939395963812333728735696.7794259488905191024
8.49
673838406958113984893.4335216296635385672574
710566872663462272068359.707525049
186083772030212863355458.729005049
117569527578435193998578837568155436518650952749.77684440787374
1.70958920051
536202029449.9122696472584774
1700785839627679865720605.6037285420004577706569
-43411917296101319905394.0162714579995422293431
722696969428677108636428569764768573916925086008.320755864957341883275189
0.9502213357129109583
4274.0563635248632129527339
1625680933852140077821010.0474708150514991989013504
28885328450446326390478.3414511350514991989013504
660501034122669019818094303820038364398959124454.799525131450545497808825080487936
1.0361791
14506752117189288.1666285067491551989013504
921355001144426642252230.71059739070720714122
535393301289387350270847.10327306019679285878
140562262767074430178067801087386981784103428290.65280408870539416609932110233144
3.774333834110856329
108903.63927672236204806581855435070976621862
1231631952391851682307162.4484779
184130617227435721370259.5515221
370753295488001990110809370056949679614733155512.2479869
1.3
27005416952773327229724.11697873
1334264133669031815060653.277775232883955138475623
-521446555275806820782787.301853972883955138475623
377088567096641735157199564910700903816035499700.66107911131539146175474973872249
0.438008781883664709655138
0.360631721783016708628976834040132296600650299026
1353521019302662699320972.090981918059052414
-618951705195696955825130.909018081940947586
362229484082364514376796000095990854692019569303.798921069452421321
0.3724103785991676078783284
0.0381776906548451392928874
1493400473029678797589073.0469214917
406683451590753032730601.5617303737
516213385761875006071970897073286987409075301818.3404774536115528793
1.74
4598153658350499732967.11220966004
621728847180895704585335.458228427557793545344
-415396353093766689555199.096314946211947814056
53498157313321068488472931344047234304027497505.3505389076855893381686092472920780582268
0.19894
3403372243839169909.208816311284046692624482
358190280003051804379338.81387045
111360341802090485999847.18612955
28974787740596557904835985124548279691270416254.39022685
1.9023
3015182726787212939.538274242965
734935530632486457618065.946206683
135561150530251010910200.519793317
130438352163242266589571498403030107587448226853.064977996139
1.45
701915007248035400930.79885030965
761745632104982070649270.6199587549553673609
-89036392767223620965895.9970244450446326391
143082232198504845199306469706054042435110527340.22972315317954691045181844
0.79069517182
31128404669.2607004252283406489
1198275730525673304341190.5313344004886701
-618280308232242313267718.9208972295113299
263398546704769865817176238773286118530591370416.0235478178718782629276315
0.31928297829446945769
7025.86404211521211754847681763265
578377965972381170366978.89816438544289311
535774776836804760814831.23343561455710689
11866615006955241931256621563716876771010908625.706902680465306916638
26
3234912642099641412985.42432597848477914
813275349050125886930646.932204164901579
615335317006179903868161.435477225098421
70694810254377045541474493070975169747247523781.958326625678233864957405
7.21739130434782
602426184.48157473024834220742981679222
975020981155107957579918.1521629663538567177835
653574425879301136797130.6503089951934081025415
130876595882302822850945585431004415075222105101.8093375714227612951651232181822020465984125
5.066457799297446121
114549.477378500038147554631648759209222811859
956572823682001983672845.613961937949187457084
941588464179446097505148.978301737949187457084
7110682782787602104664640366185452506515542394.1691931434366876236357534284
126.676
1281757839322499427.786686090349187457084
962813763637750820172425.9846187951476310368505378
593057145037003128099488.2297092048523689631494622
143823391542712434861238222094042256021066321335.7684357302733144382007256327992
4.20782436447672
922865644.312199477225908896314946550769652419984
1314076447699702449073013.1056992446784161123826962
429083695735103379873349.6891737239642938876173038
385671023113343512883310628966355521507690977221.464940366614328815803663213937902137351
1.96968860995206731
1179674.982833600366216523196612633380612938318778
557961394674601358052948.2479765621423
-314671549553673609521629.3488234378577
53075683462179049679595068627906985644151894755.94682871429681232
0.2
34381628137636377508201.6898965621423
1121690699626153963530936.542323
44403753719386587319752.762323
314054583070859704318526673309320663676762202964.17846047
1.08243626062322946
946059.3607142121434149206
577386129549095902952620.15962459565117875944
-103685053788052185854886.59807739565117875944
80656038054163520519341644323353586944284469998.470128979458653979291502784
0.69552359188
214236667429.6177614690773778896783287426528
261539635309376668955519.68962
-95674067292286564431219.86312
14812363421378192366345674278079084843334159965.5673999025
0.464
59205004959182116426.33701432
1299443045700770580605781.8698143
691218432898451209277484.6220143
302692326760376060672720389889822763373241316087.97264233177
3.2729
1571679255359731441.21475199
1332661936369878690775919.930261615930418860151064
-586831464103150988021667.223738384069581139848936
357904167346916703441933207798174912944439458806.192833684337986601572915928
0.388555892967
833157854581.521527876857459860151064
1448630502784771496147095.522453568
292179751277943083848325.030167168
503290331635404793578594647552735355503508169278.8324075981726976
1.5053042698052462
7586785.68703758415288632354416
881696803234912642099640.5312886243991224
-472755016403448538948652.9185626001372776
138472986825009840741947921556054212510257687157.46424505395430930479802218768
0.3019242
2374303807125963.22575722658733592956
1500343327992675669489584.179926756694895857175555
140062561989776455329213.220073243305104142824445
557853145145249397722958597637813884276809647148.3821282664858774678887785
1.20593184214659098
3791256.5431677729457541733659876967763853605061
1165209430075532158388646.1224994277866788732758068
743907835507743953612572.6901350423437857627241932
201078537051782457665192640215571898786431477860.4691490304732167058478243684839540068841624
4.5314741035856573
14854657.81643396658274203077180142171156983419036
205752651255054551003280.48395513846579308
40314335851071946288242.88331425956579308
10177226955842769068569061112674673597224193938.581141012659963440275869006
1.4873639549898542704
2465.85793850615637802282201287272
1130388342107270923933774.7145795511558709
672098878461890592813000.0145575511558709
206515225385573346280508804756609404996576199558.4329762866846558295799
3.93307584737297
1671015487.90722689420162029733
724650949874113069352253.795834287022201827
-678995956359197375448233.089219501029984027
16020872600328316360887512628249753574678160158.4327716766429202196167643808117503
0.032525981
456031128404669.260700388649027187952163613
994491493095292591744868.091989013504234378
69550621805142290379186.691989013504234378
246044010211355614613685934564824762322572347975.3993970475556375846
1
69550621805142290379186.691989013504234378
782177462424658579385060.635385671778439001487296
-363286793316548409246966.906111238269626917487296
119956072131714405477708051514032295841501753969.376969908555709828355248120652293324642432
0.365695103106516758139
164.400701915007248034828095623910439306524897856
926955062180514229037917.74185351338
-326939803158617532616158.97785351338
188089013103171355503782541265286123310449701723.09875210313116
0.478521186
470252536812390.32517540199113553132
820737010757610437170976.51860837720302
357930876630807965209429.71860837720302
136373682095409819730669433395143722854931817685.455107588415668
2.5467853610286
19546807049.67068112968378
655848020141908903639276.063879606317235065232
-229053177691309987029831.156120393682764934768
94417816828393729961146350014166081501745738720.21661165211253195108752
0.4823079045385
25238422217.137152215758250065232
845227740901808194094757.666834515907530327306019
98573281452658884565499.266834515907530327306019
176173310543407275093475411515710590338051831068.2936243786571861654631548
1.264
14892805371175707637.158034515907530327306019
364660105287251087205309.7749599450675211718928814
336186770428015564202334.2941634241245136186770426
4988861944322452016199979114991748026433766982.5718243051281891429981128239672643163477089280628
24.614
2105745021744106202.7923989013504234378576338884
734920271610589761196306.58177422751201647974364
162188143739986266880292.81102577248798352025636
128450702913590145105008956806622179871364012252.715748928643256938161830896
1.5663664943784302232642404
0.006298527504386968795313422765313092554228668944
223025864042114900434881.9010296
132387273975738155184252.5570156
8053536430251190777361930913326236215212141180.0829701903582
3.92121212121212
54932478.82810833045492687516
859205004959182116426336.2125886930647737985
-211276417181658655680170.6897688258182657985
173398879022447474117595371302063095548719615252.236357344918315650731023480994319
0.60526840949
4871747920958.266575112530413990893559712235
638284885938811322194246.710375257495994
59693293659876401922636.699375257495994
100961076577489284821331954899005821228810738088.257076297381397967
1.2
1834134431982909895475.698275257495994
1477653162432288090333408.1507896543830612
-9979400320439459830624.8469672693979388
545839820003846596036382111733430766549752363266.0391590675847698023189389486
0.9865835
10818646524757763.02738993348601509325
768841077286945906767375.4423437857633325672877088
250797283894102388036926.5821927214465552727122912
132054331128773134998878534814572585943017316677.876455513271638199298863864522450329290496
1.9682474
5874723430228122.37735560563057907678645010244288
963317311360341802090485.0365300984206905197985809
-579980163271534294651712.2452277409018074802014191
147900813144510533693283899220268870671410138256.3426793358109948855305617704513389215441
0.248388372552896
751964599.069199664301517698036926972896
119874876020447089341573.085282672948043
-98481727321278706034943.061661707051957
1167833821183716964667259219806450274279253983.66151101722624437542417
0.097973445143256464
1220.72175173575612337185826384
1466453040360112916762034.086249
-490241855497062638284885.447751
477536860675054029563140302607788419904183890039.265154983
0.4
96766613260090028229190.412449
1111970702677958342870220.90679789336255436
-61509117265583276112001.15921263536255436
308173868026830289669543185639730360413167885365.85549459321906162337981244
0.895
98573281452658884565.4992529173955138478
1572381170366979476615547.370931563286786
-70405127031357289997711.076310368505386
616856415753082645194461332784683774519063870278.9299718361204857799989428002
0.91
3520256351567864499885.55381551842526174
974883649958037689784083.86527809555550469214923
115037766079194323643854.31389333955550469214923
234291110832753581890074978939645067025162292421.29821858347520522275561414956894
1.2675
33379110399023422598.61139562844050469214923
1460700389105058365758753.3627
-465384908827344167238879.5627
479265628341858367369991091158290400933739912283.20363
0.5167556604819926164181705
0.03953679754352691724718450965
627542534523537041275653.60302128562005
114564736400396734569313.99240100637995
95171138452433072695338733786314101377736383824.6029380209458800900773
1.4
11969176775768673228046.07027695053193
1376867322804608224612800.9425040054380178530556191
321370260166323338673990.6758068208380178530556191
448121195121939719598969376483201242111550714603.05699996353211683095087056058999293
1.6089458162262
9869535362.7832455940462795846773591
1195788509956511787594414.00219726617074845
61982146944380865186541.48070493382925155
356517093501044967087190137881186306691353854893.973560681770594876075795
1.10933462532299741602
380.865186508560311289619645462540579831
1014770733196002136263064.5227205996795605401
23483634699015793087663.0573205996795605401
257302039963118733357521168305447638925975542250.55277569277173077773127
1.047380087433
19745174334.3251778355174014401
914793621728847180895703.6668
-812252994583047226672769.4668
44273110786663349427253097649634633041216839415.15228
0.05937339859695004506
145.567387248992531040299992
1509269855802243076218812.86412268253604943923094
-342259861142900740062561.64812268253604943923094
540188421270941478100249412315736812525371674676.38403990885589589623991152
0.6302950387341
32852674143.586789959563559121080342088584846946
1279850461585412375066756.94094758525978484775
-65476462958724345769436.11366445410849164565
408432509204701979060912035522036233174409320254.430284064207826690785722661811161379035
0.90266088968536624095
3069.352254520485236896343652147219097257635
1199801632715342946517127.052277407928587
-249866483558403906309605.304417487928587
344272674565140141053922735507915347425294179574.09507384822145211976652
0.655277672519051
601174944.686045623385976867195754989063
545998321507591363393605.92382696268718471
-498847943846799420157167.42668802929281529
12316224002231889529151928070940586225423116746.3208439723450587028571143129
0.045126617402225
345998321.50759136339380949784542225
994735637445639734493018.00274662394121995880064
651499198901350423437856.98182650492121995880064
141261945558820464684890001039831966897548590458.7569854822579772311224744426260864
4.7962123232862
1657129777.981231403067950948038878
1072953383688105592431524.066285191119249255504
-589669642175936522468909.153215838864728771504
200879669165964529881462074728924034815785738531.443486015581420686701113414623860307968
0.29067
4553292133974212252.99457849393453879544479232
995239185168230716411077.0546574657816433966582742
362600137331197070267795.4716865342183566033417258
214755544025430212999565112711543179879926620485.0241661979498182145467025377624
2.14630969609261939218
1657.129777630579079880977972085913356800428224244
1250675211718928816662850.660517
-361470969710841535057602.446189
358381805816122825498426758197739600972793787963.716635520892
0.551565516980274864649
792.339970990878121412147881903
1340764476997024490730142.85699244678416113398
608453498130769817654687.72602426184481574602
356858430847383476188314243508311658612779342620.4052631869565643337264586217603675912
2.66173528921486914485
2737.468528267338063628828499243465121656997
795696955825131609063858.210940718665
-333501182574196993972686.017303730865
130477651682748391645597354353066144183095450863.3353953200122645814335
0.409313261
453788052185854.886701761928862891335
1293461509117265583276110.6848
-568535896849011978332188.3152
337452402390500932314362479712122034176052894776.3276
0.389
304310673685816739147.0293
1568154421301594567788203.2079193854657816
123521782253757534142061.3703364145342184
610962664589148565263392494560298747999486837567.27510249345777315586664
1.17100787967129306
6390173.189898480605783213726503544444304
1230182345311665522240023.1842526894022
-464911879148546578164339.2009155413142
324301386835769273134506360450871906884226574204.5595280746709913942825608
0.451461904076047817
801892.1187151903558969074253327169506
718059052414740215152208.025360487
-242252231631952391851682.064911873
114230664756023380146468569659137072179210977946.07769985576112726
0.4954714462
36997024490730.144197759619456484
935683222705424582284274.6337033
-606546120393682764934767.0662967
126901224271945317309509026486228764064804357004.451563805
0.213416
342412451361867704.2819797
1508094911116197451743341.69276722362096589
319630731670099946593423.09276722362096589
543046614076652014827409428373237910835583600766.285755123293438277
1.537888709
82597085526817.80916267992096589
1111284046692607003891049.47237354084754634927
192141603723201342793926.71714351109245365073
299508459138043150877073881279475326967301547052.3316264009617146958671799855419
1.4180888
23218127718013275.349050102660318150619324824
781017776760509651331348.879468978
236728465705348287174791.859098198
138487100285180257368253619598999580037106071489.51175185536437932
1.8698626296607793664143
14.641031522264292932666567452923
1006912336919203479056991.41744106202792401007095
-173769741359578850995650.98255893797207598992905
245919132806979153203914742407715442048084150167.98669416084661062948914
0.7056451612903225806451613
0.01011518100399441815134044
1109849698634317540245669.14268711375600823
381841763942931258106355.00077821011673151
271490805216909056875619900496417648614757744377.3926463389183134724467519946002132
2.0490044
579842832074464.026855877958342863951216
816861219195849546044097.75221789
-746303501945525291828793.03221789
27573333602493771459236434341062973058722396335.4114927204
0.0451377364752738
10531776.908897536066651072991718
1536049439230945296406498.8072784722133211
-133134966048676279850461.4522773277866789
585430740144229830323738356598558139130184501857.23073279580557116438369
0.84
399786373693446250095.3684871362133211
1301853971160448615243761.4808651865415426871
628503852903028915846493.5191348134584573129
324951667278069491462389133505645608174500284461.70825976024266210525
2.8667965917
11157396810864.33150988020552071416166044293
1025711451895933470664529.377889677271686884
116823071641107804989700.043396658274204624
259609088120700108884826631554028116636740427203.36675434370026531152473133477866202
1.25706802766771875629
2612.6497291523613336392058063913557307923
1079667353322652018005644.75824147
416906996261539635309376.25224147
247967537574730221523172951587920007702889765022.66174307191
2.258092738407699037620297
0.153804124805480512006266859
1151491569390402075226976.79922178988295353
519981689173723964293888.24174868390904647
263887969325302968915886363813274393151714171565.32746615035371392445939344288
2.6467887691489875803411781
0.024058899824206318593442244444204469846307
984481574731059739070724.5820086772716
-666392004272526131074997.4262293227284
131281416906648169104515474821159380760085460534.7759990136282817204
0.1926795
37346456092164492.2560465304111
602944991226062409399556.885420004577705985
8728160524910353246356.899794003204394015
90866620414611968119925043122102752590817307069.79758168846124062512470777043425
1.02937702223
2436408026245.51766231784298911686429245345
1816708628976882581826503.10432593270770540169375
-100831616693369954985885.30391393911649459830625
822565806918516433068409479206427714241978467408.880577669757367663644148826791119375
0.8948323333280282654019
36.88563363088426750788465684225042701
988616769665064469367512.553765163653009841144655
-628198672465094987411306.307026779583428703144655
145682386294019861025084547580395804266086255772.768692999463559289320684893713438397758695
0.22291851488
2631876096742.1988250553113224985033189548700336
1467338063630121309224077.2692142986
-183016708628976882581826.3219037014
529896469335102527687186825933315525559202900688.5532219042989174
0.778
172671091783016708628.9767103966
209903105210955977721827.82092007038223849851
-36011291676203555352101.89425492961776150149
10690625112253261764364462621857912084878160590.235594956164451881980944625
0.707123355671382477041
55.2681773442275989349566014125
992248416876478217746241.47351
-956023498893720912489508.46651
17643997589221228103988958985785761935543886775.351060035
0.018593358395989974937343
0.34903303330844420504224591657
1003341725795376516365299.980865186541542683868162
-762127107652399481193254.750194552529182876131838
106464222625858102423917011063023712854149244962.06246046087589754407484559964576996181036
0.13662921348314606741573
0.2975509269855802247510644827628773714706
795284962233920805676355.35028610621
11764705882352941176470.57647058779
158084940712727643066296117520089893945606913101.94929468602920382587
1.0300303
31705195696955825.131609031708595937
1044602121004043640802623.5071641107804989700160216
-488929579613946746013580.0405584802014190890363924
213035364346168985756842956240083403878805646424.9609005079116841061849804182305671038713472712222
0.36234825870646766169
1182.57419699397268635080373096207762287213509017
645563439383535515373463.9153582055390249451773
503959716182192721446554.7718471046005951051773
40694189683565873341305267222439896413044666470.695118270778765262045329514393764805316
8.117887931034482758
43945.98306248569466699878218275546365064
1699671931029221026932171.94799725337605859457956
-283756771190966659037155.43456168459601739522044
702091691982969618358379653757888288278093724939.471621419510589137818913638951808924914244
0.71387247
6557717250324254.215304792404669260746449597
1031143663691157396810863.39244678416113484573128
-897535667963683527885861.61867704280155684573128
64421744975851785826827295757549404575546468891.90803433814289432241999692885742109992
0.06927434412481407639
4650.6446936751354233938307051064905668626675208
473716334782940413519492.27594415197
-464835584039063096055541.72405584803
2083761412811497835403483794013817169798669098.26610695849
0.0094
29181353475242236972.61614415197
437445639734493018997481.823941322
-383581292439154650186922.634653322
11056019953356894301598172124075139745648857658.139801114743368
0.06560606623796602609374
1.72091240619789585047424329703572
781551842526894026092926.661639047837
-526665140764476997024490.203639047837
83361778015179146906818148461568288318510641229.482149728420673
0.1948351879
4435797665369.6496454566218010164277
1.0061484
-0.2586396
0.2363600400336
0
0.3737544
1.06131074998023
-0.57482261386977
0.19898986765188089374271775
0.29734
0.0000001208516505
1.5903868162049225604638
0.2612649729150774395362
0.615267709771528496223323323496928
1.3931392358557494489347
0.00000000000000000000004159622584740875208614
0.480564972915236133363851
-0.441964972915236133363851
0.0089024139772640573739223243
0.04184146018723742101955
0.00000000000000000000000036749998761772446571295
1.04303029709315632867
0.60448629709315632867
0.18062712932021057450012824
3.756787447066
0.00000000000010037667
1.218326085295
0.199084458685
0.36117095710508503582695
1.3906521348566882390431
0.0000000000000000000000271230515545
1.18162813763637750819
0.24234378576333257039
0.334378636288977468510155137917977303081
1.516017934888556
0.0000000000000003575621900885240916
1.29100480655741
0.34430457004259
0.387036943400530712715303
1.7273782275794332229125
0.000000000000000000000025915415093375
1.713098776226
0.082338776226
0.73198193575915588
1.100982089609752
0.00000000000000041424
0.74346
-0.24346
0.123365
0.506626
0.00000033404
1.90773861295490959
0.07226138704509041
0.9085612268253604941
1.07873852753391
0.0000000000000078886224702908031
1.5855649652857251
-0.3021286335545891
0.6056836369819898647042280407328
0.6798965322124323321
0.00000000000000000006887789949862709
0.6702220187685969329365568
0.0575722896162355992980432
0.11147074647764944750598604498068468256900762264
1.18794520547
0.000000000002895399404856369371305304
0.6045624463
-0.3144274063
0.066657789410923776
0.31571082006961433558
0.000000000000000000003244432246
0.2462043176877241
0.1101548796877241
0.0121206171322652006520279
2.619336
0.0000000033211401
0.864820323499656672007324
-0.044586863499656672007324
0.18648155088532845044632625493052
0.90194301488472767542535
0.0000000000000000000000002271471076890699847366
0.1278400854505226214999
-0.1278400854505226214999
0
0
0
1.3000991836423277325
0.0582589456015877325
0.421715945641209562823219446511025
1.0938267964
0.000000000013599709057332
1.436743724727197947661
0.557732509346197947661
0.4382917446403438925762419680869205
2.26899975697
0.000000000000001284683215
1.504402227809002059967
-0.466941329069002059967
0.51129796456099061570103759737079
0.5262709765227
0.0000000000000399908450900054632491
0.108110170138094148
-0.108110170138094148
0
0
0
1.69990081635767100923
-0.09874113069352300923
0.71997824364071023633036354751804302
0.8902047949
0.000000000045451584498354443073
1.14372472724489600976
-0.46747539482710399024
0.27239325173566375218883285171136
0.419717776304619929532296
0.000000000000000000000000323466781344
1.606374456397344930189974
-0.093625543602655069810026
0.6429182879377431906614779
0.889852301643935211988
0.000000000000000000000174
1.44702830548561837122
-0.05146868085755703122
0.5228104729418407562059678814178764174
0.93130626043
0.0000000000055869376510216512754
1.562523842221
0.037476157779
0.6100190737768
1.049147
0.000000398505364513
1.183
0.417
0.3064
2.08877
0.00000109
1.09428549629968718849
-0.75886167696650644849
0.1553974256608585799567674598930719413
0.18
0.0009286640726329426718
0.43225146868085755703059
-0.11225146868085755703059
0.0435602349889372091248944
0.5876919627844412061428184
0.000000000000000000000000018576480014585442385144
1.499656671995284
-0.269535362795284
0.5440802055156963639929064
0.69530117986633277868
0.00000000000000000000084599635225488
1.6055695421730373083
-0.3467917898269626917
0.6143972523155870908591413278
0.6447
0.0000452008028373083
0.823102159151455
0.530769817654545
0.098945141266687051710167365
4.6312767512256
0.000000000000009001209443552
0.62490379186694132906
-0.62090379186694132906
0.00124580758373388265812
0.003210768703
0.00000000000009359884031692759082
0.6323643776264
-0.4026550776264
0.05943839863812550276
0.2
0.01135270447472
1.678843151522087434
0.184038848477912566
0.696161007415884641612394
1.2462380501623078
0.0000000000000000253935196371798148
0.93057139472800793469138
0.32201119472800793469138
0.190567977788967727168686575538
2.058
0.00008284892800793469138
1.116273744225986
-0.508293275774014
0.24692625446280604129086
0.374241543
0.00000000009013007
0.684641794336385137
-0.101594567663614863
0.114603232593347066172875797
0.7415673
0.000000025271303837
0.7525291482108796
0.5306324517891204
0.07118233000381470247168
5.7826980783936
0.00000000000000252853478898944
1.39005111771637979705
0.31914244297637979705
0.4575975527389062333077628307585
1.5960217719851090521945098
0.000000000000000000000000010689028774
1.015099705
-0.539140295
0.1849387883496
0.306232
0.00000069316
1.51849164
-0.29849164
0.5541799004
0.6714426122842473267007
0.000000000000000000000065267852
0.57988860848996719
-0.39501030048996719
0.04505941519081406853135726
0.189638439736735014
0.00000000000000000024922524941580934
0.3525874341954680704966
-0.2915874341954680704966
0.0098236667429617761501463
0.094694783968163
0.0000000000000002349279088072260002542
0.32269779501744869
0.06079194318255131
0.025109551638303196470016479
1.46
0.0005535972605249126
0.57831692988003204394
0.13519493399996795606
0.0790432003016525520692777294436
1.61019283744407
0.0000000000000000549421127124675642
0.496832
0.345098
0.031937351655
5.548723423886538
0.000000000000000021554
0.6282597085526817730799
-0.4038300144960708018799
0.05790789519570097226681722112954376973944
0.217451728318400898
0.0000000000000000004476239209092936830498
0.7278248264210238
-0.5118791485389762
0.066927178811451540935982024
0.1741913248999748129
0.000000000000000000021993857508
0.461412558
-0.056987442
0.0524134950336
0.7801
0.000010638
1.148439758838
-0.131242841162
0.3254222990809024094
0.794882197
0.0000000005626639
1.59
0.05
0.6314
1.064935064935
0.00000000000005
0.8239719233997100778538185
0.1424429694056610978538185
0.164659932754478897151598358611909584515065
1.418
0.0000034180209048610338185
1.147898069733730067902647
0.147898069733730067902647
0.3239490348668650339513235
1.29579613946746013
0.000000000000000002902647
0.3281446912336919203479
-0.2686966912336919203479
0.0088702566262302586404209796
0
0.029724
0.316
0.284
0.0048
18.75
0
1.22030975812151522
0.59017318992151522
0.285212877916113526847434002
2.87
0.00099549865451522
1.0014419775692378118
-0.7985580224307621882
0.09129777981231403062
0.11271330841
0.0000000000002378118
1.79635304147402151522
-0.18454255852597848478
0.798207073426413366902315516
0.813677653152464486487
0.0000000000000000000008211214
1.74226222629129472
0.12373777370870528
0.75504165712977797376
1.1529019515414
0.000000000000028253681894318592
1.04665
-0.07625
0.27241554
0.8641909341882625345
0.000000000000000000004975
0.638834188975356679
0.236392788975356679
0.0880568925810635536980553
2.17479359218687
0.000000000000000166791
1.45046158541237421
-0.42117952239261379
0.48161165516852696617743396024374
0.54993559327
0.00000000000525215837738462
0.86123
-0.55223
0.109189785
0.2186124828435
0.000000000000013245
1.609597924773020612
-0.045731288624400612
0.64717853216859157208675180157772
0.9447465
0.000000077721826594800142
1.0770610894941634241
-0.4171389105058365759
0.24651392996108949414511
0.441655855299375484004818
0.0000000000000000000000004722
1.40544205
0.27883795
0.474379188387
1.495006
0.0000000554377
0.0870679789425497825246662
-0.0498664835584039062753338
0.00127354169366493130882123994939504357933928
0
0.0186007476920729381246662
1.381643395909285114
-0.296055542090714886
0.455322397364278629048504466
0.647069524352628652
0.000000000000000000515614212
1.787380788891432021332112
-0.138948653391317578667888
0.7938558390547243430533296924751350675776
0.8557373932605630792278
0.00000000000000000000003366434298562056
1.30000762951094831
0.38751812008850229
0.384962385847437040307389975039153
1.84936454849498319761964
0.0000000000000000000000010429209748040836
1.03040352483405813
-0.68359647516594187
0.14860682078278781741
0.2023378352789
0.00000000000004083
1.11580071717395722133211
0.13263141832615722133211
0.306855036829677289997709862902071429
1.269
0.00039514763112812133211
1.1259710994125276
0.1707710994125276
0.30966203707942318176
1.357560928418190117252
0.0000000000000000000004448
0.5913481301640344853
-0.5141069701640344853
0.021346658569314106962287474
0.0698727247964
0.00000000000000004273151397870708
1.0706134126802471961
-0.1093865873197528039
0.283561913481345845699
0.81459900454279185779
0.0000000000000000000039
0.725185015130083161669336
0.489463644869916838330664
0.07157966162996871900511116774488
5.152900047455981
0.000000000000000042053869477000062501384
0.303637
-0.032363
0.022787016
0.8
0.001237
1.24025329976348515984908
0.56949721522850385215092
0.30347529235529813454449545092905143315448
2.698075435643
0.00000000000003819257971256422524156
0.27235828183413443
-0.27235828183413443
0
0
0
0.3897239749752
-0.3103160250248
0.013897185320819504
0.1134334465893377521284
0.000000000000000000000017432
0.6379644464789806973373
0.151598382543678950179294
0.096004141345343151006881271555162734988806237891
1.623392106419024
0.000000000000000221438926622799113846928
0.736964980535545891508354
0.330922407864454108491646
0.1084019356272373540856029449213468
2.62
0.00202792400086976424811252
1.556382
-0.243618
0.5907438
0.72931333333333333
0.000000000000000003
0.5318097199969481
-0.3518097199969481
0.039762874799725329
0.2
0.00163805600061038
1.4165102616922199702
0.0832074464026800298
0.49989446058562665824053048588599
1.1248140264139631429721
0.00000000000000000000003434469728074356858
0.7107499809262226039673456
-0.6485236896314945960326544
0.02114563984334466598611422677190443973216
0.04577907498877413
0.000000000000000004963602480391982
1.12332341415281
0.31056687184719
0.29135092772374414030183
1.76423099829175625
0.0000000000000000027225929774375
0.9595782943
0.3454342943
0.2003664128032896
2.12492931397196748645268
0.00000000000000000000000264704
0.43727722285
-0.34688277715
0.017720927135028
0.115275512267904509283
0.00000000000000000000032136
0.6857557030594309475852
0.1309376668955490524148
0.113279052916621167315150684331857148
1.472002200220011394
0.0000000000000000001081218784560992142312
1.193926909285021217669947
0.649088273441578782330053
0.2510364694988783840695808114471687451
3.382680781941066
0.000000000000000216708630182383606656498
1.30774031433585
-0.11005968566415
0.424517898832684065
0
0.59884031433585
1.1485107194628
-0.7685107194628
0.182117036697932
0.19822417
0.000000008198383624124
1.0297383077744716563668268
0.4502616922255283436331732
0.214406347753109025711451832
2.55402886033284
0.000000000000000520027466460073417367888
1.8960860608834946875
0.0964065003433253125
0.896462034242059984822310148159375
1
0.0964065003433253125
0.054692912184328982417792
-0.023924620431830317582208
0.0006047317950988922427710376086790131328
0.39136679
0.0000000001873960487329685
0.13642023346303501944
0.01795529106584267948
0.0045720219052124624369571431166737912108
1.3031325673656551
0.000000000000000000498224458946346102
0.162204928664072553986
0.019935912108033953986
0.0064782495728344028105294043239099298
1.280256
0.0000000393560693770452
0.024084839467536430914778
0.005416953467536430914778
0.000137684026826886396581975709654
1.5803499622331560107853669
0.0000000000000000000000000001213133
0.165
-0.015
0.00675
0
0.075
0.0652231631952391851682307
-0.0652231631952391851682307
0
0
0
0.03507073319
0.03447073319
0.000010431219957
115.902
0.00000013319
0.031548027771419794819562
-0.024339665827420405180438
0.0001007146809189444971389315480757359962
0.12897941353
0.000000000000038322777468047
0.0779491874501441977569237
0.0360997940101441977569237
0.001193220174140718699931332702680264
2.72522424
0.0000000000141517049569237
0.057077897306782635233081
-0.057077897306782635233081
0
0
0
0.12276798657203854
-0.00118410009916146
0.003767644108476850272045994024
0.98089422887567114908134
0.000000000000000000000000224030682296
0.1427069504844739452201111
0.0255542839703974975204091
0.0049280630718345959746113257633015563940392162451
1.436256
0.000000007129015030136568502144
0.14054931648050659952697
0.05356985648050659952697
0.0042210952099488822766460530181
2.23178176733
0.00000000000040207862697
0.093319599848020141
-0.030928511848020141
0.001937993717665369621451704
0.50214918479
0.00000000000006825406134914461
0.04101472495613031195513
0.01000228885328450455513
0.000395540470230619792710599529720135020981
1.64505018697
0.000000000000016571448904695211
0.1153933012887623407
0.0418814373992376593
0.0028903897959232043919278635008
2.1394470275485885107
0.00000000000000000000285617394994100451
0.126442085755703059433
0.007294085755703059433
0.003983599340810254062661542
1.122437401478884403145
0.00000000000000000000003977
0.0538033112065857938506141
0.0102540627134142061493859
0.000697412623665522240024412012662136
1
0.0102540627134142061493859
0.0607515846494239719
-0.0250315846494239719
0.000766043701838712138134
0.4163986979259311966411282
0.00000000000000000000000000222612978545890242
0.08568856336308842
-0.08568856336308842
0
0
0
0.093569809002822
-0.069082209002822
0.0009957393890287520036
0.15055208229356419080847
0.00000000000000000000000021335730849766
0.03538108990081635767
0.00225070990081635767
0.0003116889568780041199115073
1.13586985
0.00000000002029485767
0.01741664759288929578627
-0.01123674372472724497373
0.0000442688009599248455321375003315755072826
0.2156779209713494
0.000000000000000000739747972251349228
0.0561922102693217
0.0356077897306783
0.00047241245136186603
4.4596834692364
0.00000000000000089815935505012
0.13990997177080948154
-0.03322804608224611846
0.004617674288616208597483761297556812
0.616166957502688
0.0000000000000000084788369932736
0.1233539330128938
-0.000009155413138
0.00380404817648197528883351075861
0.99985156
0.000000000595284980080196
0.0720836194399929678797589
0.0318150606546129678797589
0.001045962526778257495994506602035622441
2.580143
0.0000000200122096132097589
0.05246051728
-0.05246051728
0
0
0
0.1480430026474402
-0.0079071973525598
0.00546355171572441433902
0.898593302829239077
0.0000000000000000000470173
0.146100520416
-0.040154079584
0.0049332529896469568
0.56882590192
0.000000000000125584
0.1412130262378881
-0.0206516262378881
0.00487865727824826118967
0.744828461038104509411
0.0000000000000000000000001706687850909
0.05281757839322495217822
-0.00942397192339975217822
0.000675221335127859124132026492961323572
0
0.0216968032349126
0.150942
-0.005058
0.005689476
0.93515384615384615384
0.00000000000000000000048
0.14649423971923395124742
-0.00808270389868004875258
0.00534880804215066113984854614507914094
0.895421610629603105711952
0.000000000000000000000000023907184445936
0.04410467
-0.04410467
0
0
0
0.1525337605775753
-0.0020981155024247
0.005815536506818887466634412
0.97286309
0.0000000001497323564
0.1404501411459525418554
0.0239627679865720581446
0.00478800697458492712442934439219507142
1.41142258318050820815011
0.000000000000000000000000124956917848671885906
0.112231631952391851674821
0.017091630426489662005179
0.00307595384501535911266803429046610502592564
1.3592943063352044906204997
0.0000000000000000000000000003293152669940320199463
0.0669076599526970321
0.0108063400473029679
0.0010899644937819485763097
1.3852437007
0.00000000000004867630788930753
0.1934216830701
0.0054216830701
0.0093456382085894
1
0.0054216830701
0.12882734
-0.06538338
0.0030803742878128
0.326675891
0.00000000000112424
0.1227237354079337758
-0.0385091935600662242
0.0033945393109574731023487186872
0.522
0.0000254764632857758
0.08805753414206149385
-0.05945753414206149385
0.001054732738231479362055
0.19387849887249932
0.000000000000000000564900325917690818
0.1069290667582207980468
-0.0778210667582207980468
0.0013444267215991454947731272
0.1575533367471670686
0.00000000000000000000167523724701983838952
0.14362401770046540016677
-0.02069123369192034790677
0.0050499328271824847057164707296818984058001
0.748152000297165781347
0.00000000000000000000001893070364969294187081
0.03206378271146
0.02850843060966
0.000053838886485480487582504
17.03690987186
0.000000000000012690162326
0.09639124107309071488517
0.06092317107309071488517
0.00139490964550240329594862576095
4.4353812357475732
0.000000000000000000591308
0.091281834134431982
-0.065281834134431982
0.001017663843747615766
0.166066625
0.00000000000648508445719925
0.0999771114671549496
0.0807507438773174696
0.000868685045143950228776297517607904
9.4
0.0000000000000000536
0.16458610666
-0.02401389334
0.006627979858038
0.745345775821845174973488
0.0000000000000000000000000816
0.0721843289845120144808
-0.0250583657587547855192
0.00114566391411118175448176492438893872
0.48
0.0002247348744945824808
0.172399481189182116426337
0.013989471270817883573663
0.00738146895196552986953535609246951
1.17662357673012310478355
0.00000000000000000000000049669663429488409564365
0.154006256198977637
-0.011136034180209057
0.00589847892279058835989776595031863
0.8651340712952524
0.0000000000000000020873984722742172
0.043743038071259632257572
-0.043743038071259632257572
0
0
0
0.1852033264667729211108567
0.0082200350957509211108567
0.0085581757893456735790035775448959872737
1.09289
0.0000000461280238043208567
0.064716563668268863897
-0.027005416952773327297
0.0008647352670589901216860580408977061751
0.41114
0.00000028580148012505624942
0.1795712208045319295033188
0.0162539108045319295033188
0.007995408431197070267795831244214
1.199047
0.0000000005027469295033188
0.06056000610264522774
0.04083924620335477226
0.00049991757717355001139854508422
5.1417517795370705
0.00000000000000000065924891325506433
0.16765087357900358587013
-0.01567101548790722514687
0.006965308671345203622984314100207627824038855
0.829032
0.000000072877088578622107228
0.064638742655924773022
-0.007777523460075226978
0.001029419295241712062255024761276
0.78519954487526875299
0.00000000000000000000022834465658
0.1309056153124284733348592
0.0685542153124284733348592
0.00310914992080567635614556996144
3.19896314477
0.0000000000000223843348592
0.108958571755550466157778
-0.077854581521324486157778
0.00145265862378721991280994442800109333622
0.16649785996
0.00000000000062341954146643969123112
0.067379262989242339459
0.036159304188601460541
0.0008081174503924178484349117120292521
3.31642228739
0.00000000000000040767041320587799
0.094628824269085
-0.072436102869085
0.0009269063459221765289595
0.1
0.0027431143430915
0.1560975
-0.0239025
0.005948775
0.734416666666666666666
0.00000000000000000000006
0.1757467
-0.0222533
0.0075979233
0.7752191919
0.0000000000019
0.03805752
-0.03805752
0
0
0
0.11461356527
-0.05919890135
0.0024079398557133795876
0.318818695
0.00000000006874026955
0.11120927748531319075
0.07997405966277561675
0.00149291329496504834113669348940075125
6.1207620908646802821635053
0.0000000000000000000000000004487223896009289
0.0284488822766460669871061
-0.0085511177233539330128939
0.00018405432211795223926146285
0.53777742035
0.0000000000001710669871061
0.083192187380788490119783
0.038928816662851509880217
0.00135137181860757958342868256547966506
2.758963044677312258687298
0.000000000000000000000000018022818760477639383666
0.03803158617532613782
0.02450293736171513782
0.00021150190191478065227505600868401
4.62237762
0.00000000001608311892709
0.15035553521
-0.01035553521
0.0056248874647
0.8711
0.000002293278569
0.14177004653674143587396
-0.01448538948325856412604
0.0049722298966370336461432447820196
0.8145934
0.00000000507873430187396
0.1977401388570992484016174
0.0014206149385824484016174
0.00977478609210529210955977168981946453616
1.0144724774207590304436862
0.00000000000000000000000000432004008568592
0.1018966964217593652245926
-0.0517250324254215304799926
0.00192686444056431977216271653532120424452273498
0.32
0.000506355382619974059566368
0.039816882177462424
0.022287317822537576
0.0002721648926527809362904
3.542826207346796923587
0.000000000000000000000000096270508205112
0.0366918440527161898222
-0.0329045548181161898222
0.00006589542305260776684208407404406
0.05441789081111839
0.000000000000000000177082711973482749742
0.09523460745657892729076
0.07050278477657892729076
0.0010247469490390173189898445612184
6.7013820363181519697649
0.000000000000000000000000885956034
0.136747563134
0.013912436866
0.00462658503088422
1.22652212422765838
0.00000000000000000045736583708
0.115950865568
-0.079619134432
0.00177634916456688
0.1857735395817354
0.000000000000000003911
0.0978149080643930722
0.0212878614480811782
0.0022786457986532419982636950725635644
1.55634869995214548602928
0.00000000000000000000000021911743195187184
0.089662
0.030338
0.00177972
2.0227901018137684579596
0.0000000000000000000000023448
0.0987670015
-0.0918271985
0.00033067155023565
0.0364114070627542705916549
0.00000000000000000000000000382921
0.0535149156939
-0.0535149156939
0
0
0
0.077768368047608148317692
-0.062231631952391851682308
0.00054378576333257038223844
0.1109766863944021188
0.000000000000000000001692
0.106771924925612268
0.011451924925612268
0.00281727434195468069288
1.240283779387
0.000000000000027848
0.1789471274891279468986032
-0.0005447470817120622568088
0.0080054444218067942742100183945619486340250378232
0.9939301198673807
0.0000000000000000063012136273083721653258
0.106752117189224
-0.038056000610424
0.0024869388354803055874010656
0.47439409905075768288776
0.00000000000000000000000003622312424576
0.03147325856412
-0.03147325856412
0
0
0
994079499504081788357365.298741130693506958113984
-619592584115358205539024.328908216983306958113984
151074770260884627795090999614824195059029792457.3201278789158145402468753552039717184
0.23207126106362054
4989089.79934386205842646178439022797120695636864
536842908369573510337986.79816874044403753719
484138246738384069581139.36479725955596246281
13452616577946461741972450753092447764990151987.51461746484281015861285277
19.371742
23895628290226596.47516574103913939123991502
969283588921950102998396.833417257953756717784
580758373388265812161439.870908674753956717784
150557596873207895139237516969476059584061830244.8173702411667695461004046561426216
3.9
17396810864423590447852.275271229114246717784
514671549553673609521629.14877962
58426794842450598916609.38682038
65368278391104424476628195158307816645394900942.999481122236
1.2561204013377926421404682
0.006168822122796034593580538541916
1601159685664148928053710.155916685704509
369359884031433585107194.259464408295491
606821403766100533903360840634361070414265128872.895775798085305345576423
1.59970765304858409929886
1.73678187224605179362500853918437944026
1100587472343022812237734.4439230945296406
-185626001373311970702677.7560769054703594
294208942973139796500621496957609250862612765465.18284838824092766
0.71136050870782517
5877470.066006540546973063
899778744182497901884488.30446326390477964
-14602883955138475623712.50542458228427964
202347136065706440296218341109009342956266366568.58063262004827855307058024081
0.968059542086643081
108003.35698481727320872486703801774457916
1489524681467917906462194.283726253147173266189
-194308384832532234683756.576882581826504921031
545232007071468714735448455112080554363862847099.94405134156192416860164344585106967612019
0.76
7751583123521782253757.5263904783703364614354
1393865873197528038452733.78580910963607232439
-114763103685053788052185.74012359807736324439
482422875624320226552991751424820861475338112593.1267326129531283840584431092130876306
0.8478577497269
6491187914.854657816433960088180379104416909
1149736781872281986724649.45790798809796
-328282597085526817730983.45790798809796
303531301010203247039995409034503521725056718828.05957931376068
0.555
576714732585641260394.8658610666056322
1202014190890363927672235.0076447699382238498
-388708323796444647898069.3450217441382238498
323435988528293648729294030714943010572605922950.49367210739435872530610036242
0.51
1018692301823453116655.221381551810505836602
578850995651178759441519.2172739757
-469932097352559700923170.3572739757
28558074761046330701469239182521864631919812029.649205881351
0.103
447119859616998550392.9169107805029
1721507591363393606469823.5626916914594209201
45914396887159533073929.9151750972794209201
740370063820070345057218949126205618706796912043.857334320125787686110996952509
1.05480375193516073217
3145.6473640039706750004522032196147
1029480430304417486839092.5846189059281300068632
-60349431601434348058289.4032959487296864270968
264046975621288096963464010067803691396870434329.796561803937005770227480569452447514456736
0.88924981
535439078355077.4395361251989013504262962262
1125612268253604943923093.4040283817711
-777248798352025635156785.6727397573911
165721820975839422142342244145488914607287621893.128590271224884410923609
0.1830735180908391
6665140.76447699701491001235511549899
958342870222018768596931.978212268
-239856565194171053635461.726987732
215222471259657869724706010470086763428461116698.5591895476968
0.59963832713565279405022
4.003383144111654548429662428
827679865720607309071487.68440375
135439078355077439536125.60440375
166677554043402434978763027666840793450453398837.2809799
1.391306
91584649423971923.40736551
1318593118181124589913785.207629274433508812085
614511329823758297093155.714229274433508812085
340265909208214336508255812937998627293407445305.2538378705736328746738695
2.745568029127476052186
256.2601819612179897975137138
1294163424124513618677041.50739299516159304188601
241168841077286945906767.13504234283840695811399
404174139608781007708855423998507849462678870830.49364819217109514810428349591069
1.4580628332946904706700672
0.020312809001525902189677067361366629559258560128
447562371252002746623940.95779354543373764
445181963836118104829479.98512245365072104
531273808933191625950764964624931652637315199.301291572299709776277183957113522
375.0384615384615384615384615
0.00004577706571045618835501870521330351955
1003326466773479819943540.6156515449759670405127031
117875944151979858091096.2428515449759670405127031
248192315179608507656190747552700460888936457641.29178620890578895124225605784
1.266
111024643320363164721.1412691449759670405127031
1324956130312046997787440.500022888532813664
-673823147936217288471808.283222705424613664
325367778139200174041560154065562767731686648317.3144515702691631020464486652224
0.325765325597373845331
704.280155642023314923470643489582327697216
304097047379262989242389.25873197528038452735125
57785915922789349202716.04811169604028381780675
22283950536437509907609994741572247030211262528.09411572335333927663336951853559910774013275
1.46
1134355687800411993591.209669031815060654611515
474891279468986037994964.0478827
-346379797055008773937590.2540627
26385690876955383787655319349332335039038653912.842351124357
0.156478763330979896696
212.7718012892717412505580838008
1189837491416800183108261.57051956580224307621
-108705271992065308613717.75197985419775692379
350974104955538787745043056967181783760823144175.3055150104213680231833703991
0.832573443008225616921
174.71580072041552016453741765709
1095353627832455939574271.6
-496406500343327992675668.4
238345039105652975160885718863691478712904820952
0.3
60709544518196383611810.6
1279850461585412375066756.9409475851948043030441
597711146715495536736094.6185854886051956969559
320189647278110121649632227751782992566615971415.65335534909603822949041598497729
2.75246062992
429694056610.971236743659317006180109940460528
286106660563057907988097.6768139162279697871336392
161654077973601892118715.0287022201876859693263608
13931245073262368694862137690749313729652170659.155684475488934388877844401592010880461454616
3.597842079
28046082246128.0231937132549324788251021300061032
923521782253757534142060.493270771343556878
-797726405737392233157853.706729228656443122
54131265971614552077593951609178065922641784733.4756759166061099338
0.07308381057073456144
3396.053545583051613563776
623987182421606775005721.509218
-448264286259250782024871.757422
47104783372735010401939039103248783985936506810.61821172136
0.16388216877757222143
869.0012975767018339674439524
1438315403982604715037764.640869
-191714351110093842984664.491289
507999202228019765759518719813043782017555279422.13484704841
0.764771961
290959029526207.370097999089081
504402227817196917677576.3628661478599221789883
-339177538719768062867169.8752661478599221789883
34845051163737914127330827520396307079206495235.01302296736914572336224754
0.1958613703784
4077210650.79722946517127844357977179549982728
1152346074616617074845501.25094987406969558251316
116166933699549858854047.33939116506969558251316
328601679799792598610671627512223444992630656131.57216075174511488037008955255522
1.224221718257591376314316
0.440253299816584271521280464410978
1612924391546501869230180.73238727397546
-146288242923628595407034.26280613412654
645031210706992674674106917637628894479912040069.18105553838688714404598746
0.83368895827912221
3121232.92896925307109566941856892729
933394369420920119020369.80965896086060883497367
796246280613412680247195.40965896086060883497367
59304227368995892270606733206644684105503929896.193780368889386463159024
12.6114819759
4660105287251.73264531238060883497367
991760128175783932249941.10519569695582
-671656366826886396581979.10519569695582
133116469185038598299518725295066635514482871649.66501685171942
0.192437529813231570836
197.44142824444953177259065067810753448
1462378881513694972152283.57615014828244
-70664530403601129167620.28487068028244
533389629310021012500888882755429021493369134512.75800885832918436247096
0.9
5987640192263675898374.908180361145804
150209811551079575799190.98617532616159304188601
-30548561837186236362249.01382467383840695811399
5407443213972611959144011072300434459523540969.9646693396323860987272
0.66199561033260172
189822.32206508023075464188601
527550164034485389486533.385626001373311487754634
513969634546425574120698.349233234149691487754634
3536097584256545195736764008057140758357985769.29161635494028671143361235551198462754
76
4699778744182497901884.484504463263941487754634
149034866865033951323720.0005035477217699702449073
137865262836652170595864.6672007324322300297550927
801140211114802171530997813186229232828865319.5390593436423806108299275139154798621
25.68579234
54322117952239.261463340144750057221332149649918
258640421149004348821240.29983978027008467794
43671320668345159075303.22938887617303731794
16246920800804226242643247809588362126659148060.5473792808013302081740455638445212192
1.40630323679727427597955
0.759899290455481817161157446653536629256
951979858091096360723276.685923552300297550176241
-429266803997863736934462.071686884870679790176241
180498915299150900684227708723268021704366101458.96452942393629922459424929270762123182008
0.37843570481661511268
1574.73105973907072556573886957248250160032616412
449362935835812924391546.05152483405813687342641
303791866941329060807201.95552483405813687342641
27409387420820685659556148261505994911365915937.59010116463288422598698768
5.1737945492662473794549
1.9429736547708675521697748
611444266422522316319523.30644014648661020828564
-556298161287861448081177.43955985351338979171436
16099111672180235464042604241332365356958401825.38662729545991011566454372
0.04722454526447836086138
2.37555439416004404220134526
712794689860379949645227.02810669123369192
-223407339589532310978866.03126530876630808
114541357627670656987624485291475148708376953434.32843864048567765833712
0.522
344945448996719310292.20992459923369192
1224322880903334096284426.242755779
411779964904249637598230.242755779
332350944301723635573553141029691855448603281724.413263342
2.013558685446009389671364
0.396932231320392178354328
398474097810330357824063.079056817
-339848935683222705424581.944426817
10821076885184370447094267733158169802969611489.678276388911355
0.079
148821240558480201419.088887396457
1203540093080033569848171.5285870448615243762874
-25818265049210345616845.9343549551384756237126
361960543210236148178152448845855828445472329923.4609021921311714278465207654
0.95799717
13580529488059.8153665369244543762874
1579491874570840009155411.55852597847566033
-310063324940871290150301.05561913480433967
599663829090479462927598560311604891323233977116.8749183063493550994557260912
0.6718134246398346146
37024.490730144203883046108008929056
1246768902113374532692453.166897846189
-181994354161898222323948.852877846189
380327687582545711623729431753447230881185079415.13729350635813489
0.7452421
9221026932173647.6691790607416326431
848416876478217746242465.00947
-583215075913633936064697.66967
94917842880027398483628833725504417109641939839.139687943
0.185244398968259043721
63.61481572255579356162266003
872266727702754253452352.8196612497
202365148393987945372701.4196612497
179974397743187518168984063164383056309350771577.04683217729
1.6041638194159719
12559700.94274096242790217
1231754024567025253681237.8007647287708857862211
-80735484855420767528801.3230352712291142137789
377674939630555994018141345017063116067947387212.07610611091136542697853609
0.87
4576333257038223849851.2200117287708857862211
454459449149309529259174.0324559395742732
402914473182269016556038.3550011444266422
11048329555337118821102405388803387956884957954.49044177837072239972187053535435
16.63351
24567025253681239.032577987182421842595
472129396505683985656518.94497596704048317692
-7095445181963836118104.82238498512248317692
55713955425622777967511327264958048538769295365.35770518560344647025821045746628
0.9703
21043717097734035248.340560325017136873434524
986861982146944380865185.554335774
-556649118791485465781642.839664226
166009582588914668102390463960799050055728260045.751407583478
0.2787235304585
6797894254.9783520331806755
474464026855878538185701.821087434195468070496681
-109132524605172808422979.976912565804531929503319
53301551213399295569180764611457102767638130368.993454526426092068272056219
0.6260001045
25123979552910.659009810249968070496681
944686045624475471122300.115782078278
796032654306858930342564.245582078278
64690934518696344468874233778111029425869162217.0710278204237578
11.70991
433203631647211413.748775237278
857312886243991760128174.8438086518654154268711
8087281605249103532463.6438086518654154268711
183729995199060238903521464995113521470775058467.43826027452304074761316
1.01904
2653849088273441672.4731846518654154268711
968993667505912870984968.894438077706569
-520988784618905928130006.345571077706569
166879853491968718783915576794011931087661302428.5266481070987247036615
0.3
505073624780651560234.9884321266880293
613733119707026779583428.088487067978935
-110978866254673075455863.168184939345395
91088008367536762126476479923013595236305481939.62651231898837111717362400705
0.6937297342822
9103532463.569085221637276828452427037
877134355687800411993590.33366903164980544747
-368184939345387960631723.13833829235019455253
158451132091771438851547508998827031963969708254.82855790669424464724546863514
0.4
5410849164568551155870.90326390484980544747
1200030518043793392843517.52951934081025406271
-581521324483100633249408.13048065918974593729
275476548351968880955407707671540455538557813686.9067158430820025040693
0.3471744008770577453449
11.790958509665548219329933
347066453040360112916761.21670862
-311116197451743343251696.78329138
5915458627296085079472363993747238204385779576.51035398
0.054620485
76295109483.507877555
1455359731441214618142975.5798123088189517051956
-386587319752803845273517.5809109688189517051956
492155548026746933755313515486851279272750382880.918886143700297163252184901052
0.58
221560997940032043945.982840919485008010986552
1657373922331578545815211.5874570837184710460059
-257663843747615777828640.9264362557184710460059
670124415512491398900779794892125098083103273594.4496805850056647992439230554426
0.7309046867778
95707637140.45929655880802209201193932676921098
1850583657587548638132293.8692607003888919661249713
-34790569924467841611352.6775005722131080338750287
855862372493610044466827753932004240550312594283.6886879348934500764426704912793631613
0.9630942
52158388647287708.8578621588740894119249713
240817883573662928206301.7352254514012359807
-85908293278400854505226.1290913245987640193
12653254548722634935864147255740301174366654304.3213117296958917030769111116
0.474126657948813749299
74.860761425499541509504208029988
1213199053940642404821849.70615701533528542000457
-273426413366903181506065.18777752346071457999543
349272485238945287139557224877359788017587660162.03506513732082152761949021758114886
0.63215158171
2453192950331.88372625314474004049399
801297016861219195849545.24280150812542
-385824368657969024185549.32043950812542
123304116445092152495290769989233963084780378511.52975480668423932102
0.3499832900588704079796395
0.04714269985504249782511664378432761391
734874494544899671931028.48584206912336919203479
472602426184481574731059.26615793087663080796521
79171867374290855526161377612202206848993409521.42183603426228435520844604
4.6039097044449
8078126192.110775310902563067063403859861561929
849942778667887388418401.5304467154955367360952162
-590661478599221789883267.8918467154955367360952162
93380436177167617142374083853965287698484940482.29913678589047944430057983266
0.1799809342230695900857959
0.06926566720073243305104137635338760104829044042642
498313878080415045395588.8675
-190478370336461432822155.1325
53008677880377149887711732503218821807343771298.46
0.44692069118298626
1705958.99521392977990128
1082703898680094605935757.9003433
-532646677347981994354161.9003433
222133812331807832788780260631114737086860628778.1809534
0.34051878861
1283131151292.667338073160870187
1325169756618600747692071.3208056763561455
154924849317158770122834.6791943236438545
433018293730164297475626220495096061550001040123.5017792023024115
1.2647
42935835812924391546.20967706111238278615
875532158388647287708856.730693522545204852368
256809338521400778210116.730693522545204852368
175151381005220984881675638993732293016598088957.78786610192569100816
1.83012725658478839893459
2.3352745076137393786597
1092057679102769512474248.96131837949
110444800488288700694285.03868162051
295097980133107403880108777229783656106547217642.04156948383
1.22502720348204
2798504615.5069504844762388218806404
1003418020904859998474096.7770885
-567742427710383764400701.3770885
171129065113536430600447035540636230642298822465.77064645
0.27729
4256198977645532921.309914129835
394201571679255359731440.82041657094254978255
5371175707637140459296.55371938694254978255
38841507396478197489358203959028424930210229969.1593171083735108059929486696
1.0276273447924024
15588616.7696650648344115902125792
1462546730754558632791636.593441977569237811
-118074311436636911573967.990558022430762189
531275349154902874090384071975738050407264852954.453874426352543862812
0.85059
5983520256351567864.499889697569237811
1400473029678797589074538.91
81635767147325856412603.87
488665077094994466290736329077144903237841158891.2528
1.12379960661807
1601434348.0585220217849136
1273426413366903181506064.187777523428
-93293659876401922636758.890455481772
403227780821840301954702949448425106544561270203.4364063044297371161528
0.863
326665140764476997024.4904034790842
1870481422140840772106506.100677500572213
-113588158999008163576714.620677500572213
871449620177309555034311583644909463340197206332.06447617878607262
0.8854998
22928206301976043.3339421453788055029426
831647211413748378728922.6443579765651865415
538399328603036545357442.0495307851651865415
100440811803015841424779622940412760348772897182.88475059075399361625876227155
4.67197419086273
418554970.626382849272903927081739
1656122682536049439230943.64028374321
-42145418478675516899366.70844594321
685241525827914427633382950242642128326574804375.210605475427075669
0.9503665899942495687
14990.463111239974381670652014376473
403967345693141069657434.554443147173266
-154604409857328145265888.301936852826734
34821773209757259137395792289548831899816560509.27752395424294676854
0.446429547068786537726055
0.23400097243050375913372550955
225558861676966506446936.5257953765163653009842063
154879072251468680857556.8757152666514076447699697
6722318264883313449280581649533795668774308151.8582247938918788457410852995602520326604537755104
5.38255613126079
158083466.849774929427023569695582116010647318543
1572732127870603494316012.365
-239368276493476768139161.635
604047293561234689455473625060274318143528278544.255
0.735811243221395
117341878.683786227376135
1014114595254444190127411.8149095
-125398641947051194018463.2949095
253175898226480102858869272942013889361403996260.90437947
0.77990840675
5519951171129.926758291214560875
1889875638971541924162659.2835431448844129091259
-89219501029983978027008.3795376516365300984141
890917452853513640092293006425617544939097176955.022008912575007443974332726185618405041743
0.9098380878951426368542
78.278782330052643625549519827328343503759666
502311741817349507896543.3292286560304417486839
-113054093232623788815136.8366674300304417486839
59883964492732199584630141657231517521863129947.9718808883207963023083628352307
0.63256298353501
890516517.891203173463873375143059251962926661
1221164263370717936980238.345479514763103664
-538597695887693598840313.797253376058594664
300288670029553920883210726066436677687266585832.764715180262781749785100282840238
0.387874373515078993462
10.589761196307316680734744871552175834232
118684672312504768444342.59890704966811
-114778362706950484473945.10529295033189
227994724059588558583511072360811149872124052.879566912051926531
0.01673202614379084
1129167.620356205793335705236
647989623865110246433202.678644998855573357747
-82795452811474784466315.321355001144426642253
103258866407647476709079574470591134124095732846.020885511181511932973
0.77340683203875386
1044327.694508723058253617747
528007934691386282139314.34188612
374654764629587243457693.98711388
34606546609352956177042514056186549368969243990.24054449674
5.886169154228855
55313954.3755018109951118195074
182986190585183489738307.5914854657816424151
4486152437628747997253.3715724422064535849
8365955095295863115246013400472796840960740679.4100583909925460257211850434413248
1.050265002
50385290302891.5846494239215371280498096698
393011367971313038834210.26868848706797894254978
139650568398565651941710.33131151293202105745022
33738913525160089195252066827196187207348052019.667745428174039395413734
2.10238496
947280079346913.7974288538631265735866384766912
494590676737621118486304.06271457999542
-401663233386739909971769.93728542000458
20821646115271834375942874806644111323613041752.29250429101054
0.1036842822119313
24133669.0806029176862619
1225513084611276417181656.4856946669718471046
754009308003356984817271.5143053330281528954
233338070999436072792274410745243260119889669942.4813205770145519344
4.198317152103
131990539405.4795757991911398489381816490262
674280918593118181124589.239505607688
-439871824216067750057220.892240787368
65291883859902015239242199314388057714291231209.93523285000373239408448
0.2103922427960994850443
41.1322194247323740015022377442695096
1.57184266422522316
0.14295733577477684
0.612563140306706337384
1.200096302940988023
0.00000000000000000040310011193778732
0.99231652
0.85469652
0.0635464836412
13.421109
0.00000000971
1.57970550087638056
-0.08853284504361944
0.6219078512118947127438216576
0.89386067613162
0.0000000000000072734950048
0.3346456092114
0.2570687418886
0.01147583642707034905877
7.6274586938121171307
0.00000000000000000000035653665502
1.17351805142290379
0.63891805142290379
0.242232085145342183067
3
0.10431805142290379
0.49274433508808194094758
-0.38818951705191805905242
0.0230264696530986495765598256054106
0.1186863437954792021816785
0.000000000000000000000000033431991505
0.9916075379560877393759
0.7359884031440877393759
0.1104016449421874418249782514219154
6.7584765998
0.0000000000060759532571
0.70389867975898374914168
0.30005340624101625085832
0.10136032619240100709544517277224
2.4
0.017361714778439002059968
0.944140535591668574044403
0.555859464408331425955597
0.14560540169375143053330225
3.86318085357
0.00000000000044083314259847137893129
0.5348897535667963322423132
0.1846646829938201322423132
0.06300150083138500681773097158542104827292
2.0545486232136637209907
0.00000000000000000000000059810994423933
1.399328603036526802471
0.125597009231726802471
0.4855864826370507850760642084658304
1.1972111076503211972
0.00000000000000000001689918044672
1.345330739299
0.645330739299
0.34836575875465
2.843802112282857142
0.0000000000000000003
1.232577093003738460364
0.735010906996261539636
0.244751314198519874875341016
3.954424668179587831218043
0.000000000000000000000000063912135624402852348
1.2522926408178
-0.7376974408178
0.25600983601432197728
0.2585
0.0000913819485987
1.39191271839475089646459
-0.52071412222476539253541
0.416569454636189299626778539942300128103255
0.455498468215471023
0.0000000000000000007115448097220031765
1.172304842
0.173632442
0.3360376044154404
1.347726525735566538136
0.0000000000000000000000146768
1.040536354
0.819463646
0.10279880922
8.4135215822298607750351526
0.0000000000000000000000000097623796
1.1396909353780422
0.7019509353780422
0.201540078126192096314
4.2071592058209
0.000000000000021817
1.411746
-0.098346
0.4958387082
0.8697483332141
0.0000000000000266514
1.0956282902265964742745098
-0.2298619058518348982745098
0.2868912136457543261647058806553600306377224
0.65316694679161
0.000000000000000042901960786875164497222
1.2109712367437
0.0109712367437
0.36658274204622
1.01828539457283333333
0.000000000000000000002
0.8314335851069936675059128
-0.4618600747690063324940872
0.1194917694445590905622949109910574064
0.2857614800133032110692286
0.0000000000000000000000000143509541732
0.6834210444266
0.0265812444266
0.11658944035246952934
1.080936765484064759
0.0000000000000000002556959
0.8208590829265873197528
0.7866483558465873197528
0.013748499566734721904325866932912
46.9884032
0.0000000004864879917528
0.82488746471351180476
0.04625009536888679524
0.169575064529963514762477397377358668
1.1187975229285
0.00000000000003428894665663461034
0.6581979093445487144274
-0.0988326846554512855726
0.1058641470773327229724554959378
0.7388938
0.0000000061860901144274
1.125178149080643930724
-0.734821850919356069276
0.18151567864499885557332
0.2098689775060687427139784
0.000000000000000000000000088
1.1054322117952239
0.2945677882047761
0.28380254825665673
1.7265525
0.00000000114442668739525
0.945464255741206457
-0.046799420157168457
0.222928118289306565400571069505683
0.905
0.000333104448004351415
1.1767910276947467
0.0061493858247467
0.3461998269792091247566571645
1.0105060090207001035186
0.000000000000000000000053565958109
0.98
0.44
0.1917
2.629629629629629629629629
0.00000000000000000000000017
0.639001335240711
-0.234484664759289
0.088334912108033844273
0.463106072085210295299523
0.000000000000000000000000426411
1.080933808369
-0.807247991631
0.1291921445207067421
0.14
0.004670182369
1.14413670778210116
0.02629130778210116
0.327089393307392992020332
1.04703925566469416
0.000000000000000005418568
1.22714362935835812924391
0.04615637064164187075609
0.3759377691309987029831353015
1.0781
0.000038818188754100862140629
0.3432665173571374074921797
-0.0711685173571374074921797
0.0281917360189211871519035560053
0.65655
0.000000338979171435111009417965
0.8814755474174105439
0.6814755474174105439
0.07814755474174105439
7.814755474174105439
0
0.157351
-0.157351
0
0
0
1.0851453349889372091248
0.2179751349889372091248
0.28250680964370183871209732048
1.502727457
0.0000000002728465091248
1.5800564577692072938124666
-0.2563363082307927061875334
0.6077175267051956969558251124283078
0.720826270962567376844553
0.000000000000000000000000082148201
1.07518661
0.01778661
0.288927470707
1.03364216
0.000000000008
0.6832374831769283588
0.5310745168230716412
0.0461933289997711146155728
7.9803386401925391
0.00000000000000000145902504103217092
1.0119325551231597009231
0.8720683604180402990769
0.06587606771896940260922602738804086
13.4702160157094198
0.00000000000000000086461466403657458262
1.6763714045928
0.3145037003128
0.677827127156498409528992
1.461871148459421928131
0.00000000000000000000017193944966
1.537067
0.237067
0.57659355
1.364718461
0.00000000035
1.42822615
0.42897385
0.46395284289
1.8
0.02927293
1.33475715266651407644
0.00275715266651407644
0.44539226367589837490904
1.0041398688686
0.00000000000002647644
0.9923119707
0.6456880293
0.1419425040033
4.72558240894782001
0.000000000000000000598006293
0.5012283301747158
0.4884412698252842
0.00316374122529945794984
77.396178
0.0000000005493248437876
1.284794384679942015716788
-0.424612802319371328297852
0.36760014475290032741585883915821260448644930576
0.503204613214789423883743
0.00000000000000000000000048112412039913387500124
0.5161211557761501487
0.4173647677761501487
0.0230469245147173266156374478
9.45241054737947987121602
0.00000000000000000000000034853212
1.19645990691897955291065
0.40650034332897955291065
0.31656844493449874113069019413161675
2.029167471513
0.000000000000262934404815
0.686054398413061722743572
0.403945601586938277256428
0.07687464713511863889524674
3.86375757247944612721
0.00000000000000000000108025782471962867820588
0.55283436331731135992675
-0.35309376668955519992675
0.04523765629735974372167477198301083064
0.2204817247768233105204681
0.000000000000000000000000018125532094777256288325
1.4439612420843823910887303
-0.0152285038529030289158457
0.5211980403280686215223485493985296261209587799824
0.9791274522106496005354
0.0000000000000000000000066419975147267799750048
1.16121156633713817
-0.56479743648286183
0.2573540393843843743790298197
0.345545202185
0.00000000000085460241915
0.71706697604333562218
-0.09553697604333562218
0.1262644335851071946267677
0.7648621427498403875889781
0.000000000000000000000000012857413683926105742
1.3057145036927962157625696
0.0476691844127962157625696
0.425654503502785992217898820552610944
1.075782936
0.0000000004547483127225696
1.02293430991073472189735
-0.00061036087586785687735
0.2615985574630380696261979236572053454727485
0.99880735859745
0.0000000000000018989782996525342277425
1.027441
-0.252559
0.24796224
0.6053765625
0
0.83071
0.73071
0.0390355
15.6142
0
0.80378422773
-0.37906461227
0.1255947761180267666
0.35906499723159892518472
0.0000000000000000000000035811376
1.502388036926825
-0.478904402227825
0.5069550967569121212418000875
0.5165737346354
0.000000000000000715099017695
1.171374007743
0.244297007743
0.3281090095059286055
1.527026
0.000000166242
0.4300839848935683
-0.2861439848935683
0.025773463492790110551
0.200969532148792
0.0000000000000000128986805855064
0.7515065766384374
0.1553065766384374
0.13516050049591818894
1.5209881806052915129
0.00000000000000000000451
0.79555962462806134126155
0.56240177004654001677845
0.079154841346715147443545981706729690257281
5.8242146
0.00000000695811398488709576337
1.097349
-0.698051
0.1792249073
0.2224005792
0.00000000005216
1.16470588235292687876707
-0.81841763942932687876707
0.171683089964609561303120291510102926
0.174617586
0.00000000040508221560997958030698
1.16896314946211947814145
0.43103685053788052185855
0.29517051956969558251316
2.1682382133995
0.000000000000001373311973159253640725
0.961608299780270084687
0.258991379780270084687
0.21440349685145342183545955202
1.7372193080128787
0.000000000000000008423198
0.40915541288876173037308
-0.23877317488876173037308
0.02759888071242847333485897267652
0.26296453222481277377
0.0000000000000000000013608479656430282618884
1.08217746242465857
-0.88217746242465857
0.098217746242465857
0.101814594435036
0.00000000000000057756345565434148
0.8448004
-0.8448004
0
0
0
0.893965056839790951400015
0.043762874799790951400015
0.1993145834099571221484701729443653
1.1029469830218149492812727
0.000000000000000000000000010375858846
0.284550239715877012
0.099580376284122988
0.017763146895368886799899696
2.07672
0.00000000060700389163936
1.78872990768291752498664
0.09932990768291752498664
0.797422063019760433356214808
1.11759193522305851188
0.000000000000000000001604
0.725429
-0.725429
0
0
0
0.28210879682612043869687
0.24747081712061956130313
0.0045858919800835423819307946215923519
15.28898678414079555
0.0000000000000000000115899708048529050715
0.97045079
0.94914921
0.010222628242
90.115381112
0.00000000000612152
1.67470814
0.20721754
0.690427061324652
1.2824107220857155746
0.00000000000000000000045062
0.643808651865415364438849
-0.411505302510109164438849
0.0612882415557067856565193625432317852819
0.220127241179872640500289
0.000000000000000000000000200757108716294792672639
0.990066376745250497978179
0.341008621347371502021821
0.215986137632058325291828395325188447669
2.050780515328192184737
0.000000000000000000000206980428374439637146077
1.63501942230869
0.30687422230869
0.644779180752269770894
1.4621094
0.00000003156625
0.23434798886854352
0.03244061113145648
0.013466646659037154869936
1.321341513074365258575444
0.00000000000000000000000007851370168267712
0.61992828201998931
-0.36763561398001069
0.06228878254544899243097588
0.255469715996967
0.000000000000000182648284
0.47808041503542
0.38869306476458
0.019369646161089364817258
9.696
0.00003686578696768
0.2160219729915312422098
-0.1683222705424582277902
0.004583276513646338152191861831006140403
0.12410671748451
0.00000000000000123697533838594515
0.787778
0.072222
0.15384454
1.201862607
0.000000000192754
0.03241
-0.03241
0
0
0
0.770279613946746
-0.511120386053254
0.0830216586556801622
0.2022469392020383955
0.00000000000000000000315
0.6673227
-0.5471427
0.036488612943
0.098957121380320921452
0.0000000000000000000002141196
1.053482845197222858014801
0.942610845197222858014801
0.055327724910353246356908508236
18.003586
0.000000051701222858014801
0.37968932532234683756771
-0.18800732532234683756771
0.02720430734721904325932689411
0.33764863643694226427
0.0000000000000000000007553560193308931612783
0.58429
0.29429
0.06369705
3.0295862068
0.000000000014
1.023544670786602578774694
-0.695475700007629510948354
0.14098931094863809387748585816601190654248987108
0.190846470671779576764
0.000000000000000000000564715896451770291971664
0.69790196078431372549
0.58809803921568627451
0.03530196078431372549007
11.7117857142857142857561
0.000000000000000000000000742296918767507011
0.09691004
-0.09691004
0
0
0
0.0511665522231383993286
-0.0401586938268616006714
0.000251323844130884260318774901015
0.12053467001
0.00000000000002899634835
0.092052222476
-0.029227777524
0.00190483717094464
0.51801158436675461741
0.0000000000000000000002576
0.1605703166247
-0.0025303166247
0.006444106019683794
0.96897232617324239233
0.000000000000000000000468001231449
0.178325180437933
0.017714819562067
0.00787151378652619266
1.2205937333738
0.0000000000000067082784116446
0.1189166
-0.0082185
0.0035184035033275
0.870712336
0.0000000000457032
0.05
-0.03
0.0004
0.25
0
0.133120249485008010986
0.017660249485008010986
0.00435227910276951247422178
1.30591112913577015392
0.0000000000000000000001984
0.089530785076676585030899
-0.035358205539024948500801
0.00169138969437653003869778704818237859582177665
0.4337
0.000004112153810940718699855
0.022499427786678873
-0.022499427786678873
0
0
0
0.17509422442
0.01589990078
0.007601295145106869932
1.1
0.007940184598
0.0860914013733882658121
-0.0769298846266117341879
0.0003733805604425116349991881803
0.0561982853
0.0000000000030878179121
0.08
-0.08
0
0
0
0.0951528915
-0.0854528915
0.000437969023775
0.053708
0.000000012303318
0.07331
-0.00669
0.0013324
0.83275
0
0.101991302357518713
0.059208056763561287
0.00172415794271642668025157478502
3.76781510806761471151259
0.00000000000000000000000013671784973850333
0.1489402609229655909
0.0438025482629655909
0.005066134522367910276655655397
1.83324
0.0000000744145563909
0.119038681620508125429159
-0.000961318379491874570841
0.00354232089723048752574954
0.98397
0.000000481620508125429159
0.18123
0.00477
0.00820539
1.054063243794627
0.00000000000000005979
0.105186
-0.001186
0.002765672
0.977
0.000037278
0.02979629205767910276
0.02255130846112764172
0.0000948143767693959038688423142374887648
7.22535
0.000000029144731822727318
0.17913931535
0.00602891535
0.00801363662094232
1.06965399363643
0.000000000000000074064
0.137000075929121
-0.034938582070879
0.004387079071865342929809
0.59
0.000308842819121
0.08435187
-0.08435187
0
0
0
0.044858247959105821316853
0.044357752040894178683147
0.000011163060959792477302178624
178.25520000000000000042
0.00000000000000000000000001025717555504692174
0.177889890897993
-0.017089890897993
0.0078381872281986372
0.8247
0.0000000869764251729
0.05541618981704432745
0.00243076218295567255
0.0007662613722621499959362162
1.09175210209653265788
0.000000000000000000000072711125474457194
0.1216099794
-0.0503900206
0.0030624582284
0.4140695279069
0.0000000000000066
0.04924200579842832074464
0.00617799420157167925536
0.0005966518806744487678339744
1
0.00617799420157167925536
0.104170290684358364
-0.055933470664521636
0.00193072408017120413181366141616
0.301284739430477889
0.00000000000000000002562717254284
0.0400183108181979095140001
-0.0053589684981979095140001
0.000393186664344304570077057149207116
0.7
0.00144762339926146334019993
0.1659967956053930113679
0.0169253070878069886321
0.00681711753281051377126073940301414
1.227
0.0000056931410609750515867
0.04914473173722438391
-0.04909285106277561609
0.000001274158012970168268806374
0.000528114
0.00000000001582296431
0.0580083924
-0.0020083924
0.0008402349872
0.9330723094650015
0.0000000000000000009214114
0.1371740291447318225939
0.0293812466620889601939
0.00448836415409530545383503242702811094968
1.545143115993318425
0.00000000000000000001226061304167014
0.1020522949645227740901
-0.0300236949645227740901
0.00237831216205081254291308843
0.5453572601552751975
0.00000000000000000000400379163391183970525
0.0411139085984588387884269
-0.0006683451590753032730669
0.000422476698747692061296095970165882169348611192
0.96
0.000167299916075379568162976
0.040746166076493476768139
0.023332570476493476768139
0.0002789603012231631952391837552942
3.67981
0.000000006664075476768139
0.0704905531
0.0320866469
0.00098484129176466
2.67100954
0.000000000083267426
0.10405
0.07595
0.0012645
6.405693950177935
0.00000000000000001325
0.11
0.07
0.0018
4.5
0
0.00877851529707835507
0.00047455558107835507
0.00001920928195537651633441218006
1.11429621465142354
0.00000000000000000004089294268
0.0490009689478904
-0.0188009689478904
0.00051190463111314504
0.445414997524
0.0000000000000141965989766304
0.1187715563286793316
-0.0354147563286793316
0.00321311940672922865415744
0.54062386
0.000000000246005951048188024
0.03153833829251544975967
0.00646166170748455024033
0.00023822842755779354543373
1.515352318364366557137
0.00000000000000000000000865694062794802673521
0.076388
0.036388
0.00112776
2.8194
0
0.0724498359647
0.0694132906073
0.0001076934545946137942082
46.71859296495684217570449
0.000000000000000000000000007908082637
0.11181506065461201
0.00238345922026401
0.00312423172783497531393016738374
1.043560711696135
0.00000000000000001671703607751
0.11251697566186006
-0.0522896162355993
0.0024814664615063397944627772156784
0.36544266059292994967399
0.0000000000000000000000000067863293629768
0.11861
0.07201
0.002220723
4.09
0.000013
0.13582359669031815
0.05054092330968185
0.003973416122224765336019
2.1852565428878153
0.000000000000000003525046884562305
0.1398519844312199
0.0047211444312199
0.004884072086152433655858
1.06987515849409209622
0.0000000000000000000002152876
0.123175402456702525366
-0.045473411154345006486
0.00327608716208963241650705560512962284144
0.46073251
0.00000000004940871290026154574
0.08148012512397955291
-0.08148012512397955291
0
0
0
0.178565651941664019226367
-0.015300221255864019226367
0.0079128988207182764934767199891262443
0.8421566312
0.0000000000045617074845507370651496
0.090266269932097351653
0.054792095826657510347
0.001286456430594160765911201232358982443
4.08912594631
0.00000000000014123660041326185957
0.0411459525444419012
0.0250049591821164264
0.00026693535677253909491536015439098612
4.09831726224238989986489
0.000000000000000000000000038204479637450114
0.074065
0.065935
0.00028455
17.220172201722
0.00000000000000007
0.0991180285339519340810254
0.0038010223540480659189746
0.0024524839523803341725795373289102776
1.07975
0.00000025673262439917601282435
0.0739614862287327
0.0187614862287327
0.00127957701991302252
1.67976399379466304347826
0.000000000000000000000000024
0.04182887006942
0.02417112993058
0.00029135271229086
3.737737642589170851
0.00000000000000000000019138952358
0.034038
-0.032796
0.000020751957
0.018583355
0.000000000025965
0.0322087434188313878
0.0095887693591686122
0.0002363646636991958493779866542
1.847814355036
0.0000000000000065888605142010392
0.0785824368651
0.0192156862751
0.0014514891961585902506795
1.6473
0.0000016374466465
0.1615289539940489471122301
0.0125917448691538528877699
0.00648326273489042973098344343450936828214
1.1690879659037349648
0.00000000000000000000437263238793588892699952
0.161377861
-0.004469339
0.0065057097574596
0.94
0.000506077
0.1176897840840966659037155
0.0609384298459033340962845
0.0025343482614193026626993145579284575
3.147558614729
0.0000000000000187167162587139258744005
0.116390249485
-0.045609750515
0.002866610208285
0.4369166603086419753
0.0000000000000000000007
0.1398413030533302
-0.0010910169466698
0.004888599930418854406032
0.98451
0.0000005038717302
0.12485693997
-0.02771801997
0.0037052417069037162
0.636663578599003497795
0.00000000000000000000000399833385
0.15640802624551
-0.00251468680857
0.0061142867560677372537424288
0.96835333653391
0.0000000000000002289312080736
0.0509686335545891508354
-0.0467113664454108491646
0.000103962462806134126800936
0.043583815
0.0000000000299891508354
0.10108
0.0376
0.0022008516
2.18
0.0001468
0.074647135118638895246436
-0.026382848859388113221564
0.001219035016870753901671941092987777432654024
0.477722398429240296031368
0.000000000000000000000000027293889211135187888
0.13911497672992
0.06065918974588
0.003918359862484877439411558
2.546327991285580944346
0.00000000000000000000002462078488108
0.082816815442130159456
-0.082816815442130159456
0
0
0
0.103383292133
0.065723292133
0.00159213849086439
4.490350086723313
0.00000000000000001621
0.11723048752574959945067
-0.00276951247425040054933
0.0034338292515449759670402
0.953841458
0.00000000004574959945067
0.0905
0.0379
0.00168846
2.441
0.0000017
0.15270633707179
0.04014633707179
0.0054268742504003412
1.713
0.00001869707179
0.0745526
-0.0174474
0.0013134196
0.6207086956521739130434
0.0000000000000000000000036
0.08784161134745937
-0.04177157244745937
0.0014928211048461889935347465
0.3554425371796637
0.000000000000000005588090738986131
0.14561684
0.03726864
0.004953828141034
1.6879420239560971017515
0.00000000000000000000000406385
0.1118464576180666819256885
0.0731264576180666819256885
0.00179053781948577096208132936
4.77
0.0001392576180666819256885
0.122519264439368
0.041210040360632
0.0033281756830597164356832
2.013
0.000026918364752216
0.1032471194
-0.0698756394
0.001444340670709756
0
0.01668574
0.11004196228142214084
0.06100862131857785916
0.002096795396888075074321697112
3.488454595203
0.00000000000000518654423614560948
0.1926039520866615007
-0.0041489280537215007
0.009269767188851510442463312416529
0.95782599928
0.000000000000629792501059680504
0.0973851377126726176852
-0.0953851377126726176852
0.0000963851377126726176852
0.01037504353
0.000000000000585976958877002163244
0.038107881284809643701
0.036966506446936751355
0.000021422004281432174953514333832368660344
65.77540106
0.00000000000543221184782285662
0.14047999145494
-0.03395199145494
0.00464547256885592416
0.61071369
0.0000000000315451238714
0.11918905310139
-0.05744494689861
0.00272652711375546063
0.3495595763147525
0.0000000000000000034575
0.14751199279
-0.00341499279
0.005437031460280315
0.95474642553978715
0.0000000000000000005478403515
0.131345082780193786514
-0.009068436713206686514
0.0042923235565286308620834177286934847
0.870832427733101456052
0.000000000000000000000040474431213823317272
0.13233949034866
0.03413949034866
0.004087058976119206
1.6
0.00467949034866
0.0607827878232943091477836
-0.0457648584725656908522164
0.000400031256139411810482946600934427948
0.1
0.0021815823605713091477836
1017975127794308384832531.216708628976858
732021057450217441062027.191989013504258
125104633064325986027557762203651898253496699423.1630576111199888345317288554
6.11985058697972251
1240558.480201419089183409669674745887
195834287022201876859693.0978255893793
-93507286182955672541390.0033875028607
7401863851048243405369883788854835761908142492.681846044781394040568916
0.353654677
112352178225375.75341420603714579676
1107225146868085755703058.3266651406685282673
-518348973830777447165636.1643396657314717327
239315466796408517300330338989475175777337555433.55807956009343132708928197536
0.3622573499042541208275447
0.06118562603613144447552370339457696
583794918745708400091552.90862897688258182
366872663462272068360417.09137102311741818
51555238989351683602323918537078093123326657311.4133267561325927
4
41489280537117570763713.36548409246967272
1103898680094605935759516.71100860013
825055313954375524528876.87388339987
134469006207564992772221214315293808252769137896.65577360370261798
6.91769727
671549553673609.5216288787565973549
1025131609063859006637673.49993076
232883192187380788891431.82632124
249165058674618029235794168089094471197257352927.60089451327976
1.5879
1770046540016784924.086363721596
276585030899519340810253.78128
-3173876554512855725947.95872
19122301456326195534964743131347799321497992627.2008136
0.97730991
839703974975204.0941493783
1274998092622262912947278.8043488212370634012
336385137712672617685206.0418860151029365988
378116293829108699016805175639703931424145998837.677668967693184776079442879804
1.7167707114059045389517
23.11436636911224460218275166762028111547796
996139467460135805294879.6020141904852368963149
753551537346456092164491.5024948504852368963149
106113479798638887563168741904696139562073755205.038626011524383831423053640083
7.2126053591646748018
7504.386968798222242653320016594
1252124818799114976729990.3554083
-546089875638971541924162.1150883
317400602394332277478170258660841737048424937321.413973635728
0.39263106087605858493287
7.644612598522961873806016718379
1399389639124132143129623.991575211718928816662851
-439688715953307392996108.509775211718928816662851
441241298787825139944654399410502539709765067933.4151768350717494472097133059
0.52183
7332570382238498512.24531015426871137560082446267
180315861753261615930418.6798352020730144
170824750133516441596093.5195696960730144
833178685410757426495347408332812536904034552.3311726202947029418806432
36.996784565916398713826
1.739528514370361464490463457022
381994354161898222323948.652640192
-265384908827344167238879.722640192
18872634194566988407107383371128664859186801703.96517921728
0.18012539480507236128
2553.74967231255226316963552743424
1716502632181277180132751.773998626688029036621652
-64621957732509346150911.661936369878691036621652
735551322216017678299244968731042124894763098480.245476979509271275444701493443103293188
0.92743690351763960043
1585.56496528572518475493852328610158189163348964
1294346532387273975738153.8899061570099702449073
541924162661173418783855.4129091325299702449073
345412786956736633187915572500625440925684657509.647784962981016993727159486715352
2.4404786047454877
11543450.064850843074053124604080552
846051728084229800869763.40205542458228427557
666910811017013809414815.84335542458228427557
67758374185735103321663777287106854930190032321.3366595559191549847754795
8.445655
78583962767986572.06076920033228427557
870954451819638361181047.34305333028152
-119325551232166018158235.85694666971848
186080767491896620574862146510977377252833180338.775222325503232
0.7590064408764522789608
15.33255419400992184355072
385839627679865720607308.6856488896958113
-22522316319523918516823.0491187916958113
37091240888935177033438494246282887199694828684.1040838071036008274892537
0.88969
886701762417029068.436712319771343644503
1461234454871442740520331.185442893110550448
-275791561760891126878766.795239185168229552
514786286641232751546887117483604628019787172598.98563950293587806553306552684672
0.6
71613641565575646601052.800897230487526448
987121385519188220035094.7632410161907072556
-114854657816433966582741.9313801785907072556
240304259331797919721606598832560572820986178212.93152277026403764164990664528
0.7915478135644
47003891050.58365758748844006413927282213936
851239795529106584267947.4341496910048065918974593
17853055619134813458457.4341496910048065918974593
181072614474373816198311074134526747873837727072.0973601511428995176643785
1.042844
244876783398184176.5393696910048065918974593
1444403753719386587319751.3594413884184
195361257343404287785152.7763333884184
512034045721964636730704580427813956068514633989.8441884895445381936
1.31281763096168881939
92.77485330439245665034156794
1924696726939803158617530.6914
-72220950637064164187075.5362
924810406245467485782881524412014087219356076844.11113088
0.92766757343277195341871
1.981565690696977034411820802
1034485389486533913176164.37331197070267549095902
247882810711833371480887.82719157701991549095902
252178533303676789212142270656432306680845639459.7425500200534437828613630293510202476
1.63026188166828
1266498817.4258030060273164051780825736
1286274509803921568627449.6941175614
-362798504615854123750667.2194095614
380719839904954699407658258200748213061544622694.3461923657525356
0.55999703901102968391
3650.568398480080026690916152122926
1038147554741741054398412.02357518883039594074
394979781795986877241168.44609750514991985926
230435329347162708165897064127515130102535481396.605217932378783557142542969959232846
2.228232
161745632104982070.64927121995880061000582832
466025787747005416952772.8612039368270194552
-189745937285420004577706.3792629892430194552
45294128532223600679907092601248607358241076725.6650236678118935780074817181184
0.42130491437081161578555
1.55031662470372655834990438457370831896764
1084122987716487373159379.3991897
811017013809414816510260.8808103
129393513951745622151168031632764332232598694726.841640558
6.939211085037434350206
99.2747985182039363928464119218
360860608834973678187227.830837720302128633554589
39261463340199893186846.690837720302128633554589
32169729126283505723201288701103253360959066605.62824790147847837899802573
1.24416397798443
1169756618.609424660809303533554589
1955642023346303501945523.3361867704280155642015
-21530479896238651102464.3105058365758754863805
956018040478365388659259478076646799261827497633.4068415873063937379832142606246877318354555
0.97822
928664072632944228.27496664591439688716033798
1368841077286945906767374.8423437857541
294483863584344243533989.1767910276859
446751287239130986886466471152290790481688456118.467875596821228115449152
1.5482047494602886
1916533.15022507056375367344042475874
950682841229877164873730.643121995880064087891892
422323949034866865033950.901396200503547722590908
181360086670126752039304698324383719660928397779.9382831344168426352509132732750944420470887688
2.5
26054779888609140154116.09510185397116044861517
834622720683604180971998.8514305333028152895
184893568322270542458228.2514305333028152895
165602363568589859325776399852736759479111440221.25207518279698779435
1.5691404415218412400187
28.65493966862980541374489
1256992446784161135271227.7856
-51804379339284351873044.8144
394336579388425923039707160758659838303845916732.68728
0.92083663666464580515786
0.310700278541016481063682
932127870603494316014342.5484540833142
455069810025177386129548.6408340833142
165443458789863401601535709057701658737636335364.734555241929117102
2.9
1864652475776302738994.4285950833142
1684275577935454337376972.4516823063014419775692378
-96452277409018081940947.4888075083014419775692378
706870295153105634429632745359387179235862480414.6042764693079343788016037888444822
0.8916709511568123393316
17.39528496137125200274660655669227632637282654552
964461738002594033722436.599359121
362005035477225909819179.400640879
199784699590029186735752004808265947593094775110.296339768
2.201
229785610742351415273.452810574679
920576791027695124742502.989
763286793316548409246966.411
66213724831847342444355814179738655808697338627.9283
10.7054714784633294528
4101.5338821067362364377408
743938353551537346456091.420553900670634012359807
-157808804455634393835354.995925839329365987640193
132135163780313881468204032623437626873117845139.51790097660733903770684560290509
0.6499932313
23614862287327.382314794783842081359807
1024002441443503471427480.47443350881155642023346
104402227817196917677576.76292057679155642023346
259420293727265467497540670870319391217022774831.2150631483046320779670721887546946
1.2270600338499319
31392385.748073548486190822810295281
451377126726176852063782.260151060224
-328511482413977264057373.593820100224
23955379113437556050230947800840332641051019355.24977659348440746752
0.157542555272940716
39978.637369340532588327691985999616
568780041199359121080338.18150606546029800869
-467429617761501487754634.46047150377570199131
26255071926520318012824755495195163071167448997.25527048100657136647556470233042
0.09780880014
708628976882.58182650492041454044348
1096879530022125581750208.7146715495536736056763561
-487861448081177996490424.4758983749141680056763561
241283977714423790397268973265601996267037380254.23231978397499895658672201396890145677208
0.3843013403173625019
20398.26047150377660791556669262451691390642867341
1280292973220416571297778.53202100022888
593331807431143663691156.80347899977112
321776865892016639121087146004510471753451137755.87146609400979462
2.72741003998223011994
2298.0086975852597993806582034301481328
1482383459220263981078811.3657128976882581826
287357900358587014572365.6239871023117418174
528721539317835105574950173671629218061743392348.64788648036969093045961
1.4809234
22931258106355382.61997395662165255214618716
1637415121690699626153961.893522545204852368644312
-231082627603570611123826.731609063859006637355688
656932274990299542795719610278488791502171665956.512830812774473140931674103786362656936936
0.752654101
185763332570382.238498512059601739768470197
1394720378423743038071257.48299382
279530022125581750209810.51700618
466776975180235190458279741172975147469261182364.13349988
1.5013135570029
430304416.732295719988681577922
1618646524757763027389942.60512703135728
361699855039291981383993.00512703135728
622297446743734681058762447005978906674843993056.572550321636544
1.57552
881361104753185320.94823103135728
918028534370946822308689.0949416342412446
106950484473945220111390.7528953994048986
207834495947514273376046653506503848117942775290.0851568844164718204816315201868
1.263724272867517
10543984.130617227435721944251682813559
1318486305027847714961469.651224536507209858091096
-270344090943770504310673.415472648203250141908904
416330052259443257350283810615204541355924003190.72872766178645148849016966432653203208
0.65969421
594796673533226.520180055863584363872796
1058381017776760509651330.291279
593377584496833752956434.899107
192018355251718591434763813519944065311826878800.442428514598
3.55214281026
1043411917296.10131971355735764
1763729304951552605477987.09718471046005950467
207583733882658121614404.30908674753948272467
766912513643055155147387118928547735251529097229.2913715574800526935917286080099596813
1.26679217901198
1950408178.8357366292820610763356039350878
1165484092469672693980314.696258228
21759365224689097428854.788658228
339469924956218790391709775624015441681821057100.1361048698664
1.0380500040024548389679003
0.00698320369013305501059799386
920958266575112535286487.134836346990157
-378835736629282063019760.134836346990157
176161903356396319861998524204313169124141935628.9844938738030695
0.4170834213801
2455176623.0981383993286009696219443243
233707179369802395666437.54
111207751583123521782253.64
10562970419203819582200694264792506727075489357.0005
2.8156452416
3320363164721.13623283488
823041123064011596856640.666238507209887846189
650431067368581673914701.417165492790112153811
63584029214059262527525005644116234937456782723.466367644353209300780773678
8.53
554207675288014038300.14440559349965667200783
657663843747615777828640.5264362554321
165682459754329747463187.4439917601321
101267763475660821036313004029177385700759519299.349983586162692753437065
1.67
868696116578927290760.6613728542066
1567330434119172961013197.486338521400778210116731
263538567177843900205996.532338521400778210116731
596768028331511057793593717974643523223053749855.412745684235025748857280687
1.40426478161134778334347
4.19142447447068879296989581
1526527809567406729228654.91659416179903868162
-219653620202944991226062.18974596179903868162
570509860128601294918991957488921496484537078844.361369450338171393252935042
0.748418329
782452124818799.11497670469553673609559658702
1119478141451132982375828.589837491416800163813229
155535210193026626993209.579720759899290436186771
307260026894273483036014338529756626517221866708.7249748805031558659586602900290604212737
1.3227062622680934591274615
0.0161898222323948841916540554000799743569591118165
1514946211947814145113296.376607919432364385442
-141390096894789044022278.376607919432364385442
568767716398778395793193227921075849638480684410.580823879960638079978
0.8
24243533989471274891279.0987136644541084916464
926436255436026550698099.3253376006
-627176317998016327153428.8379949594
116233500382194433968200731936478075128899239923.985507468696089368
0.19262198475681621749037
3.7238117046013732999812105462764
845716029602502479591057.36745250629434653145983
261112382696269169146257.46376745250629434745983
161763981582324480836285814484202828944891326008.79799825382165765871651364876857440588436
1.893297
40711070420386053.253986378759441521554506
1496543831540398260471502.2800640878919661247
-92835889219501029983977.9341725795376516367
557756234348610114929352215067674670179070470601.2154099496541337850213453710915367908
0.8831797235023
3295948729.68642710002288523672048545312439
632242313267719539177538.08752574959944
-544258793011367971313038.28995193408102
25878177228981531187490106846841173784647625998.8496167937113849259821310183
0.07478
2383764400701915007.2480330171663976006
1435034714274814984359501.1208509226
-372091248950942244602120.6319529226
480218183406981950749471448141434106097847770668.3826949675776474
0.588195558
504005493247882.8107113021040201892
1355138475623712520027464.884275577197756923
497062638284885938811321.697184711197756923
397332255434256983803846114538644384709980078588.885301899243935603490782659
2.158
236728465705348287174.791859099783756923
611841000991836423285266.802303
321828030823224231326771.632303
67694032267784553298071201329894716489451236292.552963255
3.2194043986109649584
4956.131000293761967174536
1019394216830701152056152.18118562315175097276264
-666605630579079880979628.53916227684824902723736
148700375647036459463596594469088944403229252351.578387406881581380905862461228
0.2092459182
47650873579003.58587014627228008276264
723796444647898069733729.344106202792400997788
-699351491569390402075226.278599221789883277788
8697196131151659921560786708213536128486845498.40731890376099266240158377620557580168
0.017176677460167
492698558.022430762188143237981248025404509404
1323002975509269855802241.753215838048752
-279346913862821393148698.889036391951248
418075543730424784707592990665905583223949735499.35435919720751168535848
0.6513284449100085706123226
0.028793774850534079675939672335301
562203402761882963302051.77624127237354
-121583886472877088578621.98873927237354
75322506156797632021463019350338979388949814541.60653086607168374854
0
220309758144502937361714.893751
1857038223849851224536505.35279823758297093156
-124681467917906462195773.12620176241702906844
858261374099311551746072139834567000863927002482.25923520428011198494862
0.87416841197
4823071641107.80503461908615593156
361745632104982070649271.0199588006408789191799
-202014190890363927672236.0076447699702449068201
22512542256486159725450254305013924017556649645.9090898587174881156650184519912630661487
0.283332431115682
97871366.445410849164568453420881483780334
1175234607461661707484549.06509498741130673495
811123826962691691462576.43767452506294326505
180813629977240866734097281409175037867676410002.68236419841597106688224026610001875
5.45536836
1477683680476081.483176926881208314263863818
1548622873273823147936215.7398440856031128
41519798580910963607232.7348640856031128
599127227488168073277344784823965767344217888921.846646173702292950872
1.05509881743
562752727550.1640396027027121
1308262760357061112382694.9609049347676813916
-292195010299839780270084.3953750652323186084
406543381523238409399416972627949216061201477281.454205022278678391299624
0.634
688761730373083085374.2268241747676813916
315709163042648966201266.183108262760357060181963
-226413366903181506065460.977523460746166169818037
12102315729163805309013825328129246651308530766.206015011433876038003850501512052418250245
0.164715154244539518126
148.56183718623636224933293226115908746651
545952544441901274128327.828198672465094224
-258136873426413366903181.247928587777524224
57857383840055507588068623739901513939261302713.88601971382506007388148169957284
0.35793988158494
13427939.26909285114824062099407903851344
1561379415579461356527045.0549324788281071183336391
-240863660639353017471579.8308537422751201647973609
594972594094667719256278483443288923083440742792.88804589225052464020329779910478018285784576105
0.732706798746930827194
890.058747234302281223772721420804986463867793
1110185397116044861524375.177294575417714833829
-323704890516517891203173.552849622339207166171
281931689956349848939815528891123199930282760621.835615032095898256079645865361257169
0.548494200276684
34485389.486533913176165861796711896676
1269718471046005951018538.441886015106430788
154345006485084306095979.093385214007781212
397090653672131584016337337548034675058620834266.909779388386341118570231967343528
1.27675933019
3294117647058.82352941176141087561635625028
1159761959258411535820552.742732890795399404898
269703212024109254596780.076676585004600595102
318076994891696947070431601340700703839789024680.0056476193222631853675510662342
1.6060346305
22392614633401.998931868418539711604720679811
1239856565194171053635460.7270313571
-565072098878461890592812.4356145571
304484456331044381092784832459648330942557303218.54303323836230964
0.373856584
800915541313801.7853055610578154536
1476157778286411841000990.360265506981002513
318669413290608072022583.033737697413595793
519372897857123760289601156737222965935093812879.87777031847122413104208004113125408
1.55
360112916762035553521.018942549782558945
909040970473792629892422.986587319752803845269228
-643259327077134355687799.768734264133669031810772
103143231032051751868605679843689499475617372941.88787629148769229262111159736068864884364712
0.171
169146257724879835202.563346532387273975738888
267093919279774166475928.6257741817349507896
19928282597085526817730.9634258182650492104
17735506317240304081676559764537933923196330141.93835034769247807581616
1.1
7570000762951094834821.08030840009155413144
1740779736018921187151901.82220113847562
137392233157854581521324.34570913847562
752859365900500664609159464091478350659859506354.80481229643763256252
1.1713774529
31844052796215.7625704841820066
802532997634851606012053.82476531
-654367895017929350728617.64119929
53965467565646231364736041001019750089806975119.343875071770723
0.101698
597817959868772411.6884101760546
603845273517967498283359.432776378853055
312458991378652628366521.393499656853055
66749623264156015634798606701842197429306536572.366430270657467739042855
3.144637620444072056975282
0.113893340006272751835948844007198
1020401312275883115892270.2850073339436942
322606240939955748836499.2577713339436942
234286012850233887556445295549759271533103968919.3285180525342593276156
1.924644653400393614694
330.968186242412196090218097108
648874647135118638895246.1613527122911421
-25726710917830167086289.7386472877088579
105094111010018781333157608662660180947864957753.530478158861575695
0.9237276634
8285648889906.1611276042611421
1853910124361028458075835.4849164
57129777981231403067063.3441062
858429734419034802660022880469565284885339254118.74973540952763
1.06359127658128948977512
0.532234682683328701667113698888
828671702143892576485846.4285190716639963378
792202639810788128480963.5779812716639963378
14777941852718726195432486616455290792374742363.79024417401061946198023442
44.4451882845188284518
1510.64316956235033628901431098
344808117799649042496375.6374914168001831082626667
-101396200503547722590981.8166628519111924925611333
27152862155995249853793846764391580496180619774.65339185791653790011516655303728735313999080373
0.545516722522399288
154909.5902952620737010756061851165227373332728
1047775997558556496528571.469879606317235065232318
-887647821774624246585792.962120393682764934767682
77478971389648274655688258331694666657516143120.871747526689449025498056688
0.0827354578
27188525215533.684360827832435065232318
1087724116884107728694589.589013504234378573069352
-303501945525291828793774.015564202334630346930648
272757580878418710832215181174160372087295250335.67748162015188367409669714714003093330992
0.563691403250926799306819
0.64464789806973373190773681587507808608726
767681391622796978713663.6863844586861
302494850080109864957655.9117844586861
124457896179731510018172795599311419238550459627.95347901205047653
2.300531
91050583657587548.6382303023861
1383672846570534828717477.8211261158159761959258
218677042801556420233462.8211261158159761959258
466682724322043269531190557769858267412746338167.7762364937442987130435
1.375412584
280521858548867.0242037358159761959258
515236133363851377126725.6607
240573739223315785458151.8927
51898137279961123546684146907641988141235816273.8148028
2.751
106813153276874952315.558816
1.7687953002212549632
-0.0840466926070030368
0.7803932418866558547865446152140528
0.9
0.0085954070344098632
0.891438956
0.157038956
0.1925005446432
1.4276
0.000024236
1.127305821469
0.190066178531
0.308673315724129734
1.4055871515105623
0.0000000000000000413061979813
1.263630116736
0.167360956736
0.39218784552066193088
1
0.167360956736
0.7259779413290608
-0.0577559413290608
0.1309270556343938329488
0
0.334111
0.9750743877317463
-0.7750743877317463
0.08750743877317463
0.11427599916
0.000000000002629445515866892
1.281046
0.499754
0.3478311984
2.2
0.0309788
0.9128706488
0.4058133512
0.1671620863570896
2
0.1522847024
0.5658655602754253452
-0.2874799802754253452
0.059389773311665522235101108
0.3262284
0.00000001482948043031595632
0.81386968795300221255
0.07386968795300221255
0.1642317845426108186435
1.199647
0.00000029795300221255
1.78031585355077
-0.12846571355077
0.7882552747115245608039
0.865395060634576939
0.00000000000000000076834082230697
1.141145952544441901274127
-0.744930189974822613870451
0.186823274268159084459616755556774461172847167182
0.21007410763405715
0.00000000000000000023956606109472551768365
1.2893110551613641512
0.6934157320515754888
0.295374404876171964607515446761884384
3.32730718017
0.000000000000008845192609947696
0.9722586433203631647211413
-0.7502093566796368352788587
0.0956181976653696498054474063642
0.1289134466595178136501128
0.0000000000000000000000000528048
0.986587319752803842
-0.199740596627756158
0.23336455838895230382820367265576
0.663262
0.00000024832532234864
1.51535820550260929274433
0.05314717330260929274433
0.573371467238507667658499369998713
1.072694258
0.00000000029001273894433
0.8124666208894
0.4606546120394
0.11197483461656747425497
3.61875433726770012160146
0.0000000000000000000000005391535395
1.4733043411915880064
0.2579842832075880064
0.5260174478479615472594794815488
1.4245536499011
0.0000000000000261624673088
0.841464866102
-0.038535133898
0.17664454108488
0.91242015023
0.0000000000008
1.125963225757228961623462
0.814557106889448386358338
0.1510724763433790772778377315490347946853316858
6.2314778518228
0.0000000000000022705423657419516659864
0.22333104448004882
-0.22333104448004882
0
0
0
1.34239719233997100785
-0.47699702449073014419
0.3936260151573067259354555862604516427166
0.47565291779190499354
0.0000000000000000000054418721200466210892
1.10452373144121461814297
0.59380426855878538185703
0.21684229098954757000075697708
3.32536377293098296982381
0.0000000000000000000000011109936295083497098843
0.2232547493705653467
-0.2232547493705653467
0
0
0
1.0664377812804
-0.3697718776804
0.25013957495474339224472
0.48507256531340097647977
0.000000000000000000000003913089788492
0.70485999847409781033035
-0.30485999847409781033035
0.10097199969481956206607
0.3961
0.000024954604409857328148365
1.6301060502021813
-0.2591744869153893
0.6475185800594752803054675268788
0.7256368423603
0.00000000000001325479024705641
1.193621728847180895704584
-0.533455405508506904707408
0.285039540477471873796537344708384078137927133648
0.3822448402601074
0.0000000000000000308110167774509189160296
0.383596551461051346608559
-0.014358739604791332875441
0.036735035222443202709063048297633281697487778
0.9278374233128834355833891
0.0000000000000000000000000112231510254671203878
1.14282396192874036
0.40968996192874036
0.28455018576333256754412
2.117640054693249419
0.000000000000000000225427
0.587847325856412603
0.253552674143587397
0.0703188799877927820821
2
0.086405348287174794
0.3920500495918211642633489
-0.3527122911421377889677489
0.00732432026555331571460915761302947005854687742
0.052819
0.0000000781872281986724433226509
0.7449378194857709620813
0.5449378194857709620813
0.06449378194857709620813
6.44937819485770962
0.0000000000000000000813
1.1240711070420386053253
0.4132753490501258869307
0.2731848348885527061045769023456767551130544
2.162
0.0003030136568245975434374
0.8385354940108339055
0.7353845059891660945
0.04058785076676585027228
15.258409349112
0.000000000000021973703404083084
0.78762493324177
-0.38762493324177
0.117524986648354
0.340353155024674
0.00000000000000014511284256702
1.566903181506065446723125
-0.240222781719691753276875
0.599369648839170801849393410793708437625
0.734
0.000124971389333954323125
0.3491766
0.1846234
0.02195962454
3
0.0200702
0.535194880140383001449
-0.381689119859616998551
0.035186743877317463950282458
0.167421
0.000000062058383001449
0.7122148470283054856179
-0.3678187228198672465099
0.0929898438676785632259962099608350025035006
0.318875
0.0000002098115510795753738875
0.67867551689936
-0.27867551689936
0.095735103379872
0.41781957284029
0.0000000000000043876307167856
0.587326390478370336461432
0.494673609521629663538568
0.025062577248798352025634712
11.6780088932806324110674
0.0000000000000000000000000428949289686499474832
1.89362860776684214541
0.09489660776684214541
0.89420598449683375294881006
1.105515004755
0.00000000000035681541
0.7874723339665
0.1281605339665
0.15092188857401712735
1.38877063618912933152417
0.000000000000000000000001366897
0.144763866
-0.024763866
0.00508583196
0.70784879019
0.00000000000007272546
1.783077744716563668267811
-0.120149538414587624932189
0.7912325830305671318110016659934780167315926
0.8737412609839
0.00000000000000092164584240531026
1.479336003662165255207141
-0.177336003662165255207141
0.539246738384069581139848791
0.785912959381
0.000000000000036850537880696525860279
1.690699626086297398
-0.035248340513702602
0.7143056950348439762104854534
0.959154805132231844422
0.0000000000000000000000407738474
1.484154
0.317846
0.525421754
1.5
0.026269
1.68368047549774929427
-0.27798886149774929427
0.68937553411387808041487862589
0.71
0.0064531923665980010683
0.83
-0.83
0
0
0
1.0652469942015716792
0.1883110057984283208
0.2748225309376668955172968
1.429474917870193144429654
0.0000000000000000000000004167549105169450032
1.40318
0.13904
0.4873954977
1.2199756356099799072887
0.000000000000000000000031391
1.3241397726405
-0.4758602273595
0.38172579537645
0.471266414
0.0000000000405
0.921522850385287858396
0.272861829556727858396
0.19368769643829520653077159753629488
1.84130792
0.0000000024475516132984
1.23873983
-0.02073983
0.38351155647
0.9
0.042234153
1.3894560158693752979324
-0.0758068207827952979324
0.481210336489600713664452444756493596
0.8965280236
0.00000000004413992751964826159536
0.9542
0.6458
0.12336
5.1880674448
0.00000000001184
0.64786755168992847
0.20840772106507153
0.094074646583291369595338667425
1.9484722222
0.000000000004874691780553966
0.9107571145189
-0.3302428854811
0.18010453955897745
0.467779394873327961321
0.0000000000000000000003195
1.266636135431448844
-0.311665535431448844
0.3768079234012359807119932
0.60506214852949707
0.00000000000000000054823873924711292
1.3821446555275806820782
0.0378553444724193179218
0.477222705424582284275522
1.0563202342845
0.0000000000000314259556794656499521
0.852887769891
-0.793316548411
0.02451660051172521488174
0.03618701568
0.00000000000056090751232
0.838462738994430457007705
-0.714142738994430457007705
0.0482549782558937972075989428
0.080071
0.000000663385976958876936052945
0.79784847791251547
0.51531242847328453
0.092753823692070925246821734163
4.647764095916688518
0.00000000000000000010643867927582654
1.30046539284
0.28259709284
0.402837280273218986
1.55527241164696847
0.0000000000000000016437495
0.9361867694
0.3864042106
0.181784363307549906
2.405661945491312664755
0.000000000000000000000074762453
0.9
-0.9
0
0
0
1.3564354924849317158770047
-0.5995880064087891966125047
0.370102866960893252687410257445171847035913459075
0.386931694074328
0.0000000000000003230029679413227780726584
0.9868819
0.7451181
0.1046837254
7.164017110915695401875
0.0000000000000000000000864375
0.7400961852445258
0.0401038147554742
0.13653351186388951458
1
0.0401038147554742
1.2961623559929776058594
0.6295872434576976058594
0.320914188992151053330260062458609816
2.88902115190919
0.0000000000000013157227843884
0.50905622949568
-0.50905622949568
0
0
0
0.5963682602807660028
-0.5106432602807660028
0.023724640650034332795015
0.077438218
0.0000000002711223010681849896
0.5487296864271000081635767
-0.2946974898908980081635767
0.0535644145545968923018234512453796768467
0.3011
0.00003813687342639864194705563
0.714218974593728542
0.617618974593728542
0.0321638864728770885786
13.78714233113309610766045
0.000000000000000000000000265
1.03538757152666514
0.33398757152666514
0.240119931334401464598
1.952345513
0.00000000011756514
1.0245059887281605249103
-0.5761043712718394750897
0.179429068585336079957232125354
0.28014414292327
0.0000000000000072013717
1.0243457694
-0.7756542306
0.11191119246
0.138161966
0
1.27814969100480659
-0.40985030899519341
0.36642233920805676196
0.51439536848910733412
0.00000000000000000000272
1.002990768291751667811
0.325215533684291667811
0.22505633448222990859842721755123503
1.959
0.000222308690014597811
0.713939116502597505149
-0.462989242389597505149
0.0738375058760040054931324596539185
0.21322442629321217425159
0.00000000000000000000000436231844184475356309
1.160982236667429617761501
0.151446236667429617761501
0.331235947814145113298237336768
1.3000313741509557217
0.0000000000000000000304354
0.87251087205037842374
-0.58912031739037842374
0.1035531183709929045543875558142
0.1938864993490113584173091
0.000000000000000000000000011697877289409641966
0.362859540703364988174
0.090119783321964988174
0.0308863677333647684443075301037818
1.660848159338
0.0000000000000695437552434
0.9289345281147478446631
0.0730254718852521553369
0.214396659494926375219319838
1.1706383905
0.00000000000056458381024460125945
1.136671473258564126
0.821328526741435874
0.154360372320134279354
6.2091130359043840139438
0.0000000000000000000000048426488495398812
1.441245136185802777141985
0.282841229876197222858015
0.499297095315338338292515278429656535
1.48832920596
0.0000000000016312657358666267717694
1.368977772182803082322
-0.377782227817196917678
0.43284518226901655603838836
0.567448043
0.000000000387463082322
1.727946842412451361867
-0.229114157587548638133
0.7333267482490272373533964435
0.7658589511644771
0.00000000000000000296545
0.5108262760357060580148
0.1147325856412603419852
0.06194497952014455562371212866539515136
1.579320440711918985
0.000000000000000000086749515591304469022
0.995010299839779349
0.480903334096285349
0.189694370010581039320520514143703
2.8708298
0.0000000181460314833394
1.57543297408758
0.37531090191242
0.58528269568703084233004
1.6254545443567
0.000000000000053335464040214
1.5534447189806973373
-0.4245517610193026627
0.558236574286106660562386352
0.570725463
0.0000000005505122173
1.031265735850225
-0.252567330450225
0.2499296903819882230756075
0.6
0.004199282809865
0.63186770428
0.09186770428
0.0977042801556
1.34025
0.00000020428
0.062314793621728847180894
-0.027212939650568398565652
0.000785647354923295125182513448008602470051113533
0.3920779929097354785928
0.0000000000000000000000019120416163502812297656
0.1131273365371144426642252
-0.0562630655368855573357748
0.0024080654320934172579537632018415324
0.3356994865351764341692
0.0000000000000000000000000099265396
0.0844754704729533836
-0.0433981835270466164
0.0013131756945448996662978372
0.3
0.0013575953729533836
0.0839826047150325
-0.0344914930952875
0.0014658536996947834532441921
0.41773782231270087522
0.0000000000000000000003865252258648
0.0862882
0.0737118
0.000503056
12.72224165898
0.000000000000001964
0.178753337911039902341
0.013107499809262226291
0.0079452373157721514746524910430082814159
1.1582593315
0.0000000000073899443043517197125
0.049845120925960173952849
0.010846112765960173952849
0.00059172447949791714351108880312392
1.5562250568764297
0.000000000000000000961865824
0.1497985043869687
0.0472565043869687
0.0050516036774242722177
1.92170046199544966940375
0.00000000000000000000000033375
0.121179512
0.003080788
0.0036687457184643
1
0.003080788
0.1145967803445258
-0.0546044098554742
0.00253769512241672169730358
0.35456234331531
0.000000000000000067059019
0.02658045319295033188372
0.00658045319295033188372
0.0001658045319295033188372
1.658
0.00000045319295033188372
0.0444113832303295437552
0.0004348821240504562448
0.000493045459492344396123192921983888
1.019777931991427238031
0.0000000000000000000000054276478545900059888
0.11297169156176089
-0.02522010843823911
0.003031637306172274279351
0.634
0.00006899096176089
0.15142580300602731
0.04342580300602731
0.00526099336232547474
1.8
0.00022580300602731
0.076321187151903562981612
-0.041521187151903562981612
0.0010252286564431219958800488
0.295309732
0.000000000013049515526055039352016
0.152500190729379
-0.021504539550621
0.00569846573780318746384806
0.75282
0.0000007050646842
0.046031886546883344777599
0.009364466546883344777599
0.00050781033633936064698251456229
1.5107
0.000001440849883344777599
0.010922407873655298695
-0.010922407873655298695
0
0
0
0.086431677729457
-0.086431677729457
0
0
0
0.09924162661106431677
0.07840390630893568323
0.0009254319819773861289011715342
8.525190392437
0.00000000000000177621233641973151
0.09048476462958724345
-0.02117523537041275655
0.0019347755092698558018135
0.620719
0.00000002285958724345
0.126225680933845169756618
-0.073264667734805169756618
0.00264130274723037058060576726119562336
0.2654815812
0.0000000000001736964980546341956184
0.1465231782177462424658
-0.0472297782177462424658
0.00480959745113298237582683286
0
0.0496467
0.0994148928053711757
0.0065851071946288243
0.0024599893186846723121
1.1418748
0.00000000356084534982179764
0.097628747997251190966
0.086840619516291190966
0.00049751980938438098725516182750368
17
0.000535591668611190966
0.0276478217743419
0.0153826199743419
0.00013194426289768792284771
3.5083354069791
0.00000000000000000505881
0.11222850651560234988
0.00026710651560234988
0.003148791582207980467927316
1.0047714036373
0.00000000000000374977
0.1109788661596
-0.0455298694404
0.00256083493070263506088
0.41
0.0006402075616
0.06014403753719
-0.05925596246281
0.000026509040970243
0
0.00044403753719
0.11
-0.01
0.003
0.83333
0.0000002
0.0786327916380559765
-0.0504371709773403765
0.0009098019261491148774957576525517
0.218
0.000029184405279597523
0.143538567172
0.028036926828
0.004954312749958032484
1.485481015585532210958
0.000000000000000000000050974155224
0.10229495689326312
0.08211032272831312
0.000930538276811706445268790197
9.135
0.000009323262378995
0.128600637827115281
0.031559362172884719
0.00388553267719539170248
1.65043172526574
0.00000000000000000070913266022706
0.076066205104142
-0.070420405104142
0.0002067585259784824518
0.0385414065625
0.000000000000000031775268125
0.11920042544899671931029
0.06171053455100328068971
0.0026001378381628137636375508892
3.146830811
0.00000000000058289463646075865481
0.15826809710917830167086
-0.01024643710917830167086
0.0062359502722819867246507354138
0.87839105
0.000000000673838406958116530197
0.15541692835889219501029
0.01093692835889219501029
0.0060087013046463721675433496
1.15139712567680225
0.00000000000000000047029
0.154381501564
-0.030655501564
0.005723472062253732
0.668655446
0.000000000073471882456
0.1013391165026321
-0.0465391165026321
0.00202593179217211954
0.370575160970778
0.0000000000000000014811718152262
0.1456717784389983596551
-0.0369268329900016403449
0.00496416900972728847180474767906895
0.5
0.0087228198672483596551
0.1330998698628976
0.0235034718628976
0.0042907905419775644014224
1.428909568047986394589355
0.000000000000000000000000001428355
0.0691
-0.0691
0
0
0
0.13010943007553
-0.00030943007553
0.004232092011901897
0
0.0649
0.0826993209729781033035
0.0545006485089781033035
0.000967214250373119707025676442412
4.8654761
0.0000000012783180481035
0.02612954905524
-0.00014953845524
0.000170682743020149502772
0.9886192048958804499087
0.000000000000000000000000539286853412
0.12344548097047379
-0.04557260097047379
0.0032904812032043944959076
0.4607369762201397684
0.000000000000000000001194748631129764
0.151711299227222095
-0.017596703972777905
0.005676668580626535433685352
0.7921338195
0.0000000000038549838
0.0676981761686884870679789
0.0097627218313115129320211
0.0011219330797528038452735163195261
1.337020635911820480404553
0.0000000000000000000000000047773257532633159320683
0.0847867161211566338
0.0044784838788433662
0.00179218260318913557374188
1.111532
0.0000000149996185245190184
0.09691767410162508
-0.07855497410162508
0.000805537899290455428258
0.1046470785505582872
0.000000000000000000003868977218637024
0.04696
-0.04496
0.00004596
0.021758
0.00000000232
0.11841457140459296559
-0.03573817140459296559
0.003186198456397344930152538
0.5363277908219828951599
0.000000000000000000000002199960102001752159
0.13667811093308517
-0.06162203402761483
0.0037209077326340539732035789095
0.378497337560420267802247
0.00000000000000000000000005254940665355
0.15992217897934615091172
-0.00399328603934615091172
0.0063897892490274967574573356356284
0.95127627476893932341613
0.0000000000000000000000005037848919766555459564
0.0954542931868467231
0.0950545068131532769
0.00001904070557717250085664
476.52649648854967803
0.000000000000000000000385198534436507
0.04615918226901655603
-0.01721281773098344397
0.00045859725337605859436658
0.456768991637207474278861
0.000000000000000000000000010354
0.1402638787670710307469
-0.0019898787670710307469
0.0049174990173189898527484253
0.9720235331345332847
0.00000000000000000000045388123770484865757
0.045998078202487
0.034147921797513
0.000237435658808261551
6.7632862606234
0.0000000000000004813199496042
0.08750587525749599
-0.05710387525749599
0.00109910640878919654399
0.2102347863247863378902277
0.000000000000000000000000002816443807063077
0.13501178125429159990844
-0.01739838125429159990844
0.004481369351796749828335658548
0
0.0588067
0.03465323872
-0.03465323872
0
0
0
0.014460975051499198667277
0.012010376134889753332723
0.000016217666134638230301365317915702361852
10.80199252801992508916
0.00000000000000000000000719459214943276058268
0.0250087739375906
0.0050087739375906
0.000150087739375906
1.5008
0.0000007739375906
0.18341039139391165023661
-0.01476157778286411843661
0.008355366873157078297828912304419710439599
0.8510225452753480347
0.000000000000000000001965428734173523239633
0.0505506
-0.0314494
0.0003915746
0.2329414
0.0000000026
0.1808956
-0.0066956
0.00816959676
0.9286149
0.00000000828556
0.0404882886
0.0149660486
0.000353829725764832
2.17278488095088832
0.0000000000000000000418816
0.1270068718471
0.0176729281529
0.00395460327672202929
1.3
0.00127283659877
0.083053
-0.056453
0.0009277149
0.1906728026034
0.0000000000000050398
0.03432669565880827038986
-0.03432669565880827038986
0
0
0
0.18022758831158
0.00222758831158
0.00811925535973062
1.025029082152584269662
0.000000000000000000000082
0.0842663872816052
-0.0397497872816052
0.00138019460914015302316
0.358958
0.0000000010055695606184
0.125957121480201419089036
-0.043476004519798580910964
0.003493758370643167772945720903268
0.48680632239768
0.000000000000000050315196
0.132448915
0.018468915
0.00430040356585
1.324
0.000004155
0.168244999160753795681
0.027100999160753795681
0.006892978896772716868799532
1.384
0.000001351160753795681
0.12173032364385442
0.03665832364385442
0.00336860975051499160912
1.8618187
0.00000000342065442
0.1040016651407644769
-0.0390516651407644769
0.0023228284504463263873275
0.454
0.0000018940260929274874
0.121728847180895
0.001728847180895
0.0037037308308537
1.0288141196815833333333333
0.000000000000000000000000002
0.041457236582
0.012742809178
0.00038908081981724950176
1.8875
0.000000782017475
0.1464545051
0.0476433051
0.00479475938580856
1.9643300577262496559094515
0.0000000000000000000000000029716
0.1271579988
0.0029861988
0.00404005981888692
1.0480978579677511318995134
0.00000000000000000000000000099894
0.095244883
0.064095117
0.00124085092861
5.115287222382344702043
0.000000000000000000000010414031
0.0530434119172961013197449
0.0411657892729076066222551
0.0002797453353416287718854514335690413899309979
7.931
0.0000038879987792782481041981
0.13241779201953091798275
-0.04498054474708108201725
0.0038778055593958956374449917642959715
0.49288651103580318795843
0.00000000000000000000000006365016603042
0.0658731
-0.0258731
0.000917462
0.43598535
0.000000000440915
0.116047911139085
0.072996111139085
0.0020346713595788298015
4.39108288801327
0.000000000000000151307
0.0862790875
-0.0337209125
0.00157674525
0.43798479166666666666
0.0000000000000000000004
0.166658282597
-0.006801717403
0.00693217994963781
0.92157595522
0.0000000000007694
0.1889066910811016700846
-0.0011139085984588700846
0.00892112428571126416570475514779379044
0.98827591744961020621
0.000000000000000000000596730227973499854634
0.06834389257648584
-0.05594389257648584
0.000385292133974212208
0.099768452585571882200529
0.00000000000000000000000002509037899099064
0.1099300373846
-0.0480699626154
0.0024434729533834
0.391519460564
0.000000000000044
1447013046463721675440602.80025635156786449988555
407995727473868925001906.95974364843213550011445
481846560749822305505955780371795853519420289413.450183657049693437378984
1.785
181429770351720454718.84234241245136186770429325
1448355840390630960555426.9486839093614099336232055
511146715495536736095215.7854886701762417029067945
459115918907943922820944367056660001045790750706.1617619004785217392079017411105029971195234575
2
42542153047989623865110.203891050583657587548589
670191500724803540093079.3402
642053864347295338368809.9402
9230870730117304996886081640003153787313508095.43494
46.63
93690394445716029603.5792
722133211261158159761958.536278319100480659189
-4776073853665980010681.310551619100480659189
130363390981224202559667774111960108269960864189.05742544874833900098277882315
0.98685923002644947
1130235.75188829850080109752007694534920032017
372060730907148851758601.901533453
-344380865186541542687113.411627453
4957751794132732034502656131996093637071108572.951764383703709
0.038
227542534523537041275.654002942786
791195544365606164644845.47415884641792105
-777889677271686884870679.01153582055387895
5219509854534674369335225388278920926560344131.928433881084720686426028678195
0.0084800155596
48310063324.94087129015025324789279036
556252384222171358815899.344563973449301899216
492317082475013351644159.117051956969558250784
16760151314035263358616161442987270137407841851.8491987677597648092095096545759436962
16.40047732
222781719691767.75768673205767910223846521888
834515907530327306019683.2640192263675898
-629922941939421683070114.5359807736324102
74903471784887443525276528828884971044473785120.48830111187767122
0.13970741466260992
5781338.221768345871052712
1323750667582207980468450.64847791256580453192
417578393224994277866788.32126344701304646372
394486028858993336818098718419519244881101368304.099850253777721174926876793631403255662
1.9216313609268177
31035324.63569085221637289946176239328721643
1902220187685969329365985.7379091
-18371862363622491798275.7120909
904526029278334123206291115364456006308017018740.6587420975
0.980868
521187151903562981.6129398
1053833829251544975967039.458869306476653925383
547875181200885023270007.844586861981346074617
202599631374767963358136726094957904740558805285.708921819481223675488654305084707
3.16569153748718258037276
0.18249790188368833447897201600874709463423292
1468360418097199969481954.7382466858548867017
-189227130540932326237887.9621423141451132983
530068852625457214029155546410162755636857789106.21185771857667168675848065
0.771683696952959587
489738.3077745121922808686103285
622919050888838025482565.9445639734492919775692378
-42191195544365606164644.8040741588464080224307622
96562011744696970371669799950043031032603901619.18171491812822557013969724001150660873
0.87313021932642
38452735.179674982833608991118106603
1302845807583733882658120.236
-227176317998016327153429.164
411449529719843973794366580412846615588933196166.7392
0.703041787174628
384832532.2864731254756884
943266956588082703898679.1510205996795605401
228320744640268558785381.6290205996795605401
209405547239464294124509532484892983317425542458.2679316339588711558161
1.6387074742818115849
8357.3668145514831905087911
1621286335545891508354312.86715
157305256733043411917295.94401
650956109507994102848472274046854443745407311777.7141235606
1.21490066
6700846875715266.6514030223638
546959639887083237964445.9320158960860608
106004425116350041962310.1099158960860608
71981977380289978344866778171769472536737052196.28232926185607929184
1.480794518651809
179430838.48326086638812721055
648844129091325246051727.435385635019455
56214236667429617761501.431540435019455
104459665863044637982673973260908300379411587475.713031924204543404183
1.1897
3291371023117418173.495075717799455
561074235141527428091858.7507437838406958113984893
127199206530861371786068.3858090161593041886015107
74656164799392321415003283094435319628049379228.71241439237728837960520836484252
1.5863402968277414363
1875.33379101051346608682195934856678775516781841
1768245975432974746318759.199176012253604943923094
-150240329594872968642709.852048524253604943923094
776030418249534066924750625188948544026625834842.280317400071164166452005242703936
0.843376177144311529651
298.100251773297322041656832124415764227955339806
782070649271381704432745.0789196612497138933384
183276112001220721751735.5304646372167544060416
144511091805369132556387236558026377362037826865.437880456547560204114968006688543752328996
1.6121502471841394424341267
0.00029449912260624093900274920455588308027414772
1676264591439688715953305.716722
-143160143434805828946364.394882
697342038461548088483861572631507717181928165375.61802065784
0.842631420040927
215365835.049964227101831191546
773571374074921797512778.65726708
-249790188448920424200808.47837032
134004383135703853294196066567404990985983406154.346555302848706
0.5118241732025169236274714
0.02355688332544519759462970536482
1463157091630426489662011.201831082573632410162508
-432104982070649271381704.000640878973632410162508
488528489814533032630364340307362891431719029053.5017751824098154781210548468033144
0.544015587008679129832
660.776684214487876707102414233497760516849261344
1111329823758297093156327.5680018310826275958
-672236209658960860608834.3014419775692378042
195788113899500323787084178802238727973845500448.83722612356423439813286941366431266
0.246188594014680971202
633.4630350194552529201290885828095098946
762432288090333409628442.054383153506752117189288
-750499732967116807812618.460608835506752117189288
4513286184736881323105623482149955112054360117.076434994149725144641574779552792
0.0078870398386283408976
22.5833524065776302738994204636625692383889750912
830823224231326771953916.9230487525503089951934081
258762493324177920195315.2215152208496910048065919
155827300492698065570590799767814189403101744584.14029703438348980292024988821187227
1.9046679114430514803
27107.65239948116860456242043946466967585649298957
1359945067521171892881664.6811169604028
604226749065384908827343.3188830395972
371090155597260289011368859885658852995953012853.7066520342112
2.59
3430685893034256504157.835907072556748
1185763332570382238498511.05960096589608606088
-323689631494621194781414.18764096589608606088
325314925832823811576190476424706119568040104608.8679613937252520030624624
0.5711166373506398981015
26.07003813687342641336887451641536227458068
841687647821774624246584.4395
740032043945983062485694.4395
40197667607220575680973239802772422946115948810.5775
15.55959
87129015030136576.22195
214373998626688029297321.82728255
-211779964904249637598229.74167945
276364438087508214588554567319018811246987654.34325425274555
0
1297016861219195849546.04280155
1504203860532539864194703.6151979858090227969787136
-112520027466239414053559.0543373769742227969787136
562492124364998341700444041583191219287648991551.99408999676123889599911349183584945664
0.8608
3955138475623712520.02746228427549109636072333312
1485511558709086747539481.23364614195
-434470130464637216754405.60810254195
504495074198085399635930393725910821198899150107.21199822363051701
0.5474226312526822
72501716.63996337702247527490252171
794857709620813305867093.124422064065918
-666346227206836041809719.330601967934082
46945371007715201061013588883622650268370106336.290302357252841905070688
0
64255741206988632028686.896910048065918
1170809491111619745174333.1543602615
-615686274509803921568626.8352941215
247931318964322091234107039867664530436553491629.605695715479472905
0.31073301559643998
164492.25604638352053749729828383
898985275043869687953001.313515815
282429236285954070344090.661284185
182102062809158689165149349956259647688847553203.447745930731
1.9161
15742732890821698329.1370294868785
371282520790417334248874.2088120851453421835660334
-244937819485770962081330.4088120851453421835660334
19464043707510639710132309898892128302284681414.17141606883973788779338146
0.2
1550316624704356450751.43823758297093156328679332
1555794613565270466163117.38828107118333620096131
-329793240253299763485160.27141222247654020096131
577933324570484640540628539506659302240602886542.06392375951425338344701189647876503138
0.650195837244
644174868390.93614099336168035294118191889897036
777233539330128938735025.98
43884946974898908979934.02
150541521522162349741286861435552364979877666930.4
1
43884946974898908979934.02
912718394750896467536430.0019867704280155642023346
65232318608377203021286.2703867704280155642023346
207199903181407109417774881524610437269933383781.31864826577059990221163789668
1.1539431
1724269474326695.6588927344480155642023346
473609521629663538567177.37029068429507896
-290379186694132906080719.93545433730492104
34996476728283160552879917881322231710733760955.588080459582216292059452768
0.239833825996644563393784
0.1730983444134049739826984708071328
1504295414663920042725259.8064404211490043488
370916304264896620126649.5108404211490043488
531331447452341445220066671105705214172631215595.69737458578924042675264
1.654
301335164415960936903.9441792211490043488
780529488059815365835049.19276720471503776
-304203860532539864194704.81519800471503776
129171573242004123218924114029156481044627908197.676331836387781237506496
0.43911771
1766384374761577.7828640977376974162652704
1163881895170519569695580.96205081
614923323414969100480658.96205081
244122593056502404815214210855662139317035307906.88709341
3.24032688
1259784847791257.83519913
702769512474250400549324.08551155870902
569314106965743495841915.96383611810478
42441608818273390622712193278215632066333609286.855235034951778688327492628
9.53190029727875
400549324.78828107118336092773614405
701594567788204776073852.96438544289311054
-7949950408178835736629.27411306935225452
123042933959606340984515409106548643772786123171.8977710843910002685816091974496653
0.9
27527275501640344853894.837811856260013733
902006561379415579461354.7600823987182421606775
615655756466010528725107.2399176012817578393225
108645956575445435058469205049015576839603470560.5412501951689671240025
5.300010657572205
7400624.7549401083390554591439719043320311125
1649195086594949263752191.83520256351
284122987716487373159380.19958800641
659779640374994741504955601120506051229058332719.738025749752739345608
1.41627543035993
5052262149.9961852445284655997314985
1072281986724650949874111.99466239414053559166
808178835736629282063018.95466239414053559166
124158907130387725087235177120714445869236840372.8503909348487438540232
7.1201756413219320545
5447.48796160397040666632
263111314564736400396734.306202792303112840466
139635309376668955519951.031494621096887159534
12432386056816403982901558303279882120042190712.2028768540588429802118475253222
3.26173999011369253583786
0.28137636367718776226745916777294575417715724
409567406729228656443121.58631265
261341268024719615472647.94190891
24861550570534269906880974593487312375665733330.7527404722031586
4.52625077208153
134126802.4719615778145422415389
1542183566033417257953763.62146944298855573357747
-90135042343785763332570.29210345698855573357747
592551456371307848880778896330808778474710057187.00856921799728435861370335696771
0.88956194963262101
581826.5049210337415884635976264276939000153553
906492713817044327458608.9966124971389333943693
387167162584878309300373.4588693064774547951477
167957657104841058287385232553015452876785773061.2299024580384319544106231249883108173699918
2.49103837339131456
2021515.220874341954680702945506931269691626752
901716639963378347447927.68606088349736772
487434195468070496681162.25003433279926748
143875200968809934073795506407034182077548218609.993194891849455819506023236078112
3.353
30899519340810254062.71454909590295254764
1449759670405127031357288.5479514
-154268711375600823987182.267338
519501066655923532916553887373384885437628066947.35633888262949
0
647745479514763103685053.1403067
439642938887617303730830.41321950102998397802
-118348973830777447165636.56521950102998397802
44819858526735789558541225622134301523918993014.61329837028651773561048
0.57580398162327718223
1627.8315761043717097734059325058176481454154
750377660791943236438543.538916960402838178072
672007324330510414282443.823316960402838178072
27868197465434202907236529274434715842977225486.1520591604901069306781616
18.1495327102803
2893110551.613939834389696838072
727168688487067978942549.05538897
-359365224689097428854810.04728897
99907734200039257608711061344910027714828637033.8671273378285
0.33
4623636224917982757305.2521081399
553017471580071717402913.92008761730373083085374
-47913328755626764324406.75768761730373083085374
75883159200092664767443919957371813869340268032.655482977835318970748413688
0.8405362856127164694
15939.574196108949416342396513699915467839414444
1394811932555123216601814.419
-401785305561913481345845.339
446017223858169353128243238501986379003311121602.07066
0.552726346186
460517280842.288445575508506
982619974059662775616082.0264424353398947
515815976195925841153581.5395575646601053
174868973030514103014486541431751773025980513832.2244290814884332501
3.2099895397489539
17480735.48483871213855194226514473884567
605432211795223926146333.4145571053
35111009384298466468299.3468986053
91328845024818146587184291413844033225638074243.539342977898907525
1.12312714
117189288166628.519111926499155
370809491111619745174333.95436017825589
-234546425574120698863202.63414977825589
20621913237215465649100466657353524056878067510.033765688800449919628
0.22509578544
185549706263.8284885066298603191437584
354665445944914930952924.778667887388418402380407
327107652399481193255512.778667887388418402380407
4697040572251390098116910539092791599987028609.255885498870215941703342
24.73
134431982909895475719.398667887388418402380407
206576638437476157778286.205218608377
136202029449912260624093.859418608377
6030728680463246302249848459433828112809742820.8746038205803833
4.87077189939288
285648889.906379873495491048
1288364995803768978408482.727809565598535133897917
-128038452735179674982833.472327765598535133897917
410872629258406704437256270636650527966989008993.3305997372460510994223069257053
0.8192062397655778677928122
0.0026489643930724040588999394374713511140588478126
307896543831540398260471.156282902265964
-226352330815594720378423.556282902265964
10891226009438811604509985947104653565659160211.6544511780539432
0.1526333828
10730144197756.8841840237933441293769808
1058716716258487830930036.3258869306477454786
202441443503471427481498.2335088120851453414
269974636809346554303126583367285442880886164854.233643530842669094265424259571155126
1.4728419702
1959258411535.82055390249289082094578084428
893720912489509422446020.31631034561684596017395
-782360570687418936446173.01788965438315403982605
46662251713684379198883095753982359711516124224.258146694260384748431242045
0.0664408878206878971
51436.63691218378262034241854
855939574273289082169832.057770656843465323872739
474952315556572823682001.508720530956534676127261
126763213188647257439950206982693490952956186355.7160075155245258587246833060746921
3.493271387375841
14587624.933241779144525811306937871191352901501
1305790798809796292057677.7969787136
-586541542687113756008239.2852826734
340264657239636652268387038958173031353728627917.92750629884731493935
0.38
81483176928358892195.01021835657
1224933241779201953154801.5459945
-559578850995651178759440.9540055
296833239083522911284003021889574759106210155895.125833125
0.3728494715
53543907835507.746270580625
1442511635004196231021590.07347212
-395407034409094377050430.67196148
481123273565571176116266428135687743836332199140.391283680453376
0.569723034006376195536663
0.1142595936032704575687706839616
1569405661097123674372471.155092698558022430762102
143083848325322346837567.568825818265049210345702
610640285358028989801583122019970388975658786543.4005081551159730194369207835306711840915423964
1.20063333119
2639353017471.580071717400275120164899774546242
988158999008163576714731.24115
-179247730220492866407262.75885
236082114632904308242859098347777419207643942232.42655
0.69291297
2419928282597085.77371891
1455619134813458457312884.788298283360036621652
331029221026932173647668.853301716639963378348
502311680115345958273413716754162564138286785984.2631382138907985950039616
1.588710990502
19836728465.705273945220091554132257260450696
1736888685435263599603263.693797207597459372
188647287708857862211032.084184023802540628
745298626608282368206017820418500357345158247086.6164251792872727223800153404
1.2436
71485465781643396658.2741331380163195249808
1635431448844129091325244.41629663538567177843075
214297703517204547188525.00123598077363241017075
657178129533914881701919694284763093614821125624.9630988401659017859366158846234584882220975
1.3015869607232
41895170519.569695582513119011226109619637184
1374578469520103761348896.16108949416342405
408804455634393835355153.32584115358205545
430586221480424436906205032627384062822960751586.714880449719593270963978143310925
1.8465840864564241
44730296.78797589074540329150677787998837
635828183413443198290988.911741817349501766994735
129900053406576638437476.027878233005258233005265
96850863736951925332146784731658539550792910013.5518629870455669492688515842479010943
1.51351188
814221408407721.0650797275751827008468766800482
289158464942397192339970.62243076218814373
-91523613336385137712672.62243076218814373
18809011512423852669725435162148936191390106332.15926180980277077
0.51915985249318582
1240863.5643701838712138591354873802420914
1076905470359349965667199.6555204028
-825253681239032578011748.6215995972
119670438422829499162101104813665607389451037798.423610160611968
0.1322979672383641643536
68.140689131463520087380765184
812100404364080262455175.81017120622568093
393423361562523842221713.19382879377431907
126181281336286577493417438828835395230929912285.68738805824196474686
2.879364385159268168233836
0.05884748607614253035623003154737543405252
1280216678110933089188981.7059739024628061
-341847867551689936675058.7868619775371939
380523694590938680089017068730273809458026802358.484411581326124005781434
0.578502756298094109235
770.8094911142864985189761763241
1150743877317463950560767.90395839
615182726787212939650567.78338161
236440420961569960679932089622972811852039829528.3111696359913
3.297338879708245484
19592.58411405571821781004486924
805844205386434729533836.0751747081
-14663920042725261310749.9662252919
162292463200968740082748698036330544137682688936.68863529975767
0.964256490366733
252719920.6531218249706396269
1034271763179980163271533.2603799496452277409017102
731013962005035477225909.0881666285191119249257102
133834166866281379565293866451995849969808802110.7710607840465441729388345602820491717352970776
5.821072758377780014088
115.114061188677805752651710158603933552265056
770229648279545281147477.668216983291371
385061417563134203097581.051783016708629
111245353948275408336437564081723186080266110300.97767010438215256
2.9994453688297282307265667
0.0174395361257344097682113694627034340543
1165499351491569390402074.0219501029983978027
166308079652094300755321.3780498970016021973
332682590242425367453911949238520614368712045027.86218182289360754379
1.3328853730796249
17534142.02196536202029448158959296769979277
875165941863126573586632.221652552071411
282383459220263981078812.565712977798123
171543751938992737726570359850068555291136304849.607333355301575489616375301948
1.9
15631342030975814450293.7205401693751434
866590371557183184557868.9739528422911421377
289890897993438620584420.2487525822911421377
166735534834043642723535649557010009932858357089.450506772981000631778497901
2.0053447637191088532
16473.640039688158509067245529084
1432700083924620431830318.16177
-386175326161593041886014.63823
475874536985400415355767315205549245361503860371.818528
0.5753691275167785234899
29.95487573631693295708064
532951857785915922789348.6697619134
62394140535591668574044.3413619134
70036163486070996805006085746450365240949554485.11911460298028
1.2651922
22403295948729686.42710295416
486274509803921568627450.493257
-163759822995345998321507.426743
52411404814394290436534526810067465028890595240.38677272
0.496150234
241092545967803.46422492336
545860990310521095597771.6369420920059
-514549477378500038147554.2271915770259
8300764018073820731080363535667995430753525182.449919943574484231999091
0.0295277290125766
13424887.46471351185789522685792733206
1835889219501029983978025.172579537651636530097547
84519722285801480125123.895033188372625314716453
840836410706208011459154714913639809396922928468.061228944998944633797598626274296408124386629
1.09651
7387197680628671702.14388518928816662851823830903
795223926146334019989317.889448325612
-590936140993362325474936.465598474388
70793892495865776581503848124878231040695578560.8109068700633893208
0.1473767640518702802668
25.59243153409154372000448475688
1328908216983291371023116.055138475623
-90272373540856031128404.544861524377
439461986935252694065184321293334648128181515233.9081777411669
0.87
1974364843213550011444.294138475623
839673456931410696574348.74451819638361177196154
547096971084153505760280.21890592813000682803846
101434104626422629188846223982444406247406045756.098926162661767160679660872158192714322
4.739856055
10910200656137.9415579461247424654841269038753
956237125200274662394139.5480430304417486839
-790402075226977950713358.4519569695582513161
72413499772043112074663421383707826949792471979.0395860065653609411
0.0949452239092831059
386.0562268650257396648
1.16058200579842832
-0.43751799420157168
0.288882149233234149096
0.4
0.04191200579842832
0.3790035858701457
-0.3790035858701457
0
0
0
0.328130006
0.165438316
0.020074866109161045
3.033764797698026
0.00000000000000002019803
0.846596932936
-0.509403067064
0.114308720530608
0
0.168596932936
1.01307698176546799
0.33240253299763401
0.22895838175994679886167934145149
1.97668579626972
0.0000000000000016788630958694572
0.5607385361295490959
-0.5103837638704509041
0.013484029869535362781664285
0.0470112
0.0000000137946690959
1.5346150911726549793
0.3180132753490509793
0.5634777586891562098274544933316986
1.522789414
0.000000000166172048035972
0.1988246246280613412680247
-0.1922946246280613412680247
0.0006385021744106202792401006455
0.0166
0.00001871023117418173495078998
1.77438
0.17438
0.779504
1.217975
0
0.2799038681620508125429
-0.0799038681620508125429
0.01799038681620508125429
0.5558524173
0.00000000000050354772259987504783
0.728736552986953536278324
0.571263447013046463721676
0.0511787594415197985809106
8.2553779069
0.0000000000060425726710964010399644
0.879468986037990276
0.516792553597309724
0.1265977884872656228181134706714
3.8
0.0090455481803569512
0.7022507057297627202662699
0.1498435950255588597337301
0.117675737681941526814526575170669400787221
1.5
0.01174181734950789460059515
0.46135479514763103
0.30644520485236897
0.029734895857175552417
4.956439420803782
0.00000000000000007313944423544454
1.8577
0.0477
0.8621935
1
0.0477
1.17012274851606012054
-0.51017005148393987946
0.277228441290913252455247056
0.3927605
0.00000002837886012054
0.3913176165407797360189202
0.0360265506981002517738622
0.0379578911649884856785194644989074059512013173448
1.2028
0.0000000366216525520714133188
0.78884565496009765774013
0.50447852296009765774013
0.09194472180535591668573918470358
4.548078987
0.00000000013877001574013
1.099702449057732
-0.741573205142268
0.1648536644696493365241372
0.194500613256120247
0.0000000000000000000256047063
1.374944686045624474624
-0.525261310749980925376
0.4036433612785782066588028738162186848
0.44715329639444310647
0.000000000000000000006810070189846531
1.8491034828793774319066
0.0559548828793774319066
0.85401318536964980544745756038
1
0.0559548828793774319066
1.659915669
0.325435669
0.66235291338356
1.48773405221
0.0000000000033996
1.45964
-0.14036
0.527712
0.82455
0
0.358297093156321837
0.207690547035941837
0.02131036090904529999718867626903
3.758
0.000004119935937817
1.2915388688677805752651
-0.6687266311322194247349
0.305219335652704661631164442025
0.3177183079208204962696124
0.0000000000000000000000000569539
1.0583810177767605096512728
0.7493858243686579690241272
0.13964781625636958950628223968499008364399273456
5.85046
0.000001411459525444418954876512
0.5676
-0.5676
0
0
0
1.4923780747768368047608
-0.3777065252231631952392
0.52113252471961547264818938184
0.596054076673148161
0.0000000000000000000585897
1.0666056305790436
-0.9200579842832436
0.07278521918489347515304893844
0.07376570708
0.000000000007687293932983312
0.6020141908734493
0.2745250629265507
0.07176426895954680621706617
2.6765445903
0.00000000000583200325367821
1.487352206454566262302
0.457532206454566262302
0.50072021652552071412192282
1.88856733498002808704822
0.0000000000000000000000010398
1.2671853828412298771
-0.3168840171587701229
0.37633582853894865333993537
0.599911446861141155936
0.0000000000000000000005770208
0.807324329925688
-0.028809033925688
0.162735653313557421661824
0.93108985917
0.00000000000214197567464104
1.16713206604
0.67264820404
0.22743541329514036224
3.7
0.00509499034
0.9152513923852182
0.3307698176552182
0.182069109747853588512103043
2.1318400167123030431
0.0000000000000000000019704695685
0.396169927565423056
0.311238327565423056
0.0150203287403677424114848
8.32915257843777948372
0.000000000000000000000243224
1.060567101548790722
0.902567101548790722
0.077543801022354467038
12.424900019604945848
0.000000000000000000008
0.107225146868085755445
0.072098878461890592555
0.00157474596135502232812737316892683143
5.105125977410946987
0.000000000000000000016217706073190143785
1.6962233829716
-0.0793469229716
0.717719457688639544268
0.91
0.000553740795844
0.952422369647676813916227
0.921232929047676813916227
0.0146095651608834973678187076963081
60.0733858206919
0.000000000000000680940657
0.54639505607690501571679
0.37680628671702098428321
0.03914114489895358802166663235107410877
5
0.03762874799725292141605
0.81341
-0.38659
0.128046
0.3556833333333333333
0.00000000000000000002
0.5790951399992
0.0175631342008
0.08376067937193443428032
1.0625543
0.00000001342564257344
1.21323933775844968
0.59476066224155032
0.27955236133363851072
2
0.28552132448310064
0.985091935606927595941095
-0.529091325246051728084225
0.1726171227867949726068994648157509195825039871
0.3011528539180909
0.000000000000000029077593441243121169206
1.307682917521
0.160082398721
0.4211020595989913165874
1.27898627806197189
0.000000000000000000242491734
0.8551933318074311
-0.0211933318074311
0.1827266193636987687
0.9516347459
0.00000000003036091741974251
0.8284809643701838
0.1715190356298162
0.1642404821850919
1.5221
0.00001912413214323802
0.874341954680704652
-0.117433432516975348
0.18767081066053909612479166420368
0.763185
0.0000002116426339466
1.2861212
-0.6162808
0.3185764291602
0.352102
0.000000425498
1.035095750362401251
-0.159349965667201251
0.2615077002150410680265328068476
0.733181736886480646197
0.000000000000000000000268070422996007553
1.097794400473
-0.341192400473
0.272185072892336373
0.525788
0.000000003952102276
0.52730601968413822362096
-0.48912794689860377637904
0.00970137248947135303272760547734273616
0.037560799855881
0.000000000000000419179129097149
0.9985786
0.8214214
0.080606526
10
0.024214
0.676494544899671931
-0.527505455100328069
0.044845716029602502462
0.123745091195468323920265
0.00000000000000000000000047
0.730002288
0.690002288
0.01420004576
35.5001144
0
0.9529716944
0.1687800412
0.21991708700503332348
1.43045610218
0.000000000000718838012
1.5141985198748248264286
-0.0634012359808248264286
0.5721943602168035095750174341604842
0.91962316
0.000000005599399481193279353624
1.7062393759
0.0692393759
0.72661467917415
1.08459300659743
0.000000000000003545
0.677927811673151750972
-0.277714211673151750972
0.0956152336186770428014038096
0.4187902899022801
0.0000000000000000144750275599098087428
1.50623331044480048828778
-0.13868925001907377737178
0.56237601935566239199185089764285482154793924
0.83137
0.0000023956664377813373058014
0.45634897383
0.18034897383
0.04393215838854
2.306876621956521739130434
0.000000000000000000000000108
0.517990386
-0.317990386
0.0417990386
0.2392399522796679826
0.0000000000000000000011847164
1.032120241092545967795536
-0.082459754329747463195536
0.2646181452472032271686972929608462543877328
0.85203439023
0.00000000000030426488869369195298672
0.215243762837148
-0.053101396162852
0.010877529791462565333266
0
0.081071183337148
0.844815747310597390705
-0.601190203707942320895
0.088070996467391489415591722324638816699
0.168481701912118526023
0.0000000000000000000000328955547582425166
0.790104524299992370489051
0.590104524299992370489051
0.0690104524299992370489051
6.90104524299992370489051
0
1.21509117265583276
-0.38490882734416724
0.332072938124666208
0.5188639658
0.00000000001583276
1.5073624780649207
0.0250095368889207
0.5678790408356550632923583716
1.03374302596125
0.000000000000002168947285
0.90409704737854
-0.27240405890054
0.18579687494327628397311006
0.536925
0.0000000659945524855
1.475568686
-0.506651314
0.48015184828146
0.488
0.000797006
1.261455710688944838
-0.261455710688944838
0.380727855344472419
0.656637
0.000000006500343328410194
1.6619966430151827267872129
0.1219966430151827267872129
0.686837415121690699626153933
1.15
0.0064966430151827267872129
0.607888914320592041867704
-0.090943770504310681867704
0.09031454069008184071595323498044678059872
0.7397266256168391398
0.0000000000000000000231908687171869432389808
0.5429465171
-0.5429465171
0
0
0
1.5720607309
0.0505226215
0.61720560158865248814
1.066409932407046
0.0000000000000007189605838
0.859281300003700312809948
-0.260669870996299687190052
0.167603892722705424582283781524554
0.534497792
0.000000000480043096809948
0.972285366598001
-0.242485366598001
0.2216349202716105649
0.6007718
0.0000000000152590628282
0.22
-0.22
0
0
0
1.1711909075837338
0.5654992924162662
0.26297467307087808493438
2.86728453310324056694
0.000000000000000000000337770965959428
0.495109483482040192
-0.156450751506759808
0.0551641407467056808479517749248
0.5197658079626387283275222
0.00000000000000000000000001607877562432
0.82615396353087139696
-0.51544975967047139696
0.104210479178355416189285546412192
0
0.1553521019302
1.260151064315939
0.102082856488061
0.394389948826957943078843478
1.17
0.00364705882269137
0.483178454261
-0.436821545739
0.01066208896006
0.0503879440456521739
0.000000000000000000006
0.8550544859922178988
-0.2418249140077821012
0.16815972124513618675250236
0.5590674526155161612115242
0.00000000000000000000000003120926
1.1752040894178683139
-0.6631418326085297939
0.235336890407270418603769910574413114
0.2785451
0.00000000406195162821151911
1.6971845197222858014
-0.0878154802777141986
0.7181809338521400777495
0.9
0.0014345197222858014
1.256771587701228
-0.270428412298772
0.3765858243686577008
0.64
0.004467587701228
0.3843136826199740596
0.2283970826199740596
0.02388294482490272373051468
3.929
0.0000572219199740596
1.913176159681849393
-0.004150459681849393
0.91505644791485465738320005
0.9956705762701747
0.0000000000000000660321388768010429
1.2202
0.1798
0.36414
1.345
0.000331
0.61451132
-0.61451132
0
0
0
1.01261921110188906
0.36762035554188906
0.2225632352209668093986420868
2.13991
0.00000003282118926
1.3597619581498
-0.1345235381498
0.457714000128759437658
0.8199493490595609
0.00000000000000004101152457718
1.257785915922789343
0.647089341573205163
0.29082519857902147960776213416612877
3.1191844
0.000000014825665692628604
0.35249
-0.35249
0
0
0
0.1301972228580148
0.0398027771419852
0.003841763942931258
1.88064
0.000000294804303046528
0.1730098420690720988
0.0240146486610720988
0.0073389255256126344642852423552
1.32235467617148
0.00000000000000066301319808
0.078181882963302052338445
-0.007341882963302052338445
0.0015146258945601586938277219
0.828307771909
0.000000000000033850614175718868258495
0.1266635410925459678034637
0.0224230589074540321965363
0.00388521476783398184176393562821
1.43021786617677
0.000000000000000102403296088848917521751
0.151060775921263447013
0.006320775921263447013
0.00569485145342183566033081
1.0873397253179
0.000000000000007024013
0.0797736643
0.0613743357
0.0006492571083082
7.6713668780283645784770646
0.00000000000000000000000000043058622
0.09116960402
-0.09116960402
0
0
0
0.0842389429
0.0188082571
0.00168561224144244
1.574906311007976627382377
0.0000000000000000000000000070279267
0.08747898
-0.07452102
0.00052479738
0.0799874074074074074074074
0.0000000000000000000000000006
0.0374730296
0.0034730296
0.0003480415032
1.204295858823529
0.000000000000000007
0.150414869993133440146486
-0.002271130006866559853514
0.005654868770885786221103180698
0.970250972494314346
0.000000000000000000029808
0.0628961623519897764553292
0.0614160372280102235446708
0.000045999402453879606317234232500868
83.9
0.00006485083905775539788012
0.0847516588789
0.0728496228789
0.0004689440322818697202
13.2415396624409
0.0000000000000002801638
0.1894594186312657358663309
-0.0061405813687342641336691
0.00896429114213778896772716202
0.9372128694403449475084959
0.00000000000000000000000000098
0.07170514939345387960631
-0.02765854939345387960631
0.001094158273746852826733647023
0.4432866
0.000000001900663767452509501554
0.126717020620660715648126
-0.067179370620660715648126
0.00288603386949721522850382447195
0.30705909284252774061541
0.00000000000000000000000017980969895496774677834
0.07368528267338
0.04431471732662
0.00086643167772942
4.01762780548
0.0000000000000948429858776
0.023880369268329900053
-0.016119630731670099947
0.00007760738536659800106
0.194018463
0.000000000008329900053
0.089869533792629892
0.072071413792629892
0.00072056110450904096670152
9.098767037488216957746
0.00000000000000000000000088124
0.157796099794
0.006516099794
0.00621428738841816
1.08
0.000464899794
0.09948115835812924
0.04777755835812924
0.001903451446402685486632
2.84813
0.00000007122412924
0.094016933749141
0.019501033749141
0.00211472337857630792095
1.523405977761
0.00000000000002055005
0.08085076981765
0.03541076981765
0.001320731090257008
2.5585726152134
0.000000000000001552
0.0371206225676838330663004
0.0307423514156838330663004
0.0001082121123117601281757837723430304
10.6397129200266502142
0.0000000000000000000000871596208
0.1011718928816662851911192
0.0985046158541237506675822
0.00013314814117271724371748098189915262717613871295
74.86
0.00000207522697795071336079
0.1021377889677271680895
0.0791790646219577319105
0.001040700915201952775380810020817499275
7.8975142895121626489252
0.0000000000000000000000005922366952378275946
0.01025101091
-0.01025101091
0
0
0
0.10896713206683
-0.05976713206683
0.002075431448844018
0.29158274552361842899
0.0000000000000000000004246237105983
0.087722368963149462119
-0.041982368963149462119
0.00148317367818722819866153
0.352647
0.000000006642252231632121007
0.110748440383
-0.084988159617
0.0012605574430455589
0.1316068674228529564731378
0.00000000000000000000000000784826
0.0660440985732814526588283
-0.0514412146181429770352283
0.00042890609874186762499559712176900296122467394
0.1242953996415305088
0.00000000000000000000410396039801932053300096
0.054428931105369802395
-0.030838483253369802395
0.00050287412297618066681139610277
0.27666
0.0000001824977555504693993
0.0575326161
-0.0031494621
0.0008250207009476607
0.8961979
0.00000000147476211
0.10640123598077363
0.06040123598077363
0.00191822842755779349
3.62614069
0.00000000011077363
0.116890211337445562
0.082319371328305562
0.00172171065265630779329728131834
5.76235875706471595
0.0000000000000000001037652481085
0.123206530861371786
-0.035206530861371786
0.003485087357900358584
0.555509748015720120693195
0.00000000000000000000000003299901706480373
0.0059540703440909437705
-0.0059540703440909437705
0
0
0
0.115722896162355934012359
-0.076098268101014665987641
0.0019002105720573768752574185240456986227
0.206570678545859
0.0000000000000000618569059938273
0.100706492713817041550316
0.097148088807507441550316
0.0001760116289416830603494304899591369168
55.6020583190395
0.0000000000000000674383851854
0.06728
0.02728
0.0009456
2.364
0
0.092951857785613565270466
0.025363546196386434729534
0.001999184597535175097276254941697806
1.75053054588891723
0.00000000000000000016356174125538316247082
0.09767833981
0.00232166019
0.0023839169905
1.048694233046
0.00000000000004548063874
0.16008392182803082322423
0.00812847817196917677577
0.006390197467612726024261733226
1.106985021087724
0.00000000000000007109483628980464764748
0.0940348370336461
0.0640608370336461
0.0011846899336232541007
5.27442697228572095816
0.00000000000000000000005608
0.151862361
0.034612041
0.00546604582657716
1.5903956765320555201896
0.000000000000000000000001469664
0.0890546883344777
-0.0662546883344777
0.00088526344701304578
0.14680375704938016
0.000000000000000000072574457657568
0.13134355687
0.02865644313
0.0041074845496
1.5581312
0.000000002121878656
0.15726856
0.03908744
0.00580139299968
1.661483661688093
0.00000000000000003929792
0.10939925230792706187
-0.02660074769207293813
0.00281514915693904020716
0.6
0.00059925230792706187
0.1109147783627004280155642
-0.0684245059891595719844358
0.001905043759846606225680933642794609706
0.2369267421084
0.000000000000001353083633388
0.11413595054932478828
0.04563514945067521172
0.002736112085603112840381354
2.33239754043036621231566
0.0000000000000000000000000590728345419715352
0.14368
0.03092
0.004921974
1.548421426037601986
0.00000000000000000002932
0.08277256427862973980467
0.06916151674677653159533
0.000516995499636310345955072817316800013719
11.16255
0.0000000411993591210514158915
0.1053231097886625467
-0.0453231097886625467
0.002259693293659876401
0.39
0.000623987182421606787
0.01443503471427420065
0.00662546730754620065
0.0000411183525397344380625513199866
2.696756
0.000000002130161113466
0.07879148546518501564
0.02886091401481498436
0.0013437864560099794002936639336
2.156041806
0.00000000001776607919539615416
0.128778515297169442111
0.010563820859082942111
0.00411807792275012703402255454711780075
1.17
0.000515571831845589611
0.0575600823987182421578
0.0002349889372091248978
0.000828276966486655727982493566026490334914
1.0081984667802
0.000000000000001103535192231776874
0.021574658350499732
0.014732658350499732
0.000062103665217059583172
5.30653561838635
0.00000000000000002865
0.102439830357824063
-0.093180830357824063
0.0004528129243915464996585
0.0473314013260530423
0.0000000000000000000051611536507031351
0.071461864
-0.069298136
0.00007614158832
0.015371753
0.00000000002386
0.00171
-0.00171
0
0
0
0.0710582131685323025864
-0.0133546959639923025864
0.001217730438603476310368383869911128
0.6835864063628938
0.00000000000000000303960004073927147568
0.101217669947356373769512
0.038374914168001831769512
0.002193095668042615476937499403731978161752
2.221299533799533848092
0.000000000000000000000011002273380883068
0.026337071760204470893
-0.024060425760204470893
0.000028684315284962233920332439
0.04517379060494126196
0.00000000000000000000000742748035449186972
0.11022350576
0.05808350576
0.0021938818951632
3.22798257614115841
0.0000000000000000002513
0.108646613870450904
0.080998613870450904
0.001310827814145113296896
6.859274730212015625
0
0.030219653
0.016219653
0.000162537571
3.317093285714
0.000000000000002
0.17210039725
-0.00184328275
0.00740378726057784
0.97880598191322
0.0000000000000005362752
0.07307087812849622339208
-0.03386739907150377660792
0.001048088127650263218127687662288
0.3665991269306931268
0.00000000000000000000114342552
0.0906813153276844266422522
0.0820386053253955733577478
0.000373192046455727901121535377673033388
19.9844632768354480932204
0.00000000000000000000000036847169257465299301512
0.02952223849
-0.00875776151
0.0001987160446986
0.5424367027168
0.000000000000000448
0.06639
-0.06639
0
0
0
0.12799572626688
0.00051575373312
0.0040956599851682118912
1.0080915256391887760598
0.000000000000000000000004512282360576
0.01651331348691309987029
-0.01606775006691309987029
0.0000036292325260700389105039843959
0
0.00022278171
0.066472876762
-0.030428015238
0.000873194808423019852
0.3719765
0.000000003435481
0.0785164433508812085145342
0.0273384433508812085145342
0.0013543603479056992446784156438
2.06836
0.0000001793108812085145342
0.1399710076485084306095979
0.0108979936485084306095979
0.0048682791791439688715953291405353
1.16886
0.0000003590764884306095979
0.0728694590601
-0.0392385747999
0.000942573077846060662593
0.29998638904146775480698
0.0000000000000000000000004541978286
0.0511187914854657816433966
-0.0471187914854657816433966
0.0000982375829709315632867932
0.0407176
0.00000000069581139848935683459984
0.06895551995117112962745
-0.02359349965667200762745
0.00104955262642174439137252678332338504945
0.4901404735210710216
0.00000000000000000000047106876517011869708
0.1132867933165484
-0.0132867933165484
0.00316433966582742
0.79005
0.00000026894026093658
0.1165422522316319523918516
0.0632577477683680476081484
0.00239513847562371252002745884
3.37
0.000115609979400320439460108
0.0672266727702754253452347
-0.0194720378423743038071253
0.001035066318506708599813938411401950489974737046
0.55081
0.0000000590676737621118489942
0.0648432135500114442
0.037407492179751278
0.00070133046807855868501223600208410741
3.7269187986651835536
0.00000000000000000000098332684527869584
0.15790791716639963378347
-0.00274211716639963378347
0.006231847774319066147859574663
0.965
0.00006925843442435339895145
0.159224753139543755245288
0.017276353139543755245288
0.0062635124086366063935301195696
1.2434173705310345906722161
0.00000000000000000000000000007538
0.0601632121309224078
-0.0074371878690775922
0.00089107508262760356812156
0.7799661579198468588
0.00000000000000000000318824
0.06669423
0.04940577
0.0005017975515
6.71546
0.0000000192042
0.1061142900740058
-0.0646219577325098
0.0017710612841819906798282628344
0.2
0.00367254139009644
0.07189897698
-0.06772717698
0.000145623097272582
0.029878356466046713
0.00000000000000000006905503326
0.087943822384985122453
0.076536177615014877547
0.00046908235294117647053472
14.41840128
0.00000000002343785764270806016
0.04480659189
-0.00783093003
0.0004865768029155644928
0.7024
0.000001533231696
0.1370977340352483405808
-0.0475486381322957198448
0.0041337289223409211604541282685115658863104
0.48497619992066640221
0.000000000000000000000572360130954003309712
0.12560282291905
0.01240282291905
0.00390555977721823
1
0.01240282291905
1689753566796368352788584.55563286793316548409246
66987106126497291523613.27563286793316548409246
712694961028461568403576053627767284653560916625.9599177583075359293822744
1.08255914
4419623102159151.60513211833316548409246
131792172121766994735637.313843888761730373083
5081254291599908445868.614743888761730373083
4335839371849388738915175457122404300760036542.90407378683310560928316265
1.080202
19775692378118562.600141279661730373083
1281940947585259784847789.974639505607688709
-366582742046234836346989.791348134584571291
377247421582414356207493513811045495686249809353.15879615223279057936240451869617
0.55525935799178051
6268711.3756008239871834357898019395737
1441092545967803463797969.108995193402178988326848
527992675669489585717554.976699473557821011673152
449492865120834729850495321041844846687967944575.32021473065870281095526548349327104
2.1564839572192513368983
43.7018387121326283665216627938325807861170644416
1399359121080338750286105.2612034106202792401
-475638971541924162661172.9431454106202792401
432993379625319705875396047430557675359320598678.8000601281889194738738629
0.492
610543984130617227435.7207591899748226138708
664469367513542381933317.400231174181734950789
20355535210193026626993.179768825818265049211
110276298137538411025207146162856512648511992803.20578749288629742802381
1.063204775893
35736629282.053408865491686243992455871470423
1659601739528496223392078.8666742961776
-201480125123979552910658.2666742961776
678420923256509041855255844427936131593233328472.98013119894928
0.783480642146
159945067521.1305333028151413587388704
1048310063324940871290149.2530556191348134584501419
699977111467154955367360.2521858548867017624098581
152246508072609916574874445242056697982703634906.732944596391449129123745351367144273353520017
5.01901173996845
1704432745.860990310521093893332266009439129476945
1229556725413900968947889.2106660561654
-311116197451743343251697.2550698101654
353754113173430728432490335849311584781970692025.9850690768690175685442
0.59
4721751735713740749217.970406042432414
852368963149462119478140.59876401922636758982
-277164873731593804837109.66408789196612497138
162428120527459693762827616272061223941082869473.095682985210920353552354769849227487132
0.50924024640657084188
5149.004348821240558480199021624728639288472
141451132982375829709315.491416800183022018768596
140291447318226901655603.735500114442577981231404
81683207838734293063759211998357399480401374.1958009902927090577885773896871888288
242.947368421052631578947
0.213626306553663660639579458336846923901651588
741420614938582436865796.11350423437857633325
-626520180056458381017776.08649576562142366675
39294248059482175015881927082497191147259632542.824256569294443817825
0.08399518115295377476351
6.531188448940849448744789
1198092622262912947280078.091371023117418173495
481681544213015945677881.508628976882581826505
300852205371346843382834074748618615835578223874.308069645892027000401
2.34470713525026624
244144.2928969253070878154270562883867386912
816281376363775082017241.878461887500572213
588769359884031433585106.605859467500572213
79916481565021725595601567681103059987811256553.76258921475638014582427773
6.175720992622401
8316166.93369956895567038359479
1710337987335011825741968.22938887617302357518883
-55283436331731136034180.15376516365302357518883
730549943147133625566826759456998852138519088699.7629978218785402159310513423175758
0.937377927577564601158067
0.51445792324710612649729138033046800393379720839
1298023956664377813382160.9053788052185854882506294
87861448081177996490424.8758983749141680022506294
419286639503931258752479298198408950972280381051.9621649167774726965866091972003505209328442
1.14520603217834266404398
0.26062409399557488413042527662689450748286
1254901960784313725490194.8235294117647058823529404
-201846341649500267032882.9903410391393911650263224
383509246385757119295042899052848516941993521533.9439733602414606624493585542870138197178869143026
0.7228809653496459546
47663.08079652094300755316817517048271711502486556
1003158617532616159304187.5983510803387502
-386877241168841077286945.5198910803387502
214163303048884011869392798651956583373533887257.579839178547163370346
0.4
30133516441596093690394.41558156786449992
520881971465629053177690.7891050582661936
308720531013962005035476.9171892882661936
44002415482094430736995011266969515845597383251.136423291246076703856536
3.910241657077100115074798
0.06567483063270503377474744711777
1388952468146791790646218.18837195445181963836118
227557793545433737697413.36823004554818036163882
469351602341949604842032356756932883502443681655.95809643175207222249784475518
1.391869875972
145998321507.59136272274342613870451050006043304
1301152056153200579842830.74316
300038147554741741054398.14316
400743445810905164375620971223366065000534449949.095508
1.59940860870625533
2360265.555186118966952121
753276874952315556572822.9277555504692149233
321660181582360570687418.6157555504692149233
115990194480582318363024192254071941939997951446.4645033020834222846348
2.49048999
1089951934081025.4086861320292149233
1168688487067978942549781.39024941480888075074387
-188967727168688487067978.75358198519111924925613
332530994473485423766070880541557858856073143971.885546219795575906971870931759
0.721
425314717326619363698.78648249510888075074387
1832440680552376592660408.63524834058136873424
19851987487602044708934.13746852826733806364
839361186584012292575834551214427274232092494892.768587195661925385780080011060258764582
1.02190456948513
2880598153.658350499732964236219910164685911
1156816968032349126420995.2573128862433112840466
402197299153124284733348.1901579308773112840466
294115707520372328050762278750782865468138875272.5245107093698964354747077854320278
2.065960286326687426699559
0.070298313879486251605442359331558203
1578423743038071259632255.9938658731975277459
159975585564965285725184.8556649118791482541
616457331152365419941011768110772605770109163681.4526223935349248133767007822283142
1.225564233309
472861829556.7254139009684747361409119738169
1206408789196612497138932.18796057312886243
-388982986190585183489737.91879142687113757
326028600776272906657807935277207723002281890868.90041762834726021106368
0.51236681
4175326161593041.88601513227830243
993820096131837949187456.090180819095902952
973983367666132600900281.317921720904097048
9758695746308696555710902847290757086435205559.82129726029619616115234904
99.199999999999999999
9918.364232852360570748986129549095902952
558175020981155107957578.404211
225680933852140077821012.404211
65156867535734729908123057678177264390331903750.739713
2.3575034419458467
3105213.2114966612497839
1157228961623559929808498.1117532616159
-760616464484626535439077.5882467383841
190160365893812400262130684923177251042843311097.577882669786815
0.20680107
5462577248798352.0269202621159
833951323720149538414586.730395971618
-782864118410009918364232.130395971618
20649645610176904941235474531555274840764066620.5610762178714
0.03159742539496781743709
6.17867551689937367902651280685948838
1524193179217212176699472.038475623712520027466
88349736781872281986724.561524376287479972534
578839792895711640319880887807037042489320998304.9925097121718535379078
1.1230631894407957661161
55.1007782101167315175099414017157599158551974
1061783779659723811703668.7329823758297083840695811
-129427023727779049362935.7063859006637683840695811
277658360069364461039488790985419705962738319631.993118258310304342970528539719564393867
0.7826966
55118638895246814.67917900950331790569924470960574
1154482337682154573891812.380270084157473105973907
-582146944380865186541542.104966812157473105973907
248483600792018559450424181333540378043239588257.169927615104084603365754671861852
0.32956682
1646448462653543.90783550556740672922865646703426
1322346837567711909666589.04921025452048523
621530479896238651102463.71050574547951477
340575255346319986858171076027462468588070832105.88844166720119345849734
2.773732799
57434958419165.33150215955193410015394123
1587701228351262684061950.04119935193865
-75806820782787823300526.36044860806135
628762129107728665485956824614246770497076922823.221374498935400008827
0.908859087490139
202166781.10933089841763007526678
1089723048752574959945066.431448840407
373067826352330815594720.005355920407
262079179980838501007101324061705358449418134681.28824566941228470922
2.0411
12950331883726253147.173253250901
1698374914168001831082625.9051956969548715
-133531700617990386816204.9477225909828715
716661658501308743152364056469020770692738679038.472053600135532853194375299
0.8542156
2728313115129320.2105744994451440503046
325291828793774319066147.5346303501945521304646
-138368810559243152513923.7191119249256118695354
21667211536104615956572317000457916180456905248.5900856731737192516686214398610740972
0.4031
10707255664911879148.5465674570840010762646
1016922255283436331731135.01725795376509418
396215762569619287403677.02806134126809418
219285985695531381991171995482833574122884761049.68165518232309564072533273373
2.27666060278
878614480811.77996490424891712952917
520653086137178606851300.3109636072324355
-36728465705348287174792.0590981918055645
67432663977774845186325916484860607145910803623.3185148399926132802467875245
0.8682106876916338151554971
0.0147341115437458911758539967294041051
630029755092698558022430.096017395284962
285236896314946211947813.896017395284962
78894351320695587175736660666188848679515550481.8835954568907922
2.6545406266595857673924
10.24013549209190834760156
1868253604943923094529638.7817807238063630121309224
-4089417868314641031509.8761272561936369878690776
872588702261865643083978715567634430893951026037.952347752726855003650342925860376
0
932082093537804226749064.4528267338063630121309224
1122621499961852445258257.8229800869758388
-862516212710765239948118.4630350194558388
129086203746919360120652538081773303824203598225.577135739093869144999717888
0.131
26123445487144274052.0332385442887251172
438590066376745250629434.2146486610208283424124513
245075150682841229877164.6286564431219956575875487
33074854210535117669125955064290257074915015698.8934361922031148213228503470650755722356
3.532881249014
33966582742.0462348363469559688715955493105519818
1320820935378042267490652.528232639047837033646
-274753948271915770199129.961032639047837033646
417269552810479985182670479052394240714033280670.6572829287668588573480056
0.6556050723944685
52101930.266235233081559419936006044581212849
1184023804074158846417943.42569398
-796017395284962233920804.88030602
192067168754496569889576720746472498369434331573.56889069894
0.19595875525962916724464
7.81506706814419824375621008
1350865949492637521934842.62563515678644
-211902037079423208972304.66335545891508
444984085045058964966701652920994443734030100065.5528218117327692427342791168
0.728811904389
733775844968.33752956435419278179901436
1061905851834897383077743.6546578164339456
-768078126192111085679407.1818722819867456
134425007556603628116226677615213604546142812392.93992715449820962641370847616
0.16056300446934827563204
5.393148699168362343438791538783253166976
1534676127260242618448155.938429846646829832455
120012207217517357137407.372167544060425832455
585206971425319017839846727395012600276655311239.06924835067488525147369369343647091
1.169668859885
470359349965.66720073243258080576399823
1126115815976195925841152.455939574273289078
497291523613336385137712.175326161593041882
255209492883515016920114994101794882760632904934.91310788573783159934019594658699704
2.58165493812181509342
1234.45487144274052032875269841361528347484
703654535744258793011367.267649356
264530403601129167620355.270670644
106288342811023021023345095541873311622843080588.12102891106096
2.20480922927236083119
108.18645610315480728411547218636
894529640650034332799266.6724193178890592813
-665766384374761577782863.4526436255109407187
89234599859509194672492833764345923098572169598.92614950457535669779823328921
0
114381628137636377508201.6098878461890592813
513878080415045395590142.157971801
137163347829404135194933.867571801
61314224385820439520950411403431766722615831526.9084192695052
1.728208
6836041809719996.9482039994
101365682459754329747463.086241455710688944838635
-38315403982604715037766.040881455710688944838635
2201732849545386331931663142073666056963557440.3993155042128294426407377418
0.45
96894789044022278171.96907734493018997482261425
1401678492408636606393528.773036
-433646143282215609979399.886794
444163404624352119503694505784621754969247983373.779896264715
0.5274447529889090274198107
0.0658067526425775150364283529095
1581185626001373311970701.08764
-473029678797589074540.31236
625036940029069443736470905857849557418222623844.688148
0.99940185617535261543
1669.193532149399877142599
1023193713282978561074234.11825516136415655
848905165178912031738764.69614483863584345
81571348858593554402647635137573091509436914259.13461111878090299716
10.7413762913675363333917
0.019758175020981236362818267268728729365
1171389333943694209201189.0323180075532158
298329137102311741817349.2095680075532158
320788174408210408535426108019464639626608145092.977959728431932249725
1.683410234899
143556878004.119936923541139675
861463340199893186846722.26263904783703
-446753643091477836270694.60263904783703
135632567223212335646162813182722316727398122951.8443803462261249
0.3
11122301060502021820401.300208285648891
1331548027771419851987486.2704066376
-257740138857099259937437.7523933624
426647542770970271398415508854408798709415747279.59099044686864
0.6756533594485089386869443
0.02583180019211269781410223498
227298390173189898527504.152863355458915083543
-43274586099031052109559.727136644541084916457
12447967093320304664236618332531876695717308735.29955894022478121386342
0.68012632528761
758983749.146309671987651683543
1066941329060807202258334.17376974135527809567
-218753337911039902342259.64238956282472190433
272627694202705016999803678944103623454592366620.8449988793246320951531113354503
0.659711837451636
411322194.24734874494828584458868076
903685053788052185854885.153307392996108
-875303273060196841382467.153307392996108
12622714152505314681701844964834485626967565079.275492793674572
0.01595
3458457312886243991.1153547470817120774
1403585870145723659113449.424209530785076676585
73975738155184252689402.535310469214923323415
491145221259280963618116958861396273335195686048.3235322791688523582759196
1.11127432978332
4794995040.8178770366979428665598878512324378
1228000305180437933928433.9593036186770428
-105302510109102006561379.3102763813229572
374224032721992792635532169922675449213432007811.568468435843976799012
0.842042619423653551237153
0.34459497139378706601754964713
1458365758754863813229570.526070038910505836575791
145754177157244220645456.480476081483176928358809
526396601537466076485837472982014349103614538820.6770665272573926843974681591363463457794598443
1.22208272302434
1712977798.12314030670633841062019618848600632906
804867627985046158541236.701704737926298
-624597543297474631876096.117704737926298
64422451871258490188412119559847663341258656029.492021306400339016
0.1261101622544833475661
59.1438654154268712541159479935005167022
913206683451590753032729.6691462577
-738399328603036545357441.8691462577
72178219554809683109627611107047857374467404749.61407023303
0.105840832240063
465445944.8953154802803470355377649
605600061036087586785686.4317058
-429694056610971236743724.2977058
45528612910030114128507800918438670310880131407.1518250886
0.16990920881971
2410315098.802011839734490608682
662745098039215686274509.139
-383016708628976882581826.121
73132316471508759335753104174217587307418224079.15367
0.2674876703534012315055301
0.000741861300407047445189337
970748455024032959487295.893522545199089036392
-711589227130540932326237.176562142360910963608
108998333690826592578625990270447622666350123101.31403205997760890833567739484176
0.1540470921162427892464535
0.06651407644858752707167193930721577
592751964599069199664300.925520713888990615701533
-427405203326466773479819.516136415888990615701533
42169920926379445353588456745912701025757972878.230606498740460581823466432364417
0.162079693669977
134950789.654383153806591762508583285994765025259
1279316395819028000305179.158617528443579766536
-449347676813916227969786.687296868443579766536
358684276488331053880872237222395252265573874887.78235082514451451521919671688
0.4801
18548867017624170290.6843485790272373540860664
283176928358892195010299.55660334172579537651
-244419012741283283741511.92465094987411306935
5112129741338390615814449615824407832920333839.4159269158162136904306956210187036875894
0.07346
358892195010299839.7802697257953765163635622
508308537422751201647973.448798352025
-304631113145647364003967.448798352025
41394363530125063150690672178536446921720455126.525709606075
0.25054433516029731
3909666.18263523308171860306295944725
703562981612878614480811.076333279926756694895857
683390554665445944914930.269466720073243305104143
6994554722514477254601236841363489128156452578.0042231308851596547200121753
68.75491679
27618829633020.52331580831906614785993424926097
1838254367895017929350726.7762714579995422
-28961623559929808499275.1637285420004578
844585086361471210697910309873142066086555452570.637196120394555934
0.96897
8232547493705653467.6163705579995422
612268253604943923094529.0223849851224
-468589303425650415808346.2223849851224
38824119771877913691574968634490131223443024768.69898854338736
0.132930513595166163141993
0.5115739681086513677223737954563150568
1695048447394522011139084.2692149233
93705653467612726024261.7307850767
716102122380696833206950465037726534044578498450.9264806809
1.117033846622
769298847943.8264744030161543059074
597482261387045090409704.134264133669
-78828107118333714808880.665735866331
87692795550079444531089014893608661399840529425.6321751058156
0.76688777582239068634
293.893501023105302254184
1174181734950789654383152.865644312199541931792172
-346807049668116273746852.479926756694941931792172
314606904248135794747329928192952689330897859673.5978772622465133670750158153808949956
0.5439715885150183591163546
0.0471595330738838864728771076568745914373465438088
1079194323643854428931104.426092
45883878843366140230411.173908
290638764461850928902416408074378269108503665934.6125176
1.088
418219272144655527580.670811904
789654383154039826047149.5880064087891966124968871
-128633554589150835431448.7154955367360952162968871
151751863367036772164693822871255119861991943477.21192626151885454025676999348362579297188451
0.719840478564307
36163881.8951705195696955463490272802084020312603
1349111161974517433432515.62655068827878
-541725795376516365300983.66518653172122
381658522496978333556827704571735321894873654559.8171583050360468310958
0.426998934762258304012
373.90707256084287345173881213668
1236530098420691233691919.111375599869306
683451590753032730601967.730373082130694
265475151849358353588907274259427870531323101204.200207261717847567877346
3.471445124
270817120622568.093385212782285933036056
1068635080491340505073623.712015783932249942778667
306691081101701380941481.344335783932249942778667
261980379007350856550996365332254547238294284434.48346135527195801278778714128
1.8050226298
27212939650568.398566907869817942778667
249607080186160067139696.0958560082398718242
214328221560997940032043.7316560082398718242
4091776980389979829789659756307249410889934175.02190660947799004838682
13.15051903114186851
37232.013443290069518308529
1305973907072556649118790.179491874570839864
279163805600061036087586.506523231860837864
406908853899312540142318582773485850441132192765.694483934832695626997627356558864
1.543749628
248905165178912.031738765296223614310372
726054779888609140154115.394632639047
202853437094682230869001.094632639047
121501506614492616653851324774529091399653051962.53968101903605
1.7754316378
23755245288776.990228038777
1060303654535744258793010.30766292515
496604867627985046158540.74089707485
219406861317511589164263909821427074501085079210.661245241247642
2.7
17460898756389715419241.609146102095
1065232318608377203021285.2702963607232776379
814435034714274814984358.6881036392767223621
117853866709434304447778794560348595364657935526.91154651092754997893168
7
62043183031967650873578.9415254749370565347
730937666895551995117112.2621194781414511329205
597390707255664911879147.9491874570840009154795
44348553942822348249146478003465196161234292973.7200572243007939144449738347345247140361
9.94652650822669104204
502.93736171511406118861576648073743756389018
971755550469214923323413.972510872053
-616952773327229724574654.172510872053
140919531337891702727267255650240539712953834462.1487751149347
0.22332782665488
3920958266.55027847714963343333193136
453040360112916762035553.0679735866330968
95094224460212100404363.9851735866330968
49050664091388024929867862112613546515382151609.79989891775465780752
1.53133259442407707
701457.236599336198071894302
1153551537346456092164491.1024948500801096848249
700144960708018616006713.2694895857175556848249
210119545827384838172728738950208980320147819488.3322831563850844433648940017438033973
4.088375849767786
51850156.404974441138323718093793057278
1502616922255283436331729.633344129
189852750438696879530021.935655871
555453387049700597139765260462566180409794322250.8760010942005
1.28924121257206620792263
2.25704139021463506000219223826073
1323872739757381551842525.477
139467460135805294880597.923
433296964658995815375939286394039449082834351850.5409
1.23550631280597784076268
5.84785151802006543686655764
191805905241474021515220.6825360494392309366033
-36438544289311055161364.1201190203707942233967
8865434443894307052418494455821071500810743868.792517248780539938493315458455112569514
0
77683680476081483176928.2812085145342183566033
1098878461890592813000685.557106889448386353
-70939192797741664759288.858640421149004353
300625376233059969591738604124884412792710515878.694800930622214823444278608085923
0.8787175
12054627298390173.1898985154497596661502225
1.1172045471825169756
0.8318303196825169756
0.1390510798755436026462431745
6.82975082907595063468021
0.0000000000000000000000001808561125
0.720897229541542687
0.440833143541542687
0.081339738778988326832319541
4.14808763835247827527
0.00000000000000000000082552339
1.86301976042677424277103
-0.07063401235322575722897
0.8664633660098799114976649005932817
0.92694244094
0.00000000000000757796443
1.753780422674906538490873
-0.195590142671854734111553
0.75937256676184433551944331197634666500001405758
0.7993299517815768050597935
0.0000000000000000000000000507507371407588584204845
0.20062560108339
-0.11447320108339
0.006786629510948324318
0.2734139
0.000000003807126114879
0.794268881513694972152
-0.530488881513694972152
0.08736115068284122987712728
0.199115647676749
0.000000000000000040573795978947106152
0.95265125433302815289
0.92237735633302815289
0.01419110622659647516586013261
61.9354868232
0.00000000000007773609
0.9493247799
-0.0693980399
0.224100362447555363
0.863754814261204988
0.0000000000000000004394074188
1.75037765477302204928664
-0.13118180522697795071336
0.7616533170765239948119318718072
0.860560553077
0.00000000000059132007664
1.1143648432135
0.7656351567865
0.16390295262069
5.39099501
0.000000000316589135365
0.9868162050812542893110551
0.2029297322041657106889449
0.233156436599628428473334822731645023321
1
0.2029297322041657106889449
1.052442763408865491721
0.344642763408865491721
0.2472142839703974975200619
1.9738422249473452
0.000000000000000025441
1.090959
-0.0142214
0.29749732286576
0.974264111089917989859
0.0000000000000000000002172182
1.3513002212558175
0.6393002212558175
0.35432687876707103
2.795787138359037921348
0.000000000000000000000112
0.87145799951015487907225
-0.07029831391015487907225
0.1886242979929076066224149148423
0.85070805916905
0.0000000000000043648432147994300861375
0.8082550967727168688487
0.0193026967727168688487
0.16322592683909361409933355094
1.04893247
0.0000000019505028688487
1.49432944228274
-0.44167055771726
0.50948690012969232
0.54372876268878099173
0.00000000000000000000536
1.734203097573687342641
0.229236285946312657359
0.73872777720992813000653602433816
1.304639656071127874437
0.000000000000000000000649559380654756031883
1.0808575570305804531929
0.0888380254825804531929
0.2900902159546177157243970994398046
1.1791053959269388108628251
0.0000000000000000000000000353050718726
0.94094758525882
0.00297550927082
0.22134337613724589929957108
1.00634455832320122790081
0.00000000000000000000000326847662486
0.86938237
0.42668763
0.14344084291795
2.92768330610840327581032
0.0000000000000000000000010491416
1.480125123979348287174792
0.193331807431348287174792
0.538348298717552300297550865331029008
1.300486185225126
0.000000000000000026394199476
0.93524071107032982375829
0.25432211795232982375829
0.20249886199089434653238485904472411
1.746997131588847
0.000000000000000216128412527
0.75642
-0.75642
0
0
0
0.8678568703746089
-0.8678568703746089
0
0
0
1.018158236056220111390859
0.082810711834220111390859
0.257447144913655848020141513305943349
1.1770693986774597
0.0000000000000000056352695733
1.881994354161898222323
-0.081994354161898222323
0.8837949187457084000907
0.916502214
0.000000000275120164798306276878
0.5271992056387
-0.4287479963613
0.0235285395105617429587
0.102988124314
0.000000000000101765286
1.220900816357671473258564
0.221099183642328526741436
0.360428488593881132219424644
1.442286102377827294649125
0.0000000000000000000000004240220219064752186435
0.993615854123750667582207
0.015615854123750667582207
0.246757152666514076447699223
1.03193426
0.000000000983750667582207
0.989
-0.989
0
0
0
1.64701304646372167478
-0.17467002365148393922
0.67053558951482486341162220605978985846
0.8082322589291697385
0.0000000000000000000668404113829440305
0.04464789806973
-0.04464789806973
0
0
0
0.378745860990310521095
-0.313254139009689478905
0.01133006790264744029887
0.09464121673500150605491
0.00000000000000000000000114
1.40360102761882963
-0.15953297238117037
0.48616126886396581743021
0.79588061883220457107
0.00000000000000000000253331
1.037796597238026009
0.758129243915373991
0.1255654566897822354441729893903
6.4216
0.0000069825283289006056
1.29268329900053406096665
0.17178606851300832096665
0.4103799145449370388752524311330986782855
1.3065152876473631302503
0.000000000000000000000007977103503053639
1.67138170443274217
0.20093080033570217
0.6882859038472381239723532996884
1.273291409833
0.00000000000025740127890284
0.327776760509651331
-0.292223239490348669
0.00551079575799191261
0
0.017776760509651331
0.98912031738509193560692
0.33936064698509193560692
0.215798338385461203936825181579584
2.0445728242141
0.0000000000000165580906
0.52820630197604333558
-0.32675669489585717558
0.0430579899469856967443827070029893864
0.235623772
0.00000000041840238037587635224
0.874082546594949263752193
0.375692373405050736247807
0.15571888470679789425497795319978
2.507623519141510011634319
0.000000000000000000000000244380996645261849688433
1.0545426108186465
-0.2854573891813535
0.257643549248493155
0.5739441
0.0000000638186465
0.22510109102006561373
0.07428091859311818107
0.011288211577846603447072241619644064542
1.985
0.00000198367284657048495
1.54201579308766308079652
0.25601579308766308079652
0.57806715495536736095216236
1.398158309
0.00000000040066308079652
1.21261920805
0.60070191195
0.277400639177855908
2.963343464152818
0.0000000000000001661222951
0.9824521248187
-0.9824521248187
0
0
0
0.0777270160982
-0.0297270160982
0.0012894483863568
0.4467026412956528355263
0.00000000000000000000000000303051734
1.1441672388799877927118715
0.8081635767147325857118715
0.16399757594947639701999694499759999579495025
5.8104450499545
0.00000000000001457277619338095925
1.38736552986953536268727
-0.25246051728084229791273
0.465261700171116536525462521883904897910281
0.69208866059963
0.000000000000001239251585123687211
1.365590905622949493812466
-0.041870756084534906187534
0.4657713403262541836423280898022811102652
0.9405017454845075702
0.00000000000000000000055317510079756
0.54474644808117799649
0.36902355191882200351
0.04014257770656900892633365
5.200062
0.00000002256809338521621762
0.159213
-0.072787
0.005012708
0.372525862
0.000000000008
0.84670003814755474
-0.48969996185244526
0.119273725490196077268
0.2671356452372863513917
0.00000000000000000000006606
1.4073243305104139
0.2889906157015339
0.474261548820758262010012384116
1.51682357756856424751971
0.0000000000000000000000035894816584876
0.660761425
-0.660761425
0
0
0
1.4016937514305333027258945
-0.0773937590600442510741055
0.48968889471448937491109479033110162425343705
0.89534931704
0.000000000005178301750902571624
0.176638437475590753032
0.049774929427590753032
0.007180898498574135957838756200768
1.78470050518795272329
0.00000000000000000000012778398104
1.2543068589303424808346
-0.4635538261997406808346
0.33960088664382067080183451826990213114
0.4
0.05180437933928426766616
1.344974441138323033493
0.535025558861676966507
0.38067597467002365148342
2.3211341371514694800333
0.0000000000000000000000053026138865493446831
1.44499885557335676394293
0.14746318760967323605707
0.51656907522707626848248927063023223895
1.2272
0.000063135728998787289236304
0.645349813
-0.0465552758
0.10357724685858022584
0.8654287226569101655
0.0000000000000000000030499018
0.736552719
-0.381475281
0.099246629463066
0.3175926166428747759447
0.0000000000000000000000494742
1.79453
-0.10665
0.8022409246
0.887806520161163067147
0.00000000000000000000073327
1.585839627679865720607309
-0.385839627679865720607309
0.5915037766079194323643854
0.60861826117912919652
0.00000000000000000000659743421647293239063532
0.54213346303
-0.50166653697
0.010559844355357
0.03876885041195631
0.000000000000000001811
0.79641412985427634088654
-0.79641412985427634088654
0
0
0
0.842648966201266475799191
0.542229343099107324200809
0.1040111549305934209750513109666050187979
4.60981308411214937946
0.00000000000000000000146245706599669577998314
0.78551918821152
0.53722438390848
0.0821075890956598691438112
5.3
0.003390554656944
0.66872101319905394064
-0.32279898680094605936
0.0857471519035629816116864
0.3488
0.00003992519905394064
0.769398031586175326161
-0.630601968413824673839
0.0485786221103227283127
0.099
0.000098031586175326161
1.885041657129777981231
-0.040958342870222018769
0.887926115815976195925453
0.957
0.000450657129777981231
1.911787376745250629434
0.068345376745250629434
0.912564970840009155412535914
1.074149744603
0.000000000000028866434
1.02065308613
-0.37934691387
0.224457160291
0.45807583732
0.000000000006
0.5474174105439795071
-0.3393759060044204929
0.04612245394758863811740081264682
0.23459976
0.000000002653850172908
0.692761654077973601892
-0.370761654077973601892
0.085613626306553749904612
0.302767224310597147694406
0.000000000000000000000000012741361660880583848
1.001464866102082856482
0.860227359426260776678
0.06573519203284637471749997896834820517516
13.181287813
0.000000000021911955441610685674
1.0076898548
0.1033181452
0.2511910510848192
1.228
0.0002197703056
1.2006557265583276112001
-0.4988322734416723887999
0.2981851341725795376516177744
0.412961699709945126061613
0.000000000000000000000000722928
1.146929121196231
-0.276340887196231
0.309770530777889667873027
0.6116817110361944564
0.0000000000000000000366647000261716
1.33749904631112373922331
-0.08921950102997626077669
0.4452358948797818974593687270898205205
0.8749304812
0.00000000005951693745465
0.03411917296101319905
-0.03411917296101319905
0
0
0
0.137361690653849
0.052826709346151
0.0040193932097352475758
2.2498189158844812329250644
0.0000000000000000000000000000568235671244
1.6616693369954985885404
0.1383306630045014114596
0.68550240329594872968636
1.1816151133904
0.00000000000007314564745209996862784
0.8768596932936598185244525
0.0321507591363394185244525
0.1919623126025020632822155750973746385405
1.07612269229379688867854
0.000000000000000000000000881938988307892
0.73810177767
-0.26189822233
0.119050888835
0.47620355534
0
1.14370946822303579
0.28307011520556421
0.306985664395131979832509864797
1.65781355271077800446423
0.0000000000000000000000017031947864242083
0.8651255054
-0.8651255054
0
0
0
1.2124513618677042794
0.7304188601510643174
0.2341316484076176844335566218243863304
4
0.0073701075761043744
0.96291563439383
-0.24599563439383
0.2166731667048123018
0.5930294625
0.000000000030330481783625
0.646232547493705
0.426232547493705
0.05898558022430755
4.87484134085186363636
0.0000000000000000000004
1.14743038071259632257
0.27256961928740367743
0.3105755703059433890247
1.623115428890361740001002
0.00000000000000000000000038311749950668478486
1.3489236514839
-0.4088763485161
0.41310378728919971
0.5347862686129252474684264
0.00000000000000000000000003704
1.3916380560002228580148
0.6044556343942228580148
0.3928224662392892500190732848938844
2.5357447468428469
0.0000000000000000350842449393
0.078866216
0.048040016
0.0009780092222196
4.1168302288313188
0.00000000000000000020372
0.1176821545680407415
0.0799984740919592585
0.001862333411683588913206275695
5.2457887913966229595
0.00000000000000000000033357012469553075
0.059080838864
-0.032649161136
0.00060614444949736
0.2881
0.000002132364
0.0335683222705423769283
-0.0137926298924239769283
0.00023414890517740096864212768532285536
0.41
0.000178850995651097459397
0.121951255054551003280689
-0.063351255054551003280689
0.0027146817730983443961241877
0.316239644921
0.000000000000063784237430604543769431
0.117003624
-0.038003624
0.003061393148
0.5096535872954792
0.0000000000000000031833792
0.01593194476234
-0.01593194476234
0
0
0
0.05
-0.05
0
0
0
0.1178423743038071259632
0.0378423743038071259632
0.003113694972152285038528
1.94605935759517814908
0
0.087066162355992
0.041273837644008
0.00146924673838400664
2.802653082
0.000000000007006640032656
0.1161486228732737734
-0.0532356755931944266
0.00266411635987353470411251378974294
0.371421
0.0000000308796826307439
0.1366094453345540550781673
0.0377340352483405813618327
0.004309570784622875811413404706630088089098206
1.763264298280811136
0.0000000000000000000003251784525495696089472
0.081545488
0.040486512
0.001252627239808
2.9
0.0014804848
0.1037216750679
0.0042542149321
0.0026850218835506314655
1.085539832349028
0.0000000000000000210690609988
0.0490150301358631265
0.0160646982521368735
0.000536099662321840235646242541
1.9
0.00123704890446005965
0.177782863217212176699
-0.009396504782787823301
0.007879613037894254978211573116
0.899598
0.000000086670180176699
0.15506218051414277
0.03650568398574277
0.005677903715633420406301839834
1.615836079
0.0000000000047292859282
0.01701533531700617
-0.01701533531700617
0
0
0
0.0383016708626
0.0236560616466
0.0002268521845598005811968
4.23046468026147830817555
0.0000000000000000000000000383870656
0.116395819028000304809
-0.039017318989852750809
0.003006408876510768434745728850813164593
0.497889052528
0.000000000000017700094812146248848
0.1068118516823
-0.0820281483177
0.001170038635842766
0.1312418098104215208
0.000000000000000000006064
0.080851285572594
0.070051285572594
0.0004074369420920076
13.97246029122111111
0.000000000000000000006
0.056604867627985046151
-0.039310292210269321729
0.00041470299138123712731664865672497209134
0.180311177574
0.00000000000004082398850409903844
0.0563271534294651712825207
0.0220981155107957579919127
0.0006711053760845094855741536305513489050446853768
2.291191155492154065620543
0.000000000000000000000000012404228686373443119928
0.11844052796215761638056
-0.06382543678950178361944
0.002488618070645988115053024544850950632
0.2996450338222490427522
0.00000000000000000000000081587675349966
0.07648584687876
0.00529640687876
0.0014555082117339361472
1.1487975429
0.000000000002546512
0.089747462662
-0.046924544662
0.001463173540632762858
0.3133
0.0000017890526954
0.192101911
-0.006945889
0.0092137247089629
0.93020883425991143835
0.000000000000000000000798435
0.07789578088044493316548
0.06152285038529093316548
0.00057067288986084942092008551751004196
8
0.00421759365225193316548
0.12680549374380102235
0.01304649374380102235
0.003977355561150530250756825
1.2293
0.00000402439380102235
0.114311436636101930266
-0.078095674068101930266
0.001742042559414584573123974541544
0.18822465778656240582475
0.0000000000000000000000004328861866832831165
0.0833142595559
-0.0833142595559
0
0
0
0.1378576333255
0.0602777141985
0.003842831059277989922887
2.553951457459605815
0.0000000000000000000015005382475
0.10964522774090125047684
0.08821850919356125047684
0.0010598926505049125658044844235568028
9.23
0.00004756237125715047684
0.032642099631643396658274
-0.009671168068356603341726
0.0002429937941389333943694165909749
0.54287774998022
0.000000000000000037375827
0.128869982352941176
0.040541782352941176
0.0037409590588235293909816
1.917980494404
0.0000000000000334796
0.0340451667048142214084
-0.0259548332951857785916
0.000121355001144426642252
0.13483889016047404694666
0.0000000000000000000000002
0.08391699091312199588
0.01454032197312199588
0.0017076601002077363240994019836
1
0.01454032197312199588
0.14138720531013962
0.03921279468986038
0.004613174639505607686
1.7675658602150537651
0.000000000000000000004244561512316738
0.134036774234480811779964
-0.010811017005519188220036
0.00446224468962288853284497914335768
0.8507
0.000001870610546811779964
0.0152483405813687342
-0.0152483405813687342
0
0
0
0.18794995040817883135271
-0.00681010147249560864729
0.0088197015940927987992673438374777608662
0.9300667523269297
0.000000000000000004695933894766566
0.0698639950408
0.0682740049592
0.0000549095124730152
86.87978723803883129832
0.000000000000000000000007774628544
0.1343114366369115739
0.0256885633630884261
0.004344914930952925912
1.4729862613435226046
0.00000000000000000000033408373398662006
0.15219
-0.00981
0.00576639
0.878888888
0.000000000072
0.10661295948729686
-0.01854704051270314
0.0027555826047150374988
0.70362670960845094279
0.0000000000000000000002018
0.0843930685748073548485542
-0.0058854085748073548485542
0.001771887997344930189974822312586
0.869616573946994794131566
0.0000000000000000000000000289344188097251603181228
0.1186312657216
0.0710749980784
0.00225543046371607586904
3.98909067
0.000000000122243995528
0.178765545128557259476659
-0.005703822384985122456659
0.00798114663382769618853354374452357609980809
0.9381596797141250041
0.0000000000000000000003050627057117586616981
0.1752971694514381623337911
0.0167925535973144116662089
0.0076117769403418869218066678093273626516457
1.21188725
0.000000000014496070321889071746525
0.0103166241000991836423
0.0069657441000991836423
0.000014477785488670176241655112
5.1575
0.0000001023000991836423
0.04343587396047913
0.03943587396047913
0.00008287174792095826
20.717936980239
0.00000000000000113
0.062088960097657662317
0.029272907606622337683
0.00074953396156566936747492252780838
2.784060262252389937
0.000000000000000000013704903621425095971
0.137106889448386358
0.017106889448386358
0.00462641336690318148
1.28511482413
0.000000000000586358
0.0868436703
-0.0532188897
0.001177393212568584
0.24
0.0000048831
0.0224063477526597238
-0.0149172198066597238
0.0000698802432132295719406106574
0.20065412916643
0.000000000000000169530081661967966
0.13620890592813000686655
0.04697109407186999313345
0.0040866455939574273289073145
2.052717297630040012311
0.00000000000000000000004166387724032346590295
0.068821240558470885
0.033725490196069115
0.00089973861576044098453968288395
2.921913
0.000000000762941778506995
0.0971716411078
-0.0289716411078
0.00215074296177598
0.5406550297
0.00000000000363465009834
0.0811444181979095140001
-0.0561348981979095140001
0.000858322452246890974287890476
0.182
0.0000123422079804684519818
0.1233997073495078965
-0.0199160726504921035
0.003707709456031128401528385
0.72206727479008
0.0000000000000005707688
0.1398352025635156783470664
0.0419699397268635083470664
0.004448102008825726499893184251318733347044
1.85770861918423351511
0.00000000000000000000025954548824535565
0.14793926906876478
0.01209430073123522
0.005434938805605706699955822
1
0.01209430073123522
0.11467612726024261844
-0.07467612726024261844
0.0018935225452048523688
0.211246494536311768705949
0.00000000000000000000000001847225318183490044
0.13582425
-0.05454425
0.00386828792
0.4269613932977357073255291
0.000000000000000000000000006763325
0.143288079118028534370946
0.022730079118028534370946
0.005003704280155642023346253934
1.37708122
0.000000000257648534370946
0.0518287937743190661144426
-0.0123414969100480658855574
0.0006334778295300422071778418395303769703116
0
0.0197436484321355001144426
0.0741710374685282673
0.0481544374685282673
0.00079562323781185625951859
4.7018240253167798
0.00000000000000000062766
0.091473258564117663843
0.054506752117197663843
0.00134909275149307338062248284135678
3.9
0.000905317769163663843
0.0730403601093392843518
-0.0530632486493392843518
0.000629796461920088502326271225814
0.1584182376432201544
0.00000000000000000000006894557264970008208
0.0046250094883115
-0.0043625543116885
0.00000058970816113487026185
0.029202
0.0000000001692677
0.04476844215304
-0.03828335784696
0.000134649481192923736
0.07808481340657276543
0.000000000000000000000030363
0.103819326193
-0.070527206193
0.00145109141944464958
0.19095372614
0.00000000000065255761498
0.0882803
0.0591997
0.001072201722
5.0714
0.00000032258
0.0381322957198395399404898
0.0170656900892604600595102
0.00029070854966065255207141181945164859
2
0.0065323872739709201190204
0.0575356679636834961013199
-0.0159304188601510961013199
0.00076414371074184440772106496751769620738
0.566319112698873392182112
0.0000000000000000000000000302524423031822956303712
0.0929503318836
0.0111772335394
0.00212870841191927461814915
1.27337189
0.000000000316645087731
0.112350555
0.017222955
0.003081504257469
1.36210216593291536
0.000000000000000000400032
0.04759746700236514810238
-0.02682383459220264010238
0.00038650019070284803546798701859929478452
0.279135569589108497
0.00000000000000000000161664790881975407714
0.034284733348
0.014284733348
0.00024284733348
2.4284733
0.000000000348
0.08182116426337071
-0.01817883573662929
0.0015910582131685355
0.6364232852674142
0
0.0622766460669869913023
-0.0233112077515830086977
0.0008337420596288256351543249911118555
0.4552683187734
0.000000000000000047698028981
0.1736125734340366437
0.0177386129549033563
0.007456666816206225246205739300339
1.227602004
0.0000000000666695881023260252
0.0923628595406469062
0.0077119096666469062
0.0021178560679546868071656899094
1.1822
0.0000002081331255062
0.06511940181319905
-0.05322652021319905
0.00035186850962569616944124
0.1004925340591557
0.000000000000000002089298800957915
0.0795635919737544
-0.0795635919737544
0
0
0
0.080491340505072684
0.013885709925994684
0.001571510739038671806900867331676
1.4169530355
0.0000000000003255865543655
0.1202334630350194
0.076729991607538
0.00214214850532513113904308423309
4.5275341985268426573564
0.00000000000000000000000013959458291452
0.048392538
0.037607462
0.000231879134
7.973981824513800366358104
0.000000000000000000000000002572048
0.1425535
0.0425535
0.004627675
1.85107
0
0.1414053558267
0.0448340582267
0.00449634546985012842296
1.92851725804500321843
0.000000000000000000000019332616
1353688868543526359960325.155550469
383367666132600900282291.555550469
421375696345673809715525591277084506794534406257.1177388792
1.790187136
166018158236057.1293025842
1002532997634851606012053.6247653841840238
-604882887006942854962996.2670176158159762
159797276088216844636491028803719486666802047112.6780400426407237482177
0.2473847088
42652018005645.8381017797001286
690485999847409781033035.0913657587548638
585778591592278934920271.0253657587548638
33408589404360814713021964303472852448523115761.6830905741696821054
12.18886
325627527275501640.3516133787548638
492713817044327458609902.6124957106889448
11627374685282673380636.2895842893110552
60657927416079759828327209139807534709884812003.107410071151292862592
1.04833798528292311596041
1.476461530479896279154523262018178524632
909529259174486915388722.673289082164
-745555809872587167162584.132753490496
67847501914930411578150321020024924705262869482.36108675110259249514922
0.09
7507896543831540398260.4639958800643
954283970397497520408940.83254749370504531929
854062714579995422293430.13701075761104531929
45308693930465299640150914209344501288496041293.62748713893097555961545034872663
18.0435444579780755176
3076.2188143740095998392285231738728
1224795910582131685358967.265323
-441824979018844892042419.639047
326228927623427596473715874415878739993164698614.64882780653
0.4697954624
43848325322346.837568095634656
676569771877622644388494.02092011897960631
-565911345082780193789577.52213321122039369
34372751431284204556600922483213894917057447500.503380740207314163255216781
0.08906246162159506791442
3.334706645307666588724679525199258
1348867017624170290684365.78314122224765392538338
309575036240177004654001.36885877775234607461662
430901382042804204949630250119141341646851737633.23960706701918534739936688
1.59574218176479224783
2278.9348616769665064469344770871103417152769346
563729304951552605477988.297184710460059510185396
198153658350499732967116.609658960860608834973678
69631464235868505090668364633282378538194433711.853048078684304196023214196339458788093834707283
2.0840637
14308384832532234.6837567568825818265049213507817
449759670405127031357289.547877775234607461661707
21042191195544365606164.623877775234607461661707
50460246828154663802110304331452263933533344452.446658491246659818792042634
1
21042191195544365606164.623877775234607461661707
1066300450141145952544440.8349570153353170061799
560097657740138857099259.3773570153353170061799
205821815941305189116960619842918933189355782710.12632727036197986804491112
3.21293
1985046158541237506.6758736313353170061799
1078751812008850232700082.84586861982066216525
-619760433356221866178377.34621194781333783475
194900619289621456985824488771401288812662182714.13296236691791331140199475475925
0.270231421
500862134737163.347829403634550951293
958388647287708857862210.07385422293430991073472
275120164797436484321354.72605422293430991073472
210704423542948951446920002179746747735415685145.971048792135606986969567808
1.8053
2110322728313115129.32026255293430991073472
361928740367742427710383.40247196154628061
161425192645151445792324.55056076905371939
26233580070914112679581809819102007685108217281.617687046960777594921066833
2.610197869101978691019
78.88914320591951629791356654344483915841
830060273136491950865948.66257724879835195387
293919279774166475928892.66404211490043495387
150652878504115718638374553139362141800838237054.245911190711352485438285818314294395
2.096425318761
103028915846.4942397192338942222905395815
621545738918135347524223.075715265827191577
-119798580910963607232776.259235523827191577
92991851394752543794612145246692075637324209852.703844317908101927686766567
0.67680717931829
1515526054.77988860831593653285852190995667
1303669794766155489433126.032867927189
-553780422674906538490882.180636307189
348220544311907958725480157022648788464653918206.50752526234870565809
0.403719768664563
573250934.615091166679752600592526593
1421942473487449454489965.771160448611155
-77073319600213626306553.672831311508845
503995025328352305215083183025871024497885092947.2088487127380063533544693
0.897168101956473055233
156.75593194476600738932637317664602
1343129625391012436102844.4644225452048523689631
-601632715342946517128251.4773774547951476310369
360508816608018621245562606592080622468904503988.38754068750188489434197379
0.381278932914868
560006103.6087707129850110277631
708827344167238879987792.0735840924696726939
-690150301365682459754329.0573840924696726939
6532191341009749446266706869992225023667810937.02036766466607233667059
0.01335049409916886629
6105.287179880979629205762877246138566801369
1567605096513313496604866.060379949645227740887891
-217303730830853742275119.947493705653467612712109
602541206795376696814555443116668785199137589849.8976433954708016834891896384487641318616288
0.7565
8918898298619058518.348964911879148546588691
1131532768749523155565727.105284941634241245
-573296711680781261921110.283495058365758755
237924321782491252038370323726427893254532540742.86542760183927618811555
0.32
6345311665522240024414.428690141634241245
1351827267872129396505682.63382925154497596
-560555428397039749752040.33362325474937056
378303643464309282247426501227207097984274359140.301037251309856411114262500195802
0.4137622877569258266
29565.880827038986800947745609408721083284
1511146715495536736095214.7854886679789425497
249652857251850156404974.1914854679789425497
555309461654733993960385586082181210910318187128.06841969865995716756897952
1.395805
68970778973067826.3523307496909425497
466025787747005416952772.861203936827649347676804
-29343099107347219043259.297734035248340581368744
54079754344998335763082452689479212912245565310.16385871570690684485879564293807035680388487922
0.88153031
123292896925307.08781567089219501029983003372006
894773785000381475547416.51211032272831311512
-387136644541084916456854.73211032272831311512
162686336194344639998466668540489166149752308620.4903159186820913060568
0.396
305180437933928435.18364431219958800641248
1024765392538338292515448.734905012588692247196
102174410620279240100709.442343785763331752804
259926124889663283959098525886100814006797249328.564690528333243165698909610873462352
1.22
689402609292744335088.12016205081254209842088
1601083390554665445944913.329869163653
-376150148775463492790111.777661163653
605494772271555011390450586738416955569501603056.493848600771747912
0.619
512840466926070038910.505323363698793
1582391088731212329289690.9483172
-252292668039978637369344.3727172
610077491837305158242674261608735012001068795120.96417245016
0.72497421737250074852
7242.542152694604614383749665456
1466941329060807202258333.773769741359578850647287
30243381399252307927061.845090409704737926647287
537750550197056699175996025529218870272521015625.724491626685951220670822938530568764586594
1.0421012
27582207980468451.9722285525658045322925326
1159304188601510643167771.7854769
89799343862058442053864.2565231
333980569887737686668132992424267661474099632286.0801582149
1.16
4238956282902265964751.654206796
1222049286640726329442281.5273746852826733806363
60318913557640955214770.6726253147173266193637
372441521911583485351643833688027184319467269092.02681260459471885915743
1.1038432237896340662516
5.23054093232623788815136560548617214123610692
685465781643396658274203.9380178530556188766308079
-175204089417868314641031.3346761272602428766308079
109791716213812087793871361631518324077543334533.1812005287815137763903535277303664821352
0
255130846112764171816586.301670862897688
755733577477683680476080.727443350881208257
-167437247272449835965514.443076218814373743
135774502088260653059011309270937333588238039616.826862647131556297244729337729287
0.637256198347107438016
244.144350347142748312397069889472977344
1285420004577706569008925.24238956282901693
-21271076523994811932555.10194552529182307
412963032368015383403821516566168480611724771407.3482763806668822521380385465106
0.967442
547585259784847791.25657990560769608436
1369237811856260013733118.337788964
422110322728313115129319.788464176
424158765215779560954037626106483761115866531092.65457321084120858
1.8
43259327077134355687800.3687342608
349629968719005111772335.04367132065963149
84184023804074158846417.86042572671963149
28788541290651892086990989444739535296836986097.3740953463267665063023885853
1.6
4550240329594872968642.70545204853763149
692118715190356298161287.169329365987563836118104
-114015411612115663385976.844861524376363836118104
116507200457917344682916052111232716415820801176.0612915722997405286763876612644245824
0.717130418322922581866363
0.325856412603875730525673573330427100542787064248
1284702830548561837186235.07754634927878667887388
464560921644922560463873.80109864957678667887388
358661128224976727721438765506917088359184386593.03511393056689686673326114288579188
2.132879362953040113120488
0.083741512169548871897849611616152712
1424368657969024185549704.83945983062485690972
-125825894560158693827725.51696040283817810972
503248479515653708075910549362193665487180946374.659809012857061883191688523582758968
0.8376643830222852193086069
0.059626153963530900731191893660403420349590932
859830624856946669718470.18617532525543
845181963836118104829479.58512245274457
6244037862002526068383421620636994481235320783.39653501456357089971727
116.3937499999999999
732433.051041427338993967552643625543
631464103150988021667810.37186999313344014
-440299076829175249866483.02813000686655986
51220909127914417737779866819832460549758232262.595047170163048538
0.1783649876135
22789349202.73215425573299014
471396963454642557412069.4149233226795605401
300190737773708705271991.7651178766795605401
33025154527283517079862507754818702425798547066.6641863930954699407718406923
4.50677361
730907148851758.6022735968460205101
867338063630121309224077.781
596795605401693751430532.619
99027580498718551252789411452752184979998858978.7212
5.411844331
86747539482719.073318911689
1241382467383840695811397.24734
529304951552605477988860.38534
315216674647471569186551994770274467846559154884.03896254
2.48664980928298
3473868925.00347640958039562
1444083314259555962462804.6900434873833829251544975
-60090028229190508888380.1947356366166170748455025
520441451757569638176365043949585652974345954251.590314855943980844112396931355095
0.9201
1696803234912642099.6414112893871829251544975
880048828870069428549629.0886701761900892652780956
-788860914015411612115662.5971160448099107347219044
38046099883587528416173697798328500848269249195.8521552062232843139437756478003638
0
45593957427328908216983.2457770656900892652780956
1212344548714427405203325.16
-494071869993133440146486.04
306418073019769222981255170658100007061386840193.536
0.42092461772333005
3879606.34398638419860672
204287785152971694514381.4238498001144
139192797741664759288929.4404212001144
5589716054888682047474336925648963802231162376.86665385074110211592
5.27660571
313878080415045.395590412045747
1593820096131837949187455.49018081931739528496223
-186388952468146791790646.03318837271739528496223
626380414307882019412741313458911148117065045941.499243360403576387479131838145959
0.790598803421733
746334019.98931868458023119079881289607633385541
648645761806668192568855.68766262165255207
-337880521858548867017623.83241062165255207
76644519314586902554124596834355729282785179442.71068837571084331648582
0
155382619974059662775615.927626
1463660639353017471580070.2537422684870679789
-417807278553444724193178.7994048915129320211
491934886294762031350798661581198035748382891617.316392497573564402952737462
0.55587095099
7866178377965.9723811740462591347
1351140611886778057526511.199404894039
226276035706111238269626.690638585961
443595027188725921673531611712156981828793744050.60234118750862380786
1.40231693751
4866254673075.45586327505389493289711
859479667353322652018004.7862687113756008
50843060959792477302204.8777312886243992
184030070436504246445392319723709986170649175059.7056898986549830656
1.125
303273060196841382467.3834476997024491
1306950484473945220111389.55289539940432249
111863889524681467917906.35033188372567751
423901509771772496400604043714118574689692684506.83950994196559319086130329685
1.1872063329928498467824
18.554970626382273223979769845725677543824
798352025635156786449987.757381551842523799496
-93324177920195315480277.620874341954683799496
157164138662819441968360190500984237179864661525.23236534729563661660022548200426432
0.7906
34320592050049591821.1642290501258838361184624
549767299916075379568169.13055619043350881
-450003814755474174105439.39130235843350881
24935162690633215006935400852245078650373811003.99400967657704675349912996
0.099786324786324786324
393.07240405798519874896788038883117848556
1673243305104142824444951.40526436247
-128969253070878156710154.75010299847
695777522459543844422145345833061114428304632268.71666113608863268054
0.8568
69166094453345540550.850621304573304
657282368200198367284656.396200503547722590981885
-86625467307545586327916.293934538796063172350685
106129034990152622175947835679427333693032730240.538030725257748332417507431289530720114944546
0.76710699
179446097505149.91989013486289768825814992916785
1474631876096742198825053.8393182948
398016327153429465171282.1227782948
504030543329972960726807614305669988836792955941.449140017977996
1.739384318
451606012054627.29839748619014
1044098573281452658884564.4552529182879367658503
-918669413290608072022582.4337376974135967658503
61547084953163726283881633072213364782234653021.685708085411336987448398552809775651
0.063904221410246443286
929.4270237277790483855945544773256812594839142
645120927748531319142442.32407003891050583657587
138277256427862973983367.52807003891050583657587
99265102943477198597950995671343230323060805419.75853389773902263292938626
1.5456
10302891584649423971.92372123891050583657587
1132829785610742351415273.148088807507438773166994
647257190814068818188753.453604943923094529633006
216090363026590146635916982807548616129128414443.0222206270508021525332957773124608494238916
3.665954371189742945
32120.24109254596780346375820823583825795464267
996078431372549019607842.140813916227969787136
-557198443579766536964979.987186083772030212864
170425533979470893561255303922280165642404675826.921202670437101475272704
0.282551034442
84321355001.144529082361681787136
920668345159075303273059.276173037308299
-360051880674448767833981.481712062256801
179498211250185680828841956172417261379411769814.52206956273402774720747587995
0.43773
3400015259021896696.4217559652094333885
1190020599679560540169373.9530327306019663
-701762417029068436713205.9816891737239663
230919634426805180446664882192563233302702949174.8528227082745182966746236057
0.2580941779993224604365
27.48912794689860175342857404056776721005
554375524528877698939497.42380407365163653009
-482597085526817730983443.47864499834836346991
18608068809422412841830735970097188471842132059.12613550428879985523051028824
0.0692192236381294
17050431.0673685817090233596670416
986877241168841077286944.91989013504234373
809048599984740978103302.76919203479056987
79841762999938373668718721442144863160638088074.881809328131016223685042053029624
10.0991934099879869572
6036.469062333104447956302970325078050604
716105897611963073167009.27855344472419231059
-57557030594338902876325.56997024490730231059
127373711205949418944374044414590453911559080200.72602401247558664314752229897893255
0.85120902528499861938
1489.5857175555046912806182141312489019467658
1212893873502708476386662.401962
-486564431219958800640878.433102
308591650663000543169721762621269843729605777924.93714302676
0.42738
7476005188067444876.78338517384
1366613260090028229190507.521766994053101396
-88761730373083085374227.423254750053101396
464938289468767810814484784302195799531571067021.051968939777937392839746312
0.8780221
62151522087434195.4680704338471046007711484
1563881895170519569695580.9492789
423880369268329900053406.1527581
566513003647770061360138391269729398281886755763.8785355482174
1.743648
441901274128328374.1512165500608
297245746547646295872434.27341725795376
92011902037079423208972.20658274204624
19972210931046619827744380561854835336749938119.0230473538021824
1.89665427509293
698100251.7675806820782878778943570832
1480354009308003356984815.79285724193179217
504264896620126649881742.07603724193179217
484291226727743268021819816910584670746087774889.9214330458829428366497
2.03323536768384192096048
0.1171924108512971273310343632
1432471198596169985503927.765667200641565575646601
-222919050888838025482566.344563973358434424353399
500570207889591878442348683567293829459010395676.254666746282280058304202318669787
0.730674925
659571221484702.830548561244009600646601
855771725032425421530479.040466925
-212909132524605172808422.767177843
171753736663148313647279652599944819821023559519.021625596807205744
0.601547775429778
518745708.400091554639061423449248
520347905699244678416113.0061496910048065918974
-348744945448996719310291.8621496910048065918974
37284726497341583729423740382413199003880526312.3350427227152299619993128
0.19745
288395513847562371.25137714351110093842985837
513832303349355306324864.062348363469859
494605935759517814908063.898466468299341
4847151069188907197503196612476183535164908845.8596154548361162305294051114
52
4333562218661783779659.719478141451132
456549935149156939040207.0629114213778896772716
294377050431067368581673.6170885786221103227284
30444998866051056463742045800671386485755926551.081774808165123921576344
4.63041023710952201
592965.587669184405279620983693683617763052084
471671625848783093003737.988693064774540482
58091096360723277637903.352300297550919518
54774886788610897497028429646735598164366766997.16652156346194705808716016173586
1.2809
3710994125276569771.8776189333943619536062
864301518272678721293964.1877088
799481193255512321660180.7877088
26961734029799937249062332092204737281221939958.87073696
25.66760828625235404
290531.900874253919262532
962981612878614480811778.976470588235294
139452201113908598458838.623529411764706
226971667586695928085126925969508883892242359942.6122045247487872
1.3386696312766351676857512
0.0335698481727322853611482913688432571472
553368429083695735103379.319981689173723957
98008697642481116960402.740169375143053337
74152728373245478062437494471014898827717212561.99087633987719753157326343800222557
1.4304671268681723745057
6.871137560082398727976554985908618993733
1191088731212329289692529.51769273865
-496681162737468528267337.56694886135
293000047050688178453183621274271751739331108021.76359760051621892
0.41143
4200503547722590981.918054891906
1307377737087052719920651.7787594405541313
522911421377889677271686.3619592574458687
358950048205854461889288203704824244668086235725.6804668195762787765285237
2.33316
1864652475776302738.994428591389563016092
1069779507133592736705576.102723735408
650370031280994888227663.956328679332
180361754073637580906824555516458604479327334536.66783864267182137724006
4.1
285343709468223086900.1294163424142
1159411001754787518120087.3429159492561
-792034790569924467841610.5606774507439
179228690379223948172784740001166561320029669816.05212615792123343487
0.1882584
74317540245670252.53681232538882
1663294422827496757457845.288715398
-104493781948577096208132.954176602
688907346635784697471204290801492704572961917774.398660821309508
0.8817802
2056916151674677.6531629198308
1238071259632257572289614
-24856946669718471046006
383050644032415927571253093287514124010630929240
0.960636009955778943044245
0.04783047399605647774655
1089036392767223620965894.9970244907300836346
654245822842755779354542.7195239185168836346
189490667016062993182003901053814455933829868111.45070645412101289642993285104836
4.00947567
1976195925841153.582055388273531908178
996551461051346608682382.4626688029297322034703
-768245975432974746318760.1991760128175783925297
100728233938652689835687304881448418909151689216.3543687321860567571097857385716727766494
0.1293663969011551497
48041.5045395590142671855152656932446118894
1501121538109407186999311.84289311055161364145891
-377752346074616617074845.12465094987411306945891
527667259302768873334627670816732947715602256671.30368701311771207304426575736342542374826
0.597894942
12634470130464.63721675439340810243396962216678
1157381551842526894026091.77006179903863682764934
-397299153124284733348591.95793087663076317235066
295421359868035480212053362390386376124712051616.273065932333676614540296150506484098
0.4888993581061186031446
70.83543144884415099052507172062500238
1152834363317311360341800.937651636399633783474
-132066834515907530327305.887617303600366216526
327896355116544636111240116840010986453761691152.48464012019130727155988874878
0.79443
1735103379873350118.257417964397533783474
280552376592660410467688.740581368689631494621194
-153261615930418860151064.163515678689631494621194
13805128273546682213708831567487758726149097804.03691501764810109260918330211693
0.29342
529488059815365835.04997276717898832684824925652
1038101777676050965133133.865003433279926756694
220614938582436865796902.134996566720073243306
257246087422111188884739762071834299106481062052.539937349997554330492
1.5
16243228809033340962844.202494850080109864959
77622644388494697489890.820370794231157701991302
-56809338521400778210116.674708171207157701991302
699493494655899247939307392700404945229919681.043722441360443041666856578676468624
0.154824063564131
44937819.485770962080398520714122280117918811438
1291569390402075226977949.4217898824
-687739375906004425116349.3542229336
298791510263001937867839752953279292895762981043.8891090901517039552
0.3
5018692301823453116655.217381552
451194018463416495002669.8776328
326161593041886015106431.3515728
24298664380386239291348016716057768630281123234.240292174484
6.2172321210641933
761425.192676274609082536301
1.06883344776790798809
0.74448767834790798809
0.1470357589638937972063076231039
5.5907038
0.00000000025274909009
0.59600213626306553749898
-0.31523613336385137712678
0.063961181662986462306808613035413242096326968
0.3081148062560701965
0.00000000000000000004124039949002395641908
0.78611429007392
-0.13836881055932
0.149707437330705562676956326
0.700656917439503235
0.0000000000000000002238902357343
1.8008
-0.0888
0.8087488
0.9060118543607112
0.00000000000000005824
0.9481651
-0.2518349
0.20889906
0.5802751666666
0.00000000000004
0.313457534142061
0.194057534142061
0.0151493247882810417
4.25054496050353
0.000000000000000259
0.982742045957885099
0.628793774042114901
0.14260007965484092424137309
4.5
0.0093842981895170545
1.5336537727931639581435
0.2107270923933775845435
0.5769219968335346710047872800091463324658
1.318577129806915
0.000000000000000635828698491973278
0.42107270923933773182
-0.38036163881895173182
0.00815681254527929156933564231544126
0.05079776093827341894859
0.0000000000000000000000005135462488380828662
0.506507
0.106507
0.0613014
1.532535
0
1.10531776290531776913099
-0.71102463709468223086901
0.179042830609597924773014145488
0.217080835535544145
0.000000000000000000313366
0.8104
0.3896
0.12624
2.851711026615969581
0.0000000000000000001576
1.8886701762416985
-0.0106507972838985
0.89174039878551644336537070165
0.9887846
0.0000000249393409902969
1.4142977035172045471885243
0.0202029449912260624094003
0.4999574587969300272910865622658103802316699515126
1.0289836036864
0.0000000000000238284885946476719186432
0.786861982140685893
-0.012344548720685893
0.15474984776381292437828037203
0.96
0.00363958189654154272
0.0873107499809262226
0.0353107499809262226
0.0015940794995040817876
2.3581057684971624
0.0000000000000000002
0.668650339513235120164
0.393011367971315120164
0.07315883529412003479046002218163744
3.851638618246293773633222
0.00000000000000000000000011734906116688
1.045929655908597314412146
0.185503929198597314412146
0.26488928434023964293888753925030983
1.43
0.000512397955947314412146
0.6658121614400107576104371
-0.4599069199659892423895629
0.0579478648222040283817806879050712813
0.1829099682816516708741
0.0000000000000000000000086514615077
1.473594262603370717936
-0.289951934076629282064
0.52185198167569848172645692982624
0.67117171682546878
0.0000000000000000027724601748
1.6330052642911879148
-0.2915541313088120852
0.64542559542987411301675614744
0.6970172684975334151749
0.00000000000000000000009529385478
0.9996643015182726280155
-0.9171740291447317719845
0.0395301289981086510505221248395798841
0.043034548638
0.0000000000007205331959959964
0.27280079346913862812686
0.00277714198519874867314
0.018603140099946418783293939457027840450424
1.0205
0.00000939955748836490873937
0.1947949
0.0410451
0.009065088208
1.5339206945309
0.00000000000000651559
0.87617303730821269
-0.55204089417858731
0.115732510615101108450667603746
0.22694929
0.000000002705293737814
0.8128175783121004
-0.5756313421121004
0.08233024339784237378625724
0.170828204560477
0.0000000000000005868140210041092
0.882124055847
-0.612130922407
0.10085964593427913005344
0.18068745787648
0.00000000000000491829096704
0.51841763942931258106
-0.31841763942931258106
0.041841763942931258106
0.23899566026
0.0000000000001608300916405293244
0.2517433432516965753414
-0.2107270923933785753414
0.0047422008507435032578007521709398826
0.0886894549293872947
0.00000000000000000001703394856875882508942
0.78491454947737
0.33491454947737
0.12598077363240825
2.488509108788311111111111
0.000000000000000000000000025
0.746364538033112
0.453635461966888
0.0878187228198672
4.099353628023354965
0.00000000000000000000665950039892
0.5525520714122
0.3525520714122
0.04525520714122
4.525520714122
0
0.849134050507362478
0.624856946669718471
0.08264560798240915459888663042093066075
6.5721866920669
0.00000000000000536965715338596585
0.69359884031433584485
0.23854428931105515515
0.106043993330618793017182196278043175
2.04842062906579032881918
0.000000000000000000000001012978851651505777
1.81887541008621339398
-0.17605859464408339398
0.8193277821670603186781459165651887
0.8234
0.000094077973601812396868
1.12127107652
0.52127107652
0.246381322956
2.737570255066666666
0.0000000000000000002
0.524086366061375600823987
-0.384222171361375600823987
0.03175996053144197756923779909913445
0.1539
0.0000377553953192950331884007
0.58859945
-0.28940055
0.06567415855
0.34077323462
0.00000000000182
0.8383636987
-0.3996363013
0.1357861294953
0.354
0.0002376987
1.86137169730678263523308
-0.06721590269321736476692
0.865046654489967193102920598904
0.9302952039168795187
0.00000000000000000000368594
0.7684434389257648584725
-0.1344005610742351415275
0.143110452002746623941372895
0.7022
0.0000329105257648584725
0.8844739452201110861371786
-0.7103685053788049138628214
0.0694176865847777201495384091242522291988
0.1
0.0073105973907072861371786
0.3540245670252
-0.3540245670252
0
0
0
1.491665621423666
-0.299865621423666
0.5337867338063625694
0.6652409801
0.0000000000642348728249534
0.736995498588109712
0.151598382544109712
0.130045073837286549064649709664
1.51793347930574764
0.00000000000000000011537043192
0.973846036414168001
0.377950713414168001
0.2013823402173266191160796615
2.2685
0.000004104801418001
1.730128938702899
-0.209567406697101
0.7373569116468678780526573
0.78391730520698
0.000000000000001251714554
1.56961928740367742423
0.33955901426718547337
0.587101095804881360725516179828254102984
1.5521014241055922194564229
0.000000000000000000000000011676651944810910653
1.97315933880369
-0.00566113880369
0.973331431953915114179
0.994278269436007
0.00000000000000068599730953417
1.3200579842828
0.1399557488368
0.4307413675590749018193354
1.237192583206
0.000000000000494021240062
0.5472953383688094766
0.2025329976348505234
0.064628143067317822684336041242178
2.1749136939
0.00000000000017744796240538726
0.869687952995
-0.112382696275
0.1859318162906486076486
0.7711311373401961765768
0.000000000000000000000025228990532
1.732692448
0.133516448
0.746099119367424
1.166981555501
0.000000000000066412
1.02732890819
-0.90510414281
0.059047794067758143595
0.06
0.00313939116
1.13765163653009842065
0.55243762874799725335
0.24726597811072528148152592593912006505
2.887984981
0.00000000006628519110751583935
0.4507820248293965056
0.4037537194293965056
0.01004684198905470359152480512
18.1706684302257042670306381
0.00000000000000000000000000013816213
1.229861898602273594262
0.267841618602273594262
0.36020528924452582589426781668
1.55
0.003286041602273594262
0.1375906
-0.1375906
0
0
0
1.16527006
0.15872394
0.33316525590082
1.3
0.007742022
1.535484448157473105973907
0.250247551842526894026093
0.573772163332570382238498447462
1
0.250247551842526894026093
1.3468
0.1468
0.44808
1.244666666666666
0.0000000000000004
1.071442740520332646655352
-0.863370717936980239544648
0.1006451374056760453048873661054863622884712
0.107541128408965441
0.0000000000000000000945451111101170929
0.19031052109559777217499
0.16507209887846189058501
0.0022423241528843163279347112180628028487862
14
0.00102235446707866025014
1.125215533684276600289921
0.105485618371876600289921
0.3137456953902735545891506233086431602
1.20688932
0.000000003990556588505921
0.740855953459983215
-0.055603953459983215
0.13644393603418020902259
0.860372247298
0.00000000000025629059709089693
0.6986495765621366
0.5721522850385234
0.040188248388912260782684676178
10.0460796139926830991386718
0.00000000000000000000000000491799450752612
0.8036469062333104448004801
0.7920195315480277714198601
0.004638352886203477991753240947373610270785121731
137.23359580052493
0.0000000000000000254836850664331555717
0.354618336
0.345038336
0.00167567772944
73.0330555323590814196242
0.000000000000000000000000082
1.20008
0.71992
0.2304768
3.9986671
0.000000002632
1.1899900816357671465927
0.7484855420767528794073
0.2139614469233922882134533989233780387051
4.390613119513
0.0000000000000828404969186178356449
1.19699440756847486
-0.62679440756847486
0.259981095597772182586
0.31264584
0.0000000069544518198764176
0.6053
-0.6053
0
0
0
0.252550446326
-0.004350446326
0.0159407003890566
0.96613132573351429087
0.00000000000000000000124911315638
0.8020695048447394522
-0.0520695048447394522
0.160151064316777294575
0.878
0.0000329747463187609684
1.72256022125
-0.26804022125
0.723842038906275
0.7306941006067821
0.000000000000000016619460375
1.2936751354080567635
-0.3944304569919432365
0.3795049926425452048004970987
0.5326945674871
0.00000000000002040107098
1.6430911784
-0.0898448216
0.6729191321418912
0.8
0.0834487784
0.5837613488
-0.4237613488
0.040300907904
0.15880535
0.00000000268734392
1.149782558937909056229
-0.678309300373909056229
0.215474106466016083008962265897578
0.2579045774764760775935424
0.0000000000000000000000000180880342309511043904
0.6137407492179751277943
0.0137407492179751277943
0.09412222476539253833829
1.045802497393250425981
0
0.7465170780041199359121
-0.4594033219958800640879
0.08655908387273975738154699842
0.23808682232114148813
0.000000000000000000000937574
0.1760659647516594
0.0284659647516594
0.00754722819867246372
1.38571
0.0000005667516594
0.234237149614709697108415
-0.077282850385290302891585
0.0122236008239871824216067204
0.5038337802690658
0.000000000000000008100415
1.1428320744640268558785
0.6571679255359731441215
0.21854886701762417029065
3.706264923
0.0000000002346532387275391001445
1.154665445944914930952056
0.786861982146944380866056
0.178525128277737761699254051027969058354489408
5.278708927978758712
0.000000000000000000050001449230947575384
1.4324411459
-0.1321588541
0.50860541843757
0.8
0.0243011459
0.50046540016784924
-0.50046540016784924
0
0
0
0.92176
0.18176
0.2041512
1.49124324324324324324
0.0000000000000000000012
0.533394369420919509
0.466102082856489509
0.016814600421695635384293280007435
14.853061224
0.00000000001648880366884
1.425848783093003738180361
0.518303196765087358180361
0.44110163711772269007324301522548278310659
2.142208621965
0.00000000000007370167558535665
0.5410163157
-0.2279163157
0.060188201722835
0.4
0.00276347372
0.078831710536
0.065051710536
0.00049567838559304
10.4
0.000285710536
0.12025787747005357763027
0.05195849546044157763027
0.00294056796077242295872421260466107762
2.52
0.00005096513313645763027
0.1378362706876554
0.0395956359123446
0.00435775578344441446289282
1.806094871086796
0.0000000000000000162765676619016
0.1586541035553521019302
0.0246983035553521019302
0.00614027959411001754787074258
1.368753029810610692933042
0.0000000000000000000000000062282
0.086005951018539711
0.061496910048065919
0.00090378841628588524001328257866224
6.0183040717
0.0000000000002705440641305568
0.06273136483646906233
0.06198367276353093767
0.000023312111247425039861346804
166.799999777877552405528977
0.00000000000000000000000000027938030116586359
0.088789662012664988174258
0.004189662012664988174258
0.0019665127031357289997711134
1.099046383278132108138486
0.0000000000000000000000000422
0.018007168596932936598764
-0.013969631403067063401236
0.0000322768798352025635156783376
0.12626457912817646
0.0000000000000000000857
0.0567558351796749828336
-0.0201496351796749828336
0.00070380425726710917830166416
0.475989547023809
0.0000000000000000201419090779545148176
0.16386053253967
-0.01345540550833
0.00666730654669766339860608
0.8482324188512870393813004
0.0000000000000000000000000010119611904
0.10245324635690852216372
-0.03825324635690852216372
0.002258339208056763561455412
0.45626892378432
0.0000000000000002168001873538229911296
0.08836041809719996947661
0.08226596475165941863661
0.0002599686324476784904740948507518467715262
27.99699549323985983
0.0000000000000000000267991740487056214
0.115786
0.073214
0.002011527
4.4395377243258479751949638
0.0000000000000000000000000005532
0.07918822003508886472877
0.04682688639658886472877
0.0010195042256816525520713978898648225
3.89400226329852618683634
0.000000000000000000000000007231888455
0.076501106269357
-0.062899214150643
0.00047402702991675106958497
0.097574324633
0.00000000000005435054707
0.08928816662687
0.03246356908687
0.0017296233454324300370499
2.14258861451
0.0000000000002115228473
0.106495765621423666642
-0.023294422827496757358
0.002699679490106750224662079533195704104
0
0.041600671396963454642
0.0648233768215457324
0.0011688410772869524
0.001050175998271039794156236353343136
1
0.0011688410772869524
0.03264027237354085
-0.02765972762645915
0.0000750817120622566275
0.082596
0.00000000297354085
0.0623697261005569539752
0.0497413595788509959752
0.0003539449702764859030197346120223711208
8.8777187
0.0000000000296025053561927
0.068343633173113603417453
0.046373693446250095369453
0.000630083187863583785400402331142324292004872
5.221558549798583136
0.000000000000000000008965826973533460736
0.04149843595025482742046
-0.01165789272907682742046
0.00039655343085868498054471204349125094
0.561373291996756295211
0.00000000000000000000002390471274339361858294
0.148765232318608377203021
0.001365232318608377203021
0.0055323076218814373998626477
1.0185241834275
0.000000000000001627203021
0.1114351110093842975
0.0007278553444724185
0.003104313548067831101057806983082341
1
0.0007278553444724185
0.1502
-0.0102
0.005614
0.872817955112219451371
0.0000000000000000000000458
0.07521477039
0.06099946561
0.00048408172002871202
9.58222409635
0.0000000000000623322235
0.0194808880750743
0.0034808880750743
0.0000918471046005944
1.435111009
0.0000000000030743
0.060044251163497079423
0.024139772640577079423
0.00075564586866159166857029288293758
2
0.006187533379117079423
0.135400922588693064774547
-0.054409102588693064774547
0.00384326484834058136873422560277
0.4266993796787
0.0000000000000054547951480370312019511
0.09821260364690623331
-0.05655660364690623331
0.00161176652475776302738068
0.26914914619237291477853
0.0000000000000000000000001320761655248411657
0.09385214007782101167
0.05385214007782101167
0.0014770428015564202334
3.6926070038910505835
0
0.09324635689278
0.01548638130722
0.002113763766945771795098
1.398312401479092427
0.00000000000000000002184665672294
0.129707783346303501945
-0.061576263346303501945
0.0032581182132295719844179032
0.356179834011391375
0.000000000000000000009914724815531275625
0.139
-0.047
0.004278
0.49462365591397849462365
0.00000000000000000000000055
0.073661402304112306401153
-0.004779125658045319295027
0.00135079053683822367405849240719918254857319967
0.8781465198614
0.000000000000003716792559001313945274
0.165453574370023
-0.004101625029977
0.0068395154859825494837931
0.9516
0.000001610795503
0.17163805598
-0.01026779582
0.007338548657398101072
0.887
0.0000098848067
0.0716456
-0.0716456
0
0
0
0.0271320668
-0.0271320668
0
0
0
0.08745
-0.08745
0
0
0
0.09856717784361524376287
-0.04937514305361524376287
0.00181939594912247653925371577512365
0.33250819976098459063
0.0000000000000000000000465948036047122560919
0.0615639660868238345922
0.0005370339131761654078
0.0009474583787289234760051061
1.017599898
0.0000000000224216067750084084044
0.040653086137178606850849
0.022726787212939650568849
0.000284041638863656553036215604214570486910709
3.535
0.000005203326466773481414
0.1529991607537925810635
-0.0038361181048325810635
0.00584850684731265992217497388698448
0.95108
0.00000007281604939040212642
0.096954299229418462806134
0.090325780117493537193866
0.000310347396308455683222693550793779104
28.253683
0.000000000799571815976199508478
0.109
-0.083
0.001248
0.13541666666666666
0.00000000000000000064
0.1291614168078126192111085
-0.0632271831921873807888915
0.00317124872434576943617913438155
0.34271382823
0.0000000000009075302111085
0.07718165
-0.07718165
0
0
0
0.13893743801022354467
0.05906256198977645533
0.00395380636301213092233
2.4788
0.000003078660257877472004
0.1020035095043
-0.0822064544957
0.0009117036976100564226
0.1
0.0006880293043
0.06613717860685129353551
-0.02437628747997252646449
0.0009449807506920707659111018973290419241
0.461377659395124
0.00000000000000002973994622247316
0.10822376
0.01175624
0.0028935432624
1.243734678781003
0.00000000000000000873872
0.1363500419304493
-0.0493369955304493
0.00403929870161592701687376
0.468600542
0.0000000000017243061164794
0.07978482914473
0.07456322914473
0.000201485955291061084
29.55
0.00002488914473
0.095168890211337453269
0.034184890211337453269
0.001972127736324101625078348
2.121110134177405
0.000000000000000020009
0.02436408026245517317
0.02097962920576790683
0.0000383658913559620016994553756237818
13.3976555455365173
0.000000000000000000123045572809441159
0.193687341648508430609
0.002818340351491569391
0.009376710818132295719785610169
1.02953167
0.00000000017172503242603711297
0.1739192797741664759288925
0.0004852368963149462119475
0.00756192010557981171913018156800728763528113345
1.0055956361076896005
0.00000000000000000000547004560722415743476375
0.100454718848498
-0.004686045628498
0.00251729787882460353281178
0.91
0.00004528877296682
0.099848935683152368
-0.032803845273447632
0.0022234294230835014238724076144
0.505417903
0.0000000000157508149951
0.0784178683146
-0.0595821316854
0.0006498329137074
0.1364908451
0.0000000000027
0.1567009994659340633249
0.0003967345693139366751
0.0061387614588260447211381644443380376
1.005076439463457219283
0.0000000000000000000000145112877562046259533
0.0980682078270522
-0.0874998092630522
0.0004902891913348466998925204
0.0569
0.00000478919578652982
0.03073624780651556949
0.00608377203021283051
0.000226926161776983302835047330588258
1.49356276306
0.0000000000000019813489926169606
0.08018463414987411306935
0.01326466774987411306935
0.00156340603580865186541535143492
1.39643
0.00000012660989811306935
0.046316212710765239948
-0.001283787289234760052
0.0005358858625162127107624
0.946059357595
0.000000000000004239948
0.0287632562
-0.0287632562
0
0
0
0.0595460440985732814526588
0.0395460440985732814526588
0.000495460440985732814526588
4.95460440985732814526588
0
0.0132921
0.0013321
0.000043726358
1.2227591973
0.000000000000146
0.0440421149004347921568627
0.0390951400015259921568627
0.00010281947829104564705882341786233071088
16.805675508
0.0000000000023391941140275
0.04
0.02
0.0003
3
0
0.11801686785
0.04373486785
0.00300381060781685
2.1775360881505613742225572
0.0000000000000000000000000030348
0.12420691233691920347186
0.05517204547188525214814
0.0030958506176798394679026559933097332483266
2.598382034392820829993
0.00000000000000000000001827164220597428583302
0.053420935378042267
0.011779064621957733
0.0006787624933241779042
1.56573
0.00000003685053788129009
0.1230441748683
0.0030441748683
0.003782650492098
1.05073
0.0000003748683
0.14805755
0.03350955
0.0051995370427
1.5850743792995076299891
0.0000000000000000000000042866
0.038057526512547192339971
0.020259403372247192339971
0.00025948297481345288776989387986546565
3.276577503430589
0.00000000000000000798209168165
0.050901045236462
-0.014013885716462
0.00059863185332257329960912
0.5682384465101009
0.0000000000000000011906858049842
0.0986068513008316159109636
-0.0589120317387655459109636
0.001563170909968749678072785390895365282526
0.2520003874
0.00000000000663614784046692789270136
0.1235141527427569
0.0496757457846431
0.00319701655212514878102540453
2.3455259351
0.00000000000033789136139281
0.06562439
0.06542619
0.000006493556239
661.20373
0.000000000357
0.05793086390478
-0.04900433609522
0.000238640009155215128
0.08
0.00018585590478
0.0180315
-0.0180315
0
0
0
0.093059433890287632562752
0.086940566109712367437248
0.00027534905012588693064768
29.41720698254364089776
0.00000000000000000000000797455449649318376448
0.06502326016861
0.00499731983139
0.0010507627893643849969
1.1665053
0.000000001229574541367
0.04093690384908827344167
0.01404440384908827344167
0.0003696462043183031967650552375
2.0444848
0.00000000010708827344167
0.1560219729915311577782864
0.0228686961165788422217136
0.005954969698524412458991377593506071352
1.3434943
0.00000000030014487563897155783248
0.068846202
0.060633798
0.00026583551748
15.766394346892822
0.000000000000000000517956
0.0994384679942015716791
0.0339894712748912794691
0.0021831811898717977307641124470584440038805
2.0386
0.000001807278553444724447
0.108413824673838406
-0.042055390249485008
0.002496225382843323618919569045965193
0.441010039549741402
0.000000000000000000006229858944106786
0.179618524452582554741741
0.015138475623712554741741
0.008008410220578314480811775491177431335
1.18407674038889763
0.00000000000000000041392509071095
811688410772869459067672.950423437857633319
-154421301594567788204775.919432364385442899
158748034449206500301416880315705635550744746273.71543062948808950535429925386735789
0.68032
1674830243381399252.30792538704509040368512
735393301289387350270846.903263229
-113344014648661020828564.775636771
131989110481156938644383085001952829936993697588.68206546008405
0.73291143792024738
1752040.894185887551825436859
508216983291371023117417.6652780956740672922865
448126955062180514229037.4705424582284275577935
14366683563120034920539927362397619713659744958.83507643018448276220358707523998775995236
15.915185373285931945149822
0.007354848554207675288110272692376142406894877
1248889906157015335317004.83371480888075
61463340199893186846722.96628519111925
388987063878087691225058625052762169062199064704.014118482829925
1.1035236063635662700146
29.33125047684443509264933061148784105
1222064545662623025864040.8928358892187429617
-476386663614862287327381.8384069581147429617
316624375123873320687565282026633739039748636297.1810059732842932540092231053584
0.439034
26916914625772487.9835202294338951705530022
1385137712672617685206376.88601510643167720782
-26077668421454184786755.14291599908445920782
479481609569407969683406468289725762476174325888.21740111545231310439684167186142238
0.9630422559
40775158312352.178225375712638526214957178862
1204425116350041962310214.68567177843900205996795
182833600366216525520713.91432822156099794003205
354302933867984686657055683577587990564180360563.933166278651288967369185
1.35793876026885735623
3063.2235828183413443198260439270954930444671715
399099717708094911116197.05264362554360264945983
-225604638742656595712214.62142366674296177054017
27095782913119114338288828989305639937410630811.4293986728213367442410661627141556486243
0.2777
7339589532310978866.25466573586633096974283
1372518501564049744411381.857123369192034
562508583199816891737239.081123369192034
391847782740539774598738425998070620259477963908.084947279338923192
2.388893075126215055383919
0.335858755221975751549790428
1256641489280537117570762.4570503
-199832150759136339360646.7830503
384803736026046022278764935571988446242673665630.0913492011
0.725594552121529596647459
0.2930006501033286768937280528123
1206836041809719996948194.33224994277866
-547127489127946898603798.86775005722134
289276185612875145198347440977877101697933128125.591787454712556
0
329854276340886549172197.73224994277866
973296711680781261921109.8834973678180654612039
479758907454032196536201.5496910048059345387961
179284469921783804456943747605912027368007551879.5494982898912977036185157244210168
2.94416
678721293965056839.856564515449102311741925776
804959182116426337071792.889782558937972
312458991378652628366521.390217441062028
137582165895045276144377033781532891862440611993.43971821738092008
2.26886850910893543189986
0.90188296330205251085626178442814451608
1010238803692683299000533.0547731
-874464026855878538185701.4227731
63973776555356310472583724058750612246337751796.4093753496
0.072040416471
6912336919.2027246563269282699
951644159609369039444570.65131609054
851544975967040512703134.87745479506
45124440105978662783584864728070034560551234989.220992257985630719272
18.01402439024390243902439
0.0122072175229546983831019236416214
1593652246890974288548102.4728746395056
-357488364995803768978408.1265253604944
602982388228319462868457765365032234021397932118.49183308618782832
0.6335596083461069227641
0.46692762167264264210209923
1182192721446555275806819.60059510182446784161
284443427176317998016326.86898603802446784161
329167891844350828534794053190148806449507163080.146710876290264163216749392359
1.63368120474555529115817
1.725947966783531282662497414289377
1396551461051346608682382.06266876
-142534523537041275654230.42128636
482509973241179877586600139891769626128782128357.425853054089472
0.8147802982233502538
5468.833447749832425307760095272
980682078278782330052642.643954451819638361
-119340810254062714579995.302045548180361639
236873777416273888301758925313633890661337050710.727394932429582923253
0.783021223
258869306477454.795857887840638361
384237430380712596322575.338658677729
107774471656366826886396.474204677729
34005766541190985693523088392397706857463670806.247343984650772483
1.779666629870846
92866407.263294519366519845958
1676951247425040054932477.1511558709067750057221332
-294483863584344243533989.1767910276932249942778668
681361185082208809952932290760540000418793617678.14060491631567158302992101815804676
0
691233691920347905699243.9871824216067750057221332
1469626916914625772487982.049695353627832455
247959105821316853589684.652304646372167545
524579889190070338479552963996917096646682152472.456719862156094206705
1.4059354000649496640103919
0.0273118944075684761817421287540898079108855
1122346837567711909666589.2492103456168405516136415
-519157701991302357518882.5204394598306194483863585
247534426065338498442975639603198140574730366057.400003859285695348186239681619973762795
0.36
6123750667582207980468.4458484779125677516136415
902616922255283436331730.2329031815060654
-275745784695201037613488.6990968184939346
184670392641107054087958479266526562371966844269.7820965497444550764
0.5
18844892042420080872816.0339031815060654
418509193560692759594109.59894664682993820096131
267078660257877470054169.26074664682993820096131
25954733582419664908176976392584644481990695698.154758980977790369643257521
4.5274083031035872632
24.41485171378927549075419
973327229724574654764628.6075532158388
831052109559777218280307.4075532158388
64179571829889741604756866849649197037827396084.30593785331128
12.682325182325182
23132677.2760895643705708
1605554283970397497520407.336232547493703009842
372289616235599298084992.379674982833603009842
609801250104711501542761333584263041366326335428.4381743797459963047041294483423521
1.603746504664571527
341847.86755168993667929849201805351365
509452964065003433279926.24724193130006866559
32486457618066681925688.53087663130006866559
64621738166511809190116311110427831809698399211.5313756306441453422379900135
1.136221127391387804
172182.8030823229822710207755994
1010864423590447852292667.0291088006408
245960173952849622339207.8108088006408
240337618927483084643116498712117091407919516651.89101019135354332
1.6431136291094797318
33032.73061086281459913917403
771740291447318226901654.83213550011444254795
-653330281528953994048980.80695811398489345205
42185655170122348495372402154645605840294976529.0161164364305882303044321178975806
0.083090628747644337844783
0.198855573357747778027829831770044317956
1726344701304646372167542.3340810254062709638
63538567177843900205996.7320668345159070362
744057219550903829866060517544461197702186032034.0027875917433852241171162586065782
1.07642330139852
3651178759.441519798580906818303927579986424
352147707331960021362630.30322727421606775005722
-61676966506446936751354.17651637421606775005722
30050989895429598133279166395182409445659362715.116836076309855098141722698849
0.70191740412979351032
927.7485313102273594262598498707162490353394896
1268070496681162737468526.984756237125
-157030594338902876325627.384756237125
395836044248695420277637374982602275951086179078.166003833825
0.779621817247
256977187762.249927519645889853305125
908110170138094148165101.707878461890592813
-620477607385366598001067.510121538109407187
109917904960392290628031818667202234236533663806.123982310553646315117
0.1881688228
54834821087968.261410133605392813
1927458609903105210955975.7943610894941634
7690547035934996566720.0655610894941634
928759387093974695158484657287824319773660413702.50128783009880664296
1.0080119543
42789349202716.1059060100972434
921538109407186999313343.093110551613641565
603265430685893034256503.554818036163881895
121325826807284135729762072091791579316857206060.13820109194035681789432172119671455
4.790871608016108927
4837.109941252765697719368762044654212955
945769436179140917067215.04568547145799954222934
723506523231860837720301.40512707145799954222934
92754534312888729534733120881411084227315326790.818243221310806560499289231728
7.51036660716737608
142824.444953379678697545227804
949996185244525825894559.2086976424811169604028381
-745098039215686274509803.1764705882352941176470589
86830415984022766781985791356960997971465140093.9255361512649996333678591624590530224467406786856
0.120877142445628
585458152.132448310063324355413137940678203249842
710704203860532539864193.9864362554360265506981
-62043183031967650873578.9335637445639734493019
125312777206073789228132654229452137025318119086.166438301032072532637726
0.8394218
9188982986190585.1901874274360265506981
370428015564202334630349.8241245136186769
-15808346684977492942702.3569695582513161
34241752722480122044700250677093047942680535794.8537520123948382022206832811186
0.9181415929203539823
170.90104524299992369006733676728843805
860395208667124437323566.698915
-474250400549324788281070.709095
128841618169037400256164341462689283995922335781.39603661455
0.28932385155374659867
5567.86449128255731290874332665
775356679636835278858624.38676314946211947
610284580758373388265811.55116314946211947
57182677786508611280049336176461604656414369800.165223271978898334566
8.3941578850064706
8004882.88706804018175245332
1258701457236591134508276.7606733577477683680476
728267338063630121309223.3504733577477683680476
263489010689808084591164529608582962438806383121.59393361380665918174796276
3.74592946320695011794
1294.880613672386499743448106
911223010605020218204012.21153579642
-27817196917677576867322.77679100358
207388394652929984542076041235210130942820526293.966121894621055028
0.94
354009308003356984817.27285880042
710154879072251468680856.84687571526579
450324254215304798962386.06070038910421
75382004583888411251350882999798670904325982511.78338083520297523039102615
4
60578316929884794384679.88143739986184
538582436865796902418554.34396887159
-323796444647898069733729.65603112841
46306725933420196948254892214674842491361285842.80056060578
0.24906
953994048981460288.41744887159
520363164721141374837872.346326390478370336
-368719005111772335393300.946326390478370336
33706029616996629481488473169685649654778128294.6671031714369969952
0.17056259224933923729
464.30637827115281910437365351017959897056
658487830930037384603646.23
-566689555199511711299305.15
28117292877681267112810507862539647830226634544.1726
0.074926
317448691538872358.27245106
1485481040665293354695962.5032272831311512267109178
-87876707103074692912184.2411078049897002267109178
549732901631190837783341849775526655850485974954.6725670751275271793747880550529472168639
0.88829405489283
2278934920.271610589761193961890592839797930060626
1369680323491264209964139.928862439917601281757839
496589608606088349736781.375692378118562600137331
407355737295896539104933273898621361283688995614.96343649797728899429686652100617759877444453659
2.137544129469747282
141329.060807202258335240569741233849185505770372
1607400625619897764553290.526554314
-122758831158922713054093.109845686
642166760153933459942350766573509508213452306904.3821484737148
0.85809535568765103275
4642.55742860673570204475395
564232852674143587396047.3490959028821
-1052872510872053101396.1994506752821
79589400874069418095214868490850524665781468535.58818146600819572479298
0.99627490147384
941176470.588235294047264786329237736
1252018005645838101777674.798947127485543602655069
-183886472877088578622110.138841840234456397344931
383433712888551413855134070084360432574701960841.16084837786992017373142150436768634
0.7438736689974708295
18242.16067750057487962041126043813
1481544213015945677882046.2
-431082627603570611123826.6
502285255824859770991615721101763315782780518016.72
0.54922453408
2109407186999.242518127488
928206301976043335622185.68963148578850995
368291752498664835584038.69480429421149005
181482031017375988533764972872460900377879221781.1587066074027446688330055
2.3155
7957579919127183947.508956708951705210775
930312046997787441824977.68180361
677225909819180590524146.31819639
101711392964699137043345326929786000771484598344.76176882
6.351742433377547329
9200.78347451986201220314194231
313771267261768520637826.80151064121309224078736
-272877088578622110322728.04023803878690775921264
5997625671977748115412700860871552406168875506.5530685329384484270992212203424
0.0697
2394140535591668574.04440135971509224078736
1011886778057526512550544.498145940283817807
373388265812161440451666.674753859716182193
221124013640357147728024972737355212927356542302.1432421548090176595333693
2.1695822579103336201127999
0.0075104020218204019166204871588180397521807
1264805065995269703212022.844430556191
349172198062104219119554.087369443809
369452657766944302980958680557225501257246639247.9463581796373869
1.76269039762690397
2870069.42853065537560411373055402173
138689250019073777370870.38850995651178756894026
37277790493629358358129.20663767452506296894026
4461268601691558098935416723408120178084409647.731512676714465406565377752529015236198
1.7351
4008545052262149996.18524051728084234221026
1147936217288471808957044.70532607
-795513847562371252002745.82852607
171228819324769479422931552829909591850059428052.052394819088
0.181338525
777447165636682.68854114518215325
793453879606317235065231.525154497596688418402
-25894560158693827725642.760402838178088418402
157224632704125987947304940479285447018994123198.1810491616592498834519882104305386
0.936792312276519
272953383.688105592431509233417614316507897362
243717097734035248340581.125017166397491
55207141222247653925383.327718013277491
14087548821492023249384760647670563648701942120.05383365113098704636281096
1.58572122389
480201419089.0363927672265375439816
222690165560387579156175.8664218661
171694514381628137636377.3365078661
5027975892142429715116775334262774165948202134.3017788504272577
7.7336923
2543678950179293.5072912553689
1364095521477073319600212.26221103223
71595330739299610894941.56264591437
463907675082534724592436819912736923669008636063.181293365411467181569
1.110785795
155031662470435.64507515050180560065
1019470511940184634164949.00722338063630121309
869718471046005951018538.84187661936369878691
70727476459244962245329713933648893619919113658.3331221086283098024323595
12.6154473201
4109254596780.346370401308166628547380459891
746684977492942702372777.15825131455
-522621499961852445258258.42298008545
71101305847814953642382344687211266771301855637.185645761092378435
0.1765243316022311983073
42.39566643804493698521433519539
1272831311512932021057448.944609338
457267109178301670862897.230990662
352751584607862433683369840250127003357044190899.6227233338764
2.1213515940727436012
23364.6143278106734811012120919944
1018295567254139009689477.886106660563057905
356786449988555733577477.326894026092927445
227407322848498140345269637527466836060784180985.47557007438624740755920153858719025
2.078704558
12085145342183.56603341724586862397168166
1350255588616769665064468.017255651178759441519
-120927748531319142442969.284735651178759441519
452141658556491289723159610409586121924823803471.98999692902988402078174894
0.8356047876864
26172274357.2137002990768030029761765678883584
429083695735103379873349.6891737239588
-392736705577172503242541.7603112840412
7467674509521023703296145094594846761615218983.1248041219547154888352
0.0442
11264209964141298542.763397601282
1177645532921339742122528.76818493934538796055
-713862821393148699168382.59276722362096589615
219312218360549941575478379546330663633163263475.62884311380231966826737068227787894287
0.2451919974185221
3692683.299000534065766380611427262325408465
1058258945601586938277255.3636
-441000991836423285267413.9236
231357530286268366379907302174131698351314897927.455392
0.4117
6318760967421988250.54722988
812832837415121690699625.33456397344930189
699671931029221026932172.95456397344930189
42789102627539656648956296611065221701206460123.9608620383074094991
13.3
3732356755931944762340.81756397344930189
847989623865110246433202.7760219729
-709407186999313344014647.9439780271
53956961304153105395770832741138876345523047272.945549542744
0.0889833829753879918
37573.816197867991796507952
1505027847714961470969709.33643
-125490196078431372549019.48243
562340258271431525890139191375353014817229730337.95146161
0.846
59693293659876401922.63662222
720378423743038071259631.5371898
632242313267719539177538.0875298
29803682677096726779145052029158364445899214701.749893553834
15.34695290858725761
340581.3687965364328380065437
1114366369115739681086440.83172350652323186
-64026855878538185702296.83172350652323186
309428241585626469377187088694898721079870306465.31205674553981392
0.8913319348405977
15410085.800518806744487663676419061917278
1668680857557030594338901.2076447677203
324147402151522087434195.1439230922797
669856066513921610596453941885943160448741127492.673349169791966574779
1.4821708241596114124883673
0.02844128866331283684794336464319893381
419134813458457312886243.57262531471732661935511
357061112382696269169145.90066376745250629435511
12045338469221838604567487677481345636177310973.640673261295312838154685949578694354055375
12.50442477
271915770199130.235751888032043946090384875
1238742656595712214847027.066742961775683222705424
-633112077515831235217821.904463263904316777294576
283413116643347675032706879428018235874114850560.77467334857468453456569286075204416
0.32
3318532082093537804226.745746852826883222705424
971892881666285191119248.221332
-346334019989318684672312.221332
206157130007908508781379213389641819173209567496.619376
0.474545
438315403982604714.97486800606
1822934309910734721904324.1097734035248332378
32410162508583199816891.7048294804303052378
830509769903973462922906417972459473701289183667.5797581652837072427330537771553792
1.03
5552300297550926985580.2187553215838873178
602471961547264820325016.5639276722362
-551567864499885557335774.22526894026092
14686338825411206454094736487689935137978096894.7338790363304252681477277984
0.0441
5470359349965667200.732427580682078504
507789730678263523308155.43941405355105058
29449912260624093995574.85420004576894942
64245778312536236466152896936089336366486286755.0848053806774289757276318028
1.12313385223937731274
1727.9316395818946837608774234284241816108
687632562752727550164033.7977569
-533699549858854047455557.5650263
47000832959585088718953327790334981393615306017.91500463795148
0
76966506446936751354238.1163653
1074265659571221484702829.474296166308079652
738384069581139848935682.484321366308079652
152208918280696489189177101293356998162135957112.9103327845784005419363848
5.3966927130656005815009
16.70252542914395819600868141134
1234927901121538109407185.7643781963836118
-177752346074616617074845.3246581963836118
373362756108354283055344396261405026916940517710.801313238229706890348
0.748347375243033052495
98.420683987182421614619793954252898559
1181643396658274204623482.425795376516365300984206
469474326695658808270389.425795376516365300984206
293968743359940343243239124502302646010675296471.861146038810827996124579
2.318435035995886184
155275.870021884364181744984206
908522163729304951552604.56938136
-214084077210650797283893.88821864
194895132468060525404550979307105705588575732011.955163655168
0.618594535816229441348
210.8797353873234803441675776
805569542992294193942167.50144189478141451132982
198382543678950179293507.08780049478141451132982
152396663740070786983268189920885171198000687440.824157175046336836743991303274
1.653447929232
1953154802.77714212208410180892982
361333638513771267261768.1593041864225223163195239
328130006866559853513389.4635843464225223163195239
5723174228838027461687424609492478112457012257.789471311266621720831741378292088
20.76470588235294117647
9.7657740591317616540779638176
1143373769741359578850994.507804980791943236438
380178530556191348134584.192950340791943236438
290691965559175658671361211928681367809921552738.41975532213572297509456068616
1
380178530556191348134584.192950340791943236438
606454566262302586404210.88358892195010299
197573815518425268940260.73170061799038681
82187932090472204210766917900946036655912693410.620793510700166455894113424546241
1.966412897447380206
183.10826276035706110723696904984503346
1778103303578240634775309.12446784155
-95979247730220492866407.16731517505
788109835550248484737038658649820290988864947930.205371840744525940975
0
841062027924010070954450.97857633325
847470817120622568093384.357713435
-227038986800946059357594.942286565
166665021085873885680006006898723172519698350081.02725844775
0.57740918515
818646524757.7681221763025
726604104676890211337452.54264133669031814991
-6469825284199282825970.84879835202563515609
131977916573524290789458186232217970081035842720.60005583495794417657384845475685164223
0.9823487781524499396
13250.9346150911726558334320250244719398412
485130083161669336995498.103410391393911026
85587853818570229648279.459693293659877026
57006479216794815033953829131870098259505798935.316755528204105330010374325740442
1.4284295753131
13653772793.1639581902799902895219619773
785397116044861524376286.694575417715724422064544
685175860227359426260775.99903868162050812542916
36845667613320924711162806564942764493889403197.753049390841440059801116820842447839789280905584
14.6732643118148599269183922
0.0002319371328297856107537896729839203177965451976
868635080491340505073623.9118086518654154268
-530098420691233691920347.3758086518654154268
118380641860214355437965270148296874812729313859.9116313718016104327824
0
169268329900053406576638.268
1.450688423743038
-0.390068423743038
0.48808588189517048178
0.5761869099922
0.0000000000000072524726156964
1.36655196215762
-0.08549603784238
0.46503867319752390288
0.882
0.00017479415762
1.402456686488136
-0.377386113511864
0.4561161197009230725104
0.5759332076834381103769
0.00000000000000000000003462434
0.8020721751735
0.2420721751735
0.14618020904858
1.864543
0.0000001351735
0.708522163729304951468986
0.359456778820477607468986
0.093198620163915563464408324794592138376592
3.0595383
0.0000000141084916459413484
0.5859537
0.1243537
0.08196947396
1.5387941
0.00000002172
0.85322346807736
0.57297627192264
0.0999221195728976659432
5.08907
0.0000010707324495448
0.20349431601078278782
-0.10705729763078278782
0.0074871679181725795374924900658
0.31
0.0000830090755573357758
1.058571755550469214923323
-0.858571755550469214923323
0.0958571755550469214923323
0.1043218
0.0000000690318150606546120826586
1.5528
0.2608
0.5857928
1.40371517
0.00000000018
0.3107042038604580758
0.3095445181964580758
0.0001798233877709315632651426656
534.8421053318
0.0000000000000248641424
1.5609979391223010605
-0.3120469968776989395
0.584835309420920119018477314
0.6668024446395887861
0.0000000000000000000365039052
0.718554
0.355954
0.0974041502
2.963342526199669
0.0000000000000000103
1.32278
-0.49282
0.376718844
0.457127120511125798
0.0000000000000000005756
1.0641184100099183642
-0.1358815899900816358
0.27847104600595101852
0.77353
0.0000004100099183642
1.087205310139620050354772
-0.287205310139620050354772
0.2748821240558480201419088
0.5820676791899813482
0.0000000000000000000376105879836605271363896
0.98904402227814
-0.69741359578854
0.122955588603355208652781632
0.1729248475416293391642
0.000000000000000000000076656394465572
1.0028992141603432822156
0.6927748531319432822156
0.13146745915786212863355304172326152
5.467722889196
0.0000000000000099653110168
1.32915831235217822
-0.57884168764782178
0.35790102998397802188
0.39324
0.00000735235217822
0.4872506913
0.4713813087
0.0038032244951508
60.4
0.00006064548
0.1322957198443579766536964
-0.1322957198443579766536964
0
0
0
1.565438315367666132
-0.239490348632333868
0.598310373033279926214403824
0.73462624489370526391064
0.00000000000000000000000056470752
1.253
-0.257
0.37599
0.6596
0.000002
1.1799465934233615
-0.1800534065766385
0.33996368352788582
0.73
0.0035465934233615
1.341808194094758525978
0.338191805905241474022
0.42151888303959716182152
1.6739463601
0.0000000000267246509506856073222
0.5824063477531090225909
-0.3796139467460135774091
0.04877260133475753167769005412412437217
0.2107984646131396
0.00000000000000000659651968434252
1.121202410863149462
0.711497672936850538
0.1877164768826962690596624578
4.47322160118558659
0.00000000000000000098077859368708542
1.8778667886474021
-0.0833142596474021
0.87986060251107800366745545
0.915
0.0000359349051270785
1.5330090478
-0.1322690478
0.583155409907686
0
0.70037
1.20494392239
0.48801403761
0.3034330388000459622
2.36139962
0.0000000012569321082
1.0080567635614548305
-0.7110856794079508305
0.127633898775731954887120542646536
0.1727437335794919818318
0.0000000000000000000000121970262719650901
0.816937514299679
0.448157473100321
0.1166354453936183224745223
3.43048659381244836303
0.00000000000000000000107581750653263
1.174364842
-0.363225758
0.3117999577127526
0.527539049731443
0.0000000000000003593821
1.1015335317005920881971465
-0.8566567483024079118028535
0.11987883426218106355382613815030571975
0.125052598768802497884928
0.000000000000000000000000012203252608
0.2246280613412679750743
0.0009613183794918249257
0.01261421045222742484320365433631872657
1.0085959885
0.00000000000432588306257418055445
1.3051194018463409335469
-0.3525902189669649335469
0.3947541976411446169527449228632693672
0.57460557
0.000000000658731259327111403767
0.90253070878156710154
-0.31746929121843289846
0.1784437323567559319394
0.479558538
0.00000000060156710154
1.809414816510261640283
0.069886320286869559717
0.8172744701109062211024588300570180648
1.080350877192982396422068
0.000000000000000000000000387659466817601834756
1.52309452960081635767147
0.00546272979918364232853
0.579946776170768291752496174384659
1.0071990186287
0.000000000000043910887315405315486811
1.36812390325780112
0.38687724116884112
0.4305222537327368759190992434176
1.7885422822131684546
0.000000000000000000027183994539392
0.8533455405508506
0.4378728923476006
0.1341164854312924954123469516
3.107830174
0.00000000017035198256725
0.9738
-0.9738
0
0
0
1.317952239261456186
0.234683756771183814
0.42048040982051262196999625055552
1.433288257831855174452522
0.000000000000000000000000049224542118838908
0.635980773631413
0.003311207750587
0.101115145083010759405695383
1
0.003311207750587
0.823376821545738825841
-0.571145189593346974159
0.0879356406657857948957500887766680789
0.180873180873180897
0.0000000000000000000852425346980187
0.282597085526817725928892
-0.094758525978484774071108
0.017720483625659089703974794458035474915
0.4977759805903760747
0.000000000000000000018657675906951625
1.70257114518959334706645
-0.06411841000991836423285
0.72365933348250083738641029373407597166292412
0.927414061
0.00000000013290608072022830027135
1.1994048981
-0.2252689403
0.34695650353059660488
0.6837606837
0.00000000000305634296
1.5352407110704164499
-0.4311894407568435501
0.542759926776949607145707046722137
0.56144952277489167
0.0000000000000000009712504735379
0.2493476768139162
-0.2493476768139162
0
0
0
0.36716258477833
-0.04632639057833
0.033165557299272095505843
0.7759244219
0.000000000017180121592573
1.8662088960058670939192
-0.0469672693941329060808
0.87013242978427405203318835671784
0.950901260172961
0.0000000000000004605473253
0.85381580071717402914473
0.29561580071717402914473
0.160403179980163271534294143
2.05
0.00256080071717402914473
1.0990301365682
0.5310301365682
0.2314685587853688
2.8698244245359154929577
0.0000000000000000000000132
0.7910124361028458074878843
0.2530098420691233692878843
0.14042167347137899298712137566996853296775013
1.940552
0.0000001341573205159409411
0.50375295643549248493171
-0.03624704356450751506829
0.0631132982375829709315617
0.8657
0.00001395643549248493171
0.943617028381780727
0.204408971618219273
0.212157517143511100447451
1.553
0.000017943923094530969
0.93528976882581826504921
0.83728976882581826504921
0.04342819867246509498741129
18.0875463025677196948
0.00000000000000000000401
1.147478446631570916304264
0.121736476691844052796216
0.32547175393166476330538022519244258260395016576
1.2373
0.0000321919584954604409861048
1.780172636758983749
-0.176327363241016251
0.78448081940947585245925
0.81975224815638
0.000000000000005014
1.4267
0.4533
0.457498
1.9
0.01527
0.4992584115358205539024
-0.1807415884641794460976
0.054147859922178988326816
0.468407092
0.0000000002558205539024
0.89408712821217669947356
0.50772869378782330052644
0.13540084158480201419088773933316
3.6
0.005462729036163881895184
0.1112840466926
-0.1112840466926
0
0
0
0.722
-0.722
0
0
0
1.537605528572
-0.424612471428
0.545983752650746348
0.567211
0.000000711573
1.57741660462348
0.13913180462348
0.617221371371020503552
1.193469
0.00000004363788
0.7899900816357584107728
0.7297474631876184107728
0.022888242263526937666893459797061296
25.226950354617
0.00000000000000741116076881
0.4056916150675211
0.0557717249324789
0.040368800308537406163237
1.318768532482
0.0000000000001738645514296298
1.121370260166225108
0.791561760891225108
0.15772530977001258857424614835
5.8
0.000021362631225108
1.007934691110856794
0.154589151110856794
0.24800863397589074536929938
1.36231314
0.000000000059658994
1.274296177549767299916
-0.422079804749767299916
0.3614198466350865949492316323424
0.5023746985882
0.0000000000000048035401309488214088
0.62217135881589989
-0.29864957656214237
0.0744764075375190781380298965881988
0.351340602525436636159366
0.00000000000000000000000000872615277859642
1.58233005264362510421911
-0.20923170824750089578089
0.61499762194075251482413121395897930893
0.7664253470743552009
0.0000000000000000000058402816213933
0.48424505047
-0.22435338953
0.0460397063777732334
0.3667686044298940313783
0.000000000000000000000012785074
1.03327992675668964827954
0.54242771038376964827954
0.1933598965115328102540614184485230284
3.2101467296693
0.000000000000001262981002322
0.748744
-0.748744
0
0
0
0.95285868925001907377737
-0.39661868925001907377737
0.1876583242542153047989621444
0.41218919921
0.0000000000020296025024799498801223
1.81673914693
-0.00665293347
0.825124216616046970546
0.99270268
0.000000004278072264
1.01062027924010070868375
-0.62200350957503623931625
0.1586162457219192332023443619683658600975
0.2380320391797670899
0.0000000000000000000770068448940361874
0.778362706
0.289890898
0.130452942337099008
2.18692990363939
0.00000000000000069334144
0.28404669257119
-0.18532082097119
0.011584679218799067259602
0.210338101277829214884
0.00000000000000000000004266346960804
0.4541999674677
0.1290303674677
0.04741219367970251096
1.793618883608430800419227
0.0000000000000000000000000620504
1.02905256931410696574349
-0.56441656931410696574349
0.18509578167391470206759610982
0.291
0.00046824032959487296864441
0.9712957763027389944304
0.7336557763027389944304
0.101291171740291447318220128
7.17451
0.0000004981027389944304
0.71246927977416
-0.12463072022584
0.123019914549474668
0.70223218199536495
0.0000000000000000001775
1.2917522
0.2847178
0.396889880142
1.565457942648235
0.000000000000000127858
0.566689555194
-0.058167391474
0.07943840163377100112124
0.813821733
0.000000000252779832178
1.701152056153199728618295
0.165362020294498271381705
0.716643430099595286121919055560686717455
1.2
0.011783016708628125658046
0.7448386358309
-0.0678873884309
0.13754397397961704354233
0.832
0.0003815976070912
0.77579919127183947508959
-0.29581139848935683222701
0.128590000425452777305829294273287452305588207
0.447912513527368001367006
0.0000000000000000000000003636600826859601819502
1.75637392790112
-0.15289592790112
0.76536805246051604768
0.83983832622039
0.0000000000000006939147521632
0.7810328
-0.5730528
0.070405680772
0.1535944256404469554
0.00000000000000000006450888
0.478507654474708171
0.114488454474708171
0.0539654922957198443204416
1.6290242628
0.000000000012185291
1.03700262607766842
-0.43488262607766842
0.2215628870069428545252
0
0.30106
1.26509498186770428
-0.35980774186770428
0.3677509255097276263886936
0.557133
0.00000015540856031137076
1.185926070038910505836575
0.252073929961089494163425
0.335719844357976653696497425
1.539858333
0.000000000155642023346304850070525
1.00654612015106431677729
0.85429160015106431677729
0.0708302384756237125200271179254
12.2218881928899623706053
0.000000000000000000000003969522
0.0867170214389257648584
0.0211581597619592584116
0.001768043520681629716854586185344005754259
1.645
0.000015426871137560082507
0.09951323713885709925
0.06419775686114290075
0.00144538309496299687108707725
4.63567230893
0.0000000000000183719084303286975
0.095167467765316232547
0.063019760433356232547
0.00127133917894622311741023774265106
4.920637934307958462515852
0.00000000000000000000000000791593688504
0.13192538719
0.05162538719
0.0036847817956785
2.2858128814445
0.000000000000003325
0.09414663920037148851
-0.07729457541777148851
0.000722284570927840237976821518963
0.098296455
0.00000000007237118333789376795
0.08124084763
0.05930084763
0.0007708711985011
6.4057290455
0.000000000000865
0.0655664249
-0.0182939751
0.00099107163730198
0.56370408202202
0.000000000000000296996
0.1404287785152963201342793
0.0146303501945516798657207
0.0048765486721207327443350809345641462732
1.232599888406381295941
0.0000000000000000000000245881960482509279496787
0.090361974
-0.051961974
0.0013663099008
0.269807
0.000000001280982
0.105328450446257
-0.037785915922857
0.0024165767578200995631175669
0.4719479688656
0.0000000000000046571052714608
0.116163504768444342
0.051538495231555658
0.002709435837338826521042
2.59500155128447304592
0.00000000000000000000004167173126981536
0.0557457846952010376
-0.0557457846952010376
0
0
0
0.063
-0.063
0
0
0
0.135667963116197451
0.040521859116197451
0.004190943787466239378690452
1.85178178427983663944
0.00000000000000000000041562912
0.0068970778973067826
-0.0068970778973067826
0
0
0
0.04435606
-0.00564394
0.0004839015
0.7742424
0
0.1425391012
-0.0401815824
0.00467570895168396292
0.560185726
0.0000000000011588532
0.045886930647745479514
-0.045886930647745479514
0
0
0
0.12891733276
-0.04734573276
0.003594515068842808
0.462783282245504429599801
0.00000000000000000000000002447901924
0.0996765087349
-0.0109880216671
0.0024536674433554842338139
0.801417461815725240509
0.000000000000000000000006503772691
0.05322497138933394369
0.04097502861066605631
0.000288486152437628747799
7.689831838565
0.00000000000000013736356511959515
0.0252552071
-0.0252552071
0
0
0
0.04212100404054245822
-0.01498435949945754178
0.0003874119879436026548291806494
0.4
0.00214724956254245822
0.0847722590981918059
-0.0152277409018081941
0.001738612954909590295
0.695
0.0000222590981918059
0.146303501945518039215
-0.038010223544678039215
0.0049899843969014509803549974044703
0.58754863813221702128097
0.00000000000000000000000010200656132540676145
0.061658655680170900449912
0.033594262607766841550088
0.000668303835031567464280143229420581689352
3.39
0.00005731288624399116479832
0.0668291
-0.0068291
0.001104873
0.81457325864601632
0.000000000000000000349088
0.028458075829362935835
0.021002517730637064165
0.0000921890822210116731316471113
6.6340564857851002879
0.0000000000000000000002969307893522731035
0.149730678263523
0.024679942015717
0.00545254411883887142238933686
1.39471885982038760830123
0.00000000000000000000000025356601269931
0.15700189974
-0.01839810026
0.006077776607198
0.79021550444697833523
0.000000000000000000000329
0.173905546651982146944
-0.007783627071982146944
0.00754563857648226138701345538176
0.91431930794283194759
0.00000000000000000000069819806097891333504
0.053827706
-0.032242294
0.00046446410271
0.2507890321831067735
0.0000000000000000000024275
0.09357697482261387
-0.03319702517738613
0.00191365193408102537769
0.476280228163722372095224
0.000000000000000000000000036312
0.1954589134279392
-0.0009948865720608
0.00955079925978484100448
0.989871546673
0.0000000000000450963
0.04416362249179827573052
0.03943637750820172426948
0.000098799420157167925535736
17.684719173660426
0.00000000000000000019236400669243559848
0.06936964980544747
0.05863035019455253
0.00034365758754863808
11.9188405
0.000000000428015573941465
0.0510109102006561371589
-0.0340367742427710391589
0.0003609027396615105753131140865097830361
0.1995837519735897
0.00000000000000000263609208818455299667
0.04202944991226062286
0.01073929961089494286
0.0004127855259486640518772777022481224
1.68643323
0.0000000001416189842932268
0.0615274035248
0.0019805964752
0.0009454246555264992
1.06
0.000194192263712
0.0584286030365
-0.0202286030365
0.00075117631799715
0.4856516256698392176058444
0.0000000000000000000000000036700134794
0.11966124971389333943666
0.08010070954451819638334
0.0019756727533888675813183695750051563374806
5.049525572784077759
0.00000000000000000001513467895270421844506
0.1159288875638971541924162
-0.0332890875638971541924162
0.00308283590524147402151521814238
0.5538193366397
0.00000000000000285114824143434346815686
0.0924666208895982162203
0.0588662546730782162203
0.001271210009876244571602283602909678
4.503905540418542
0.00000000000000000022140264308
0.1513694972152285038529
0.0313694972152285038529
0.005482169832913710231174
1.5228249535871417308816
0.000000000000000000000004
0.1578631570916304264896
0.0114631570916304264896
0.00619734309910734721903872
1.1566
0.0000000370916304264896
0.101428243462577248798
-0.063955139462577248798
0.001549357177056534676120664496
0.226
0.000048229729457541771652
0.087133584602
0.006153955398
0.00188859759963832954
1.15198773959552841520812
0.00000000000000000000000034395503176
0.15510337623788815136
0.03323872376211184864
0.005738061140764476996130128
1.54
0.0003352675936522469056
0.11491874550614175631342
0.06320286849385824368658
0.00230292887071335927367053012994
3.444234619818
0.00000000000002162508583306504864244
0.094181734950789654349599
-0.049539940489814602850401
0.0016039983736516053058072461675464702964314
0.3106128169
0.00000000000139070726608694666
0.1116411078049896445716
0.0566781109330892445716
0.00231283217324543729427015592567793432
3.062409772348701363885955
0.000000000000000000000000026113055140559
0.0418265048713054093232
0.0355947203286945906768
0.00012061809861783779659482339232
12.42
0.000011230590386816205856
0.05694200967
-0.05056679033
0.000171348045245048
0.059299511
0.0000000000359016
0.10919523918516823071641
-0.06280476081483176928359
0.00199479056992446784161126
0.26971
0.00000017918516823071641
0.1199938963912413214
0.0799938963912413214
0.001999877927824826428
4.99969
0.0000000963912413214
0.0940611886778053
0.0452048523689627
0.0017010071344454938326596376792
2.8505215816
0.00000000000025224289127192
0.1099
-0.0701
0.001791
0.22111111111
0.0000000000001
0.1358
-0.0178
0.0045312
0.7682291666666666666666666
0.00000000000000000000000000512
0.1348912792805371175707637
0.0583916992805371175707637
0.003696516670267795834287021664623
2.5265887546189
0.0000000000000026625397637
0.119146
0.052746
0.0028534072
2.58873
0.000000164
0.107040512703
-0.067040512703
0.00174081025406
0.229778
0.000000005072130066
0.18266214587624933241
-0.00810614587624933241
0.00832493748378728923407998
0.9150157942729163334
0.000000000000000000005857218514465014506
0.067084763858798352
0.004159609361201648
0.00112076579798823529320446672
1.1322081572754983277084774
0.0000000000000000000000000023371150864507552
0.071918822002067597
-0.028570992597932403
0.0010890038350334935295987581
0.4313654
0.000000000166640177
0.102229343096794
0.058387121383206
0.00176044566164619793383856
3.6635110676
0.0000000000020486623467256
0.15229245189593
0.02086954810407
0.00568936321660151533
1.317593
0.00000005096208590351
0.184140688
0.007859312
0.008461506048
1.08916780862
0.00000000000078086944
0.11649591
0.00526191
0.00338590233747
1.094609741625761907330492
0.000000000000000000000000026436
0.017918669407859922
0.010719462887859922
0.00005154295718599221725454572
3.977956767341054691677
0.00000000000000000000000117593298
0.15260168154421301594567
0.01596168154421301594567
0.0057581244831006332494081744
1.233631
0.00000001162421301594567
0.1685847257184847028305
0.0027344167244847028305
0.0071033331776883939879413457037585
1.03297451468219605
0.00000000000000000052900686315
0.0508445785809109636072327
0.0478049814190890363927673
0.000074963730647745479514759336306
32.454813828313
0.0000000000000003845273542756171605649
0.112959487296864263
-0.074351110093842977
0.00180793954954591994555977707857766
0.206119556185
0.0000000000000507453239668603
0.16919508659494863
-0.02256809338521463
0.00702941462220709931320918529321
0.76462537398942630561
0.0000000000000000000009027862867730557
0.140723735408560311284046
-0.055276264591439688715954
0.004186926070038910505836508
0.435
0.000093735408560311284046
0.09078809059
-0.02613569059
0.001889850767590458
0.552
0.00005523639432
0.17087052719920652
0.01879606317235066
0.0072108612686389445978868519020187
1.24719552086050864
0.0000000000000000007518870702176848
0.1317658242923628595
-0.0574918242923628595
0.0035142306477454795132515
0.3
0.00874835271229114215
0.126207370012970168612
-0.038410010012970168612
0.00361324284409857328144423216
0
0.04389868
0.125729228656443121995
0.072270771343556878005
0.002646193636987869077505
3.70381058400411029
0.00000000000000000007966151332009517145
0.0603997863736934462417715
-0.0498130769817654688417715
0.00029169788889912792845319256686959000398205
0.0960569308301489725
0.00000000000000000000256352263722101344521625
0.00409704737926298924
-0.00409704737926298924
0
0
0
0.09914137483787289234
-0.01685862516212710766
0.00238619974059662775572
0.709
0.00001937483787289234
0.0527275501640344
-0.0527275501640344
0
0
0
0.12453497214694
0.07081100785306
0.0026236901136182491506
3
0.01708704355918
0.13037354
-0.05437354
0.00351019452
0.411373213
0.00000000005401598
0.04812695506218007
0.01454795147630993
0.00052614022785000789841551292215
1.86649095701169810511
0.0000000000000000000001197220957347923
0.075095750362394
0.026361486228726
0.00123611094157592200908545704
2.081
0.000020616464478446
0.0403695735103379873350118
0.0163695735103379873350118
0.0003404348821240558480201416
2.3641
0.0000003735103379873350118
0.116710154878417
0.075947203783583
0.001963320622299749878338027
4.72628
0.00000011908075398124
0.11155565728194087129015
0.02506446936794087129015
0.00295410926172735027084762563362355
1.57958434778
0.00000000000001431692469
0.0512382696269169145563744
-0.0153948271915770198436256
0.00059708989252552930459143780975108078771968
0.5379225
0.0000000002059967956427324
0.039
-0.039
0
0
0
0.0836636911573962090485999
-0.0197985809109642090485999
0.0016519073529980450629434626178767852784
0.6172792
0.00000000085694606790264749260792
1541084916456855115587089.3263904783703364614328141
34409094377050431067368.5472648203250171663996259
593439683488745836868318512552245225602287081383.754221835897828676808281805429684923550257146302
1.045675511444196
663462272.0683604180971993060196762587146338671564
888532845044632639047836.14039826047
-60059510185397116044861.45960173953
196470867989849834145887205277815918798340290612.793319871936
0.87337129620692
4663767452.510412325176304
1916197451743343251697563.61936369878
-42908369573510337987335.61936369878
917492886472056335512535028642766226135180719261.69359856092
0.956195965417867435158
490.53746852827394323511882930629276
728709849698634317540244.434378576
27161058976119630731669.565621424
132570080480775492201684150881510146307588248024.832057232
1.0774317034974769
15606927.0887769897540414645851056
982070649271381704432744.875756466
-595803768978408484016173.964243534
152370157257859116618585075049389540884048494771.33601960972
0.2448020424346
59147020675.975444380296068
974776836804760814831767.91366445
-222842755779354543373769.91366445
225132746941939561385718974638366184952547288343.22038555
0.627857197461967739469
274.77079423466926909920831282295
1521187151903562981612876.553
311146715495536736095215.447
554299518138203279218171778741045022036899672467.438
1.5142749
3280689707789730.1402389803
261646448462653543907835.24603801785305561
121324483100633249408712.78023801785305561
13434808448371043531467811569572416815497370311.799898545439063861569
2.729230100043497172683
54.4138344381406121763191293
1930769817654688334477758.044342412
26749065384908827344167.211657588
931789144066838078325091894348339278676466877384.597783378736
1.0280974515146658
11261158.1592886248632199874540904
1481315327687495231555655.8010528725108720493957427
197970550087739375906004.2271457999542229306042573
538775690334967312985257167074699338506205737256.953341639703618735825561850989683081570823
1.3085227
52179751277943083.84832527016708628606317239369071
915571831845578698405431.296155756
-775585564965285725185014.864844244
59184702671636797978251077921476838182787749956.694613876358
0.082775421817197509699
456.4736456377739712325922305
582223239490348668650338.93101396200502749
469703212024109254596779.87667658503090749
29590698304217642198917549137882201778712565090.2269474089201196550496143656794
9.3487930566
4818799114976.729991607533212603052404
759731441214618142977034.41231403067004325
-506309605554283970397497.01409933623195675
80210611523376540394156545752130513353506345237.66840292961353177436182825575
0.2001687356875979269615523
0.0432516975663042484375088505263190127
1023819333180743114366368.09192034790569924415
-117250324254215304798962.26926070038910505785
258614597114235712212750971333096642119339246306.84100354490234374444205920622735736565
0.7
53910124361028458075837.28491645685511558745
1422034027618829633020521.962408386358434424353398
-435080491340505073624780.216488386358434424353398
458221435440183752291973849129367642138670840702.42065555995425646294580231808
0.531444628859711
99443045.700761937895780781002518241958771852022
1381765468833447775997557.174709452964065003
285618371862363622491797.990090547035934997
456924489128802577332269771268738917279668434530.9913340660360104887472
1.52113146611726
3895933470.66450879682611955021274933974822
1515754940108339055466543.0787365466262302586404211
438437476157778286411840.5625543666262302586404211
526321404490808028424877942597567921795923661792.749057642865665477150994299757999
1.81394294779184
3908751049.0577554094169811799348211
227557793545433737697413.3682307163746
-75608453498130769817654.6127260242254
11516477790721810352617089858235045526529099255.71130745177877141022438
0.5012079726192872961546
3.10673685818564961395549833515162
857007705806057831692987.6224307621881436594872968
688456549935149156939039.5190661478599222594872968
65122446665588511468792838688398182168106501757.17851205536946877809213680162224951895576
9.16911099040376
511482413.977264057373922558200122463768
1015579461356527046616310.878828107118333714808
267429617761501487754634.660471503776607919432
239970760468287705196488124231039799427974694958.12611925964650724254373903296394031881856
1.7149092392412808484601264
0.0198977645532921339740324248161739905692522368
766079194323643854428930.339436934
562066071564812695506217.489356826
67739765792815533961367623078012527448773672388.47179352125263152
6.51009723261032161555
736.2478065145133446537692607603
562752727550164034485388.923781185626001373311793
335210193026626993209734.920759899290455481803793
51081189714050155661057730141808143103291441493.404147354652621241686658698878493323688960922
3.946351931330472103004291
0.096192874036774242771736859646337785627769586
931395437552452887769893.014557106889448386358434
-387197680628671702143892.185442893110551613641566
179393854302325579364786710713721802046130408616.3549517462682759224421884
0.41271090332584997801
1860.534126850501840454632434
650354772259098191805904.57972075
339284351873044937819485.42027925
76961864593567825744042039998533346247679095144.15492125
3
28213931486991683833066.26083775
1154177157244220645456625.0760809180590524147402151
-247058823529411764705882.1058829180590524147402151
317771712005153351336463888199457369989701993817.2993030705057967606203657047949
0.64
5163653009842069123369.186870572442206454566262336
824994277866788738841839.37745479514763103685
-455237659266041046768901.62254520485236896315
118343558024730034961926622756617454021777046579.185688685952163402925
0.2888200238379
1449607080.19643965370568103685
946196688792248416876477.27154955364621194
487632562752727550164033.99775692375378806
164375664406155557188912037749910701896623063899.580004720209553324017610078
3.126780247570877146279781
0.16317998013587398491224771628971063721486
1251819638361181048294803.051224454612039368276
657114518959334706645303.378896854612039368276
283813228989890062688012640607032760319748862919.9147987704027566266512596088
3.20988351208497973
22735.942626340542379024316226
1492835889219501029983976.53417257953748981460288
18112458991378652628366.50359349965651018539712
557057732742765994528695960940056567462600878334.90309161439572994786664137187023936
1
18112458991378652628366.50359349965651018539712
1221103227283131151293200.884633073929961
-132646677347981994354161.765566926070039
368374487667454653640488197140376145774857767589.6319255985410713211
0.804030749115173921
585351.3389861830101947572829
1011459525444419012741282.27219935912108033875028
902723735408560311284045.78980064087891966124972
52035057285566226684231609557267426419735015617.53306594191376878404717868
17.6039
4643320363164721141.374750601968413824673945908
464301518272678721293964.5925383382925154497527
-230502784771496147096970.8536507209887846189127
40611091520724984105767537425487278039338971464.122751848820498388156885264870722747990234
0.336495805332279176000351
0.1340199893186846723056668999841548659827492223
919859616998550392919812.9200732433051041388395513
352224002441443503471427.1292744335088120811604487
180519991772212454969688267773796194056269315044.846390056817591456553710667169438690296043
2.2410215053
21667811093308.91889829859739070327077153349742811
701609826810101472495612.3292284275577
-541847867551689936675058.5872284275577
49664309376546715701598044619584725833848724348.0894963733279567
0.12848202233402871517977
4.140169146257736898741705156222452271
1161440451667048142214082.9154806591897459372
86717021438925764858472.4854806591897459372
335356020240329420244656038921617663080971103353.835820652864359222498
1.1613
40576791027695124742.5043011591897459372
280308232242313267719538.897230487525109
205233844510566872663462.066834515906891
9112943532555772833922187969530782258446744764.997212111388509077690931044
6.4
2532997634851606012054.6247653925377024
1421896696421759365224687.67553108
571084153505760280766002.32813108
423913276227430534909394911494954897083694966739.231282958596
2.3424441335772445209656013
0.02071358770292846869212980419
1436957351033798733501181.13723358
-94712748912794689860379.85492642
513968980970863446603250997110449209071225993024.2642558679664
0.8763
21046768902113374532.692438676
431601434348058289463644.948729686418
-214648661020828564888990.401052872518
35051437613316675422239109692624423246844161094.9089310580199643635026
0.3357102380052890064223
20.9842069123291362416354394838726636
463920042725261310749980.4623025863509
-217273212787060349431601.2170748454491
42003539261849268769264802222663559600468772589.85129248369144517499931
0.36208055194659
2511787594.415197985828404597516219
1052185854886701762417027.771801327534905012588693
10757610437170977340352.228198672465094987411307
276744836760335372276039949851638405606490850533.32561078042038727565217
1.02065934065934065934
343.08354314488441290913218134329288015715115738
602548256656748302433813.383108
562203402761882963302051.783108
11747933880761658146813242433795769513888739727.2215264
28.8698940998487140695
1846.5398860933078800844
954238193331807431143662.7363263904783
-601510643167772945754176.5563263904783
137188868942261005540437998799839381523034303595.730518040719947
0.22672
4086976424811169604.027784880750759824
1282078278782330052643624.261439459
110429541466392004272526.020560541
407882507324246106730180729117141139924464756511.583163388719
1
110429541466392004272526.020560541
845136186770428015564201.489494163424124513618629
-689829861905851834897382.387914854657816433966629
59597483952953293347058766618541781532076930324.517927634830825242934648972641597061131242554
0.10117899675925005467522
7.01396200503547722590976510654541276363377504662
1650705729762722209506368.9909360626459143968871
296101319905394064240481.8889905373540856031129
659288353655441192056163756728293893196940239497.47863732147435994488945824343
1.437177551985941829815
24.3381398468833447775998170771071804860311135
1418539711604486152437627.32945754177133829
80140383001449607080186.07992675669466171
501458108102829928049234448430941973655123853889.99406617606255125093051803157
1.11975556366289675300985
0.2807660028989800134980039104269249978435
1171770809491111619745172.201968413824673
320683604180971999694820.201968413824673
317552213996239169748549420816596563003625986656.672208579967448
1.75
1525902189669642175938.201968413824673
826108186465247577630273.073334859235519
-154497596704051270313572.745479514763101
164646307089393146766614735289970690324469717242.99152499674187371614024001579
0.6848935640483007593
33148.699168383306631676314216238423917
483070115205615320057983.80012786678873884184
-427801937895780880445563.01157213321126115816
12585559534345224071960949312576576130094460012.719310161884636241280764
0.060676114852413977
434592.20264038505165540827455
1127336537727931639581901.672684275
107240405889982452124818.691884275
314846791160238013499571172948151705130560595474.47638498346
1.2102554897385268
48572518.50157579437882765728
1105348287174792095826656.405905241473961
297413595788509956511787.297001602197239
283334997250098867274036174975491644013684463434.0432567740112383967727954516
1.73623177457127
3021591515.98382543678943875151277951153
1507942320897230487525748.091508354314488264
284016174563210498207064.643121995880064264
548306213934851497160405759181008118650512334982.588279111853677419680632827855968
1.46410671986
224307621881.43739986266857888022576968
749507896543831540398259.72199587655298
-24856946669718471046005.92616159655298
140286054795954413837980235204133811046957769268.7460988424159452600772
0.935800425
244907301441977.5692378081002582809835
672922865644312199588005.73586633096818493933762
319798580910963607232776.05923552300297550927762
87638512688571727784567442315889938271161895921.4946872063788648890835312494958524291575286
2.811252268602540834845735
0.00480659189745937287603056728626326631410295
1236987869077592126344700.067658502075989929
20416571297779812314030.650217442075989929
382430537965391218148253537897581010118051679842.01830106588939206875554237
1.0335641180012
2490272373.540856032176396924364
1160692759594110017547873.98040741588464179446
-152254520485236896314946.01959258411535820554
331006560791500262620607161783551362310678097452.3429373840675379886
0.7680721491330017200502
4.541367110825078637678
399877927824826428625924.677347676813916
277622644388494697489890.621347676813916
20707006121054127040664937278802988581931351843.361699885075361648
5.54168746879
415960936903.949870738257796
119218738078889143205920.3812771801327534901474
-114793621728847180895704.4705424582284275581474
258882979874279140876902186480929200041806525.2443163557418304117470325519676830051884
0.01890975482
614023041123.064011596856027465885557376459532
788509956511787594415197.1972991531242847270931
-210803387502861066605630.3682764934767681329069
144327470833884940513651078807853726715735764645.191259964749878211656481587529568720633
0.578
51728084229800869764.2480599679560540205531
170672159914549477378499.86747539482718558
-144853894865339131761653.93311970702678558
2036583828059706747025023639035735290683118088.818100809885947179100976359116
0.081826095367056
122316319.52391851682306552201423428094752
1239200427252613107499808.0220862897688258182
-346364538033112077515830.8879137102311741818
353912326424041931889963268205320634781597470231.209292949977388253081
0.5631026850158791
20744640.2690878621779179277
503303578240634775310902.067816914
326848249027237354085602.786016914
36621178494413951721756208618186675064700517189.1408562361826
4
62165255207141222247653.863316914
1463401235980773632410161
-327641718165865568017089.8
508548520496843858114751622102626742187357796164.24
0.63413304
2265659571221484.675676784
984191653315022507057296.64303043641107804
-804257267109178301670862.09343099641107804
80450864689258319739537753608614843205248455278.3489487561308183302901488
0.1006
8212405584802014190.890355709929045549176
295506218051422903791866.64582116273
266117341878385595483329.25245883727
4126371314659384945464355757993068686257448617.8498511186035522
19.1100726
1315327687495231.555655601177285802
1443152513923857480735483.412268253604943922
410940718699931334401464.455161364156557564
478454226039783391274715228573102575058027315236.096082462841758303090937204479781997
1.796233332347810661384
136.842908369573510337500044456946228500264
870893415732051575494009.96295484092469672
357763027389944304570076.70035484092469672
157615239449555494982814774499477877063866935460.030744896720712559336
2.3944332104198881
22684061.95176607766061676247
1532997634851606012054625.76538501487754
452811474784466315709162.58984501487754
536260879191033646457612104559963106971621983211.3163255096563116858
1.83839525356688
4309147783.6270833359392549424
1562203402761882963302050.77624170290684366
-280506599526970321202410.64495307850766766
590448879805655453136631520387607795219237055034.92997133738202090322528566266808
0.6955499246451698381941
31.248950942244602118011680366876938596394
1385610742351415274280917.2075067
66559853513389791714351.0435347
478871728804979053654134596633287043181489417562.6118730401102
1.1
607309071488517586022.7353361
860486762798504615854122.8901808194094758524
798809796292057679102768.7136644541084916456
25585094574822815275103948866506079635201871078.4423179701107229066037098157334276466
26.903018307768
13305867093.9192797741664626243952851207888
809719996948195620660714.83840695810601968413
455252918287937743190661.02334630349398031587
112097813462025551393405935313982780318234364710.572622999147322091431414629204
3.568661213947481
124895094.22446021209243902978452251397082347
385961699855039291981383.602710002288853284
83649958037689784084840.082710002288853284
35492279568821043927000892910558609251741531193.72953199378400045984
1.5534019785988289925297799
0.011907358790391178061814376
1364675364309147783627068.140169375141787594415197
-379369802395666437781337.836850537881787594415197
429604350745644555980710605522412905339498341406.43145089845765665409046001185692011
0.564954154126128648421642
0.045532921338476386663615373691357706851931506526
1002456702525368123903256.798718230029755092698
-726848249027237354085602.385992230029755092698
119152765831018387668553991605750915758143955691.872295237532293795440437374
0.159375
238422217135881589.99008138521400778210125625
716990920881971465629052.46007690547
-431952391851682307164110.34792309453
81873277950197041564722132414659792787183543884.80832326787988
0
142519264515144579232471.05607690547
1209796292057679102769511.2644489013504234378576
-223392080567635614557106.6660510986495765621424
353425761654043047939504832731413901003873552803.2743341205944354723328484
0.688258592053
107026779583.4287058040472651878576
451255054551003280689707.33756008239
-188097962920576791027694.93756008239
42062570150739566326536616059044252629970529318.654498600818
0.411
191500724803540093080.03246280613771
253391317616540779736018.1997253376058
-214328221560997940032044.1997253376058
4567643321486606861242884911261080740048903727.5198409527246
0.0835182043586
1470969710.37346456092164841795136012
101731898985275043869687.8512618677
34714274814984359502555.8514618677
2286074598804987028347042583886490545753464673.73382108201323
2.03
200198367284657053482.8715648677
699092088197146562905317.015
90684367132066834515907.385
120126523334425866262222582461045525664951286937.743
1.29
2465247577630273899442.98865
1114168001831082627603569.4969482330052643
854367895017929350728617.4411917669947357
127856459066724948283679641765771954866506129893.823629278819159225201
7.577117349935
51041428244.4495231929502813162797371795
1448416876478217746242464.3130235751888303959716182
218326085297932402532997.5130235751888303959716182
512561292136349157295280858324494084754069987849.76855417205111237972758788
1.3549755625573
44386968795.4309737614650103959716182
906569008926527809567405.8226596475165941863126265
-526558327611200122072174.6470130464637216754405735
136150923892330725602930023369671098459639168190.9333186086740711515722640382201302681803658299
0.2651618398637
9887846189.05928130006865571068895295703448058
1337895780880445563439382.19761958836575875486
-429465171282520790417333.81940947163424124514
401381196788243072062659747233314762989093952128.4109189779941113237710181158
0.514004006078187
525764858.47257191030893984930289
711024643320363164721140.6638132295719803
-18478675516899366750591.2686198214694397
126303645489997700669016526955706209727205191262.570775553146966890868244457913
0.94933902
1005874723430228.1223773546056344788958
1334309910734721904325931.37340343
223819333180743114366368.89192043
432571960994857260243956400071630860072993819456.260599562021095
1.403
55481803616388189517.0519016055
451132982375829709315632.4168001831077154955367
62790875104905775539787.8368047608142845044633
49894568447717700807089465075469786870305601690.4065460610201629707370366223964687
1.3233791748526522593320235
0.01468680857502304112311176456760683526237048755
209002822919050888838025.2735552758068
112535286488136110475318.4195552758068
7754497320791318416338432878324835307473154695.2138576933699036
3.33
150606546120393682764.9346452758068
898466468299382009613182.88
858304722667277027542533.68
17638749426353271480101616570322608750930892597.688
43.742401215805
9460593576.633757174697
1652704661631189440756845.83337148088757038223
-296116578927290760662241.25420004577757038223
660936917565465491061884280062010513075593848807.42390027130827604570061517104765
0.696106987378245482
159365.22468909742835011810397034846448941514
639932860303654535744258.15282467
173739223315785458152132.27482467
94832186994511065436493840921500979312010902115.46023090513
1.7453521
20148012512397955.2915088481
1439307240405889982452123.37949187457084000886037
102372777904936293583581.19006637674525062913963
515281286657211242088747068324480289117427091865.78900081015312755048000942564692324210803
1.153145544192841490138
526.37521934843976501076724278490199269004796894
627466239414053559166856.7769741359578850995650184
312062256809338521400777.8980544747081712062255816
74082757369869208458583159047788836232049803001.00907251568131681202816237089392529746579568352
2.978809
137102311741817349.5078964067292286564430228026144
480842298008697642481116.47956054016228
472693980315861753261615.45772487984228
1942429131858223534472489300839401737528905796.6368304102246670262527648
117.022471910112359550561797
0.00306706423048227290846386776960248
913817044327458609903104.297138928937972075
245349813076981765468833.202426188937972075
193716264931615640361233643092112297498573086795.37180248196610457513336775
1.734066
279789425497825589.379720487837552075
1301182574196993972686348.865094987
115953307392996108949416.865094987
419907730474635269706936135764810671715116447776.479979942
1.1956639287277596106805378
0.0534603247438456242589852
677332722972457465476462.22
496238651102464332036316.02
53131704690322621091331464519450983256061178444.672
6
43503471427481498435950.52
1561196307316700999465932.67241931783886472877088
-156816968032349126420996.25731288616113527122912
603185587129111075708130132210892337372482695770.60380674009283735609732623670976
0.8174438227196
1800564583.81017776767282523777168
1.417288471799935912108
-0.496467536439935912108
0.44055664938956466010527165466944
0.481
0.000152147698310826276052
0.71
-0.71
0
0
0
1.3883115876
0.2933852124
0.46033354535235984
1.5358994
0.00000001864307256
0.6655832761120005049973296
0.4320286869611665049973296
0.0640880777706484751964598986091508064432
4.69
0.0011204699778777749973296
0.954572365
-0.925427635
0.0136980231
0.0155025
0.000000015
0.3617302873884
-0.0043945126116
0.03270737226825023616
0.975994455379149404
0.0000000000000000001451904
1.2015182
-0.1984818
0.35106274
0.716454571428
0.0000000000004
1.191004043640802624551766
-0.548995956359197375448234
0.27927351796749828336003642
0
0.321004043640802624551766
0.30445838101777
-0.20845838101777
0.01231000228885296
0.187
0.00004228274967701
0.20837697
-0.18985297
0.00184420285214
0.0465158395674619
0.000000000000000010805357
1.337453269245441367208
-0.090791180285343709468
0.44513455224942832366070116340699347621806
0.8728632478632478632481
0.0000000000000000000000168274732820395443422
1.012649729058121614404516
-0.954818036258121614404516
0.0284454978494178683146410121223424
0
0.0289158464
1.24895094224460212100404
0.13614099336232547493706
0.3853360215149996784801705034053772329816837195
1.2446
0.000044336614023041123068346
1.026123436788
0.237567703212
0.24912272347904792916
1.602538775882
0.000000000000192216792984
0.5525154497596704051
0.3674845502403295949
0.042557106889448386346
4.97
0.000198214694438086653
0.49513885
0.21486115
0.04974929175
2.533201892266134
0.0000000000000000872941
0.674891279397505149919
0.146532387202494850081
0.1085016246268848706794238365027
1.554669900959712354883
0.000000000000000000000020030040016553295523
1.36472
0.23528
0.451776
1.4
0.009392
1.24765836575875
-0.23754163424125
0.37505634241244775
0.6801216883
0.00000000002717
0.99888609140101
0.68500801098701
0.13213436211950182274756007
5.3648
0.0000004882914964
0.6943312733653771826733806
0.4392919813839933826733806
0.07227961806622783729915311965561550603714
4.4448
0.0000123048752579255533806
1.099885557335774776752
-0.796261539635309376752
0.1439289499333586345676545888964601904
0.16012682675593896855
0.0000000000000000000085547587604681858504
0.76508735790031704432745
-0.07632562752731704432745
0.144883265950362272068357453011319425
0.8185774908417278
0.00000000000000000497749999057525303189
1.083192187380788891432
0.516807812619211108568
0.2265537499046311131456
2.824936688399159
0.000000000000000123888166029668894312
0.45380331115317
-0.06933699555317
0.050282456565310127740226
0
0.1922331578
0.19353017471579
0.04957656214237
0.0087490232529169821807815268
1.688785244859133961
0.00000000000000000000752913604169
1.1586116578
-0.6193883422
0.2396847637842
0.303275205624296
0.000000000000000856
0.95046921486542
0.55693904026542
0.148302658458780202761166
3.8304
0.0000151371715
1.121260394445716
0.533879605554284
0.24304935973144119012
2.817831347742505609528
0.000000000000000000000112895711617952
1.10838469916838330663
0.72208730083161669337
0.17677664283207446402681468
4.7385
0.000000888990615701533745
1.813963065537499046311
0.058563065537499046311
0.8217580926222629129471647
1.0667233286288014
0.000000000000000057531
0.821637293049515
0.774029144731823
0.018991681108864298273413207974
33.5166666
0.0000000015869521772564
0.696223392080528793774
0.092332341496871206226
0.1190504375984557198442321759335538
1.305
0.00023895628286342412493
0.0687724
-0.0687724
0
0
0
1.3050736247806515575
-0.4810864423590447825
0.367943250269106593268216182096675875
0.46131765992
0.0000000000030859858459056536
0.48905165178912031738765
-0.31094834821087968261235
0.03562066071564812695506
0.22
0.00105165178912031738765
0.81214618142977035172041
-0.62034027618829633020519
0.068689840437396422491053291823170742674826908
0.13389718570911182598
0.000000000000000000004961317153168960746456
1.2730448953
-0.2104066953
0.39409308200558023
0.71632819482178254506231
0.000000000000000000000000027194857
0.51576150148775463492
0.31976150148775463492
0.04094062714579995422216
4.26287246416
0.00000000000007463492
1.3664454108491645104905775
0.2134431982909894895094225
0.4554037654835138343938353125134969494675
1.3702390090257006
0.0000000000000000278690776660901883639035
0.69062332295185
0.42847334295185
0.0733427921461804092315
4.26891
0.00000099739095
1.37027525368123903
-0.56377525368123903
0.3899529335469596388475
0.41
0.0067696459906919977
0.62501564049744411383
-0.54501564049744411383
0.0234006256198977645532
0.068374240329690393594259
0.00000000000000000000000038590947992316949803
0.53006
-0.21606
0.05857042
0.420843832091352597437
0.00000000000000000000015278
1.22647439517
-0.34956892483
0.3455102522002037822
0.5563968066182343
0.000000000000000020645062
0.961547264820324741
-0.444205386434729259
0.181813679286455141121220613016507
0.3680177148687
0.0000000000000469749140892951
1.1985415197985809109
0.4796584802014190891
0.30160737926298924233619
2.33445485226693836
0.000000000000000000023974594517047876
1.192636530098420691
-0.689363469901579309
0.236789974822613870231
0.2674139533458
0.000000000000022891
1.1799343853302052338445
0.1724422073302052338445
0.3406272097039139391164973091605
1.3423196945
0.0000000000381554233445
1.062027924009988
0.324681467917988
0.255621313941896343727607448
1.8806754687
0.0000000000114349648398
1.03927672227397
0.34621194772603
0.24005834817806881045995
1.999075296971631517
0.00000000000000000001824103428751
1.2302243076218814373998626
0.4697756923781185626001374
0.32319066147859922178988321
2.2355225138454129
0.00000000000000002071870008514489989973246
1.23083848325322344045
0.42009613183794915955
0.334620652967972009541421897350695835
2.0363
0.000009982452124790901665
0.95599297527504386968795
0.29219500472495613031205
0.2071361619972533760585927704205
1.88
0.000123897682917524986654
1.60582892
0.17386128
0.637114693906282
1.242828504141
0.00000000000024100138
1.360631629419394216
-0.147966829419394216
0.4573560620920119015333984
0.803835369773228411
0.000000000000000000042691653779729224
0.81354947
0.61554947
0.07074039753
7.217671414141
0.000000000000041
0.87431143663686653696
-0.55991454947733346304
0.112729046379404046689035390540416
0.219210145
0.0000000003903356526805
0.572578860227359
0.397772860227359
0.042405825711451858677
5.551020676948834
0.000000000000000061898
0.73714808785679407949
-0.58669413385679407949
0.04979432418223849851153040173
0.1136494602848152331789
0.000000000000000000000050102484754668009239
0.469701312275
-0.371101312275
0.0207257846951575
0.1172689013105436
0.00000000000000000326639731
0.48163576391165026321812
0.46085297608834973678188
0.0048968858773174639505571319844
45.3494857385462555
0.00000000000000000006901560646809425034
0.6032120241092
0.0032120241092
0.09096360723276
1.0107
0.0000020241092
0.965792095826657511253
0.216207904173342488747
0.221502128633554589150523
1.57687423662568194772635
0.00000000000000000000000033734535586711038345
0.856168459
0.509025711
0.11847931393184479
3.93265
0.0000016210389
0.85323872739757177157
-0.41011673151751177157
0.1399551481151052401001684468189471
0.35075
0.0000000343327972236218225
1.788982986190494705
0.067917906462105295
0.7989618207152161210457751622415
1.07892543665208033528
0.0000000000000000000049895710963993076
1.417486838208896009
0.458762494208896009
0.449701477600671396596371548
1.9570269015
0.000000000043425951
0.402379464026
-0.338230535974
0.01187733440114793
0.0866163406
0.000000000020117
1.089107881284809643
-0.107107881284809643
0.293670969710841534713
0.8209221
0.0000000220691233697681897
1.502662699320973132524605
-0.416372930495154867475395
0.52115719267036756054016920933029291472
0.56
0.005814908064393292524605
0.117325706569
-0.108170293431
0.000516127260241612
0.04
0.000067786569
0.213
-0.213
0
0
0
0.891
-0.485
0.139664
0.29505813953488372093
0.00000000000000000000016
1.6552523895
0.0767676105
0.683491801730895
1.09726747
0.000000000056580435
0.74837872892339749752
0.46272983901739749752
0.08648795449698336766607419401656
4.2398504273527579092331121
0.0000000000000000000000000104286717687
1.02974
-0.42974
0.218922
0.41110532518
0.0000000000031468
0.3454947737850003810475318
0.1229877164873731589524682
0.026060165076492526742503993029690672314286
2.1
0.00060883497367818680018322
1.138399328602985
0.202471961547215
0.3137395340377375280937691635
1.4326659710446315208505286
0.000000000000000000000000033462984909989
1.092851148241397726338452
0.381536583504997329738452
0.2621883669149689170713295622862918364250316
2.07276471597734683409
0.000000000000000000002595374000184799953
1.1336232547156633859769
0.3028000304843366140231
0.29835345629270466163114715465594
1.72891
0.000002352297108415350677821
1.33795681696803234912
-0.56838330663004501412
0.36676721520388126091465913788132864135
0.4036916
0.000000007849240863654931608
1.0608529596856641489
0.7519493596856641489
0.13999529063553826199307302
5.8685049943455
0.000000000000011852
1.08532845044632639044
-0.49480430304417486836
0.233276636759298080089990689412143998576
0.373718060142534329926
0.0000000000000000000004060687355412445756
1.1219348425291828793
-0.7784542625291828793
0.163186688007782101154016997
0
0.17174029
1.16801
-0.45001
0.29043459
0.44375224039257858
0.0000000000000000029942
0.908949416342412434493018
-0.680521858548867034493018
0.0907697603766020070817119483305908830086
0.1437129197626864599
0.0000000000000000000538385503092021803130218
1.07864499885557335751
0.43389028763256275249
0.24380356296356795297138311873580231805
2.34590807970842997039
0.0000000000000000000001868199095127073211
0.075011825741969414
0.050313572899976586
0.000773829595795581725287867990822
5.074261707648542688
0.000000000000000000011956468026079168
0.0634119164
-0.0030502776
0.0010029417370208818
0.9082101442
0.0000000000017058126
0.01350880354
-0.01205919646
0.00000926588845536
0.05669
0.00000007858
0.0048386
-0.0048386
0
0
0
0.07941247425040054932478
0.05961247425040054932478
0.000688173495078965438315322
7.02146204549500498230101
0.000000000000000000000000001
0.094404
-0.094404
0
0
0
0.19726710917258258
0.00196993973258258
0.0097276079246894016859261776
1
0.00196993973258258
0.0859937438003128862439
-0.0636331731143128862439
0.0008364358130494346532377014931577
0.149442166871
0.0000000000000256214236804557941631
0.0374532692
-0.0374532692
0
0
0
0.18006713968
0.01448233768
0.00805360917196477068
1.174923513
0.000000000047375287
0.1298008697642481085915
0.0578912031738765514085
0.003374218596659061084587357382993108195
2.610109069303
0.0000000000000204607700585127732755
0.1128129957389181353475242
0.0808300957389181353475242
0.00154831690760662241550316586809
6.05458
0.0000000323979181353475242
0.051694514381625687
0.009622339208054313
0.00064493335132931142022939745508
1.457420571594254608
0.000000000000000000015093728591804304
0.081563286793316548409
0.058436713206683451591
0.00080943007553215838863
6.05364212193190815
0.00000000000000000006146300751878336665
0.156583558
-0.016383558
0.0060624974158
0.81055869602404655923
0.00000000000000000000013185966
0.02491476
-0.00491324
0.00014915133464
0.6705618881587769880649054
0.0000000000000000000000000008644
0.127376211133569848172732
-0.007190051066430151827268
0.0040432505821014724956130226011652
0.8931373889876
0.000000000000005461098372
0.10510872053099
0.02786144808119
0.002567895710620228203679641
1.721357458913415285147491
0.0000000000000000000000000036730532741
0.0961518272678721
-0.0441518272678721
0.0018239475089646746
0.37062470091791
0.000000000000000019531677520689
0.167973124284
0.030333124284
0.00682371801322488
1.440760306364428945074106
0.00000000000000000000000002508
0.190055695429922941939421
0.001988250553139543755245
0.009029303556272393134152565375694040580092201304
1.021144
0.000000001525902189669641891328
0.05845708400091
0.03645708400091
0.00052202792401001
4.31428
0.00000000400091
0.06297398336766613
-0.06297398336766613
0
0
0
0.123404287
0.036595713
0.00347234296
1.8431359095934463800776176
0.0000000000000000000000000034133488
0.089820620454718852521553
0.069117179545281147478447
0.0008226398376440070191500432017
7.67687848098466981132102
0.00000000000000000000000008224965168802704805594
0.070606528496223
-0.052872528496223
0.000547444399176009341
0.143619496552236
0.000000000000000024577751795372
0.1617639429312580399404
-0.0206973373006789600596
0.0064347983653323078416031588685782774
0.77313173212015845404
0.00000000000000000000054361872266226
0.134776836804760811062027
-0.049265278095674071062027
0.00393443202831325623135725049094043161099
0.4
0.0059473563744563935751892
0.1258944486915388723582
-0.0059404486915388723582
0.0039535308201724269474277614
0.909880482187
0.0000000000000057785916667382166166
0.0260608834973678187227166
-0.0116685740444037537192834
0.0001357535071084113341241100266006767231269686
0.381460810482892
0.000000000000000009466736521910168868
0.12628366521133516441596
-0.06286717020866483558404
0.0029988207522908369573509451906516
0.3352694417756980205037256
0.000000000000000000000000006768779624
0.099
-0.099
0
0
0
0.0599710078583962767986572
-0.0599710078583962767986572
0
0
0
0.0801068131532768550011444
0.0494880598153658550011444
0.0009920083623211952506294342453624526742
4
0.0035599298084993550011444
0.0328049794766155489433127
0.0279289794766155489433127
0.0000740346959639887083237963626
12.4556929764
0.0000000000001523489433127
0.137122
-0.051042
0.00404928928
0.457473268000255096617
0.000000000000000000000079406
0.140482185091935605755703
0.004667734798199434244297
0.00492836414501463316176088681346656006656
1.068736939
0.000000000005619896592660473986883
0.1496238650246662
0.0454779887753338
0.00507976338046753556310078
1.873351695010109913
0.0000000000000000000466962415639594
0.0913679713130388342107
-0.0913679713130388342107
0
0
0
0.1732631417813305867
-0.0017212176186694133
0.00750428842746166170666282999
0
0.0857709620813305867
0.08198977645532921334256
-0.00992446784161135265744
0.00165595709531391968072304594135717014448
0.784049405671
0.000000000000001254334604825107
0.048543612573434042877851
0.040636387426565957122149
0.00017629158464942397192337609
11.27829274411424160555
0.00000000000000000000003641605146275922632695
0.036871900511177233539327
0.035770199130235751888307
0.00002000747537235834877487527885524901476307167
65.936288088642
0.00000000000000036316492448486514258
0.112323185998985275
-0.055480277798985275
0.0023846092220775158299883775
0.3387469299706283533
0.0000000000000000000053993655858023425
0.0596
-0.0596
0
0
0
0.101888
0.061712
0.0016431984
4.0720828355236957387495
0.000000000000000000000000044
0.0603647
-0.0259647
0.00074243284
0.3
0.00425059
0.04846570534824499
-0.00915846494235501
0.000566261778700639317692057047
0
0.01965362020294499
0.161962069428549629
0.024221930571450371
0.006411252503242542062868
1.3517047502991093379299
0.0000000000000000000000025240366057269929
0.11214
-0.0643244
0.00210943779116
0.27096456849086841311
0.000000000000000000000795858
0.0963790275524528
-0.0735881524475472
0.000968425192828252249552
0
0.0113954375524528
0.059371328297855822384985
-0.056343938353551822384985
0.00008757880866573187457083982379793772
0.026162407
0.000000000021028173037308311741105
0.1667360985732814
0.0053520985732814
0.0069430704020752227288
1.06632749929709760571
0.00000000000000000000004868
0.10961318379489517051956
0.00645914396889517051956
0.00299333238021063859006587667599828
1.12523298127325773
0.00000000000000000048496882251
0.09023269245441367
0.02116730754558633
0.001923470969710841419
1.6129642
0.000000003341420618299386
0.0528969253070878156710154
-0.0528969253070878156710154
0
0
0
0.148473334859235523002
-0.006607156481269550622
0.00550016916186367502283191472615466262628
0.914
0.000061304646372167543832
0.081103227025482566567483
-0.060674449025482566567483
0.000724086167350270847638666112887
0.1440902303452655143
0.0000000000000000000033034291573039963484931
0.18641794460975051498
-0.01033798733501182574
0.0086611940225962865429738996531817694632
0.894915622285643
0.00000000000000003739194376143485852
0.161143942931258106
0.002383942931258106
0.00649042178988326845428
1.030032034911288813303
0.00000000000000000000000786
0.1675563210498207
0.0126436789501793
0.00697881452658884507
1.1632362443608282
0.00000000000000000715552028649626
0.115967040512703135728062
-0.069897001602197299154062
0.002140690913074339639022141723444180924500794
0.247869563075710556
0.000000000000000000011165719899310298749528
0.0844022278171969176775712
-0.0298664835584039063096112
0.001557932305090399576295510714798909474132508976
0.477258766
0.0000000000376317998016270639795408
0.104567025253585
0.013159380483615
0.002690273368917833945567971
1.2
0.004018616006618
0.06369373960479133287556
0.00502373960479133287556
0.0010079136263065537499045526
1.171254
0.00000000351479133287556
0.086089875638971541924093
-0.070794232089723048752507
0.0005999108475900032718936688372275475999087719
0.0974964498
0.00000000000783001449607666003266
0.119391165026321812693
-0.010817120622568093307
0.003534310046944805207703472507382979429
0.83384896639
0.00000000000000650040849787033
0.050643167763153276874952
-0.028957045863153276874952
0.0004315549839915312428473300643244
0.27243798618190008818
0.00000000000000000000000170342591827636673264
0.11862363622491711276
-0.05619287403677511276
0.00272848199467714823058618623344596
0.3571216591
0.000000000002707148624363119884
0.12527570473792
-0.05554370473792
0.00315222476539231872
0.3856444405063559821139
0.000000000000000000000002800392910912
0.10870984969605
0.08656900892395
0.0010809095287157118851255
8.8198483
0.000000000887811563785
0.077141985198745124742
0.075988403143354875258
0.0000441621170315967040126810351191
132.743386
0.000000000140379366054543588
0.1313481345845731262
0.0233417257953765138
0.004176874073935147405444588192649884
1.4322285326
0.00000000000420141654472851788
0.0004623483
-0.0004623483
0
0
0
0.1311314564693728542
-0.0020523384493728542
0.004297811695667063401233026342
0.9691803
0.00000000385275577935458774
0.1436266880292
-0.0263733119708
0.004983268482482
0.6
0.0076266880292
0.086211927
0.031258127
0.0016138564633763
2.1376147600347928623680255
0.00000000000000000000000000013905
0.14348208
0.04355992
0.00467241016268
1.871877
0.00000000345284
0.13795529106584267948422
-0.04225680933852140077822
0.00431150609939730588911843296822336921590066
0.5310324973
0.000000000002956740672909423704294
0.027525749599450025
0.021004043640801975
0.00007912426043672733158269032715
7.441272
0.0000000026489655538402
0.0719325551232166018158231
-0.0204028381780727855344469
0.0011895041702084926416489692491196448358167603935
0.5580711263
0.0000000000040698863202870242454495
0.170817120622568093385213
0.013377584496833752956435
0.007249882232703762761058402052890852665749786536
1.1699393281513500940122
0.0000000000000000000000065921175792452208184542
0.0775341420614542
0.0537392233157458
0.00078090976565654108191180212
5
0.006149385824329
0.170562275646601052
-0.007431124353398948
0.0072590670661478598445284
0.9165
0.000000100096601052
0.12083310243381399252
0.00733649756618600748
0.003636703611810482947845696
1.1292813573541274536778
0.000000000000000000000002300723492224309944
0.08
-0.08
0
0
0
0.042195
0.006435
0.0004347522
1.359899328859
0.00000000000000108
0.10651407343175402456702
-0.05657434656824597543298
0.0020361477873502708476382379542
0.30621258617569566
0.0000000000000000007718914
0.0179110399014558632
-0.0054016937505441368
0.0000729067637442191186316742032
0.53658855
0.0000000001020244209
594796673533226520180055.8635843442434
538765545128557259479666.8145571068894
15878692557130045162548628640020377001649031215.4029101270328684444436528
20.23093681917211328976
9.76577401388648465366257935115248
1268665598535133897917141.8918287937743
-87342641336690318150606.1081712062257
400470915977709953305610779295620987257664514670.1977847106382
0.87117682803321855377
5151.59864240448184959502
778973067826352330815593.94140523826962
-80933852140077821011673.07081723826962
150062187994141732377699387364821054455838224448.39430233180653596828
0.8117613656528374205912623
0.033156211032278446195575620024456458674
1256076905470359349965665.939079880979629205
590783550774395361257342.819079880979629205
307175997147597869113157473040986143773153748817.5911488945774643598
2.77600917
1434348058289463.660858375779629205
799160753795681696803234.1134813377
416098268101014724956129.8959487377
116380035422654562340150467631299459020480810068.72382734760498951
3.1724824729
2429236285954.07034411650781673
1122484168764782177462423.5360948525
207858396276798657206072.8828568525
304191399056200332761232912226933820392039512519.7833249809676975
1.4545211878545211878545211
0.0401775335637447549021516728391
1505622949568932631418324.515426871137560082398718
268574044403753719386587.115426871137560082398718
548692112235315794841512272597275114955052797153.3904145408943969685363266
1.4342173430368817
4432745.953136066572927292398718
772289616235599298084991.9796748880979629
439063096055542839703974.5361410880979629
100913712256862600156540109555404424300133883621.82155341987085677864801
3.63522300576975
1522087434.195468414881848328725
1438925764858472571908139.2492561226825360486436
-479774166475928892957960.9149004348821240566436
460081026488966991983494329415246095909046385547.6640035695423985586966465879955643710256
0.49
9494316014343480582894.626959487296864270204636
946349279011215381094070.9236438544288
640711070420386053253985.7787594415198
121266570531452570115173357596395890446698904683.03499048092346487231011935
5.19261108337493759360958
0.85908293278428777620553138577096589
824353398947127489127946.07424984847791256
-125978484779125658045319.16905415152208744
165921986932109384450392767836834583111487133445.86558910938288921874912
0
349187457084000915541313.45259784847791256
736598764019226367589836.7548180361361867704
-734523537041275654230563.0863355458638132296
763228171756421282397093836592104248766764440.6215461545335464846714857864
0.001410642049579919
70267.795834287022240944668940071
822171358815899900816356.8493015012588693
-689448386358434424353398.2576795012588693
50156666451233539178784301412883438138551640313.0634896238745820865023
0.08780182508277477
1409323.262378483024338139084639883232439
656443121995880064087891.3096818493934535
-518562600137331197070267.2772716868848705
40502600538627057892061914909439416400485700293.536560183037014487067381713723
0.1173445535296
50977340352.4834058136872915969089138048
883039597161821927214464.669718471045014648
366796368352788586251620.904280155643014648
161304838579729544867569103742546550151495627100.326224398464148787732366004248
2.421021518089382832
211917.296101319907794027706030010768
1685206378271152819104293.72945212863
279697871366445410849164.28884787137
690422409529713790192312646213025730393599409021.2288054157469645
1
279697871366445410849164.28884787137
871213855191882200350956.63235861753
-550011444266422522316318.97395861753
114125248163566469871618683095229443398738388447.044987510195876
0.2260038651492377
4745555.809821042191786801734643119
946608682383459220263980.1322041606248569466697184
764538033112077515831234.4532844993751430533302816
77887398372216160582467689084642106611946535865.887051770405834904682541244296672
9.398256788467985
22735942.626077663333333310597391374964272634576
982940413519493400473028.69585296406
897489890897993438620583.52305296406
40170938066445129697582276243326067010129123142.564660799444784
22.006071428571428571428571
0.0184035046217499918255239656
1080643930724040588998244.1318379478301670862897688
499702449073014419775691.8784161121698329137102312
229522191850284116479900936962864121028922354309.540206436554691256009418633330664
2.720319394
241336690318150.6065461187950560769054704295838928
288685435263599603265430.397207598992810711833
176409552147707331960021.186221103227189288167
13054737611094821200079611385898655536597125919.28654228485744473896682079368463
4.1424300081543
5040054932.4788281071182348317708224225001681
1366491187914854657816432.600091216983291371023117
-127306019684138246738383.942274783016708628976883
462772836000283107419304684879345505782353784631.367663966550313568708897937411
0.829
413641565575646601052.872097509983291371023117
1431540398260471503776606.4878915152208743419546807
118043793392843518730449.2601515152208743419546807
508843393673294259317186333269418106670644932450.752855196575231457166914441309
1.1797397769516728624
35156.7864505205052324547131927
816662851911192492561226.0086956557564660105287
-139589532310978866254672.9358643442435339894713
161863244040231126624624344003912135857986063240.196098982241680240088794436
0.7080487649198953
10220492.8664086699923581582447
1733867399099717708094909.38233005178278782
-108873121232928969253070.76928358978278782
748610700283454929646355390345364937297337451482.70820509748458465177384642
0.881835646384684177403862
0.07196154640398260762555955744269760543916
1267399099717708094911114.93005264362553691
674158846417944609750514.31783016708628309
287952581940420789852120036680011005539903671821.2082019914507935738637514635381
3.2728020988733988373887545
0.019447623407332926422068663004206655416405
1232455939574273289082168.60045777064811169
264209964141298542763408.60128175784811169
362285184460089627748261084877324273698421513353.191006843113848469171634816
1.545749676
450873579003585.8701457232218257636
727458609903105210955976.99436942092011
-542153047989623865110245.89105058365759
58816525419429701303685798818862295496041833399.654862821690020774934159451
0.1
29172198062104219119554.407388418402375
1525139238574807354848552.68168963149
-332616159304188601510642.83431036851
553854046902568444271701010067643792765184916917.84612345019942
0.6419160889706
56391241321.4318395832020852
1224948500801098649576560.9174181734950788338292
-171801327534905012588692.8929732204165711661708
367745783368025866923481311836093587014415749862.95900116936356526555102333484299509
0.75399842684845306
5339436.9420920119020371733167475939255
711604486152437628747996.533234149691004
505668726634622720683603.666765850308996
62670020903998498801895398912339666688429213195.4980269316323004
5.91
96437018387121385519.17958617532616636
970733196002136263065536.5
263996337834744792858777.5
218157217857591298490083416504578704860858809581.5
1.747085240521633992
202395.693016069618724036
1042557412069886320286868.56869810025177386129549
513099870298313878080414.53269810025177386129549
205913620140428055554085355123230397452466304463.05209806591635516904954882
2.9382096950832901031
20112.91794431356770193573969
1354467078660257877470051.9232318608377203021
-173144121461814297703517.9232318608377203021
451150545094417424496784670570672575529931860758.5379325331549749607
0.773313888444941665334
629.2447394522011139086199714276595244225986
916502632181277180132752.573998626687933
-636743724727244983596550.824307621881533
108633625953920978674803616492439359472841489289.9592611664721441720325703456
0
139879453727016098268100.8748455024032
1614633401998931868467229.6358434424353398417
344045166704814221408407.3770199130235752417
622168486529425228548731134858696969288922566247.30669718471046011140302882608754191
1.54155257
4587167162584878.309300369258869388017489
674052033264667734798198.067200732433051041428
135011825741969939726864.067200732433051041428
109029487614513170406165570943046146072776034601.578560124257124612476
1
135011825741969939726864.067200732433051041428
1695323109788662546730752.8633096808
-187914854657816433966582.5541313792
709702113495608322061219902253968851741349462051.500707538487225924
0.8
408941786831464103150.9876127268
997436484321355001144425.644815747310597316777
-864042114900434882124054.983978027008468683223
62077690983432086516872821331613873122712338426.301420496191330327427950416847385141
0.0716
56250858319981689173.723908043030441753977
1611383230334935530632484.84619988555733577477
158632791638056000610360.71720011444266422523
642847888105442251176875662595998367434837395695.177895970101048498077709
1.218389597294288
127199206.53082642099641400266339970182448624
1437613488975356679636833.841245136168825818
-144777599755855649652857.107072556631174182
511442997573207811899741440518415565469230692108.7140089755226507825454163552
0.8170141366608165705579448
0.06370946823774789970768468927712128
1121950102998397802700845.752883
-788998245212481879911496.884883
159063450667434938104071391005635591739007463550.181537222
0.174233834262261047319418
0.046329296591696038919164029906
499656672007324330510413.782787772785534447241
-446005951018539711604485.706431627214465552759
12683870384370710200945995571624429087747111499.6552214634959355173087868377
0.05673346887404395391615
3.966582744912125562027331723345
1022476539253833829251543.953490501258869306477445
-458258945601586938277255.969604028381780727855335
208864253025154643702391284064500038066061529503.07471618664574340084411767889887349546140144145
0.3810387469
6286717021438.925764858466285191119252765603309
1149691004806591897459371.41432822156
437949187457084000915540.58567177844
282497478934717702768746933982264712922247879196.29154075136
2.230640596861332647285823
0.25905241474244119775745319540905612
1056107423514152742809184.875074387504005493247
-112581063553826199740596.515175097504005493247
275672098532697832965679065461214281447280332141.764248883686258112205847547315
0.8
4287785152971694514381.6238498509967956054024
1083024338139925230792705.067566948958571755550469
542030975814450293736170.932433051041428244449531
219786034565264476412019196190161360576677170035.799642144678054632921422
3.00383595645061206069836
2.59188220035095750362401571723551455873763446916
868772411688410772869458.19836621652552
-863157091630426489662011.80236621652552
2431334619750256018202411693911431977826206586.02935026738301296
0.003242233617
24917982757.30472159914546985811759416
757900358587014572365910.581
263630121309224078736552.719
126228028171202267439196452276385278230254286355.36615
2.0667448752778
11462577248.7950201535679682
932005798428320744640267.62674415197985809
143541618982223239490348.52514415197985809
212007652980993471992054406880641823309571750593.193019829818074145972
1.36
1618066681925688563363.08685615197985809
538963912413214312962538.5525841153582
310536354619668879224841.3674158846418
48512317835821551030155888782257581891820690322.181751745143672
3.7189044756179
282291905.07918822003511606717516822
297947661554894331273365.0793316548409246964637216
5645838101777676050965.1274891279468986035362784
22185233384539593241416279950491476540528582036.80306785900782514708467621467519684059664
1.0386301941
13888761730373.08308537421362325448615251598363744
1038788433661402304112305.362369111924925612268253
714778362706950484473944.505330888075074387731747
142043325528670188116427834193577652835877344775.43018595756448198440908006405
5
66758220798046845197222.791254440375371938658735
1092011902037079423208971.20123
-396749828336003662165254.79877
258769891976497893118147423624374292211806050881.74899
0.46700694914211918086218
4.17205260311659868491366
950545510032806897077896.3515815976195925841
761608300907911802853436.3284184023804074159
80872390657923166790835965681969607583814198533.886987168433878989194
9.062025520917460830237
41.6982513160906385902055114928939257545683
1521324483100633249408711.379791485465781643396658
-56641489280537117570763.657791485465781643396658
577804981143372935018027383694461902327835562577.620858431380581921956756538
0.9
22256809338521400778210.0940876630807965209430078
1235049973296711680781259.985809109636072327763
486015106431677729457541.985809109636072327763
322284438215103301174189626674133540447168040437.377958882471705891417
2
111497672999160753795682.985809109636072327763
1080735484855420767528800.323094510528725108720531
119478141451132982375829.589837510528725108720531
288428540485266117452475739629224800459067563164.4626758086120781008360801997335
1.2485872118864689821575973
0.00373238061883700141607383829695
211734187838559548332951.64605172298924
-39978637369344625009536.84870680298924
10808268713436214904795329456482184251838067515.6120580003615872643304
0.6823472356
11767757686732.280460817354526693455056
531746395056076905470358.81801945525291828
234012359807736324101624.85201945525291828
56998111028086990674481309255585469967482852021.68451164438522914924
2.57195571
1422751201647974.36535713232291828
1213565270466163118944074.4711666285191119
-18204013122758831158922.6948333714808881
368102319896959516774122589058388121656474588544.8940447241512684377
0.97044249541
3991454947737.8500200295150819
1118226901655603875791560.64266422522316311702906
302662699320973525597008.92904554818036171702906
289706673506508388454322844758665506505957945307.208668501905448149804168440834923804342
1.742216734
8911268787670.7103074692823073003697462
69138628213931486991683.7639194071869993133
34775310902571145189593.3122994071869993133
892706915733439870573875568467266001510918324.262023722294148713436273
3.02397868561
47913328755.6267893177394052133
1405615320057984283207444.997070267713412680247196
391226062409399557488364.604577706486587319752804
455674149018336549026382510291953174642774998946.8713729409273436168104409143151716
1.77
686198214694438086518.65346807041425955596246308
284550240329594872968642.42474593728542
154757000076295109483481.95474593728542
14254777549753948999533707921540448262377856818.0587347224456737
3.384669644956501293
13290.610461975857486256145
830640115968566414892804.53727397573815518
581857022964827954528114.16272602426184482
87851351770695284195615455311843468489881031645.060935858619381933
5.67762512266928361
172121.7637331197070268035564831263894002
1141252765697718776226442.74369420067750057
-572152285038529030289157.89279012067750057
243774909484470505042365825265745642713441836797.5479608290213763396076628
0.33214591051581
5544518196.3836118019592528677527697309883
922545204852368963149461.17999542229343
120805676356145571068894.37999542229343
209123910889058406412225454707629509201667800161.794551695158062
1.30135
3572899977111467154.97740542229343
1684809643701838712138550.23401235980773632408
252231631952391851682306.91187914854657816432
693740684838337461866777944715401109386889352786.799478628314866651304634422561712466696
1.35213667930637808359
1803.9215686274509803921357379594844200728308
1396810864423590447852291.2712286569008926
-218265049210345616845959.9556873430991074
475860239816245845323239517128560733078900335205.2251405589700827726108
0.7297154302558482294697
69.2240790702612564478334767774
922850385290302891584648.501121538102
35843442435339894712748.876951247418
212592020316211242723230540392533823769431063695.77877161311643199652392
1.08081885429
933089188982.98619058517553142978282
805035477225909819180589.7191119249255595559624
-315495536736095216296635.0701762417029595559624
137136171472987890242543258339310947735419439290.62492281577049584443154547173821512
0.436882
55024032959487296.8642709452047996566720347632
1136614023041123064011595.719944655527580682078
186831464103150988021667.624344655527580682078
314246360348699908807348596975045007216776932962.7350183764648674117953284
1.39341944605102
2373693446.250210758943061926078
769863431754024567025252.91137560076031
122484168764782177462424.53609521636031
144421832988521000006233941892338369195834685419.377142400842542093691582
1.37840003771272333003
1123.216601815911375283547746768234
1423025864042114900434880.7010299797528038452735179
271610589761196307316700.7278553402471961547264821
487807574315595701207441457186812182306183281762.239821175008171609617081556033614
1.47
1028000305180437933928.434159299963378347447928687
830609597924773022049285.810116729059281
599313344014648661020827.965575649059281
82683954962683123033404909350624295728378084769.77608478017071317988174
6.182214012
46570534828717.47920959781647452
544243533989471274891278.3861295
-524406805523765926604103.6138705
5299631652426979331441196348316479239554705022.5519845
0.0185624125424793
35887693.6088382211097037
783855954833295185778590.8022178988326848249027237
112642099641412985427633.9822178988326848249027237
150435478828997722724572273035338291624845368812.778653606843879128359545317
1.3356369
30844586861982146.9526685698326848249027237
332814526588845654993514.58287937743185131609
-301350423437857633325703.52103456168465131609
4988357850595339057428192655155319671052946834.282155701990726155505508978366224
0.04961501443
2206454566262.3025864042092282902266281588213
810574502174410620279238.33
-146501869230182345311666.33
158892056471839039683054890808097810528269910921.38
0.69385
2596322575722896161.4008295
865201800564583810177766.685
539635309376668955519950.685
114341972143536160101191950304236641759255907365.98
4.3150543682
646982528420.1614640744
679255359731441214618141.5039139391165
455741206988632028686961.5039139391165
63421948994108617028812902016366409873693521340.783439501235
5.07796
319829098954757004.1075139391165
1529549095902952620737009.228061341268013916
231128404669260700389104.827237354085613916
571525024333145555509510747592533403286909437475.7478921976821225231422269751392
1.356014666478634
577340352.4834058136873567133202695792
689372091248950942244600.612085145342183
-69031815060654612039367.387914854657817
117617122175595880841765485007429590635689059867.840918455511072
0.817955011870749668
8118.470001460785321688
1337041275654230563820857.73669
594354161898222323949034.26331
358605625759338471631708588613110262673636641406.86874
2.6005506245890861275476
24.502892412016182538833358556
874311436636911573968107.76992446784161132
28931105516136415655756.43707942320897232
190895869841928605787522982967064361109587512296.12250616075587377312795758585649
1.0684451824843
36708628976.88258182650488434269455746615
886427100022888532845043.74621194781414505218
-411657892729076066224154.62000457770656894782
154072695752211133499042487136051386918703210363.97196193319338971122748823315142826
0.365745856353
383688105592.431525139238191141595001979
1275410086213473716334781.6649208972
-387640192263675898374913.7802791028
369101492339210210512741223184064971213422230087.85052980871672
0.53382023
5895780880445563.439427589002
1075837338826581216144044.090867475394736713206
-301564049744411383230334.633966582742136713206
266621275878802572966562353564616308444305800243.8214054865387253787667156893951178
0.5621
17984283207446402685.5878358342869317235069074
760753795681696803234911.437
663950560769054703593499.437
34478997624641670707710942920762418594902300378.522
14.7175283732
3198290989554.1091445208
465690089265278095674066.8265964751659418631265734
-279621576256961928740367.4628061341268024719615474
34669758332868676499998484155966156777025880655.0606225740307478197262342099690965515221712557852
0.249651953156
368780041199.3591210803383815060654610494531653776
1473853665980010681315326.2136411215
-235858701457236591134508.0421611215
529153825417405759168382597578638433270273303611.77453993565741
0.72409546079288863
4295567.254138565679536554998401455
56321049820706492713816.9880064087891960771343
-46005951018539711604486.1064316777294580771343
263878280946556931865311751991660636578140996.2303282738097888977454562271535744067
0.100805249030718
38849469.7489890897993432878461946729038885726
590753032730601968413824.083085374227512007951
-205676356145571068894483.657907988097962912049
76671595550770972646343305306387556140162934149.02251294716133209644170187603719394446
0.4835038510173
23222705424.582284275577912235754926181942
839520866712443732356755.09242377294575417715724
-171663996337834744792858.60608822705424582284276
168831689501734143541177417025002403354740261368.53687365737615757397128901344
0.66046960825737912718
272.83131159396010758204486192
600488288700694285496299.086701762417006431
-307148851758602273594262.300617990386793569
66561441932515133333169049597232546390226853656.9798701676919040750437338306189
0.32319020880266299048
2049.591821164263378033236063763646088
1066880292973220416571296.617967498283360036621
619089036392767223620965.182032501716639963379
188740581138224892382246377150927216089596058494.2559718445375644096889
3.765078716008996115
70267.700869764248111695972472931888153272585
1571999694819562066071563.2406958112948043030441
356527046616311894407568.1183337147051956969559
586017876385961609048315914839893977416738399539.8940727487858122599308917900483
1.5866475846138395
6012054.62729839006950483872751636356716117805
1452399481193255512321658.72918287937743190652
-397360189211871519035629.41876859693293659868
487892283249985859472440257990302296102105680657.635045781518712043606257745625678660192
0.5703656041707912624
52051.57549401083390554664801666399384551776
1466498817425803006027312.18211924925612268
-165789272907606622415502.99988075074387732
530783174625011457800115635174115372699686845597.72270210818457926388
0.79
5600976577401388570992.59422924925612268
0.40083924620431830302235
-0.17058060578316929902235
0.0328935895570732734485079163178684421197
0.40295876949369792718
0.000000000000000000000790386300141440147527
0.988998245212481879821
0.497383077744716563579
0.1826819007516404190483768280768377844257
3.023465143708
0.000000000000119447535381701747332
0.829966
0.802654
0.01114752936
59.7766
0.0000007504
0.949248493171587701
-0.949248493171587701
0
0
0
1.8851148241315503
-0.1035934996484497
0.885731571747778117290778067
0.8958183073809976
0.000000000000000030539898536
1.656763560873579
-0.007171740873579
0.68620351569283588626189
0.99137978397832107
0.00000000000000000813861675799047
0.9031815060654540482185
-0.2392004272526059517815
0.189629997125208143892571234568438055
0.58
0.0006997787441866482185
0.7337561730373
-0.3560038269627
0.102914849164564024
0.34
0.0036169730373
1.21968370641641870756
-0.62955629358358129244
0.2728218042267490653841272
0.319118
0.00000082125641870756
0.598106965
0.030106965
0.08920637806
1.1
0.001706965
0.78562599518501564
-0.34494545518501564
0.1245552093144121460718228
0.38978566092
0.0000000000001171894820632112
0.66167696650644693616716
0.25218585488670176183284
0.09355467565005927542354348967451023117884
2.2317036816217021882
0.000000000000000000006832655079021388820488
1.00358587014572317105363
0.88990615701533482894637
0.05381290761558664110779981860478277027
16.6563758389
0.000000000001487266575203511859793
1.3058
0.5402
0.3533244
2.4111807732
0.00000000001904
1.532387273975734834058136
0.411032272831314834058136
0.54481580703347684458686149243640600056
1.7330992815153597106754453
0.000000000000000000000000037763653444887
0.9027064866102082
0.3775864866102082
0.168076861524376264992
2.4380960032381482327848872
0.000000000000000000000000016768
0.4967727168687957656214
0.3267566948958042343786
0.03500329864149375600823012669476122
4.843834
0.0000000119935382696270315524
0.3186541533
0.1041123073
0.0226752742210025669
1.970554782119288747
0.000000000000000000005796519
1.64084038223
-0.17569961777
0.6653717010680421
0.80655574028647869025
0.0000000000000000000066325
0.8387205004959182
0.8268794995040818
0.00493059281300067696
140.6637
0.00000049439231109066
1.012115663385976958876927
0.385122453650720988784627
0.21901470294132112103994693542354458463663535855
2.22847408128498418
0.000000000000000000334191166298420680093
0.57003128097417410543
-0.56240177002582589457
0.002159977590218966958645283465
0.0067372732910002384
0.0000000000000000000234803208
0.893156327814
-0.190905623814
0.190320817177594236528
0.647795730627192
0.000000000000000033997265712
1.6847180889749752
0.1990386810250248
0.699664660693827721791052
1.2679429
0.00000005650682841748392
0.8789136293583581292439
0.3020736293583581292439
0.170310172579537651636525638
2.04
0.0021168293583581292439
0.9218585488612672617685
-0.5454184786812672617685
0.138085466805403372243835285456665
0.2565569
0.00000001227623636224918512235
0.99322495
0.80395205
0.085039225650825
9.4
0.00900587
0.992906843671320668345159
-0.412906843671320668345159
0.20384298466468299382009611
0.41257245197004233148811
0.00000000000000000000000327895086671964841544051
1.5583886416
-0.1345388016
0.602618617282982272
0
0.71192492
0.800869761889066910811017
0.161303118110933089188983
0.15384341989898527504386968130948
1.5
0.0014114571663996337834745
0.60183107827878233005
0.15953307827878233005
0.08418746092927443350822745
1.72138277034389633
0.00000000000000000056683
1.1342225528343
-0.7957774471657
0.1632997634850995
0.1753601583775
0.0000000000000125
0.4372320134279392
0.0372320134279392
0.04744640268558784
1.186160067139696
0
1.0452582583289082169
-0.2573434036710917831
0.2565847997979400319896982439
0.60487782
0.0000000005094397969
0.341644151
0.210244151
0.0181295307207
4.2
0.000004151
1.01599145494773744068
-0.44975967040512744068
0.2074887188509728823527847898786874
0.386308272
0.00000000006274468871616669504
0.729228655590295262073
0.496681163590295262073
0.071270563467154955367279435458
5.2
0.008331430390295262073
0.689196612497
0.089196612497
0.1167589837491
1.2973220416566666666666
0.00000000000000000000002
0.32231631914
0.22841229914
0.0129289077963843714
5.8648034267329556285236
0.000000000000000000000003647564
1.352079331
0.505279331
0.3932028287454
2.19338528
0.000000003448
0.8099794002138551918822
-0.7303883422138551918822
0.0306498745822232394903486546838
0.051
0.0005161515680933852140078
1.146730754558632791
-0.236438544289311055
0.314772059556240703569717674158809164
0.658120601019349998932539
0.000000000000000000000000061748712492897503
1.146608609651331349
-0.006912409651331349
0.3286658805798428316980869
0.9880151
0.0000000073807888920846301
1.3458503089951934081025406
-0.2141496910048065918974594
0.441363241016250858319981668
0.725449114
0.0000000000751934081025406
0.36171511406019432
0.26836041809819432
0.01470512743443543127875866792
6.749264465655382667
0.000000000000000000026725154673
1.18251316090638590066371
-0.46897077897306782635229
0.29460094604655151896971233458098859171283068
0.4320613508269426221
0.0000000000000000000772006727328856756732
0.889951934081025406271
-0.889951934081025406271
0
0
0
0.55452811388502327
0.39583428788502327
0.03770416140585946440766551
5
0.07844663588502327
1.07719539177538647135
0.33115129320210647135
0.262672183268175215075471084697764
1.887752597561977
0.00000000000000000175396191272
1.0285525291828793774319
-0.2394474708171206225681
0.2501463035019455252918246
0.6223226012348255164541
0.0000000000000000000000006
0.4671396963396
0.1574731059796
0.048355429197347841090728
2.017049
0.00000005795007618
0.521782253757534142
-0.521782253757534142
0
0
0
0.9615472648198283360036621
0.8931563286798283360036621
0.031711228755415884641794458743619147
27.11914324001906653
0.0000000000000000002858414029
1.9026779583428662027924
-0.0911879148546537972076
0.902967044337059526665139760470377424
0.9
0.0085053788052222027924
1.145906767376211184863019
-0.013748378728923476005219
0.3282283254002310646897652351185218942778196391
0.97
0.00364644846265354390780457
0.63279936293583581292439
-0.52529936293583581292439
0.0311239032578011749446859625
0.0928245559713
0.000000000000016900892652924510089993
0.373189894177
-0.048203245823
0.03423678605199197289
0.771219598767080071
0.00000000000000000012494353
1.275135423819269253
0.328892957961330747
0.3794499428205484366563613959459
1.6951557763
0.0000000000005800031719538961
1.33203600915541
-0.59035599084459
0.35644993344014347036
0.385811019
0.000000000936686
0.998107872211
0.798702992211
0.08957321370069129484
9.01086705812
0.0000000000008141872
1.04542610818646503
0.71992065308613697
0.14365750023448212720741832245303
5.42340146259
0.0000000000002296121035913623
1.24950255588616769
-0.53049744411383231
0.3199572747386892441
0.403935456
0.00000000004616769
0.350662851911192492561
-0.317337148088807507439
0.005565392538338292515374
0
0.016662851911192492561
0.69704280155
-0.65704280155
0.013540856031
0.02954022988
0.000000000003613779686
1.826550698100232
-0.165758754863832
0.8272028719791092286042641824
0.833601396994604482159
0.000000000000000000000426278821932912
0.48694560669871
0.03161639330129
0.05902910688944822751
1.1388726
0.000000017441062725654
0.7012
0.6988
0.00084
583.3333333333333333333333333
0.00000000000000000000000000004
1.407171740290987335
0.531975280384987335
0.424283651933220004572531645255
2.2156705
0.0000000213789088485
1.32191958495460428
0.05990691996643028
0.43597063750667223984387656132336
1.09493869852247743096
0.00000000000000000000027185484926648
1.24666208895811322
-0.48096437018188678
0.3307099096652368946370119154
0.4432079137971672683
0.000000000000000000052282316369
1.74135957823
0.03875791623
0.75770775115571794813
1.045527
0.000000743297063
1.327412832837414281
0.450995651178760281
0.389656937849823782415784790489887
2
0.012787060349433281
1.44383916990920881971465
0.44797436484321355001145
0.47099762925185814273976768006002370905307338
1.89966903652
0.000000000004262760357072254819568
0.9361562523842221713588128
0.4911116197451743343251728
0.158799476457335692701527997984110325417589118896
3.207021874785709387
0.00000000000000000014312418892963140861066
1.3108644541084916
-0.6835355458915084
0.31278619363698782352
0.31454518061421
0.000000000000001388
0.6672770269507133
0.2831769289507133
0.0912673644015564088499517
2.4744954787838315
0.0000000000000000000172565
0.1055
-0.0255
0.00262
0.6106870229007
0.00000000000000415
1.503104448004882887006
0.436895551995117112994
0.51711131456473640039582
1.8195308
0.0000000372381170366996632152
0.78098725871671625848783
-0.661875333791103990234226
0.042965535199191442975220416115510900534979072456
0.082
0.000398596169985503929197704
1.5513847562371252002729
-0.1395590142671854734129
0.596829485855423974867308351366296860365147
0.8349335
0.00000007067978942549607855285
0.92103456168459601689
-0.44711985961699855089
0.16209712373840285342274042902532331137
0.346389774932524368
0.00000000000000000038819145328436116848
1.515877012283512625101091
-0.131670099946593425101091
0.5701365252874106960494392170578157494236
0.8401622642907420421220316
0.0000000000000000000000000480233978414942517035244
1.5155629053177
-0.4224370946823
0.5296194552528513
0.56404840590061919
0.00000000000000000489
1.5326161593041886015007
0.0566414892805371175807
0.586426008363101202995480179810116042317772
1.0767
0.000037860685130083172368
0.72985427569344625
0.46971847169344625
0.0780129552744945448872675
4.611332730602868108
0.000000000000000000009730584
0.800366216520652
0.791760128180652
0.00342549499273517828429884
185.000000209305776194251801
0.00000000000000000000000000019494983
0.2051569887
0.0132290113
0.0104785958181191
1.13785391248540297491823
0.000000000000000000000000592855999
0.60543144884412909132524
0.53456855115587090867476
0.0201959258411535820553868
16.0874031
0.000000000027466239414150915756
1.64727244963141832608
-0.25186541563141832608
0.66251758393087663080426882336
0.73
0.0045181961790646219616
0.31938658731975280220569
0.25313191424429694220569
0.0094830065376939950682840694815202179217
8.6411791801013362176391
0.000000000000000000000001693017297269937
1.182146669718471046
0.531746669718471046
0.2786790569924467841592
2.635137360757
0.000000000000294646
1.37434957594567
0.51407645594567
0.4061405385860956406952
2.1951470852551338
0.000000000000000024928272
1.329320210574411451
0.166186007477011451
0.4348686082901120739429814241637
1.2857555164906369060611
0.00000000000000000000002427377317443
1.3280079346913862818156
-0.1185778591592278938156
0.4373860914801239013472371352134620686264
0.8360583
0.00000000796063172318293875052
0.539297
0.338703
0.044030383
4
0.037812
1.2656073853665980010681
-0.7103926146334019989319
0.2742760967421988250552828
0.2809
0.0000781853665980010681
0.06376440066
-0.01994354166
0.00091703848439621322
0.523497027707131434837066
0.00000000000000000000000002033698344
0.10118493934
-0.08481506066
0.00076119935862
0.08801010043
0.00000000000001
0.03821469443732
0.03494316014268
0.0000598346075451889983628
22.3619402981225
0.0000000000000000078230933
0.0590142670897611963
0.0584710459102388037
0.00001595512757610437127997095
216.2752805464887698710110686
0.00000000000000000000000000001466949192263382
0.0440238040175936522
0.0060898755824063478
0.00047525218389257648467231756
1.32107
0.000000152381063553888146
0.126878934
-0.037461066
0.00367373310678
0.5441028842643
0.000000000000002469
0.0362218661783778384069
0.0077149614709698384069
0.0003131257397364408148309409586741576
1.54126967134
0.00000000000002012489525664
0.097860685130083098420691
0.018785381857022901579309
0.002305955780653775513847548741630305123
1.4751263941955138
0.0000000000000000007296867718251427039642
0.039915372701
-0.015975372701
0.00033450611123097
0.42833567217
0.00000000000007599656883
0.1554475037003128
0.0240184962996872
0.0058967595605401684824
1.3654976
0.00000000291203175235072
0.0759
-0.0081
0.0014238
0.8071428571428571428
0.0000000000000000000024
0.0589953
0.0251447
0.000712047371
2.485628
0.0000000004116
0.128864486
-0.029484486
0.00393418020934
0.627601169396919103459667
0.000000000000000000000000043543838
0.140630197604333558
-0.008673228046082242
0.0049254068983736391025907440742982
0.8838
0.00000130098420691598
0.06905622949
-0.06905622949
0
0
0
0.01904470893415732
-0.01495529106584268
0.00003476005188067444
0.1
0.00034470893415732
0.058879987792782482
-0.058879987792782482
0
0
0
0.0526176848745708
0.0158587011254292
0.0006292805900434868425644
1.8628476365
0.0000000000013848307680858
0.052726014509
-0.000448605491
0.00069495783977918079
0.98312
0.0000001883018
0.12365377279316395819028
-0.01634622720683604180972
0.0037557640955214770733196
0.7664824684737708
0.00000000000000000219028
0.0617059586480506561509
-0.0524620431830319638491
0.000263839839434156752864211962238443679
0.08096765570703021121954
0.0000000000000000000000003628504856508026
0.048314640470969710841
-0.032884717529030289159
0.000313224959218738078867420039
0.190025183966841482687584
0.000000000000000000000000032314464
0.123527885
0.003527885
0.0038116731
1.05879808333333333333
0.0000000000000000000002
0.0552880140382999192034
-0.0533196002136260807966
0.0000534461823395836346947226974178742
0.018124086770821700612757
0.000000000000000000000000048259816290009
0.067718013275341859311818
-0.002565041580841859311818
0.0011447874709119821469443772016678005
0.927
0.000000289921408846417944714
0.109687944
-0.061539644
0.0020610793188251
0.2
0.0069513912
0.131787594415197697
-0.061406881818875697
0.003399291226756820146707910614217
0.364299818339
0.000000000000075404861903413717
0.11014419775692378118562
0.07014419775692378118562
0.0018028839551384756237124
4.5072098878
0.00000000000092378118562
0.02712748912332
-0.00172732128332
0.0001832292568300086626144
0.880274
0.00000001423205269032
0.1350652323186083772029
-0.0529381246662088960097
0.00386004298452614453301354911035053496131858
0.4368385169794169209792965
0.00000000000000000000000000676111734700567853205
0.068326848249027235637445
-0.003982604715037764362555
0.0011631742628323387960631492212267069625
0.88984553
0.00000000001858549019772
0.01988644235904478522
0.01771355764095521478
0.000020425116350041962136
17.304185393258427113888
0.00000000000000000000000009444305856086464
0.1327901121528714427
0.0437323567568714427
0.0039301737145154741723011149046
1.98211226102
0.00000000000020560996804
0.1796603845273517967498
-0.0109003845273517967498
0.008039758846417944609748124
0.885
0.000056859693293659876427
0.1161608300907911802
0.0070649271381704432
0.00336085631297850012426095155700611145
1.1295177352
0.0000000000031592278196025788
0.0816235599298084305943
0.0613138017853056305943
0.00072575581156182012939611062998100702
7.03786626
0.000000000060578800296536
0.12405737392171
0.00497901884429
0.00384136034892479436448593
1.08362
0.0000003528185030698
0.115705186923018234531166
-0.033595186923018234531166
0.00306476342412451361867702013
0.549965133273373
0.000000000000000070334935834336433557082
0.1056420630197604
0.0070779369802396
0.002777537071793696144
1.14362095550670418303
0.000000000000000000000357331771653988
0.06956282902265963
0.04157778286411841
0.0007775687884349996103165330827022
3.9714285714285
0.000000000000001025465934233615
0.12286869100785839627
-0.01818874899214160373
0.0036914711600213626301758744
0.7421
0.00000060789585839627
0.0958678541313801
0.0556847458686199
0.00152246363332569787163
3.77154995101
0.000000000000078620741311099
0.102333104447995664148928
-0.002279697871375664148928
0.00261671681089490881208514265516143168
0.9
0.0029509422445929022659648
0.090876249332417792019
-0.040876249332417792019
0.001646906233310444800475
0.379
0.000032901503013656824799
0.14679026447447928
0.05247730247447928
0.00469837861737239615221368
2.112833
0.00000001425380628
0.1198031586
0.0650141146
0.0025314904283287052
3.373
0.000006913894
0.09352712291141575417
0.04775921263447575417
0.0016165950821555002973871409299199
3.08701740348
0.0000000000000332909101244
0.03649958
-0.03649958
0
0
0
0.176543725
-0.009167725
0.0077709099138
0.9
0.0001178475
0.08431525139238574807353
0.02031891355764095521477
0.001674050842299580352449105320105657812365127
1.635002384358607534573353
0.00000000000000000000000000137158741744110568886
0.024679179
0.004679179
0.00014679179
1.4679179
0
0.03690089265278095674067
-0.03690089265278095674067
0
0
0
0.019194323643852
0.011638056000608
0.00005824442816791201071025706
4.080371567043
0.000000000000000081623996254
0.054405
0.041925
0.0003005496
7.71875
0
0.131558931868467231250476
-0.032438931868467231250476
0.00406386706340123598077359056
0.60439811678
0.00000000000072687876707154112141272
0.0614166384374
0.0317366384374
0.000691197314411016
3.13858749578167
0.0000000000000000172
0.1071457999541634
-0.0444159609369634
0.00237686121546593574497814524
0.4138896160111354666953464
0.00000000000000000000000000150180269383824
0.02102235446707858426
0.00145723659113458426
0.00010995396221423934073249813152072
1.148
0.00000941786831472826
0.0482948043030441748683
-0.0482948043030441748683
0
0
0
0.0568581673
-0.0568581673
0
0
0
0.074171358815
0.050171358815
0.00074605630578
5.1809465679166666666666666
0.0000000000000000000000000008
0.0944846991683833
0.0281873008316167
0.0020332086121919580888
1.85032901859
0.000000000000230179354054453
0.106045615267414358739
-0.046800955267414358739
0.00226383577587548638130504187
0.387608696699
0.000000000000041632715577368897439
0.10573128862439917600545
-0.01488212405584802013455
0.0027394069444405880688878592785339562045815
0.753226051
0.00000000001888761730927267843
0.060056839856565194
0.049943160143434806
0.00027812619211108567
10.876357875678938207374688
0.000000000000000000000000002794856142590528
0.088451972228580102288
-0.058706034943160097712
0.0010943382130944928124801321754707888
0.20213604313562849557
0.000000000000000000000094503027554543
0.15006942838422217135
-0.04224307638422217135
0.0051840889582909895470947076
0.56068299942236
0.000000000000000857928190045058614
0.07152056153200579842
-0.07152056153200579842
0
0
0
0.1197705073
0.0283305073
0.003385589193756
1.6196523906386701662292213
0.000000000000000000000000002164
0.0801312275883115892269
-0.0700328068970778973069
0.000379104898231596712385157167977924466724
0.0672492632862
0.00000000000000385900646752718231322
0.122499427786678866
-0.019015793087663074
0.00366112735532773387733575591697912
0.73125444782299288
0.0000000000000000004925910143473064
0.081329060807202258332998
-0.022209506370641641872998
0.00153028848963850769408591179334108368707354
0.5709906
0.0000000029202716105875191101812
0.179200369901579308766308
-0.002473430098420691233692
0.0080266636791027695124742431652
0.97277064608743
0.000000000000000038599308
0.113817044327457954
0.010922407873655954
0.003208755146420006811491845419554
1
0.010922407873655954
0.031763179980092851148
0.004907301441907148852
0.000246204498751506828407872686228
1.365454545449
0.000000000000004043641132242174548
0.04233920805676356145565
0.02350041962310215915155
0.00031008470410300686145416960532645223276238
3.494897132674550461684
0.0000000000000000000000046100140192418169478
0.03542763408865
0.02457236591135
0.0001628290226595
5.5272701714978385235107
0.000000000000000000000000140206976445
0.0046936751354229
-0.0002960250247951
0.0000054857388653955597711412151
0.881345565
0.000000000001869938133415
0.10647616
0.04012384
0.002431812528
2.2094178470323268274568244
0.000000000000000000000000000613696
0.066
0.006
0.00108
1.2
0
0.047136644541084916448
-0.000267032883192187388
0.00055544798800797113028437578408475866854
0.988733663812528165535
0.00000000000000000000001979983931610425387
0.115631341606240939
0.046633096393759061
0.002798990370597390629713641
2.351718329941616235702542
0.000000000000000000000000005921921613233062
0.10685107904173342
-0.01034692095826658
0.00282752357976653667858
0.82
0.00020089904173342
0.16113069352254516307
-0.03569848172732123693
0.006172179699355122381926818529616924
0.6372643264698
0.00000000000000579331078318264
0.057662317845421618219
0.012715342946521618219
0.00079081573826469283588310346152955
1.5657
0.000002091096367753219
0.031062726169
-0.027760673831
0.0000485594863747773
0.056135
0.0000000003895
0.01814755468
-0.00859540708
0.000063863179498168944
0.35
0.000096055492
0.12855420767528801403825
-0.05537193865873197528035
0.003365033180048675779247033461468021402841735
0.39788942722506
0.000000000000000128053720793380877942
0.0610467689021130159456
0.0275165941863130159456
0.00074238625944343938353420967413024
2.641303
0.0000000060105296722456
0.109713893339434447
-0.006642252231634447
0.0029982547192470363802990701933
0.8
0.0049933623254724424
0.055209277485313
-0.032790722514687
0.000493208209353772
0
0.011209277485313
0.037706569
-0.037706569
0
0
0
0.069610131990506218
0.033519493400506218
0.00093050350947727931546787631
2.85751733469153990938
0.0000000000000000000000025345129
0.068355840136491
-0.008235293863509
0.001151175203936791235397
0.7
0.003253376236491
1003326466773479819943540.61504165712977
328847180895704585336079.62904165712977
224630882636275612581710975192662034508298409434.91774465200707661
1.97511424822
1369954985885.40595847215731
1853330281528953994048979.60689031815
-43976501106279087510490.53350968185
858224799945660326081466034916538269984612160619.39269835058413
0.9536432362
83100633249408.71296615596876
924956130312046997787440.9000228034790569924467841
-883146410315098802166780.2261843965209430075532159
18899065237347903760870378162839576873504646850.61274840395954330016390793513276
0.0231235336810302631
32262.14999618721126995858622694
1186526283665217059586478.75509269855802243076
-581048294804303044174867.24490730144197756924
267556875233350719910163039378350218697803777534.33406155085692470148
0.342547350610335123
167284.85058607162124465176
639795529106584267948423.8661936369878689884
632013427939269092851147.6093842984664683884
2474336492307107705835739696048596125398621741.85247933872030248216432933481648652
163.427450980392156862745
0.3814755474174251061096204318303196765
1609124895094224460212098.794995193408102540627
-73060196841382467383840.622995193408102540627
645986283912374330408837522159073530213599704729.565903686534636137376922
0.91313655
3470664530403601.12892362512474250400562638315
1611520561532005798428319.133119707026779554
165484092469672693980315.696269169146257754
642403383844980025984575111933482865228437857497.7277549911696574907671735794768286
1.228879555958888208851
199.3896391241321431654456757626783707741
1608163576714732585641258.78704509040970473792621
6607156481269550621805.13568322270542458228419
646536608738788403974587982446828691354814117433.989009918067364722388292204721450117693370252
1.0082509194153852016997275
0.008049134050507362477979583843950772823489225225
1113908598458838788433660.288385
187533379110399023422598.423905
301405899359992475615294832573767462372793970741.2928226148
1.4048756382803492
518806.744501075638451261792
869748989089799343862057.5723048660311
-568322270542458228427557.2252231539689
108368275207048203566830786231436805901541076109.477358243147494120711
0.20960485548151606468
2274.2046234855685620564087838332
923796444647898069733729.144104
-507286182955672541390096.387504
149015149931590231941847496176192713197113820096.9793676532
0.29104557
1312123292896925.30708629831172
523323414969100480659189.2217779812314030670634012
79194323643854428931105.4377779812314030670634012
66898913939378445100080486603123140044763872224.3137654047658126940568030704
1.356627499484
142641336690.3192845968476750670634012
634317540245670252536811.75600455252918287937
-43396658274204623483634.65561544747081712063
100118867978487351982786989743023072096305602243.1939529475466669279131397
0.8719
10936140993362325474.93704881352918287937
1380544747081712062256807.9579766536964980160219729
-442969405661097123674372.0297550926985579839780271
427420476085790675289369463348538278662749842239.0896357338980952824154407327656299629912
0.5141585218904
73536278324.5593957427328173051908059688
412268253604943923094529.228381780727627
-56275272755016403448538.892378118562373
41699551651704716633286672488776914846221542961.205486419915854814094317415
0.7597863609717
22734416723.8879987792783979607299535
809124895094224460212099.59522078
68604562447547112230105.98157922
162494127468155086635462707125555446614335101916.650597062952
1.1852
32379644464789806973.372956011544
659586480506599526970320.5427865873197528
-50568398565651941710536.3040134126802472
108124290583397042107234035728160778470660807551.62309492507738173552
0.85758487322733132
2801556.420265929168695759112
1087968261234454871442739.3501258
-619882505531395437552452.3501258
199855154197410635838622223994676681626899521646.1740523
0.2
63257801174944686045624.32997484
1040253299763485160601204.337
-566338597695887693598839.663
190346880107168696519969926771976032683295158711.414
0.2949813843
74934004730296.8128795454
1696406500343327992675667.79317921328679
-151644159609369039444571.45131608671321
713699765815866471136508556750093766033264319270.5363808420940413535435
0.83588
6877546349279011215.38108719760479
478599221789883268482489.786530098420691
-285297932402532997634851.313469901579309
36915576216180396960305437467577823645560931775.73064579907235005
0.253
17654688334477759975.587380098420691
624261844815747310597390.0829938200519569695582
378988326848249027237353.7066147859480430304418
61517674751381235730356510063040640562000708161.9762919686240811464237173689346
4.09033221351250466592
14.648661020784390020599874811737759099003456
1374196993972686350804912.03085374226937514
412512397955291065842679.07173266193062486
429562724944185735510786865964113914061000145575.340280071334236797286735794
1.8578954049251078954
2368.200198367278912037409165644701519644
1743129625391012436102844.05824444953
18066681925688563363088.40175555047
759543621480001836391326761887369592779016969384.7371604293719
1.020946113292
860730907148.84554894331267444384724
749126420996414129854275.5916773
-437872892347600518806744.0497227
92364431195510836970273344139997437893571832299.70468677011
0.26
1316853589684901197833.2175953
945433737697413595788509.01107784
748531319142442969405660.34859216
83386454159844011281244905616292661552141024888.6401090361314
8.603068815871047737135771
0.08404655313397227294766974837036
1079560540169375143053329.20196841382465557335
-289662012664988174258029.77061112382694442665
270386719577415318089340572577163637938025920003.60846511161203381671993341527243
0.5768956448089867605
51987.4876020447089446942881221691791
1073273823147936217288470.73568313
-50003814755474174105439.79130227
287354079491121922815577800460220280747806629111.039999881314861
0.91
543678950179293507286.182412073
1024277103837644007019149.04820325016179446097505
347295338368810559243152.16662851912179446097505
232132383348331285903689611833536672502772233183.074982287369774881788420739950276
2.026010909254834783
132921.33974212254994161665361911784
1579629205767910276951245.84540139620050354772259
183184557869840543221179.33919860379949645227741
615417961368247516818873509835161390583642103838.063370775233926411245170057
1.26235849468945321036
5296.7116713282978561074182186805946308578059676
1314869916838330663004500.096589595033
178072785534447241931791.994048995033
424293245314610337673585296133138693827643858527.2997854635341304199
1.31328859060402684563758
2.212558192845927463832787582126
983001449607080186160066.1566948958571159075303
-809658960860608834973677.3775692378119159075303
77686054256935024338442458932701211387957274433.71121535140731230527166613072888478
0.0966956640166
13723964293.88876173037300971389334207731579702
1517601281757839322499426.2690772323186083772
118684672312504768444342.5989467676813916228
572256899737777544707189640159001200652301937167.8815880211785305038053264
1.16968083945984860053666
0.644845905546654459452682605420203708291848
684718089570458533607995.0427557792675669489
450339513237201495384145.4259098192675669489
66508296250574723603110018174329752934851426266.109982398737916973779245722
4.84283854166666
781261921.1108567945007115050532
1245105668726634622720682.359075290981918
355291065842679484245059.536369890981918
356014096206893197656214921665722831788396579059.6657785895529056204786
1.798573
107408255130846112.764171731284818
898664835584039063096054.64417486839089
187930113679713130388341.91934081025409
193070189771904515404425774486967777193866166887.616117386408628434891868316
1.5288333548026
34311436636.91157396810865662505610216
1530876630807965209430074.001281682673380636301213
-199496452277409018081940.748088882673380636301213
575946106070668620198665445691429292114625395291.3442875948789409309781073814332
0.7694179894179894179
77363.2410161756923781184852369672866673690660873
495384145876249332417791.524147402151516662
316304264896620126649881.426276035706116662
36339265998437460790486763638491942726068544997.8284262040748735315421976166274
4.532549420586230402181322
0.0382085908293524264208288075212935906
1155611505302510109102005.06248569
228473334859235523002974.93751431
320809471611458246000986116971863375019602755632.9138681
1.4928571
19867246509498740.787411294035101
714457923247119859616997.835432822156
316716258487830930037384.287432822156
102535233925014218673728150866551380527848691133.837468746084744
2.5925727
13733119707026.780885352356
1344060425726710917830165.742229343099107347124856
401571679255359731441214.216571297779812314124856
411309653606174470599282622699961044498268300541.041125795198395487211638417244028903570124
1.8521516692031
10112153810.94071869993132428948550155089885
486808575570305943389028.1
124467841611352712291142.1
55372586413350371701309592252154038772456335049.3
1.6870209719531710603
16145.7481345055341457371
1572091248950942244602119.4319523911311512932021
334462500953688868543526.0254978248688487067979
589901432620984284447306237606281269791636816134.7089423750762370176292399883268
1.540489224244217586
264835.5840390623755245286128722056030049278694
1565163653009842069123367.62687113115
162676432440680552376592.49773402885
605818409757871500676372076613532962012633962544.777104014323506967
1.2319
58039215686274509803.921510581838315
882459754329747463187608.79176012817578227512
-413427939269092851148240.98429846646829772488
151953139260857379957485735040410301093222926362.4719971358162793900421333529196448
0.3619
25029373617151140611.88675302815289599912
1064469367513542381933317.009842001876859693293
898054474708171206225680.035797598123140306707
81648298707827910248195622096820227092361361746.5458653420553588163895076014
11.7929580047680176
415045.3955900754253452349631492556483740432
1037705043106736858167390.4325017166399633732
448218509193560692759593.6617990386816205132
218982981126364137435764065487251495835556254571.460986510609027941770897703555622776
2.520708221163802029405674
0.01550316624704357735443988193813213930618
322484168764782177462424.3360649347676813
293583581292439154650186.6294649347676813
4451179974854570851534615089021444234464217256.27480874433145585329
21.3167898
906385900663767.4531517984276813
1128023193713282978561073.1071183337147756466010528
-242542153047989623865110.0038910505836243533989472
303402407387490078274171535812800405430315408593.04586202934899181043160736901261467776
0.6460699176130037853
33218.89066910811019160964528200763324
1468833447775997558556495.059739070725124284733
-277256427862973983367665.855344472418875715267
520150142628546912752184288955197587043840280241.456071977459660065175432173010276
0.68242593725421655
1400015.2590218966967235311190780834
1269901579308766308079650.82439917601281757838766
169115739681086442359044.61611352712291142137234
396012471930754472482823625802536859248922812380.6608523262141387009496876356654787226490808
1.3072636540060992
28320744.640268558785381828696672863593926080128
671992065308613717860684.45809108695353627
495445181963836118104828.98498511304646373
51526851876639370573437770005122007544648371435.984453491836339468536887
6.6126188418323249783
8155.947203774830243436438234670963987059
1000762951094834821087967.26035431448844129
83878843366140230411230.55635431448844129
248622705979900316222185600136460877504123734512.75620335415234605408
1.182
442389562829022659647.51629031448844129
1844678416113527122911419.533211199
5447470817120622568093.379766599
850702195984201935430027414548627415345658494813.4206507152557477
1.005923639802877196
437445.6397345554218547669053292
1084702830548561837186235.223460746166170748455024
-524635690852216372930494.576539253833829251544976
225334405621019926085772455596394714678555641548.5712537483312300226302576
0.34801077103
7690241855497.081460657319170748455024
864713511863889524681467.05319295033188372625306
103379873350118257419699.29388876173037308308546
184260514846523629664131934917386052363382028570.804868684835589976425743897519933952778373988
1.27157574057
3204394598.306248569466693980315971009685234
1454306858930342565041579.3803616387284046
-427588311589227130540931.8986495764715954
483044168931028330422540349791524309023485081219.15046844311266789734163496
0.545576907483986053
637140.4592965591399625969063091972
334676127260242618448157.1384298466439826
235523002975509269855802.0075532158360174
14134256306828090982677663940810222488456082314.072570791916659469168316424
5.750692520775623268698
3.0212863355430442019831203314208833452
597375448233768215457388.510917830167086289768825
-344106202792401007095444.910917830167086289768825
59612086838072620568901749039778577354250568658.170126167034460085844135
0.269
5340657663843747615.704763103685053788052186075
292469672693980315861752.9691462577244312199588
-83756771190966659037155.6345616845955687800412
19630828181347008173751685112885998301118781310.355212716405781239446447231588208
0
104356450751506828412298.6672922865644312199588
564705882352941176470587.67058823529411098420691
553017471580071717402913.92016479743649098420691
3266102422799602795098425888230464476909755447.0672210382131663221468357757126000771
95.62663185
22125581750209.81155107955431075560841
811902037079423208972304.0633554589150835428068207
176974135957885099565117.6989700160219729911931793
156966268253919274884573427875278294226457852666.0171638881294012556813932877737326293507269
1.5574621485
6981002517738.61295490958331425921789896162372605
892103456168459601739527.6041199356
-656687266346227206836041.1530327304
91152602681607492495246245863309883696652484111.9853145274039172658
0.1
40268558785381857022964.7876859693
128511482413977264057373.79382009608711
10254062714579995422293.42073701071289
4102513827520861985837414501352723558453211088.396652336844662509626674
1
10254062714579995422293.42073701071289
1596627756160830090791178.688715953231883
267200732433051041428244.182330052568117
619455990082602043806686640088574689348145337152.5617282475574652357714607
1.401978788852669758046003
0.264194705043893594677354667411568386351
682047760738536659800106.1309244678416113527122
133424887464713511863889.3910755321583886472878
111846736833370171175735353927231275274064728705.8951924794536257316773842
1.486399287979
23147936217.2882907606622184023805428894933562
1773907072556649118791483.6918745700222
57938506141756313420309.7002059959778
785847357893140616788011107415067261721477382994.5925553198512353152826
1.06752863342107135235
979.62920576709247167629446419152783
523277637903410391393911.1269855802243076218205
-135698481727321278706034.8074616617074845501795
63851352096668133137020714110652729255118441507.277022792644438962291454845236269748563
0.5881535682860186171444
14.8134584573128862440275002584490915431816
171938658731975280384527.11
-126558327611200122072175.11
3386473019701700033975085510930035521901652955.36
0.1520294448420406911358
11.228827793232718172909262
283176928358892195010299.5566033360906
123140306706340123598077.2401007039094
16256409404761412060596061579220302715298275197.925578318865149013012
2.538901601
66468299382009.6131837892172185989494
672373540856031128404668.588326828999771114671
-34393835355153734645609.182055371000228885329
112725810633209884504967132180269255399255648954.6729465618614263923418486281
0.90267282
2466163118944075.684748622523869114671
184618905928130006866559.668887241931792172
66666666666666666666666.600007241931792172
7409923995413818136918582115962324873051467557.95835458611844972040368
2.130401
2059967956054016.937529731491792172
1057907988097962920576789.96948
518410009918364232852673.62548
212605093224480288535332490532223067574596514445.88300656
2.92182373
1542076752880140.38388997844
1249698634317540245670251.286733119707026
235675593194476234073395.659266880292974
376550922846889231497994260473125371619383076131.527705318149821298
1.4648328166852258705269
41.1028466468299393429206669832637480006
1511497672999160753795680.185305561913474726482032
6561379415579461356527.040054932478834726482032
571145540945510675439083848662211095133999314863.47458222787063820542153539775813919424
1.008719810192
29053177691.30998702983136543194710656
1430884260318913557640953.78388284275577935454
93461509117265583276111.90776284275577935454
509673678185481915553135119153039446317886077323.6359150944963215681197924
1.1397635
66773479819943541.61898629394577935454
1327489127946898603799495.1166
-458548867017624170290683.9166
387990080343517639022427831006771908514392769424.33296
0.4865183514455607955
63447.0049856373940149935447
926344701304646372167543.133
-214023041123064011596856.427
203077160875907439287745658729410359530065666241.06234
0.62464206385313244306
2700.5418711276819616054732
828137636377508201724268.64617959029
-311375600823987182421606.46363959029
147214294999106747079744288841713697176114078715.6865997742957683
0.45349
2088807507438773174.6394940498993879
1216861219195849546044097.26
-711329823758297093156328.06
243690277153699848007591375453298804193633716499.036
0.26217910164287297014972
5.8720376859972236559605448
1267032883192187380788890.164946852826733806363012
-350270847638666361486228.382546852826733806363012
370670665096199331791748779846524191967296727362.7143960764091766968366762944
0.56684592886121332201151
0.42030658426794842450598881992123399144289773188
710612649729152361333637.80315861753261615930418
97932402532997634851605.9141222247653925383383
123844895622300475497176597511098807964441065499.7286013028354765727999359742219274030641296456
1.319685196254233911137676
0.25366598001068131532769729735358122540161075256
1470313572899977111467153.4850537880435683
123582818341344319829098.8311741817435683
536637322416176649436730358783628814741165734143.169747855060409393703080145
1.1835
20271610589761196307.3166807278655433
1249301899748226138704507.7916677232776
318684672312504768444342.3989462767224
364798829086899582532974669248499180408765077881.7687635868334182232
1.6848888305896241
41116960.40283732730608350605409604984
932951857785915922789348.269764248111695563973
-789700160219729915312427.683634699015793563973
61693206473781197558935898673427064148002059556.310586026595228730053203184675569323
0.083157652311
14999618524.452582589456000393453916969208397
1041107804989700160219728.87420462348363462570382
-48935683222705424582284.22664225223163202570382
270377690129499641165012683933996575154580753044.914945178846720790059261475440614734966
0.91
116273746852826733806.3628958571755549736095238
1156572823682001983672845.413962002176699473
-610238803692683299000533.455527577823300527
241317324736870496150292186557875241461692258383.42797772023400955228249567
0.3
8145265888456549935149.148793775176699473
1154833295185778591592277.7800869764172831311
-2014190890363927672236.2076447699627168689
333408970676175201535187092291545990525797901077.601960695257625637722058745209
0
576409552147707331960020.7862211032272831311
1221087968261234454871441.5194292561226
-111543450064850843060959.6809307438774
369653471244994912466073563675959746023564658045.042825474659662068
0.8325
64431219958800640878.9195994061226
1515251392385748073548484.02677
-342839703974975204089417.52543
544611929876324911551195487510087129748469046686.952344987
0.63097643097643
907148851.758628704570692677
1205432211795223926146332.79
-555184252689402609292743.79
286209315699808786073093501010337955319821304711.405
0.3693297048
5847257190814.054162003208
1058899824521248187991148.70839359807736324101
-370626382848859388113221.57185359807736324101
245976230676875228228288934841703861920834941910.3216206014032816815987527
0.48146962128004
5589684901.1978267254138953792659988407775596
488838025482566567483023.8465323872739757
249454489967193102922102.4465323872739757
44183768148225489087188561208770190067021795709.61268794271660499
3.084140744518103008
80079.3554554290856799144
616144045166704814221407.791576930968184939345387
603631647211413748378728.319844269031815060654613
3815579719806428707301863932056596665685430181.3336639856133024024682111170022
97.485365853
4119935912108.033874939661707484550333977129889
1000183108262760357061111.3825131609063
-110399023422598611429007.2902265964751
247044576420373282103439899612937627169039398702.81340378607805210672311492
0.8011871067022
3659113450.82780193789582806906919046
172014953841458762493323.975051499
-90287632562752727550163.975051499
5359321937823135502681464084486705914442639777.26889842
0.3115764979639325189
831.5858396277418387068117091689
938933394369420920119019.431850812542
360128175783932249942778.307749187458
187975904017154926553689107280475016354017780969.2399477194650316
2.2443846883
25973907072556.6491087662841615993414
1236636911573968108644234.66715335
344441901274128328374150.87315335
352657656928466463235160257699799504328887418751.69336490495
1.77212245596
143434805828.94758421264388
1644785229266803997863735.2896772405127
80674448767833981841763.8622568405127
674702520932564780162250355547894842209604328743.15195498368722721954
1.10315
5435263599603265430.6858876333827
980254825665674830243379.7279926
-129106584267948424505989.7279926
236057753284876421568320996031937560899659218088.731657
0.7672416164617
11342030975.12344554520104421658
0.0495002670328831
-0.0495002670328831
0
0
0
0.1780117494468604561
0.1045548180361638819
0.0051891182416391209291294725679557199
3.8466971333610303
0.00000000000000000125382751200380087
0.7377431906614785991253604
-0.5660791943236438545253604
0.05595484028031825584455480993428334976847692
0.1316621023804508108906326
0.00000000000000000000000006476938682117141552101096
1.254535743336385137712
-0.528511483336385137712
0.32363388582253757534117644656
0.407
0.000162019372091248951216
1.1356374456356855
-0.5725795376556855
0.240456270246986492511510145
0.329617322323
0.0000000000004127298342125835
1.13350881208
-0.26649118792
0.303456168456
0.61
0.00650881208
1.0837488960097
0.5513311039903
0.217636420843770138
3.0710468818
0.00000000000199035244654
0.3667811020218204
-0.2353399020218204
0.01978587682917524978024
0.21
0.002497894575417716
1.6956371633478294
0.1738371633478294
0.71124150759136339046
1
0.1738371633478294
0.648996719310246
0.091462577248754
0.103207834659619485110501507
1.32809677595911726792997
0.00000000000000000000000101046235514238
0.87160959334706645304
-0.18123040665293354696
0.1817147057297627222093168
0.655730392741663
0.00000000000000021658
1.19778649
0.14766249
0.35322206616838
1.281228673
0.000000000497274
1.2553506446936751354
-0.5379506446936751354
0.32162858625162127106798
0.4
0.00003974212252994584
1.37819485713
-0.60727855287
0.38265845586092493165
0.3882783321988683797
0.0000000000000000000079331115
0.3919952
0.0469152
0.037864800208
1.271909122522313666
0.00000000000000000006836
0.83462272068360418
-0.83462272068360418
0
0
0
0.2265201747692072938
-0.1028000252307927062
0.01018588609750514991783738
0.3756834519668534988136
0.00000000000000000000000274264
0.5906739795529106584267948
-0.4595739795529106584267948
0.03442187685969329365987639914
0.124827664613238798
0.0000000000000000000858777805336165858553496
0.796
0.176
0.15066
1.56774193548387096
0.0000000000000000024
0.158663
-0.158663
0
0
0
0.68575569887846189059281
0.35561150112153810940719
0.085950334703593499656670444916
3.1542798785357737104
0.000000000000000000013632719754911330737776
1.47447165
-0.32552835
0.517024485
0.638
0.00027165
1.6257876963912413214
0.3457999036087586786
0.63090201510032806893992732
1.54031750233656
0.000000000000000007372536678069616
0.8613
-0.6927
0.0655011
0.1084942084942084942
0.0000000000000000000066
0.2208590317006179903868162
-0.0177919682993820096131838
0.0121155394369420920119020364731
0.8508955
0.0000000007153679903868162
1.39711597457084
-0.23813222542916
0.473806522403295941244
0.7
0.00715500457084
1.1749752040894006561379415
0.1144731822689993438620585
0.3418656551915342946517127878486286168
1.21588489208
0.00000000000333977264057380967914668
1.73318074311353803311
0.12152285038446196689
0.74728692128350789654190495235939
1.150804771822490342741084
0.00000000000000000000000054977773147265070876
1.333943694209201190203451
-0.252048523689631494621451
0.428969330256592031049827819812741520778245741
0.68215667032269
0.00000000000000188281045549976875618681
0.896100828564888
-0.825940828564888
0.03020461066605627104
0.0407423361156893445512336
0.0000000000000000000000000348417219541632
0.84176394293119891
-0.41182574196999891
0.134741523467484643425438836146
0.342965649876965726527145
0.00000000000000000000000055053342037758805
0.500511177233456
0.227832455939656
0.0496509526390311777940030764
2.671068
0.0000001132221621108
0.9266155489
0.3733844511
0.179800106785
2.349831752353817157383
0.0000000000000000000002637674713
1.37117570754
0.41181048286
0.427633736788608314768
1.8585061710932059005
0.00000000000000000002265788783
0.71352712291142137788955
-0.62291905088883802548245
0.0302732027924999631388647229839363665141853
0.0677977
0.0000000476325627527275530778
1.5622644388422598611429
-0.1401846341577401388571
0.60525461130429541466391941276585
0.83531
0.0000035347584448611429
0.845853360799572684267948
0.343373769741359515732052
0.1493905905573849749980923698458932505628
2.3667172
0.0000000198672464463797980596944
0.964232852674143587396
0.235767147325856412604
0.2185397116044861524376
1.647297863426
0.000000000000326237888230297021304
1.008117799649042496375
-0.399923704890516517891
0.214090632058967510454498868546495041263186
0.4319433
0.0000000003753719386585984411
1.2992294193788052
-0.2784924086211948
0.4026097656299381862999528
0.646968934981110244
0.000000000000000000183396984
0.9443655985030899
-0.7290302814969101
0.090085308074158802964806
0.1286
0.0000683034190899
1.399993
0.206007
0.479385379
1.3450743978572613079
0.0000000000000000000128553
1.635034711336
-0.260349428664
0.65138917056698140552
0.725
0.000265890586
1.43453116655221746395056
-0.47302967879758253604944
0.458530647696580444037536460356552944
0.5040476114293062423511
0.00000000000000000000005478687304261
0.498710612518043793392843
0.293110551481956206607157
0.040699619912016479743648226764626
3.85
0.00013046450553139543755445
1.73813144045166
-0.11380855954834
0.7520371290150236102
0.87709260607974340421
0.0000000000000000000036663
0.62084382391085374990463
-0.17958342870225374990463
0.088299211455948430609597679179477909
0.551281073661651689034621
0.00000000000000000000000000958196877420448180477
0.214694438086513
-0.137605859464413
0.00678958229658594575741476615
0.2188149688149401
0.0000000000000000046117253052337
1.24151979858091096360351
0.68343633173113603417649
0.2685715476845685774654964894072532416530039
3.4492262
0.000000007333485923548585814038
0.312306393285267414358
-0.071366453285267414358
0.02311052815808346684968582926
0.627982777915208
0.000000000000000076661790468074243536
1.70373083085311627
-0.21011673151688373
0.71463742578402792042461837995
0.78042
0.00000459235571857
1.414328220181582360570687
-0.010315100181582360570687
0.50005447827756160830090761770672
0.98551904180626365622
0.00000000000000000000515735191005253362277686
1.360448608471046005951
0.267109171528953994049
0.44486827669398031586173817439
1.4886
0.0000063470840009155413414
0.3732204165712977797305
-0.3664454108491645684695
0.00125281005331000718163246114175168577005
0.009159549449189256
0.0000000000000000000361925784180145304
0.4344853864660105287251
0.4031738735339894712749
0.006557094688029297322038004713
26.7524364542
0.00000000000062256809361850945958
0.4279603265430685893
-0.1080396734569314107
0.0428693675135423819324
0.59686689008607682574
0.00000000000000000000168
1.321705116121156
-0.558603116121156
0.358716743160143192956
0.4
0.0054893535515376
0.652714633
-0.532514633
0.0356161394433
0.1014149780537059401298988
0.0000000000000000000000000503108596
0.7446555275806820782784403
0.6658274204623483634695597
0.0277964252292297827957204320814791954028468222
17.89314750290360046456
0.000000000000000000000292948549661869113214232
0.80155641939597161
0.34882124139597161
0.13020410875646600866814829
2.540950464405801530182
0.000000000000000000000189928802
1.602908827344167
-0.366908827344167
0.608673655298695206
0.62746924673
0.00000000000862790605067609
0.46962691691462558
0.12413214312962558
0.05128516303319569665348096015
1.718576097517888999867
0.0000000000000000000001054699567025
0.54782177462424658579385
-0.45217822537575341420615
0.023910887312123292896925
0.095643
0.00000027462424658579385
0.90902571145189593347
-0.90902571145189593347
0
0
0
1.263675898289982
0.150804913489982
0.3935336634965679943971368
1.27101958
0.000000000042640808
0.8474555580987258716715644
-0.5707484550240329594872356
0.09810678101002559183731464885586737361562605336
0.19511
0.000000659037155718318467666
0.7708280308232242
-0.2728280308232242
0.1299351796749828258
0.477168694
0.0000000000394903636168052
1.3293965055480277
0.1453574424519723
0.4365415707217822010941798
1.24552811977653502318919
0.000000000000000000000002609202291539437
1.248249027234053559
0.406683451594053559
0.34818355104757701984281285138
1.966492602278261
0.00000000000000041203841898
0.941691950865949492
0.268708049134050508
0.2036449286640726325584
1.79855713767458734242
0.00000000000000000000149351052177094936
1.0230869001297016491
-0.6354467078660257509
0.16072857166980796082470523098933767
0.233724653148345794722
0.0000000000000000000005678026332646086
1.200610360808796826123
-0.618356603408796826123
0.2647750873755413138016556122801
0.3201013371072680905325
0.0000000000000000000000114115897893750195025
0.4828488593881132219
-0.1171511406118867781
0.05485465781643396657
0.6094961979603
0.0000000000000232219
1.1586480506592707713
-0.1857328145272707713
0.3269921567260766307867766343058
0.72369018432659833837
0.000000000000000000002907356849931715219
0.189105058365753096055542
-0.059433890287626903944458
0.00805708394619830334935520197529301598
0.52173379174855
0.0000000000000000348665082005
0.560448108720531013962005
0.302997891279468986037995
0.055573590112153810940718684615
3.353836747866287339971551
0.000000000000000000000000054347607214299505080245
1.3550469214923158
0.0157015335316842
0.4589764053226389139588082896
1.02344657871348973823429
0.000000000000000000000000287228091411218
1.0163953818570229
0.9011753818570229
0.055235625848783089269
16.642690190193072
0.00000000000000002208
1.150026703288
0.449973296712
0.2800213626304
2.28553991019869277191
0.00000000000000000000118816895992
0.971801327534905008
-0.258869306477454792
0.2193461255906213262355057042949292
0.5793036750483559
0.00000000000000000116324836537359
1.4392098573
-0.2303901427
0.50456134887404
0.7240175578581696214662194
0.00000000000000000000000004488
1.357732509346150911726556
0.099870298313878080415044
0.4583658726125231934775332470039692840674035248
1.1587937016279690419
0.0000000000000000000001161728779987444598236
0.922362096541435873960479
-0.437705043058564126039521
0.1647915331043533989471273984879342
0.35634788
0.000000005814373849960479
1.480277252994583047
0.331852747005416953
0.520273625009536888480055
1.577926969121203
0.000000000000000151528803007954459
1.346532386
-0.06504921
0.452229516706307224
0.9078349984381632586
0.0000000000000000000584256372
0.81080338750029678797589
-0.02093537803970321202411
0.1642409607820727855344469319414153
0.9496587656916
0.000000000000011043802158
1.191251
-0.209251
0.343823241
0.701177149336
0.000000000000316664
0.741100175478751812
-0.741100175478751812
0
0
0
0.9519035629816128776182
-0.5838864728770885796182
0.1412992450020605842111062417713029325118
0.23
0.007392690928511481417814
1.436026550698100250786678
0.072510872053101395213322
0.514228606935995562231127745525763325235994
1.106358692
0.000000000002014189903182472894824
1.298573281451922484168764
-0.372350652323922484168764
0.386911889753690821698328774867078896
0.55431765049
0.00000000000493263141832651887270564
0.99209582665751125345
0.68371099412527656985
0.12919835144586916110351629176500205197
5.434141514101929
0.0000000000000001141817034402676678
1.2928307850766765
-0.0062307850766765
0.41784315403982599245
0.990407
0.0000001637445640576645
0.149462119478141451
-0.149462119478141451
0
0
0
1.2801309040970473792
0.4607709040970473792
0.356606326390478370310656
2.12
0.0019293040970473792
0.7011367971308
0.1994811932552
0.1129500154570795362849954
1.79
0.001327229724338
0.7961478599221789883268
0.5361478599221789883268
0.086599221789883268482484
5.124214307093684525590769
0.00000000000000000000000003
0.13929349770199130235751
-0.02614481770199130235751
0.0046797817523460746166165722934
0.68393273785279468732
0.0000000000000000000005901907597976806962268
0.1490240482185091935
-0.0238240482185091935
0.0054101454184786755131
0.7243354285
0.00000000000094148169498808525
0.130004837109941252
-0.062395162890058748
0.0032520253299763484424
0.351401633159472474012474
0.0000000000000000000000000012
0.012547493705653467578393
-0.004701304646372167578393
0.00003383433322885321400778121849349447545
0.45488322717622
0.00000000000000000692378128797212458554
0.17693598830944533
0.00426184490944533
0.007822045159252002353440161
1.049362861462966782553038
0.0000000000000000000000000491411754
0.037274525062
-0.001925474938
0.0003464206912152
0.90176148275510204081
0.000000000000000000000124
0.13177995165941863126
0.03985044834058136874
0.003944474356603341725303152
1.86697843
0.0000000001115587090974562782
0.1298984512092774853
0.0558984512092774853
0.0034372426947432669561
2.5107689516020941
0.0000000000000000036
0.063493935301747158007171
0.011366064698252841992829
0.00097557309834439612420841053
1.4360839822024
0.0000000000000012292668050609844265896
0.0482169832908
0.0024002441448
0.0005797790764276599284994
1.1047758609424
0.0000000000000022447344048
0.115870908674753948271901
-0.000793469138628213931501
0.0033563594709598035953038700472398106402765102
0.98639740504
0.00000000000019971007856994927002696
0.17200269096665903715
-0.01846030903334096285
0.007311035672541390096350225
0.8061533312681
0.000000000000000972
0.0380252536812390325780117
-0.0239747463187609674219883
0.0002177828641184100099183627
0.22662108
0.0000000002012390325780117
0.1754998854047
-0.0144718854047
0.0076476935774740158
0.8476417275
0.00000000000744305538075
0.0897627221157167925535973
0.0004028380842832074464027
0.00201429600077531090257114453985373
1.00901608341706225880263
0.000000000000000000000000305943628454832002799101
0.10409
-0.08009
0.00110508
0.130307
0.00000002837
0.1238696869199664301518272
-0.0290501269199664301518272
0.003624947365896086060883494150016
0.620060655
0.000000000033966582742046276921184
0.1304708
-0.0336308
0.003972899736
0.590122216968
0.0000000000000020256
0.05278400854486
0.05224994277886
0.00001402375941742730894238
196.66857157011
0.00000000000000169007287
0.10955672541390096605554
0.02011444266422522605554
0.0028995213199311224480047558922040152998
1
0.02011444266422522605554
0.138688105592431525
-0.028688105592431525
0.004602845807583733875
0.657
0.000016914625772488075
0.130020599106202792401
-0.040022889106202792401
0.003825881134882124055847700855
0.5292629017794
0.0000000000000055106431715283016606
0.058840313882047760738536
-0.026948958117952239261464
0.000683984048523689631494592892896
0.3
0.003077287082047760738536
0.13370260165469596
-0.05237201494530404
0.003783389434950789283284468
0.4370858755239370999730438
0.00000000000000000000000000228999646
0.0375173571374074921797
0.0254352635996032654307
0.0001901498630486195081851108873889597501474
5.2
0.0000628671702143892578
0.026767129625391
0.002480870374609
0.000177581127641717984
1.20430238753455765
0.00000000000000000005548860670885
0.049304949
-0.040384529
0.00020001695333519
0.0994589354171511623693472
0.0000000000000000000000000032156192
0.1367495002670328831
-0.0134504997329671169
0.00462987747005416952081
0.8208988051535
0.0000000000000050331
0.116328679331654838964675
0.036490424963759821035325
0.00305020263025279844377810598492320856775
1.91410878789
0.00000000000001481455024102692221425
0.0942626077668421454184283
0.0802395666437781338215717
0.000611762791956054156639808978136063849559246
12.44396082698
0.000000000000041046768852016747764466
0.09323414196612
-0.00505835803388
0.00216675456053992505
0.8970754
0.00000000008887
0.125580224307621872883
0.047103074692912192883
0.00338792327290663960716419913252920372
2.20042776
0.0000000002313267907766416
0.04632639047836
-0.00309452964064
0.00053413958526417113552217
0.87476843275322
0.00000000000000014556998341
0.01206530852616159304
-0.01110704212616159304
0.000005551321259784847790352928
0.0413538710154089
0.000000000000000000339286050789005944
0.05
-0.05
0
0
0
0.0505537117570763714045
0.0455537117570763714045
0.00012013427939269092851125
19.2214847
0.0000000000070763714045
0.10560769054703583978027
-0.02782330052643616021973
0.00259471206262352509040969908795299872
0.582955
0.00000006330968190490027
0.037270160982680475
0.033302815289540475
0.00006999684836641679955124482075
17.7884615
0.000000000076304622945
0.0779110399022623483
0.0014206149386623483
0.00151702799796199129993009901094
1.0371
0.0000017175555875683
0.08196230918
0.00985732918
0.0016551632968887582
1.2734160436
0.000000000002271436
0.184861524331822690165
-0.003196765131822690165
0.008540890967744258792960466634
0.9660024012667553795779
0.0000000000000000000000082560187155198186465
0.113802392538338
0.024271607461662
0.003090468404669240506
1.5421
0.0000042881666289702
0.1786513771267261768520637
0.0109486228732738231479363
0.00794911055161364156557563876
1.130571771728053574028243
0.0000000000000000000000000792654961265265033649209
0.1397405966272
0.0000381475552
0.0048818582226224630696832
1.000546125
0.000000000055200277
0.1196948195615202
-0.0281498435944798
0.0033836090338678008240608756
0.6191970275615945886
0.0000000000000000000031003011892
0.11173876554512855725
-0.00826123445487144275
0.003104325932707713435
0.8623
0.00000076554512855725
0.05347239032578
-0.01984760967422
0.0006163422293430948
0.45860311854282596835
0.000000000000000000000289
0.114876020427252613107499
0.058402380427252613107499
0.00244641550740825513084608991318
3.0683058654357187
0.000000000000000002604965
0.103810856794079499504
0.021589143205920500496
0.0025776507209887846189008
1.525144569816643159
0.000000000000000000015722511251914506864
0.12017699
0.04428779
0.003120275145594
2.1
0.00254873
0.10257719951
-0.09251540049
0.000490745632872313
0.0515744780683634335694946
0.00000000000000000000000000890002
0.1381322957198443578
0.0578149080643930724
0.00393449188158507719304326382084569477
2.43966106847
0.000000000000009979520500544331
0.094491493011535820553
0.010572976188464179447
0.0022042136065168230715936977338
1.25198196
0.00000000001377889677384677612
0.05588269550621805
0.04625730449378195
0.0002457843595025558135
10
0.0029430449378195
0.08718547341
-0.08718547341
0
0
0
0.08705119401386
0.01508659495386
0.0018375762579842152705858
1.4
0.00069367514186
0.1089600976577342465
0.0536644541084857535
0.002248107311705302640464205826615
2
0.026016632333861507
0.0910421911955443656061
-0.0489578088044556343939
0.001472953383688105592427
0.3
0.0000421911955443656061
0.0802594033722438391698917
-0.0154390783550774395361083
0.0015508016723035812617040037113592381511590701
0.677339116015051980356136
0.000000000000000000000000028137450785603379992
0.074465552
-0.074465552
0
0
0
0.08059814532692454413
-0.04166934532692454413
0.001189931672541390096763972
0.31839043879792332271
0.0000000000000000000005324035823383738077
0.183649988
-0.010750012
0.0084029388336
0.8894031687
0.00000000000236
0.1530281528904097047
-0.0302540627095902953
0.00562557681665369649457886666
0.6698636
0.0000000027115136247
0.064145876249332417791959
0.002200350957503624017641
0.0010274629738646204140163558571339935086814632
1.0710414819194
0.0000000000000000286869017382594670154
0.1099542229343
0.0899542229343
0.000999542229343
9.99542229343
0
0.0334157320515754940108339
-0.0065842679484245059891661
0.000268314641031509880216678
0.67
0.0000157320515754940108339
0.1030260288395513
-0.0267339711604487
0.002474914351110088344
0.587947423544255548705
0.0000000000000000000000196
0.084951552605403257
-0.080099183642403257
0.0002002217674722888513407062455
0.0293992566971326482524
0.0000000000000000000000023354372922819332
0.0591126
0.0051126
0.0008670402
1.1893555555555555555555555
0.0000000000000000000000000015
0.1171084153505760063859
0.0622827496757458063859
0.00245881000968785291554129560603908709
3.272028
0.0000000259098192515631
0.08550240329594872063401
-0.03005722133211262063401
0.0016018061037938641661706830350393628805
0.479797179527808431508496
0.00000000000000000000000004954656006676697845104
0.1315953307392163042648
0.0147020675973836957352
0.00427529507018142198824348550296584
1.25
0.000090409704654619669
0.07392530441
0.00693530441
0.00135421304621295
1.207054915957605
0.000000000000000020525
0.0681887541008621
-0.0081887541008621
0.001145662623025863
0.7855715
0.00000000315785460880985
0.13315175089213397421225
0.06237735569213397421225
0.0034596135656244754711221950906
2.7627
0.00000034248261397421225
0.06867170214389
0.01130998702983
0.0011469717171810558992386258
1.394339
0.00000000634164834683
0.15242771038376440070191
-0.02757228961623559929809
0.0056184939345387960631719
0.6936412264862
0.00000000000000640070191
0.13829251
0.01829251
0.0046975506
1.3048
0.00000451
0.17828793774319060044251
-0.01172961013199060044251
0.007912251247717827725642650135616056
0.876
0.00005147783627063401236124
0.08381309224078736
0.07861309224078736
0.000211154039826047136
31.235
0.00000209224078736
0.100827038986800946059298
0.005760280766002899214102
0.0025332277390856737499898075001609636465241466
1.1211
0.0000039885557335774776253822
0.1109
-0.0691
0.001881
0.2322222222222222
0.000000000000000002
0.06941649500267032883
0.01741649500267032883
0.00112882887006942854958
1.669865192410397262692
0.000000000000000000000008
0.1582574196993972171435
0.0129396505683986171435
0.00621949408326972492881585627010724955
1.17808
0.0000005564049745017995
0.0933089188982986187159
0.0587563897154192412841
0.001313560253394761280929799037494147987
4.40098922451863626352709
0.000000000000000000000000054289400409793036269
0.125607690547035934754
-0.059865720607309071246
0.003048346855181887631989787043625860262
0.3544549
0.0000000052681773099203853
