VALUES: 132906080720225833524070.9741359578850995651178 478248264286259250782024.39395742732890821698 5
VALUES: 193240253299763485160601.01222 635660334172579537651635.894438086518 19
VALUES: 225406271457999542229342.873 46906233310444800488288.653788052 25
VALUES: 8285648889906157015335.30 571816586556801709010451.85818265049210345 0
VALUES: 848798352025635156786449.13975738 222629129472800793469138.4 24
VALUES: 658381017776760509651330.69127946 693659876401922636758983.0554818036163881 8
VALUES: 838895246814679179064621.118837 462760357061112382696268.7 8
VALUES: 640192263675898374914167.3616 998153658350499732967115.80965896086 8
VALUES: 657099259937438010223544.01368734264 25986114290074006256198.951659418 13
VALUES: 368429083695735103379872.98168917372396429 695597772182803082322422.437079423208 8
VALUES: 458365758754863813229571.52607003 793209735255970092317081.681803 9
VALUES: 471915770199130235751887.83204394598306 811795223926146334019988.50688944 22
VALUES: 83253223468375677119096.58265049210 465064469367513542381932.85300984206912336 5
VALUES: 283024338139925230792705.9045090 766186007476920729381245.89590295262073701075 11
VALUES: 89494163424124513618676.953307392996108 549889372091248950942244.0522 8
VALUES: 983825436789501792935071.878 274784466315709163042648.6914168 11
VALUES: 413824673838406958113984.47974364843213 200930800335698481727321.07777523460746 12
VALUES: 430258640421149004348820.81029983978027 8667124437323567559319 0
VALUES: 678110933089188982986189.9070725566491187914854 205889982452124818799114.7708400091554131380178 17
VALUES: 810589761196307316700998.655344 420584420538643472953383.267521171892881 3
VALUES: 897093156328679331654840.027 648401617456321049820705.84431219958 19
VALUES: 954100862134737163347828.450034332799267 803463797970550087739375.10 13
VALUES: 953368429083695735103378.9199816891737239 857557030594338902876324.76997 15
VALUES: 656733043411917296101319.2486610208285648889906 181155107957579919127183.766353856717784390020 22
VALUES: 770489051651789120317386.884962233920805676356 100633249408712901503013.55 7
VALUES: 704493781948577096208132.35417715 713694972152285038529029.57546349279011215381094 20
VALUES: 813794155794613565270465.349324788281071 379140917067215991454947.3587090867 3
VALUES: 962905317769130998702982.17587548638132295719 200869764248111696040283.6169375143 8
VALUES: 950102998397802700846874.7651636530098420 953215838864728770885785.267887388 12
VALUES: 26169222552834363317311.33417257 179476615548943312733653.59331654840924696 14
VALUES: 166979476615548943312733.4867933 912794689860379949645226 24
VALUES: 863935301747158007171739.42751201647974364843213 963469901579308766308078.6886 1
VALUES: 655069810025177386129548.440833142595559 633340962844281681544212.382604715 17
VALUES: 157396810864423590447852.13527122911421 782955672541390096894788.26106660563057 3
VALUES: 501686121919584954604409.3556420233463035019 604043640802624551766231.1804989700 15
VALUES: 513618677042801556420232.9494163424 771480888075074387731745.623575188830395971618 8
VALUES: 488502327000839246204317.814694438086518654 96559090562294956893263.045273517967498283 6
VALUES: 716334782940413519493399.756694895857175555046921 389868009460593575951781.1009384298 18
VALUES: 140413519493400473029678.65 28198672465094987411306.90702677958342 18
VALUES: 879392690928511482413976.384664682993820096 3494316014343480582894.63295 9
VALUES: 83360036621652552071412.13911650263218127718 25024795910582131685358.943465323872739757381 4
VALUES: 711802853437094682230868.28949 27389944304570077058060.550926985580 8
VALUES: 322423132677195391775386.87525749 943343251697566186007475.977386129549095902952 15
VALUES: 280308232242313267719538.897230 569161516746776531624322.31174181 17
VALUES: 121690699626153963530937.545204852368963149462 57862211032272831311512 23
VALUES: 978545815213244831006331.5155413138017 104158083466849774929426.919569695582513160 2
VALUES: 322209506370641641870755.762325474937056534 944213015945677882047759.79 9
VALUES: 99000534065766384374761.47 218493934538796063172350.43382 19
VALUES: 648401617456321049820705.84431219958800640878919 226077668421454184786754.94291599908445868619821 13
VALUES: 225375753414206149385824 142687113756008239871824.0733806363012130922407873 16
VALUES: 230991073472190432593270.540352 949309529259174486915387.77427328908216 21
VALUES: 611596856641489280537116.959166 523506523231860837720301.605127031357289 17
VALUES: 435355153734645609216448.7902494 96833752956435492484931.61904325932 19
VALUES: 59800106813153276874952.25575646601052872510 549523155565728236820019.28720531013962005 1
VALUES: 987106126497291523613335.3980315861 51438162813763637750820.1 18
VALUES: 404730296787975890745402.814923323414969100 259586480506599526970320.94282 15
VALUES: 61585412375066758220797.98525 950576028076600289921415.0866559853513389791 16
VALUES: 91554131380178530556191.25658045319295033188 948943312733653772793163.0092 4
VALUES: 850171663996337834744792.0086060883497367818 387304493781948577096207.7457541771572442206454566 23
VALUES: 416266117341878385595482.9132524 407003891050583657587548.231128404669260700389 16
VALUES: 898390173189898527504386.070405127031357289997711 109178301670862897688258.073472190432593 15
VALUES: 62745098039215686274509.7411764705 561089494163424124513618.11595330739299 21
VALUES: 828290226596475165941862.29828 338628213931486991683832.7276722362096589608 2
VALUES: 182528419928282597085526.63520256351567864499 196627756160830090791180.08871595330 21
VALUES: 340199893186846723125047.34424353398947 811337453269245441367207.550606 24
VALUES: 342412451361867704280155.29961089494163424 603814755474174105439840.70235751888 19
VALUES: 117265583276112001220721.634470130464637216754406 498435950255588616769664.566033417257953765 7
VALUES: 708873121232928969253070.16928358 590875104905775539787899 2
VALUES: 914595254444190127412831.922819867 446662088960097657740138.41043717097734 10
VALUES: 705683985656519417105362.8405127031 31235217822537575341420.583703364614328221560997 11
VALUES: 11032272831311512932021.04641794460 28747997253376058594644.05456626230258640 7
VALUES: 152574959945067521171892.7290 481391622796978713664453.62 15
VALUES: 184054322117952239261463.15 905256733043411917296100.41464866102082 1
VALUES: 77943083848325322346837.489768825818265049210345 343038071259632257572289.2731975280384527351 19
VALUES: 571770809491111619745173.76255436026550698 183733882658121614404516.4 7
VALUES: 273868925001907377737086.77885099565117875944 455970092317082475013351 7
VALUES: 400793469138628213931486.59089036392767223 333318074311436636911573.6347905699244 16
VALUES: 425162127107652399481192.83 226733806363012130922407.6469 3
VALUES: 213672083619439993896391.0276493476768139162279 951583123521782253757533 17
VALUES: 850263218127718013275348.1998626688029297322041657 552803845273517967498282.8072 10
VALUES: 925276569771877622644387.56942092011 355489433127336537727931.284092469672693980 21
VALUES: 401831082627603570611123.42513160906385900 523720149538414587624932.71805905241474 6
VALUES: 663645380331120775158311.6885328450446326390478 344594491493095292591744.52455939574273289082 0
VALUES: 102708476386663614862287.224 825864042114900434882123.2 13
VALUES: 475745784695201037613488.4996108949 940413519493400473029677.85717555504692149 15
VALUES: 986343175402456702525367.13756008 228549629968719005111772.1 3
VALUES: 963256275272755016403447.5756923781185626001 188220035095750362401769.8583199816891 13
VALUES: 182253757534142061493858.0614 832043945983062485694666.13980315861 17
VALUES: 246036469062333104448004.6368505378805218585 444907301441977569237811.411352712291142137 9
VALUES: 885954070344090943770503.424719615472 796459906919966430151826.47141222247653925383382 10
VALUES: 417517357137407492179750.8604257267109178301670 32532234683756771190966.626504921034561 16
VALUES: 281132219424734874494544.618539711604 377737087052719920653085.75 23
VALUES: 58899824521248187991149.70840009155413138017853 614221408407721065079727.77518883039 2
VALUES: 603143358510719462882428.633142595559624628061 733287556267643244068054.5043717097734035248340581 14
VALUES: 467505912870984969863431.28651865415426871137560 108842603189135576409552.038864728770885786221103 3
VALUES: 203738460364690623331044.2763103685053788052185854 688731212329289692530708 15
VALUES: 359090562294956893263141.4735179674982833600366 770183871213855191882199.5807736324101 25
VALUES: 427603570611123826962691.263859006637 290241855497062638284885.648569466697184710 24
VALUES: 829846646829938200961317.54964522774090180 485648889906157015335316.520531013962005035477225 8
VALUES: 213015945677882047760738.323643854 783688105592431525139237.791119249256 24
VALUES: .56382 .322804608224612 19
VALUES: .932646677347981994354161 .7305256733043411917296101 14
VALUES: .88212 .28293278400854505226214 4
VALUES: .65712977798123140306706 .5047 15
VALUES: .81251239795529 .4254978255893797207598992 21
VALUES: .435309376668955519951 .284672312504768 23
VALUES: .005722133211 .65500877 7
VALUES: .1955138475 .20782 23
VALUES: .72159 .49793240253 2
VALUES: .70186923018234531166 .908827344167238879987792 4
VALUES: .91746395056076905470359 .924742504005493247 6
VALUES: .9663233386739909971770 .2311436636911 18
VALUES: .106065461203936827649 .3037613488975 1
VALUES: .442542153047989623 .47989623865110 6
VALUES: .4400396 .1620813305867093919 22
VALUES: .158297093156328679 .2498 6
VALUES: .93099870298 .160570 0
VALUES: .891 .15 1
VALUES: .5 .3906767376211184863 3
VALUES: .398825055 .184420 21
VALUES: .1172655832761120012207217 .82311741817349507896 19
VALUES: .9871976806286 .41983672 19
VALUES: .63659113450827 .90959029526207 15
VALUES: .2123903257 .501640344853 7
VALUES: .3678 .348 13
VALUES: .1951781490806439307240 .730998702983138780804150 7
VALUES: .7836881055924315251392385 .51575494010833 20
VALUES: 0 .9721065079728389410238803 7
VALUES: .3428244449530785076676 .938399328603036 18
VALUES: .648187991149767299916 .1672541390096894789044 18
VALUES: .8563515678644998855 .465659571221484702 15
VALUES: .6739604 .171450370 18
VALUES: .113466086823 .59295 2
VALUES: .549752040894178683 .37192339971007858 19
VALUES: .8836194 .2 21
VALUES: .99763485160601205 .44234378576333257 13
VALUES: .56908522163729304951552 .1273975738155 20
VALUES: .4317 .5059 9
VALUES: .80192263675898 .9058976119630 16
VALUES: .3065 .68519 15
VALUES: .03335622 .80752269779507 2
VALUES: .0134279392690928 .04737926298924 22
VALUES: .6527656977187 .9356679636835278858 8
VALUES: .771099412527656977187 .4081483176928358 24
VALUES: .71932555123216601815 .74631 15
VALUES: .77737 .10087739375906004425116 13
VALUES: .99 .556801709010452429999237 2
VALUES: .4661783779 .297688258182650 23
VALUES: 0 .21905 19
VALUES: .21 .94917219 0
VALUES: .1194781414511329823758 .271610589761196307316 16
VALUES: .4744792858777752346 .34 13
VALUES: .5533684290836957351033798 .27498 17
VALUES: .881712062256809338521400 .356801 19
VALUES: .43442435339894712 .2296025024795 9
VALUES: 0 .797512779430 12
VALUES: .2954299229419394216830 .450827801937895 15
VALUES: .896528572518501564049744 .50795757991912718394 23
VALUES: 0 .32690928511482413977264 5
VALUES: .080216678110933089188982 .76633859769588769359884 10
VALUES: .656519417105363546196688 .791165026321812 25
VALUES: .68293278400854505226 .034073395895323109788662 18
VALUES: .27 .738582436865796902418554 17
VALUES: 0 .592095826 18
VALUES: .227191577019913023575188 .22246 2
VALUES: .2385442893110551613641565 .86997787441 18
VALUES: .7116 .8085603112840 12
VALUES: .040436408 .0620737010757610437170 19
VALUES: .32590218966964217593 .82914473182269016 24
VALUES: .7362783245593957427328908 .294056610971236743 4
VALUES: .1727168688487067978942549 .64315251392385748073 16
VALUES: .198245212481879911497 .546181429770 4
VALUES: .69774929427023 .49427023727779 24
VALUES: .3849393453879606317235065 .36 17
VALUES: .50745403219653620 .4906843671320668345 14
VALUES: .696696421759365 .05606164644 9
VALUES: .884321355 .131593804837 14
VALUES: .242633707 .1471732661936369878 14
VALUES: .95577935454337376 .036987869077592126344 0
VALUES: .14016937 .095719844357976 2
VALUES: .5873044937819485770962 .322133211261158 25
VALUES: .45351338979171435111 .95098802 22
VALUES: .86832990005340657663 .78533607995 9
VALUES: .84 .4835889219501029 14
VALUES: .972045471885 .6249332417792019531548 14
VALUES: .811566 .9095750362 25
VALUES: .860257877470 .4668345159075303 2
VALUES: .0181429770 .14196993972686350804 3
VALUES: .470939192797741664759 .58 7
VALUES: .24303044174868390936140 .75860227 11
VALUES: .662088960 .20653086137 13
VALUES: .48433 .165392538338 0
VALUES: .5 .68001831082 18
VALUES: .8560616464484626535439 .323430228122377355611 4
VALUES: .09471122301060502021820 .0063691 16
VALUES: .05931944762340733 .0548577096 4
VALUES: 0 .05330281528953 12
VALUES: .037029 .085159075303273 16
VALUES: .01912718394750 .0262256809 9
VALUES: .0276585030899519340810 .01740901808194094 4
VALUES: .041528953994048 .08 21
VALUES: .001274 .030 0
VALUES: 0 .0100587472343 0
VALUES: .07440604257267109178 .07523918516 17
VALUES: .065844205386434 .01544975 18
VALUES: .068 .055 1
VALUES: .01720607309071488517586 .09416189822232 23
VALUES: .07504997329671168 .043941405355 25
VALUES: .056934462 .08842603189135576409 3
VALUES: .02 .011285572594796673533 15
VALUES: 0 .08388036926 8
VALUES: .061350423437857633 .0432959 0
VALUES: .0413290608072022 .072275883115892271305 13
VALUES: .0899320973525597009231708 .05177843 20
VALUES: .059531548027 .05856107423514152742809 19
VALUES: .06800 .0683207446402685587853 6
VALUES: 0 .021721217669947 22
VALUES: 0 .016995 22
VALUES: .088 .06465400167849240863 14
VALUES: .0225268 .0731807 19
VALUES: .049471274891279468986 .01712367 1
VALUES: .030249485008010986495765 .0377584496833752956 5
VALUES: .0366353856717784 .0887098496986 21
VALUES: .05675 .033725490196 5
VALUES: .0881269550621805142290 .0064728770885786221103227 8
VALUES: .09929350728618295567254 .05 12
VALUES: .062859540703440 .057367818722819867 15
VALUES: .0576821545738918135347 .06994735 5
VALUES: .043582 .04 21
VALUES: .02371557183184 .0688578622 17
VALUES: .0209384298466 .081684596017395284962 20
VALUES: .0953810 .03702754253452353704 10
VALUES: 0 .0433478294041351949340047 17
VALUES: .01594567788204 .087891966124971389333943 21
VALUES: .001889066910811017013 .0024093995574883649958 23
VALUES: .006 .0135133897 1
VALUES: 0 .09181658655680170901 4
VALUES: .0168459 .01 16
VALUES: 0 .0393057145037003128 7
VALUES: .0755535210193026 .044611276417181658 7
VALUES: .03835202563515678 .0240375371 24
VALUES: .088763256275272 .061063553826199740596627 3
VALUES: .0379095140001525902189 .0445532921339 17
VALUES: .08654154268711 .0905 6
VALUES: .01 .0174944686045624475 23
VALUES: .06159761959258 .0825894560158693827725 10
VALUES: .007650873579003585 .011493095292591 6
VALUES: .058362706950484473945220 .06378576333257038223 24
VALUES: .05747310597390707255 .030269321 20
VALUES: .0157854581521324483 .01 2
VALUES: .019491874570840009155413 .0179476615 19
VALUES: .02870832379 .0613015945677882 18
VALUES: .0929304951552605477988 .000862134737163 17
VALUES: .07371938658731975280384 .042142366674296177 19
VALUES: .008 .0766659037155718318 12
VALUES: .01657740138 .00652780956 13
VALUES: .098 .099473563744563973449 24
VALUES: .0070862897688258182650 .0379 14
VALUES: .01124437323567559 .04748607614251926451 6
VALUES: .059517 .0830701152056153 25
VALUES: .0203570611123826962691 .00283665217 15
VALUES: .0182955672541390096 .0946334019989318684672 17
VALUES: .04771038 .072599374380102235446707 12
VALUES: .091168078126192111 .0566247043 17
VALUES: .047458609903 .068831921873 17
VALUES: .001304646 .059412 7
VALUES: .052103456168459601739 .0130571450370031 4
VALUES: .02826123445487144 .0052658884565 17
VALUES: .09675 .0336720836194399938963 11
VALUES: 0 .09275349050125 13
VALUES: .01 .0293736171511 10
VALUES: .0575265125 .0885801480125 24
VALUES: .0084306095979247730 .01176 14
VALUES: .044238956282902265964751 .090438696879530022125 9
VALUES: .08978713664454 .0073350 5
VALUES: 0 .052324 21
VALUES: 0 .02096284 21
VALUES: .014941634 .005392538338292515 22
VALUES: .070 .073070878156710 14
VALUES: .0970534 .029573510337987335011 1
VALUES: 0 .006912336 17
VALUES: .0833020523384451 .06581673914702 4
VALUES: .017 .001686121919584954604409 9
VALUES: .0571389333943694 .01444724193179217212176 23
VALUES: .014578469520103761348897 .09775539 21
VALUES: 421408407721065079728388.98883039597161821927 36758983749141680018310.7895170519569695582513 18
VALUES: 326115815976195925841153.255939574273289 160845349813076981765468.672602 6
VALUES: 998931868467231250476843.4353398947 398290989547570000762950.69654383 22
VALUES: 579400320439459830624856.36726939803158617 885999847409781033035781.52034790569 16
VALUES: 701686121919584954604409.15564202334630350 830090791180285343709467 2
VALUES: 281757839322499427786678.59212634 935301747158007171740290.51201647974 14
VALUES: 909681849393453879606316.3253 901655603875791561760890.2252231631952 1
VALUES: 547051194018463416495002.12327763790 817456321049820706492712.99958800 2
VALUES: 481055924315251392385747.592492 848096437018387121385518.3401235980773632 22
VALUES: 829739833676661326009001.993179217212176699473563 715129320210574502174409.905149919890135042 16
VALUES: 327489127946898603799496.124788281 978194857709620813305866.11 16
VALUES: 955031662470435645075149.727809567406729228656 67261768520637827115281.843167772945754 12
VALUES: 665110246433203631647210 74799725337605859464408.256626230258640 4
VALUES: 417349507896543831540397.843121995880064 825253681239032578011748.62160677500572213321126 12
VALUES: 37354085603112840466926.03268482 492896925307087815671014.99501029983978027 20
VALUES: 918898298619058518348972.9118791485465781643 441000991836423285267413.917 16
VALUES: 426230258640421149004348.395 513206683451590753032730.08876173037308 16
VALUES: 695933470664530403601128.47168688 393957427328908216983290.977065690089265278095674 24
VALUES: 26001373311970702677958.3168688487067978 171740291447318226901655.4321355001144426642 16
VALUES: 439368276493476768139161.84032959487296 343877317463950560769054.35971618219 2
VALUES: 435934996566720073243304.66820782787823 854001678492408636606392.67 20
VALUES: 152742809185931181811245.746395056076 766124971389333943694208.4350652323 20
VALUES: 379461356527046616311894.02810 983962767986572060730906.16488899061570 17
VALUES: 974227512016479743648431.1612726024 676295109483482108796825.44715037766079194 23
VALUES: 955489433127336537727930.68409246967269398031 591134508278019378957808.2133211 1
VALUES: 151003280689707789730678.1125200274662394140 714259555962462806134126.088212405584802014190 17
VALUES: 512321660181582360570686 478309300373846036469061.8547951476 9
VALUES: 284855420767528801403829.729640650034332799267566 227481498435950255588616.542183566033417 11
VALUES: 436469062333104448004882.4505378805218585488 66056305790798809796291.991 12
VALUES: 365331502250705729762721.844174868390936 555153734645609216449225.0 17
VALUES: 62546730754558632791637.993453 776928358892195010299839.0033417257 17
VALUES: 238086518654154268711375.362737468 97428854810406652933546.86221103227 19
VALUES: 928435187304493781948576.16777294 210376134889753566796368.142412451361867 20
VALUES: 645548180361638818951704.55014877546349279 484138246738384069581139.3 4
VALUES: 226092927443350881208514.30812542915 578912031738765545128556.68056763561455710688944 22
VALUES: 514564736400396734569313.5 660257877470054169527732.612 16
VALUES: 335530632486457618066681.590157930876630807965209 624155031662470435645074.52652780956740672922865 14
VALUES: 951277943083848325322345.88628976882 47623407339589532310978 9
VALUES: 938765545128557259479666.41455710688944 298420691233691920347905.40082 13
VALUES: 786999313344014648661020.04156557564660 362584878309300373846036.106477454795147631 18
VALUES: 860242618448157473105973.046829938200961318379491 662363622491798275730525.01094071869993133440 4
VALUES: 994094758525978484779124.66395 601586938277256427862973.38178 4
VALUES: 876523994811932555123215.725291828793774319 625497825589379720759898.6649576562 4
VALUES: 986114290074006256198976.65 930601968413824673838406.027512016479 15
VALUES: 660471503776607919432363.7249 11718928816662851911192.4808422980086 6
VALUES: 448981460288395513847561.92227054245 854489967193102922102692.3628747997253 11
VALUES: 373098344396124208438238.735774776836804 844037537193865873197527.19441519 17
VALUES: 410421911955443656061646.03804074158846417 554528114747844663157091.0758 1
VALUES: 455283436331731136034179.753765163653009842069 239826047150377660791942.9966124971389333943694209 22
VALUES: 695002670328831921873807.193911 314229037918669413290607.7577935454337376974135 13
VALUES: 80460822461280231937132.7493247 554833295185778591592278.38008697642481116 14
VALUES: 320683604180971999694819.2413824673838 446478980697337300679026.0279240100 9
VALUES: 915571831845578698405431.2962 767360952162966353856717.0170290684 2
VALUES: 762355992980849927519645.2283360036621652 853406576638437476157777.43300526436 25
VALUES: 409262226291294728007934.2821240558480201419089 294239719233997100785839.333440146486610208285648 12
VALUES: 431403067063401235980773.20100709544518196383611 161425192645151445792324.550560769054703 2
VALUES: 770916304264896620126649.110826276035706111238269 383108262760357061112382.3131609063859 15
VALUES: 318562600137331197070267.47727168688 133730067902647440299076.6954451819638361181048 9
VALUES: 111116197451743343251697.4550 180666819256885633630884.0796520 2
VALUES: 517631799801632715342945.999496452277409 742732890821698329137101.56900892652780 15
VALUES: 418905928130006866559853.094483863 757778286411841000991835.66550698100 9
VALUES: 815655756466010528725107.90487 973159380483710994125275.5966124971389 6
VALUES: 313756008239871824216067.4363012130922407873655 69565880827038986800945.989791714351110093 14
VALUES: 732188906691081101701380.20929274433508 507209887846189059281299.5 15
VALUES: 86701762417029068436713.11998 326802471961547264820324.690363927672 7
VALUES: 522392614633401998931867.944838635843442435 772594796673533226520179.283863584 22
VALUES: 303501945525291828793774.01 861509117265583276112000.35921263 10
VALUES: 852582589456015869382771.71169604 582513160906385900663766.86999313344014648 23
VALUES: 521431296253910124361027.936 912855725947966735332264.288944838635 5
VALUES: 965300984206912336919202.5137560082 894941634241245136186769.533073929961089494163 0
VALUES: 860059510185397116044860.66431677729457 138185702296482795452811.336598764019226 19
VALUES: 936736095216296635385670.84170290684367132066 883741512169069962615395.46935225452 18
VALUES: 524406805523765926604104.152483405813687342641 627328908216983291371022.4900892652780956740 24
VALUES: 768566414892805371175706.868574044403753719386 406698710612649729152360.926939803158617 3
VALUES: 193820096131837949187456.890180819 37445639734493018997482.2239414053559166857404440 11
VALUES: 482795452811474784466315.2263675898374914168 424185549706263828488593.4569466697184710 5
VALUES: 505592431525139238574806.84925612 580437933928435187304493.201 5
VALUES: 800930800335698481727320.47777523460746166 969909208819714656290530.8070038910 10
VALUES: 407797360189211871519035.2220 504890516517891203173876.049622339208 14
VALUES: 27695124742504005493247.8551155870908674 108201724269474326695658.700068665598535133897917 24
VALUES: 751110093842984664682993.06 702250705729762722209505.66839093 13
VALUES: 971068894483863584344242.56292057679102769 64515144579232471198596.105470359349965667200732 13
VALUES: 761806668192568856336308.0807965209 394918745708400091554130.985259784847791256580 11
VALUES: 988479438467994201571678.266880292973220416571 357244220645456626230258.283176928358892195 25
VALUES: 206607156481269550621804.9 158663309681849393453879.4 15
VALUES: 97062638284885938811322.097184710460059510185 603326466773479819943541.0156557564660105287251087 13
VALUES: 215472648203250171663996.122 814724956130312046997786.6271000228885328450446 16
VALUES: 619211108567940794995040.198672465094 284550240329594872968642.42 24
VALUES: 415426871137560082398717.82673380636301213 989959563591973754482336.6921950 20
VALUES: 459906919966430151827267.412222476539253 281910429541466392004272.2442 19
VALUES: 575814450293736171511405.54305333 585976958876935988403142.772533 11
VALUES: 600091554131380178530555.59125658045 190280003051804379339284.161593041886015106 2
VALUES: 892591744869153887235827.29082 629358358129243915465018.06294346532387 11
VALUES: 514915693904020752269778.992217898 41519798580910963607232.7348592355230 12
VALUES: 306095979247730220492866.1011673151 321095597772182803082322.1020370794232089723 5
VALUES: 301869230182345311665521.93815518425268940260 711650263218127718013274.63739986266880 10
VALUES: 592248416876478217746241.873609521629663538 831570916304264896620125.81831082 21
VALUES: 458152132448310063324940.41313801785 633096818493934538796062.5392538338292515 17
VALUES: 727290760662241550316623.9770656900 887785152971694514381627.2498512245365072098878 10
VALUES: 182085908293278400854505.0441290913252460517280842 189654383154039826047150.1880064087891966124971389 22
VALUES: .270374608987563897154 .337163347829404135194 21
VALUES: .6 .16659800106813153 14
VALUES: .294071869993133440146 .496879530022 10
VALUES: .6728313115129320 .88482490272373540 16
VALUES: .92309452964065003 .85879301136 2
VALUES: .2138704509040 .4973373006790264744029 23
VALUES: .310475318532082093 .0473487449 25
VALUES: .96 .7866941329060807202258 15
VALUES: .1 .24606698710612649729 3
VALUES: .052109559777218280 .706385 22
VALUES: .4933241779201953154 .99 6
VALUES: .00509651331349660486 .136125 0
VALUES: .485999847409 .30 23
VALUES: .9577477683680476081483 .30086213473716 17
VALUES: .9663996337834744792858 .02201876859693 17
VALUES: .47637140459296 .791363 17
VALUES: .87978942549782558937 .743694 18
VALUES: .710688944838635 .51676203555352101930 22
VALUES: .66488 .146 5
VALUES: .5159685664148928053711757 .42517738612954909 25
VALUES: .1664 .6123445487144274 13
VALUES: .34930952925917448691 .752 16
VALUES: 0 .4 12
VALUES: .123979552910 .68868543526359960 19
VALUES: .4644693675135423819 .9371938658731 13
VALUES: .337941557946135652704661 .4695506218051422 5
VALUES: .7219348439765011062790875 .73597 25
VALUES: .211795223926146 .80065613794155794 19
VALUES: .4557564 .6844281681544213015 19
VALUES: .975387 .870008 5
VALUES: .12864881361 .588097 11
VALUES: .97045853360799572747386 .07449454489 8
VALUES: .7004043640802624551 .1998626688 22
VALUES: .748653391317616540 .460 13
VALUES: .686640726 .659037155718318455786 16
VALUES: .9140306706340123598 .6107423514152742 20
VALUES: .521 .350194552529182879377 14
VALUES: .237354085603 .787060349431 21
VALUES: .0035706111238269 .8948195 24
VALUES: .66598001068 .41852 7
VALUES: .3600823987182421606775 .46532 6
VALUES: .6058899824521248187 .7587 3
VALUES: .5148546578164339665827 .612603952086 17
VALUES: .9723506523 .32845044632639047 14
VALUES: .28662546730 .6098268101014724 25
VALUES: .345372701 .870511940184634164950026 19
VALUES: .6437933928435187304493781 .994934004730296787975 15
VALUES: .27992675669489585717555 .55 1
VALUES: .801663233 .55507743 2
VALUES: .4558480201 .616205081254291599908445 22
VALUES: .186816205081254291 .43 11
VALUES: .03315785458152132448310 .9698176546883344 0
VALUES: .8783 .18664835584039063096 3
VALUES: .82775 .81739528496223392 7
VALUES: .035 .001083390 2
VALUES: .85122453650720 .45545128557259479667353 1
VALUES: 0 .93337911 5
VALUES: 0 .18970016021972 21
VALUES: .36281376363775 .84 0
VALUES: .85700770580 .3915770 22
VALUES: 0 .3 25
VALUES: .141924162661173 .89 11
VALUES: .764095521477073 .67431143663691 24
VALUES: .75 .20135805294880598 1
VALUES: .566140230411230 .26326390478370336 14
VALUES: .6431830319676508735790 .726710917830 16
VALUES: .564644846 .89767 12
VALUES: .621057450217 .696574 17
VALUES: .403189135576409552 .50032806897077897306 5
VALUES: .341756313420 .25447470817 22
VALUES: .955184252689402609292 .88834973678187228198672 15
VALUES: .65526817730983 .4 11
VALUES: .13740749217975127794308 .3979247730220492866407 0
VALUES: .390127412832837415121690 .365880827038986800946059 6
VALUES: .512764171816586556 .348332951 11
VALUES: .1193560692759594110017 .309 18
VALUES: .21892118715190356298 .0056 12
VALUES: .72 .2834210727092393377584 0
VALUES: .449652857251 .111879148 11
VALUES: .71480888075074 .6514991989013504234378576 22
VALUES: .694 .225680933852140077 8
VALUES: .04914930952 .8490272 22
VALUES: .27499809262226 .558007171740291447318226 19
VALUES: 0 .24695201037613488975356 6
VALUES: .01551842526894026092927 .9647974364843213550 16
VALUES: .002761 .437399862668 20
VALUES: .2209353780422674906538 .8950 7
VALUES: .455649652857 .2038910505836575875486 13
VALUES: .8089265278 .90525 0
VALUES: .5925841153582055 .74662 8
VALUES: .63508049134050507362 .3315327687495231 14
VALUES: 0 .270634012359807736 10
VALUES: .3 .41066605630579 18
VALUES: .83793392843518730449 .84347295338368810559243 14
VALUES: .34410620279 .74740215152 20
VALUES: .07 .017026016 11
VALUES: .04 .02510872053101396200 20
VALUES: .0548577096208 .0243213550 17
VALUES: .0746822308690012 .03503776607919432364385 14
VALUES: .074531166552224002 .06059357595 12
VALUES: .05 .07 17
VALUES: .01703822384985 .029848172732127 1
VALUES: .08942549782558 .036150148775463492790 8
VALUES: .06437018387121385519 .0494605935759517814908064 23
VALUES: .004361028458075837 .0777920195 2
VALUES: .08376287479972533760585 .070218966964217593652246 25
VALUES: .0204516670481 .0263981078812848096 12
VALUES: .01483024338139925230792 .00099336 13
VALUES: .08236057068741893 .0301976043335622 0
VALUES: .03359121080338 .070632486 12
VALUES: .050997177080 .0263218127718 12
VALUES: .06274509803921568627 .006 2
VALUES: .0877256427862 .06784313725490196 9
VALUES: .07284351873044937819 .0390829327 4
VALUES: .05664911879148546 .0073273823 16
VALUES: .05871213855 .0634 15
VALUES: .07 .08 16
VALUES: .00041351 .058005645838101777676050 12
VALUES: .01631799801632715 .0662333104448004882887006 6
VALUES: .0042648966201266498 .0641840238 6
VALUES: .056598764 .04720836194399938 12
VALUES: .0788830395971 .084921034561 15
VALUES: .0120164797436 .0926283665 7
VALUES: .04306248 .02392309 21
VALUES: 0 .0224826 19
VALUES: .02086366063935301747158 .0037232 16
VALUES: .0873487449454489967193 .00842145418478 12
VALUES: .015825131609063 .0595681696803234912 23
VALUES: .053667505912870984969863 .077376974 0
VALUES: .0205050736247806515602 .08561837 2
VALUES: .043057907988097962920576 .0761074235141527428091 17
VALUES: .03280 .010218966964217593652 22
VALUES: .0259174486915388 .0432364385442893110551 2
VALUES: .097622644388494697 .02384374 11
VALUES: .08971084153505760 .084628 23
VALUES: .00407873655298 .0188494 10
VALUES: .0086976 .01223315785458152 22
VALUES: .0458 .0182848859388113221942 2
VALUES: .00526436255436 .02288395513847562371 4
VALUES: .021771572442206 .04690 25
VALUES: .07471 .011 17
VALUES: .092916 .0757946135652704 7
VALUES: .072570382238498512245 .029687 20
VALUES: 0 .07288166628519111 13
VALUES: .08576 .0243 25
VALUES: .002186617 .09955596 2
VALUES: .0326894026092 .0398245212 25
VALUES: .0078690775921263 .091569390402075226 12
VALUES: .0357686732280460822461 .0665644312199588 13
VALUES: 0 .0880659189745937285 20
VALUES: .08899671931029221026 .0286518654154268 12
VALUES: .013810940718699931334 .08836652170595 17
VALUES: .0524193179217 .091853208209 13
VALUES: .02818493934538 .0090 20
VALUES: .07494468604562447547112 .005593957427328908216 13
VALUES: .0196795605401693 .096491950865949 14
VALUES: .00449988555 .03479 7
VALUES: .07827878233005264 .060239566643778 15
VALUES: .00847791256580453192 .05645990691996643 10
VALUES: .0478950179293507 .09369344625009536 25
VALUES: .0481910 .09945830472266 17
VALUES: .009709315632867933165484 .0529152361333638513 24
VALUES: .0781383 .0032318 10
VALUES: .00457007705 .03663 11
VALUES: .03 .08898603799496 10
VALUES: .0422766460669871 .0921843 3
VALUES: .0187 .04908216983291371023117 17
VALUES: .052768749523155 .070237277790493629 25
VALUES: .05166552224002 .058 9
VALUES: .014541847867 .0357488364995803768978408 23
VALUES: .083346303501945525291828 .01 16
VALUES: .002737468 .06037994964522 5
VALUES: .06 .0705 14
VALUES: .0622049286640726329442 .08039978637369 16
VALUES: .046945 .05220263981078812848 23
VALUES: .0729335469596398 .01459983215075913633 16
VALUES: .05890897 .09421530 20
VALUES: .0825482566567483024 .06290684367132066834515 22
VALUES: 0 .098420691233691920347905 11
VALUES: .0433 .0360921644922 17
VALUES: .089259174486915388723 .0332417792019 8
VALUES: .0032196 .0550377660791943236438 0
VALUES: .0613458457312886243991760 .04 5
VALUES: .02745555809 .0985 5
VALUES: .042 .05095140001525902189 14
VALUES: .00944 .089649805447470 1
VALUES: .0781918059052 .0618 17
VALUES: .066 .06 21
VALUES: .0934782940413519493400473 .053356221866178377965 16
VALUES: 544869153887235828183412.89832913710231 359060044251163500419622.74309910734721 12
VALUES: 984283207446402685587852.83428 298435950255588616769664.7660334172579537651636 7
VALUES: 599008163576714732585640.6613870 711299305714503700312809.2375829709315632867933 24
VALUES: 877103837644007019150071.603250171663996337834744 729564354924849317158769.39327077134355687800411 19
VALUES: 630365453574425879301136.16676585030899519340810 666742961776150148775462.82604715037 10
VALUES: 292912184328984512092774.5602197299153 507621881437399862668802.4221103227283131151293 18
VALUES: 616464484626535439078354.4609 836911573968108644235903.64161135271 18
VALUES: 893705653467612726024260.95111009384298466468299 769604028381780727855343.7028152895399404898146 6
VALUES: 270572976272220950637063.8936140993362 970641641870756084534980.33705653467612726024261 19
VALUES: 191821164263370717936980.04774547951476310 493537804226749065384908.33380636301213092240 17
VALUES: 43595025558861676966506.403341725795 957885099565117875944151.021972 23
VALUES: 485358968490119783321888.58155 829861905851834897383076 9
VALUES: 273929961089494163424124.2396887159533073929961089 371267261768520637827114.91064316777294575 17
VALUES: 309315632867933165484092.16035706 278660257877470054169527.4546120393682764934767681 7
VALUES: 887983520256351567864498.997573815 428213931486991683833065.8722362096589608606088 2
VALUES: 940718699931334401464865.1 547600518806744487678339.27 24
VALUES: 234164950026703288319218.5039139391165026321812 909834439612420843823909.9774776836804760814831769 14
VALUES: 293003738460364690623330.7514763103685053788052185 907835507743953612573433.135 22
VALUES: 136507209887846189059281.1635 713221942473487449454489.2 8
VALUES: 37323567559319447623407.3022659647516594186312 168871595330739299610894.77276264591439688 9
VALUES: 676737621118486305027847.038223 411932555123216601815823.1 5
VALUES: 307347219043259327077134 801434348058289463645379.529686 21
VALUES: 287647821774624246585793.562966353856717784390020 601693751430533302815288.938246738 19
VALUES: 316105897611963073167009.6785534 435370412756542305638208.15545891508354314488 21
VALUES: 159731441214618142977035.0123140306706340 45319295033188372625314.6720073243305104142824444 9
VALUES: 22491798275730525673304.3 927901121538109407186998.3854428931105516136415655 1
VALUES: 829129472800793469138627.384 147127489127946898603799.349324 18
VALUES: 785595483329518577859158.442298 591485465781643396658273.61313801785305561913 13
VALUES: 709254596780346379797054.29951934081025406271 331303883421072709239337.427145 22
VALUES: 681376363775082017242694.0618905928130006866559 7415884641794460975051.4917830167086289 17
VALUES: 878629739833676661326008.1241931 926878767071030746929120.91641107804989700160 6
VALUES: 968917372396429388876172.06 326817730983443961242084.0555733 17
VALUES: 862180514229037918669412 339085984588387884336613.6839551384756237125 16
VALUES: 559746700236514839398793.9775234607 266666666666666666666666.400000000000000000 18
VALUES: 357610437170977340352483.048 884473945220111390859844 23
VALUES: 237460898756389715419241.389150835431448844129 835172045471885252155336.007 7
VALUES: 874891279468986037994963.6478828107 551277943083848325322346.28628976 23
VALUES: 604684519722285801480124.51929503 939391165026321812771800.388 12
VALUES: 97444113832303349355306.227 145647364003967345693140.92 3
VALUES: 864393072404058899824520.38379491 720881971465629053177690 23
VALUES: 155184252689402609292744.17990 929961089494163424124512.68871595 17
VALUES: 802349889372091248950941.4422522316319523918516823 776974135957885099565117.09897001602197 20
VALUES: 294544899671931029221026.63 547570000762951094834820.540398260471503776 2
VALUES: 108522163729304951552605.369466697184 324742504005493247882810.3870 15
VALUES: 606179903868162050812542.309819 494544899671931029221026.4376 2
VALUES: 740779736018921187151902.8222018768596932936598 641229877164873731593804.195880064087891966124971 24
VALUES: 386739909971770809491111.23300526 674784466315709163042648.29141680018310826276035 18
VALUES: 141847867551689936675058.986861 984039063096055542839702.990 18
VALUES: 466071564812695506218050.956832227 160997940032043945983062.32469672693980315861 19
VALUES: 425864042114900434882123.6299839780 498832684824902723735408.061478599221789883268482 1
VALUES: 689539940489814602883954 858014801251239795529105.726253 25
VALUES: 548332951857785915922788.800869764248 227664606698710612649728.92469672693980315 18
VALUES: 769359884031433585107193 437293049515526054779888.171847104600595101853971 7
VALUES: 694071869993133440146485.9161364 92027161058976119630731.5780727855344472 8
VALUES: 613900968947890440222781.1 784847791256580453192949.547035934996566 16
VALUES: 946181429770351720454717.906340123598077363241016 294911116197451743343251.40265506981 5
VALUES: 286045624475471122301060 485297932402532997634851.120714122224 9
VALUES: 832669565880827038986800.113389791714351110 881651026169222552834362 9
VALUES: 514671549553673609521629.148867017624170290 322377355611505302510108.7 11
VALUES: 983764400701915007248034.4171663996 253070878156710154879071.99839780270084687 15
VALUES: 225757228961623559929808.27351796749828336003 56610971236743724727244.9269855802243076218814373 7
VALUES: 7461661707484550240329.587411306935225 123567559319447623407339.465964751659418631265 10
VALUES: 370428015564202334630349.8241 374456397344930189974822.2394140535591 12
VALUES: 35080491340505073624780.6164797436484321355001 981445029373617151140610.90533302815289539 13
VALUES: 475013351644159609369038.9695582513160906385900663 46753643091477836270695.0 0
VALUES: 401113908598458838788433.2602883955138475623712520 330479896238651102464331.70583657587548 17
VALUES: 674341954680704966811626.70034332799 349370565346761272602425.8351110093842984 15
VALUES: 779446097505149919890134.262897688258182650492103 375158312352178225375753.0390478 10
VALUES: 888578622110322728313114.24074158846417944 74814984359502555886167.621835660334172579 7
VALUES: 501091020065613794155794 164553292133974212252994.418493934538796063172 20
VALUES: 419516289005874723430227.7028610 550789654383154039826046.599588006408789 11
VALUES: 17547875181200885023269.990844586861982 90379186694132906080720.13545433737697 12
VALUES: 580849927519645990691996.062 331883726253147173266193.30510 20
VALUES: 971099412527656977187761.2933394369420920 398260471503776607919431.9661 20
VALUES: 582024872205691615167467.18329 96009765774013885709925.89773403524834058136 21
VALUES: 501609826810101472495612.5295948729686 965621423666742961776149.183 24
VALUES: 773525597009231708247500.5616388 679118028534370946822308.01 24
VALUES: 512581063553826199740596.11 825131609063859006637673.6999313344014648661 22
VALUES: 590997177080949111161973.9264362554360265506981 896940566109712367437246.3 22
VALUES: 114412146181429770351720.340306706340123 976302738994430457007704.8297550 16
VALUES: 474464026855878538185701.822018768596932 271580071717402914473181.99743 3
VALUES: 452018005645838101777675.598947127489127 832455939574273289082169.00045777 17
VALUES: 37964446478980697337300.6410620279240100 638284885938811322194246.710460059510185 11
VALUES: 849408712901503013656823.74813458457312 153780422674906538490882.58063630121309224078 9
VALUES: 476478217746242465857938.0 279499504081788357366292.541130693522545204 14
VALUES: 250263218127718013275348.79986 322072175173571374074921.47544060425 4
VALUES: 640573739223315785458151 96040283817807278553444.62815 20
VALUES: 963927672236209658960859.644907301441977 713115129320210574502173.697505149919890135042 9
VALUES: 725597009231708247501334.43881895170519569695 267246509498741130693522.277 7
VALUES: 967055771725032425421529.51 807431143663691157396810.056992446784 25
VALUES: 745876249332417792019530.802 183733882658121614404516.48674753948271915 7
VALUES: 723781185626001373311969.9788967727168 869214923323414969100479.7899 18
VALUES: 481269550621805142290378.7054245822 505958648050659952697031.61428244449530785076 22
VALUES: 858945601586938277256427.004028 546898603799496452277408.471183337 19
VALUES: 935179674982833600366215.590341039139391165026321 975890745403219653620201.9691004806591897459372854 2
VALUES: 983123521782253757534141.078 698924238956282902265964.0527351796749828 19
VALUES: 451209277485313191424429.24284733 532753490501258869306476.9220416571297779812 13
VALUES: 720714122224765392538337.57180132753490501258 35034714274814984359502.520851453421835660334172 7
VALUES: 131364919508659494926375 230823224231326771953917.5230487525749599450 12
VALUES: 983352407110704203860531.5565117875944151 293812466620889600976577.10757610437170977340 8
VALUES: .3653315022507057 .895140 0
VALUES: .2876325627 .91165026321812 8
VALUES: .9 .72135500114442664 10
VALUES: .17183184557869 .56081483176928358892 6
VALUES: .582055390249485 .986144808117 1
VALUES: .1341725795376516 .22 8
VALUES: .96929884794384679 .9244678416113527122911 2
VALUES: .3298695353 .482230 13
VALUES: .9499656 .645 25
VALUES: .07640192263675898374 .0125429159990844586 8
VALUES: .65940337 .9752346074616 20
VALUES: .199450675211718928816662 .4762493324177 10
VALUES: .05430685893034256504158 .210559243152513923857480 15
VALUES: .864194705119401 .0948043030441748683 0
VALUES: .9911955443656061646 .29803921568627450980392 12
VALUES: .40364 .1543755245288 10
VALUES: .680903334 .9326924544136720836194399 2
VALUES: .15254444190 .858823529411764705882 9
VALUES: .653116655222400 .21979 22
VALUES: .2799 .591 23
VALUES: .686243 .1 2
VALUES: .38840314335851 .6 14
VALUES: .0710307469291218 .85 2
VALUES: .872114137483 .827496757457846952010 5
VALUES: .60549324788281071183337 .6300144960708018616 17
VALUES: .905592431525139238574 .90095368 22
VALUES: .680109864 .9107194628824292362859 14
VALUES: .303425650 .5710841535 20
VALUES: .06489662012 .6479285877775 23
VALUES: .1881589 .87388418402380407415884 18
VALUES: .89906 .2893720912489509422 2
VALUES: .0197909514000152590218 .394323643854 24
VALUES: 0 .47 11
VALUES: .0122682536049439230945296 .91812008850232700083924 9
VALUES: .9036087586785 .2936 19
VALUES: .571038376 .1398184 16
VALUES: 0 .63710994125 19
VALUES: .01066605630579 .76176089112687 22
VALUES: .95 .95051499198901350423437 7
VALUES: .3824063477531090257 .838 17
VALUES: .678919661249713893 .99090 8
VALUES: .553521019302662699320973 .6725261310749 1
VALUES: .30540932326237888 .0471961547264820325 6
VALUES: .274723430228 .7946593423 10
VALUES: 0 .57 19
VALUES: .448172732127870603494316 .889829861905 3
VALUES: .4472571908140688181887 .34 9
VALUES: .532402 .401 3
VALUES: .396353 .370443274586099 18
VALUES: .1048142214084077210 .43176928358892 5
VALUES: .6031433585 .04069581 24
VALUES: .4755168993667 .8 10
VALUES: .7273 .970305 17
VALUES: .3065232318608377203021286 .5036850 21
VALUES: .73694972152285038529030 .46555275806820782 9
VALUES: .6182345311 .8306 9
VALUES: .00463874265659571221 .865400167849240 19
VALUES: .208697642481116960402 .452506 0
VALUES: .70580605783 .350789654383154 14
VALUES: .820706492713817044327458 .58796063 9
VALUES: .53592736705577172503242 .368215457389181353 21
VALUES: .79955748836499580376897 .2952315556572823682001983 25
VALUES: .8429388 .2344243533 21
VALUES: .972503 .9383077744716563 16
VALUES: 0 .4679331654840924696726939 16
VALUES: .8 .59873350118257419699397 2
VALUES: .49 .849179827573052567 25
VALUES: .5025 .29668116273746852826 1
VALUES: .17943083848325 .328267338063630 18
VALUES: .257312886243991760128175 .456672007 6
VALUES: .4656 .79 22
VALUES: .886839093614 .222964827954528114 22
VALUES: .7588616769665064 .193 19
VALUES: .47486076142519 .424170290684 9
VALUES: .0899671 .82230869001297016861 6
VALUES: .7969 .93467 23
VALUES: .0028381780727855344472 .5230945296406500 3
VALUES: .7987 .2955825131609063859006637 4
VALUES: .257480735 .31 23
VALUES: .63059433890287632562 .65571 6
VALUES: .0274204623483634699015 .9279163805 1
VALUES: .063599603265430685893 .49 13
VALUES: .0041046768902113374 .7748378728923 6
VALUES: .426596475 .5501945525291 15
VALUES: .684245059891660944533455 .5 16
VALUES: .133607995727473868 .98323033493553 20
VALUES: .1317 .102586404211490043 15
VALUES: .6 .4961013199053940642 3
VALUES: .044525825894 .39888 1
VALUES: .16421759365224 .908323796444 22
VALUES: .60242618448157473 .81039139391165 21
VALUES: .02 .3726100556954299229 4
VALUES: .2 .36070801 14
VALUES: .814419775692 .20039673456931 25
VALUES: 0 .0333531700617 8
VALUES: .05878 .005810 25
VALUES: .0073121232 .004391546501869230182345 24
VALUES: .0219 .025 19
VALUES: .028041504539559 .0447028305 0
VALUES: .059366 .03 3
VALUES: .06431067368581673914702 .092553597314412146181429 0
VALUES: .0127382 .0229312581063 9
VALUES: .0058426794842450598 .02679026474402990768291 11
VALUES: .022662 .047130540932326237888151 6
VALUES: .0601205462729839017318989 .0107637140 21
VALUES: .04625619897764 .0225467307545 11
VALUES: .02238040741588464179446 .0968596932 18
VALUES: .089 .04931563286793 19
VALUES: .09447470817120622 .03102006561379 11
VALUES: .079328 .0706569008926527809567 18
VALUES: .06004882887006 .00036316472 8
VALUES: .099766536964980544747081 .01285267414358 9
VALUES: .09362935835812924391546 .03842374303807 4
VALUES: .016380560006103608758678 .034224460 16
VALUES: .07637445639 .0643533989471274891 2
VALUES: .029625 .033211261158159761959 3
VALUES: .074804303044174868390936 .0691371023 22
VALUES: .09193 .020280766002899214 25
VALUES: .0566079194 .08596169985503929198138 6
VALUES: .09 .00156404974441138 0
VALUES: .07 .05748683909361 22
VALUES: .044208438 .043 5
VALUES: .014573891 .075860227 16
VALUES: .0012771801327534905012 .032870984969863431754 21
VALUES: .037494468604562 .07665827420 12
VALUES: .094921797512 .068303959716182192721446 9
VALUES: 0 .00109254596780346379797 15
VALUES: .044855420767528 .031433585107194628 16
VALUES: .004328984512092774853 .07227740901 18
VALUES: .038638895246814679 .0100480659189745937285420 4
VALUES: 0 .044682993820 19
VALUES: .0279 .03 9
VALUES: .02739147020675974 .015861753261615930418860 1
VALUES: .06207522697795071335 .0593133440146 22
VALUES: .077044327 .012 18
VALUES: .046923018234531166 .044 2
VALUES: .09594567788204776073853 .089437705043106736858 21
VALUES: .04177615014877546349279 .044393072 12
VALUES: .0452964065 .01584344243533989471274 6
VALUES: .0093720912489509422 .08973830777447165636682 5
VALUES: .04688639658197909514000 .09897459372 15
VALUES: .06289158464942397 .00967116807812619211 24
VALUES: .099560540169375 .03014 25
VALUES: .08742 .0315571831845578 5
VALUES: .08 .0644083314259555962462806 15
VALUES: .00613717860685130083 .0373311 15
VALUES: .070948348 .05918669413290608 0
VALUES: .049 .0752178225375753 22
VALUES: 0 .0651499198901350423437857 17
VALUES: .08943770504310673 .027946898603799 2
VALUES: .0123704890 .01541924162 15
VALUES: 0 .0401602197299153124284 9
VALUES: .045868619821469443808651 .024 11
VALUES: 0 .08715190 11
VALUES: .00992 .0345 13
VALUES: 0 .05147631036850537 23
VALUES: .0285984588387884 .039 1
VALUES: 0 .023172 22
VALUES: 0 .00254062714579995422 2
VALUES: .002932784008545 .002 15
VALUES: .09618371862363622 .0845777065690089265 12
VALUES: .0943327992675669489585 .08943923094529 19
VALUES: .0544396124208438 .02538643472953383 0
VALUES: .09485923552300 .0860975 24
VALUES: .02248569466 .00936446173800259403372 4
VALUES: .06771038376440070191 .03166399633783474479 12
VALUES: .091100938 .018648050659952 20
VALUES: .03728847180895704585 .089848172732 23
VALUES: .057 .0767879758 23
VALUES: .035 .0097688258182650492103 21
VALUES: .04689555 .087705806057831692988479 13
VALUES: .027244983596551461051346 .059 15
VALUES: .0602075226977950713 .0202334630 10
VALUES: .082301060502 .037 22
VALUES: .081963836 .089 21
VALUES: .0365255207141222247 .097511253528648813 6
VALUES: .00644 .09030 10
VALUES: .08454 .01773 10
VALUES: 0 .06118 6
VALUES: .03 .02 24
VALUES: .02 .055156786 6
VALUES: .040808728160 .03052 21
VALUES: .0020111 .0450186923018234531166 12
VALUES: .085787747005416952773 .0263904783703364 21
VALUES: 0 .01342641336690318150606 8
VALUES: 886869611657892729076065.3372854 115602349889372091248950.8266422522316319523918 13
VALUES: 432242313267719539177538.287525749 582406347753109025711451.31352712291142137788967 6
VALUES: 379995422293430991073471.8104 817914091706721599145493.95587090867475394 5
VALUES: 729167620355535210193025.8978255893797207 432944228274967574578469.08715953307392996108 24
VALUES: 796978713664454108491644.888532845044 754451819638361181048294.049851 0
VALUES: 680277714198519874876019.7668116273 105394064240482185091935.5015335317006 20
VALUES: 314290074006256198977645.218631 152758068207827878233005.11160448 15
VALUES: 259571221484702830548561.577615014877546349 877622644388494697489890.020370 22
VALUES: 973373006790264744029906.70 264805065995269703212023.844449530785076676 20
VALUES: 101533531700617990386816.1035 61799038681620508125429.09819180 25
VALUES: 661661707484550240329594.2113 62531471732661936369878.6282444495307850 25
VALUES: 681330586709391927977415.966262302586404211490 808422980086976424811168.79560540169 14
VALUES: 648462653543907835507743.3051499198 871946288242923628595406.1624628061341268024719615 23
VALUES: 924437323567559319447622.48 253376058594644083314259.3025864042114900434 9
VALUES: 257084000915541313801785.04847791256580453192950 8682383459220263981078.8041657129777981 2
VALUES: 230319676508735790035858.47113756008 499824521248187991149766.80009155413138017853 20
VALUES: 695811398489356832227053.5500114442664225223 682017242694743266956587.4006866559853513389791 11
VALUES: 64606698710612649729152.296726939803 313908598458838788433661.088395513 14
VALUES: 208331425955596246280613.20434882 908079652094300755321582.9783932249942778 25
VALUES: 450049591821164263370717.48693064774 308979934386205844205386.12574959945067521171892 20
VALUES: 843457694361791409170671.3164568551 270725566491187914854657.545708400091554131 3
VALUES: 638071259632257572289615.5975280384527 458319981689173723964293.4304417486839093614099 2
VALUES: 260013733119707026779583.168688487067978942549782 24002441443503471427481.47 2
VALUES: 693858243686579690241854 137071793698023956664377.676310368505378805218 24
VALUES: 599786373693446250095368.28706 922590981918059052414739.29256122682536049 7
VALUES: 884229800869764248111695.1 306294346532387273975737.8488899061570 25
VALUES: 445868619821469443808651.41954680 662851911192492561226824.6976424811 12
VALUES: 236896314946211947814144.87640192263675898374 341863126573586633096818.15207141222247653925 16
VALUES: 351903562981612878614480.45987640192263675898 696330205233844510566871.9671 8
VALUES: 169268329900053406576638.26 580300602731364919508658.914625772487983520256351 10
VALUES: 98084992751964599069199.5 987655451285572594796672.5455710688 10
VALUES: 437796597238117036697947.2237582970931 481330586709391927977416.166262302586404211490 17
VALUES: 499458304722667277027542.03 110475318532082093537804.1162737468528 3
VALUES: 880140383001449607080185.279926756694895857175555 473075455863279163805599.5879 12
VALUES: 662684061951628900587471.680338750286106660563057 794628824292362859540702.6462806134126802471 21
VALUES: 537575341420614938582436.32822156099794003204 836118104829480430304416.65072 9
VALUES: 73182269016556038757915.5444266422522 15411612115663385976958.8615243 15
VALUES: 765957122148470283054855.417761501487754634927901 690257114518959334706644.613 15
VALUES: 522652018005645838101777.1533989471274891 348744945448996719310291.86152437628747997 21
VALUES: 868802929732204165712976.9293202 483863584344243533989470.7910276951247425040 5
VALUES: 57541771572442206454566.204760814831769283588921 523476005188067444876782.874708171206225680933 14
VALUES: 43366140230411230640115.925 809308003356984817273211.9777523460746166170 15
VALUES: 844968337529564354924848.472190432593270 586587319752803845273517.380910963607232 3
VALUES: 540856031128404669260699.848249027237354085603 579964904249637598229952.880018 20
VALUES: 312474250400549324788280.75870908674 318257419699397268635080 14
VALUES: 467689021133745326924543.66903 320622568093385214007781.78054474708171 0
VALUES: 28641184100099183642328.49810025177386129549 878049897001602197299152 10
VALUES: 285877775234607461661707.1986724 467841611352712291142137.3 6
VALUES: 295658808270389868009460.297917143511100938 610254062714579995422292.8207370107576 19
VALUES: 389929045548180361638818 316502632181277180132753.17399862 7
VALUES: 976607919432364385442892.133943694 941329060807202258335239.76 9
VALUES: 881406881818875410086212.59230945296406 507209887846189059281299.561455710688 8
VALUES: 707118333714808880750743.1701991302357518883039597 550041962310215915159837.7043259327077134 3
VALUES: 404180971999694819562065.66738384069581139848 875013351644159609369038.56 8
VALUES: 281635767147325856412603.6704509040970473792629892 305989166094453345540550.54470 17
VALUES: 299916075379568169680323.19134813458457312886243 844266422522316319523917.6725566491187914854 5
VALUES: 920805676356145571068893.5630579 302800030518043793392843.215 18
VALUES: 935988403143358510719461.9464408331425955596246280 682719157701991302357518.2003 21
VALUES: 998733501182574196993971.6876173037308308537422 377889677271686884870679.41153 24
VALUES: 11200122072175173571374.063721675440604257267109 192324711985961699855039.09965667 9
VALUES: 496955825131609063859006.1407186 249118791485465781643396.40915541313 25
VALUES: 791882200350957503624016.9085831998 503288319218738078889142 22
VALUES: 922636758983749141680017.3 231250476844434271763179.748912794689860379949645 10
VALUES: 455481803616388189517051.50148 319707026779583428702219.86797 3
VALUES: 626352330815594720378423.1166857 800549324788281071183336.3475394827191 2
VALUES: 406530861371786068513007.9096360 464148928053711757076370.9404440375371938658731975 20
VALUES: 150102998397802700846875.565163653009842069123369 327367055771725032425421.2031128404669260700 5
VALUES: 135957885099565117875944.0160219729915312 104936293583581292439154.545 19
VALUES: 205615320057984283207446.197070267795834287022 823361562523842221713587.335637445639 10
VALUES: 890348668650339513237200.6050354 420798046845197222858014.380453192950331883726 17
VALUES: 834180209048599984740977.2691233691920347905699 25696192874036774242771.012680 1
VALUES: 362783245593957427328907.85420004577706569 607644769970244907301441.3699244678 10
VALUES: 944228274967574578469519.1595330739299 864362554360265506981001.6533760585946440833142595 1
VALUES: 521751735713740749217974.606 722590981918059052414739.49256122682536 19
VALUES: 892927443350881208514533.3254291599908445868619821 733440146486610208285648.15 14
VALUES: 581048294804303044174867.809887846189059281 518638895246814679179064.103 7
VALUES: 562035553521019302662698.7589379720759899290455481 483360036621652552071411.7391165026 18
VALUES: 871046005951018539711603.615106 553749904631113145647363.4502 17
VALUES: 290806439307240405889982.161 114152742809185931181811.131746395056076905 1
VALUES: 916670481422140840772105.5913023575188830395971618 178393224994277866788738.663447 2
VALUES: 348622873273823147936216.93 655252918287937743190660.823346303501945525 22
VALUES: 220325017166399633783474.25896086060883 234805828946364538033111.84271000228885328450 8
VALUES: 338750286106660563057907.6 121019302662699320973525.4759899290455 23
VALUES: 494041351949340047302967.3857175555046921492332341 840756847486076142519263.674387731746395 20
VALUES: 922240024414435034714273.892744335 444953078507667658503089.5069810025177 10
VALUES: 613839932860303654535743.644953078507667 142336156252384222171358.6735637445639734 2
VALUES: 31128404669260700389105.0272373540 953933012893873502708475.4327306019684138246 0
VALUES: 125810635538261997405966.15175097276264 137590600442511635004196.09343099107347219043259 5
VALUES: 111924925612268253604943.811169604028381780727855 24856946669718471046005.926161593041 19
VALUES: 286732280460822461280231.65040054932478828 227176317998016327153429.237994964522774090 11
VALUES: 665751125352864881361104.0874341954680704 225024795910582131685358.743 11
VALUES: 753612573434042877851528.963332570 205889982452124818799114.77084 19
VALUES: 512733653772793163958189.767269398031586175326 200534065766384374761577.58233 24
VALUES: 655436026550698100251773.20585946 485816739147020675974669.53783474 7
VALUES: 250995651178759441519798.329915312428473334859235 703105210955977721828030.120119020370 15
VALUES: 100785839627679865720607.20828564888990615701533 39459830624856946669718.43158617532616159 5
VALUES: 80903334096284428168154.3403982604715037766079194 319844357976653696498054.1548638132295 4
VALUES: 819501029983978027008467.93765163653009842069 285633630884260318913557.3553215838864 4
VALUES: 271351186388952468146791.519295033188 791470206759746700236514.0479285877775 23
VALUES: 596368352788586251621270.48015 716609445334554055085068.330464637 22
VALUES: .780788 .13 3
VALUES: 0 .977981231403067 25
VALUES: .34390783 .037308308537422751 6
VALUES: .464484 .12793163958190280003 4
VALUES: .893095292591744869153887 .63529411 19
VALUES: .854825665674830243381 .4762798504615854 13
VALUES: .4704966811627374 .186144808117799 14
VALUES: .7550316624704356 .63294422 5
VALUES: .7918669413290608072 .654398 16
VALUES: .972381 .19769588769359884031433 20
VALUES: .377630273899 .30428 0
VALUES: .053269245441367208 .4474 3
VALUES: .7395895323109788662546730 .106202792401 21
VALUES: .9760738536659800 .125154497596704 9
VALUES: .265598535133897 .5239490348668650339513237 6
VALUES: 0 .699473 16
VALUES: .348699168383306 .2728465705348287174792 25
VALUES: .2741283 .5837796 21
VALUES: .904600595101853971160448 .6222 21
VALUES: .6363469 .46526283665217059586 19
VALUES: .389837 .358464 3
VALUES: .3925078202487220569161516 .8180514229037918669413 13
VALUES: .6210574502174410620279 .7280537117570763714045929 7
VALUES: .0150911726558327611 .82101 19
VALUES: .5465934233615 .696574349584191653315022 9
VALUES: .17601281757839 .4942092 16
VALUES: .2584 .2589150835431448844129091 12
VALUES: .405 .13119707 9
VALUES: .510078583962767 .1759975585564965285725 18
VALUES: .485862516 .472495613031204699778744 4
VALUES: .778912 .413092240787365529 1
VALUES: .93879606317235065232 .083009079118028 8
VALUES: .65629053177691309987029 .485038529030 10
VALUES: .6097047 .157900358587014572365911 19
VALUES: .99472037842 .463004501411459 12
VALUES: .664637216754406042572671 .5464255741206988 24
VALUES: .067887388418402380407 .6087434195468 23
VALUES: .464789806973 .07624 25
VALUES: .67020675974 .40 3
VALUES: .7719996948195620660 .317647058823 2
VALUES: .330952925917448691 .19520866712443732 1
VALUES: .68886854352635996032 .1446 18
VALUES: .287 .448813611047531853 1
VALUES: .33923 .98982223239490348668650 15
VALUES: .423 .673640039673456931410696 12
VALUES: .034088 .7550469214923323414969100 24
VALUES: 0 .5235828183413443198290 0
VALUES: .340 .706569008926527 25
VALUES: .1475547 .4445105668726634622 7
VALUES: .4843213 .7137102 6
VALUES: .5235 .73562 11
VALUES: .6641 .3868619821469443808651865 3
VALUES: .5948729686427100022888532 .018081940947585259784847 11
VALUES: .6303654535744258793 .7770199130 4
VALUES: .947203784237430380 .194949263 2
VALUES: .758266575112535286488 .462943 20
VALUES: .805783 .68569466 20
VALUES: .4080109864957656 .158373388265812161 13
VALUES: .76 .1652246890974288548104066 4
VALUES: 0 .50974288548104 7
VALUES: .13 .92024109254596780346 22
VALUES: .76147 .523659 2
VALUES: .4197909514000152590218 .426749065 4
VALUES: .24737926298924238 .91361867704280155642 24
VALUES: .86378271152819104295 .3909 0
VALUES: .2 .9839017318989852750 25
VALUES: .478 .13835 7
VALUES: .5702754253 .10571450370 9
VALUES: .66047150377660 .5749752040 2
VALUES: .301930266269932097352 .88371099412 24
VALUES: .7325703822384985122453 .0504310673685816739 15
VALUES: .164553292133974212252 .26782635233081 22
VALUES: .1810482948043030441748683 .138490882734416723 9
VALUES: .70867475394827191577019 .28987563 23
VALUES: .73006790264744029907 .469169146257724 5
VALUES: .6696 .672358281834134 24
VALUES: .0531166552224002 .29396 1
VALUES: .869199664 .63926146334019 18
VALUES: .3529106584267948424505 .8428778515297169451 4
VALUES: .20395 .880659189 7
VALUES: .7834744792858777 .22072175173 21
VALUES: .77 .5151140 17
VALUES: .077012283512 .052841992828259708552681 24
VALUES: .401312275883115892271 .5519035629816128786 20
VALUES: 0 .22931258 22
VALUES: .605493247882810711833371 .13 20
VALUES: .657541771 .64362554360265506981 9
VALUES: .785915922789349202716105 .1130388342107 4
VALUES: .6 .8678873884184023804 7
VALUES: .899748226138704509040 .65026321 18
VALUES: .3924162661173418783 .310582 8
VALUES: .17196 .41205462729 5
VALUES: 0 .5850308995193408102 0
VALUES: .06926680399786373693 .039667353 22
VALUES: .03861905851834897383 .0652 17
VALUES: .07 .00258182650492103456 3
VALUES: .0832 .056870374608987563 17
VALUES: .05282368 .049835965514610513466 15
VALUES: .0451239 .00974898 23
VALUES: 0 .008094911116 17
VALUES: 0 .03814297703517 9
VALUES: .04493781948577096208 .0939085 21
VALUES: 0 .0437689784084840 21
VALUES: .0765377279 .0747173266193636987869 10
VALUES: .067890440222 .062493324177920195315 7
VALUES: .0111985961699855 .02694895857175555046 12
VALUES: .0129777981231403 .0453925 4
VALUES: .09226672770275 .080225833524071107042 21
VALUES: .0262561989776455 .08423437857633 10
VALUES: .059725337605 .045456626230258640421 21
VALUES: .03008010986495765621423 .038084992751964599069 21
VALUES: .027406729228656443121995 .0142229343 9
VALUES: 0 .034575417715724 13
VALUES: .000782 .06938124 14
VALUES: .0087312123292896 .07345387960 11
VALUES: .0158098725871671625848783 .028464179446 5
VALUES: .00307621881437399 .081998 15
VALUES: .07108415350576028076600 .0748439765 21
VALUES: .0333684290836957351 .06317235065232 24
VALUES: .0433310444800488288 .0162722209 7
VALUES: .0543572137026016 .017360189211871519035629 24
VALUES: .08799267566948958 .049228656443121995 13
VALUES: .0757030594338902876325 .0757045853360799572 1
VALUES: .0743083848325322 .040808728160524910353 10
VALUES: .055477225909819 .070426489662012664988174 24
VALUES: .0113374532692454413 .082520 21
VALUES: .019726863508049134 .0325627527275501640344853 23
VALUES: .059861142900740062561 .0059616998550392919 20
VALUES: .08183718623636224917982 .0090028229190 1
VALUES: .004086366063935301747158 .0317967 5
VALUES: .0495567254139 .059621576 23
VALUES: .01070572976272220950 .0437460898756389715 5
VALUES: .0510246 .0733501182574 3
VALUES: .0640634775 .0625314717326 22
VALUES: .056 .022890058747234302281223 4
VALUES: .027998779278248264286259 .0223605706874189364 0
VALUES: .059111924925612268253604 .02532997634851606 21
VALUES: .067685969329365987640192 .0111879148546578 12
VALUES: .05123826962691691462 .0848 11
VALUES: 0 .035262 19
VALUES: .0263 .042708476386663614862287 10
VALUES: .0116 .0719493400473029678797 19
VALUES: .05255664911879 .00626 3
VALUES: .0469 .070936 3
VALUES: .0116151 .08758373388265 24
VALUES: .048302 .06766918440 22
VALUES: .048813611047531853208 .03583 0
VALUES: .05271076523994811932555 .0459 6
VALUES: .090794232089723 .0996 1
VALUES: .0861249713893339436942 .00640726329442 7
VALUES: .0383352 .063001449607080186 21
VALUES: .068705271992065308613717 .021072709239337758449 20
VALUES: .087458609903 .07252 24
VALUES: .0478492 .0647089341573205157549401 2
VALUES: .04 .03200885023 14
VALUES: .087087 .0171236743724727244 23
VALUES: .0390447 .0669245441 17
VALUES: .08919508659494 .0740 14
VALUES: 0 .09598382543678950179293 8
VALUES: .07156176089112 .0880827038986 5
VALUES: .052 .040 4
VALUES: .06914473182269016 .00881055924315251392385 10
VALUES: .0784588387884336614023041 .09729152361333638513 21
VALUES: .09946288242 .08373693446 6
VALUES: .018240634775310902571 .02159761959258411535 5
VALUES: .029512474250 .05089036392 15
VALUES: .081416037232013427939269 .01953917753 10
VALUES: .06912642 .0787731 1
VALUES: .08159914549 .08926375219 12
VALUES: .07700 .010269321736476691844052 25
VALUES: .0561303120 .0065705348287174792 20
VALUES: .01778286411841000 .089875638 0
VALUES: .085992 .096266117341878385 15
VALUES: 0 .045928130006866559 9
VALUES: .073661 .04591 16
VALUES: .000251 .0606836041809719 11
VALUES: .0674921 .0938 12
VALUES: .042525368123903 .0642893 19
VALUES: .07327992675669489585 .063219653620 17
VALUES: .0633600366216525 .0843671320668345 17
VALUES: 0 .014261081864652475776302 21
VALUES: .01810482948043030441 .00169985 16
VALUES: .009942778667887 .0712046997 7
VALUES: .0854871442 .0797787 4
VALUES: 355138475623712520027465.8842755779354543373769741 601937895780880445563438.78159761959 24
VALUES: 568230716411078049897001.03396 217639429312581063553825.9821011 19
VALUES: 682993820096131837949186 494499122606240939955748.342000 15
VALUES: 852979324025329976348515.2071412222476 478187228198672465094986.933119707026779 17
VALUES: 587273975738155184252688.815335317006179 357122148470283054856183.361501487754634927901 1
VALUES: 338780804150453955901426.3797665369 704051270313572899977110.76310368 25
VALUES: 703013656824597543297473.92886243991760128175 338933394369420920119020.0318608377203021286335545 21
VALUES: 213366903181506065461203.723460746166 515800717174029144731822.17436484321355001144 19
VALUES: 663218127718013275349049.4626688029297322 151354238193331807431143.512336919203479056 5
VALUES: 698725871671625848783092.305012588693064774 814908064393072404058899.009613 7
VALUES: 314885175860227359426260.4617990386816205081254 673548485542076752880139.7094 19
VALUES: 516487373159380483710993.6087891966124971389 962478065156023498893719.950011444266422 22
VALUES: 577386129549095902952620.159624628061341268 293263141832608529793239.9600366216525520714 24
VALUES: 742198825055313954375523.78 2304112306401159685664.14662394140535591668574 14
VALUES: 421698329137102311741816.927809567406729 805355916685740444037536.3 16
VALUES: 660502021820401312275882.455390249485008010986495 160723277637903410391393.750926985580224 0
VALUES: 969161516746776531624321.91 633371480888075074387731.113023575188830395971 2
VALUES: 35599298084992751964599.03360036 944762340733958953231096.94186 12
VALUES: 955062180514229037918668.458228427 505073624780651560234988.43213550011 2
VALUES: 128709849698634317540245.5415426871137560082 99931334401464866102082.7565575646601052 0
VALUES: 908812085145342183566032.5 649897001602197299153123.63483634699015793087 21
VALUES: 95872434576943617914091.61084 103013656824597543297474.5288624399176012817578393 10
VALUES: 933791103990234225986113.35628290 588281071183337148088806.9191577019913023575188 18
VALUES: 965697718776226443884946.0092011902037079 583062485694666971847104.017532616159304188601 20
VALUES: 807461661707484550240328.787411306935225452048523 907286182955672541390095.9875028610 7
VALUES: 141588464179446097505149.7783016708628976882581826 771923399710078583962767.214648661020828564 18
VALUES: 871366445410849164568550.28450446326 604730296787975890745402.614923323414969100480659 23
VALUES: 347280079346913862821392.80141 218753337911039902342259.642389562829022659647 7
VALUES: 649897001602197299153123.6348363469901579308766308 533501182574196993972685.817 8
VALUES: 190417334248874647135118.44847791256 806927595941100175478751 0
VALUES: 257038223849851224536506.95284962233920805676356 120393682764934767681391.5024 15
VALUES: 615014877546349279011214.766079194323643 930128938735027084763865.706019684138246738 19
VALUES: 64606698710612649729152.296726939 484046692607003891050583 2
VALUES: 105821316853589684901197.72 552407110704203860532539.3 10
VALUES: 142748149843595025558861.5342183566033 636591134508278019378957.17 24
VALUES: 814236667429617761501486.9403982604715037766079 977416647592889295796138.4900434882124055 15
VALUES: 43915465018692301823453.072739757381551842 371236743724727244983596 19
VALUES: 300053406576638437476157.478233005264 603799496452277409018081 23
VALUES: 569054703593499656672006.755275806820782787 619195849546044098573280.83346303501945525291 4
VALUES: 522911421377889677271686.3619592584115 357961394674601358052948.4480201419 24
VALUES: 123231860837720302128633.4313 259006637674525062943465.0648661020828564888 2
VALUES: 818295567254139009689478.08610666056305790 320164797436484321355000.824261844815747310 18
VALUES: 930388342107270923933774.914 10116731517509727626459.13385214007782 9
VALUES: 212558175020981155107957.36736095216 385168230716411078049896.6164339665827420462 23
VALUES: 696910048065918974593727 803601129167620355535209.3894254978255893 21
VALUES: 954879072251468680857556.07571526665 118593118181124589913786.4076905470359349965667200 4
VALUES: 47821774624246585793850.56635385671778439 162600137331197070267795.67168688487067978942 19
VALUES: 168505378805218585488670.007736324101 513237201495384145876248.819180590524147402 10
VALUES: 395071335927367055771724.6373540856031 810955977721828030823223.42037079423 21
VALUES: 175234607461661707484550.065094987411306935225452 810818646524757763027389.133485923 18
VALUES: 846540016784924086366063.08876173037308308 649301899748226138704508.3916685740444 10
VALUES: 114122224765392538338292.40132753490 764766918440527962157624 2
VALUES: 399008163576714732585640.8613870450 682078278782330052643624.86152437 8
VALUES: 968719005111772335393300.320668345159075303273060 39612420843823910887312 3
VALUES: 807919432364385442893109 677073319600213626306553.07283131151 18
VALUES: 424155031662470435645074.7265278095674067292286564 795941100175478751812008.054291 16
VALUES: 74814984359502555886167.62183566033417257953765 502311741817349507896543.32922865644312199588006 19
VALUES: 658197909514000152590218.30876630807965209430075 605432211795223926146333.414 12
VALUES: 9506370641641870756084.5254749 894575417715724422064544.768047608148317692 2
VALUES: 961989776455329213397420.2633096818 825055313954375524528876.8738841840238 16
VALUES: 985198748760204470893414.7468 390554665445944914930952.535362783 0
VALUES: 308171206225680933852139.769649805447470817120622 305210955977721828030822.919020370794232089723 21
VALUES: 190203707942320897230487.33554589150835431448844 142763408865491721980620.899 13
VALUES: 980621042191195544365605.18402380407415 387060349431601434348057 22
VALUES: 20004577706569008926527.78 194018463416495002670328.63790341039139391165 1
VALUES: 854795147631036850537879.667 405722133211261158159761.5535362783245593957427328 20
VALUES: 697215228503852903028915.14927901121 574547951476310368505378.2306 11
VALUES: 375463492790112153810940.34 710124361028458075837338.116456855115587090867 15
VALUES: 746746013580529488059814.619089036392767223 907301441977569237811855.35271229114213778 21
VALUES: 3768978408484016174563.20672922865644 571496147096971084153505 17
VALUES: 389288166628519111924925.2229800869764248111696040 504478522926680399786373.1889677271686 17
VALUES: 951277943083848325322345.8862897688258182650 947447928587777523460745.21872 16
VALUES: 322911421377889677271686.561959258 639963378347447928587776.8834973678 14
VALUES: 937560082398718242160676.56301213092240 135179674982833600366216.39034103913939116502632 13
VALUES: 266544594491493095292591.4783245593957427328 628793774319066147859921.5501945525 5
VALUES: 663538567177843900205996.132066834515907530327306 327214465552758068207827.551018539711604486152437 20
VALUES: 550133516441596093690393.895582 951537346456092164492255.094850080109864 4
VALUES: 528816662851911192492560.698008697 347966735332265201800564.2358434 13
VALUES: 557106889448386358434423 656214236667429617761500.8315403982 2
VALUES: 198413061722743572137025.818219272144655527580682 3479056992446784161135.2677500572213 23
VALUES: 382833600366216525520713.739 608331425955596246280612.8043488212405 12
VALUES: 210238803692683299000533.855527 667322804608224612802318.7040 18
VALUES: 42114900434882124055847.97802700846875715266 766948958571755550469214.156374456397344930189974 22
VALUES: 19470511940184634164950.00723277637903410 760814831769283588921949 21
VALUES: 290852216372930495155260.256946669718471 865766384374761577782863.252643625543602 16
VALUES: 915968566414892805371174.79 215503166247043564507514.8527809567406729228 11
VALUES: 789425497825589379720759.1098649576 762645914396887159533073.1673151750972762645914 0
VALUES: 684946974898908979934385.52089723048752 510765239948119325551231.6552 7
VALUES: 503044174868390936140992.859281300068665598535 603295948729686427100022.28523689631 19
VALUES: 4257267109178301670862.89343099107347219 968383306630045014114594.286060883497367818722 17
VALUES: 705256733043411917296100.614648661020828564888 593728542000457770656900.2989242389562829022659647 15
VALUES: 332555123216601815823605.3743190661478599221789 64194705119401846341649.43607 18
VALUES: 965484092469672693980314.8962691691462577248798 33463035019455252918287.9042801556420233463035019 18
VALUES: 542549782558937972075989.386 313527122911421377889676 21
VALUES: 549156939040207522697794.5221789883268482490272373 912123292896925307087814.7588921950102 21
VALUES: 951827267872129396505683.0338292515449 715922789349202716105896.8960402838178072785534447 12
VALUES: 530189974822613870450903.5 628839551384756237125199 5
VALUES: 328892957961394674601357.72405584802 315266651407644769970244.5920347905699244678416 15
VALUES: 213061722743572137026016.419272144655527580 817914091706721599145493.95587090867 18
VALUES: 65766384374761577782864.05264362554360265506 125841153582055390249484.8821698 11
VALUES: .191073472190432593270771 .259449149309529259174486 25
VALUES: .6040436408026245 .8179598 22
VALUES: .78545815213244831 .771999694819562066071564 20
VALUES: .99649042 .359121080338750286 13
VALUES: .875089646 .4 25
VALUES: .689173723964293888 .526 4
VALUES: .9135423 .314045929 23
VALUES: .22865644312199588 .3402914473182269016 17
VALUES: .179400320 .06590371557183184 25
VALUES: .9676 .7 11
VALUES: .12855725947966735332 .0663614862 0
VALUES: .24789806973373 .103089951934081 8
VALUES: .50524147 .5416342412451361867 11
VALUES: .1947661554894331273365377 .400 9
VALUES: .253116655222400 .9401998931868467231250 20
VALUES: .769283588921950102998397 .0487983520256351567 1
VALUES: .2561532005798428320744640 .730 17
VALUES: 0 .08616769665 14
VALUES: .490 .6 3
VALUES: .49304951552605477988 .4090485 4
VALUES: .6447241931792172 .991638056000610360875867 21
VALUES: .846738384069581 .2 2
VALUES: .39777 .5165789272907606622415503 1
VALUES: .9652552071412 .4 0
VALUES: .6 .274174105439841 17
VALUES: .82021820401 .57053482871747 1
VALUES: .5155 .566338597695 17
VALUES: .5484245059891660944 .6798352025635156786449 22
VALUES: .78426 .03 8
VALUES: .1654840924696726939 .2322117952 9
VALUES: .04 .61016250 14
VALUES: .1 .5678339818 0
VALUES: .9 .565 21
VALUES: .8577 .25963225757228961623559 2
VALUES: .354345006485084306 .184 16
VALUES: .740352483 .7310749980926222629 3
VALUES: .97909514000 .7571 6
VALUES: .7020065613794155794 .8362859540703440 9
VALUES: .8362249179 .16621 10
VALUES: .881589990081635767147 .376348516 17
VALUES: .77163347829404135 .15916685740 15
VALUES: .357 .4806591897459372854 15
VALUES: 0 .2135957885099 12
VALUES: .23768978408484 .1476920729381246 5
VALUES: .0402532997634 .5 15
VALUES: .7504692149233234149 .46503395 0
VALUES: .1962 .4284122987716487373159 13
VALUES: 0 .47080186160067139696 13
VALUES: .1142442969405661097123674 .0105897611963 0
VALUES: .04245059891660944 .83320363164721141 18
VALUES: .36 .5568474 24
VALUES: .6673990997 .542565041580834 6
VALUES: .021667811093 .5347524 16
VALUES: .53 .41838712138551918 3
VALUES: .1 .435309 4
VALUES: .95954833295185 .81770046540016784 3
VALUES: .9322499427786 .8531 23
VALUES: .020325 .4783703364614328 2
VALUES: .00585 .18 15
VALUES: .8184328984512092774853 .3679102769512474 20
VALUES: .504280155 .66 5
VALUES: .738338 .51641107 0
VALUES: .08242923628595 .9794155794613565 3
VALUES: .90815594 .31381704432745860 0
VALUES: .5548332951857785915922 .21243610284580758373388 21
VALUES: .07655451285572 .254444 21
VALUES: .70450 .985259784 22
VALUES: .3794 .548455024032959487296864 22
VALUES: .257 .0535286488136110 9
VALUES: .13017471580 .450 4
VALUES: .235584039063096055 .7812924391546501 22
VALUES: .222537575341420614938 .500 2
VALUES: .2659952697032120241092 .97 4
VALUES: .7432669565880827 .262012664988 0
VALUES: .3 .31422903791866941 0
VALUES: .9963225757228 .1 17
VALUES: .1848 .976699473563744 15
VALUES: .391577 .2308995 14
VALUES: .23436 .1577935 1
VALUES: .597787441824979018844 .31375 14
VALUES: .76067750057221 .8244296940566 16
VALUES: .73972686350804913 .03962767986572060 8
VALUES: .4225375753414206 .777798 13
VALUES: .2755 .64492256046387 17
VALUES: .6755474174105 .7 21
VALUES: .42 .6095674067292286 18
VALUES: .381399252307927061 .52674143587396047 6
VALUES: .1953002212558175020981155 .9177843900205996795 16
VALUES: .61037613 .0316319 12
VALUES: .3629510948348210879682 .852353704 10
VALUES: .821118486305027847714 .0901655603875791 25
VALUES: .6804455634393835355153 .764141298542 7
VALUES: .4536507209887846189 .06967269398031586175326 18
VALUES: .55 .02888532845044632 8
VALUES: .03898222 .089214923323414969100 21
VALUES: .0213107499809262 .058004119935 23
VALUES: .0470511940184634164950026 .046169222 2
VALUES: .02229343 .099140917067215991 8
VALUES: .0686717 .0185336079957274738689250 13
VALUES: .0350057221332 .06055390 7
VALUES: .0761348897 .0980605783 15
VALUES: .08061646448462653543907 .0287754634927901121 13
VALUES: .0100465400 .00623025864042114900434 17
VALUES: .0710841535 .05890440222 4
VALUES: .062151522087434195468 .0659723811703 0
VALUES: .0197985809109636 .0243335622186617837796 13
VALUES: .0519890 .022381933 19
VALUES: .072666514 .0644480048828870069 14
VALUES: .0437811856260013733 .045786221103227283 15
VALUES: .0699275196459906919966 .0942320 19
VALUES: .03660944533455405508 .07251850156404974441 23
VALUES: .023392080567635614557 .076981765468833447 18
VALUES: .0071976 .0526054779888609140154116 15
VALUES: .0560357061112 .0015823605706874 0
VALUES: .06873579003585870145723 .0046662088960 19
VALUES: .0783688105592431 .04838330663004501411 22
VALUES: .0064744 .029719996948195620660715 22
VALUES: 0 .0079087 24
VALUES: .0883 .068 9
VALUES: .05363851377126726176852 .0559609369039 6
VALUES: 0 .0726924544136720836194399 13
VALUES: .00814831 .0663263904783703364 14
VALUES: .057624 .0786129549095902 16
VALUES: .03384451056687266346 .068180361638818951 11
VALUES: .012552071 .0291355764095521477073 6
VALUES: .0762767986572060 .08005645 17
VALUES: .0666636 .093029678 11
VALUES: .07 .05534752422 21
VALUES: .065555809872587167162 .01994201571679255 18
VALUES: .068 .018731975280384527351796 10
VALUES: .039835202 .01792935072861829 16
VALUES: .07659266041046 .00606851300 5
VALUES: .0989761196307316700999 .08 19
VALUES: .05072251468680857 .01823605706874 7
VALUES: .072031738765 .063137 19
VALUES: .074 .0808758678 2
VALUES: .09320057984283 .043381399252307927061 7
VALUES: .0417349507896543831540 .067640192263 16
VALUES: .0527519645990 .03146562905317769130998 19
VALUES: .08 .08444342 12
VALUES: .021118486305027847 .0764675364309147 15
VALUES: .042735942626077668421 .0051987487602044 14
VALUES: .0176302738 .044623483634699 16
VALUES: .04766 .09 25
VALUES: .02393224994277 .0668421454184786755168 11
VALUES: .0324254215304798962386511 .06099946 15
VALUES: .06702220187685969329 .00656 23
VALUES: .0485877775 .0841 12
VALUES: 0 .0070099 2
VALUES: 0 .0390218966 4
VALUES: .0951064316777294 .0293415732 17
VALUES: .0072190432 .05846189 14
VALUES: .0955 .017933928435187304493781 0
VALUES: .096662851911 .050984969863 22
VALUES: .065291828 .09347981994354161 15
VALUES: .081271076523994811932555 .095327687495 4
VALUES: .04472724498359655 .031035324635690852216 1
VALUES: .07125963225757228 .016205081254291599 23
VALUES: .04731 .05263 3
VALUES: .001532005798428 .024380865186541542687113 10
VALUES: .003132677195391775387 .08512855725947966 12
VALUES: .0994125276569 .038867 18
VALUES: 0 .026706340 23
VALUES: .09897917143511 .028163576714732585641 13
VALUES: .001969939 .087212939650 1
VALUES: .04437170 .0719264515144579232471 21
VALUES: .0263141832608529793240 .0722560463874265659 9
VALUES: .0459098191805905241 .03301594567788 21
VALUES: .0782375829 .08284 23
VALUES: .062792401007095445181963 .0075547417410543984130 16
VALUES: .07615 .01300679 24
VALUES: .006297398 .05825436789501792935 2
VALUES: .086573586633096 .0456961928740367742 1
VALUES: .0085893034256504158083466 .0542 14
VALUES: .072817578 .0893781948577096 24
VALUES: .07976653 .024414435034714274 23
VALUES: .088 .069306477454795147631 23
VALUES: .0173342488 .066492713817 25
VALUES: .0120851 .067463187609674219882 15
VALUES: .08030365453574425879 .01855039291 16
VALUES: .067441824979018844892042 .0785030899519340 14
VALUES: 838422217135881589990080.79734493018997 950774395361257343404286 10
VALUES: 287693598840314335851071 63492790112153810940718.636438544289 22
VALUES: 12558175020981155107957.56736095216296 933501182574196993972685.417303730830853 10
VALUES: 873792629892423895628289 500556954299229419394216.330144197756923 6
VALUES: 171908140688181887541008.4 445471885252155336842907.9 20
VALUES: 561135271229114213778896.211 58472571908140688181887.4 23
VALUES: 307743953612573434042877.54378576333 777965972381170366979475.8375829709315632867933165 6
VALUES: 167116807812619211108567.773678187 599908445868619821469443.2087434195468070 9
VALUES: 660105287251087205310138.95 309483482108796826123445.177660791943236438 3
VALUES: 301640344853894865339131.4 931212329289692530708780.63588921950102998 22
VALUES: 583260852979324025329975.765255207141222 546211947814145113298237.0367589837491 10
VALUES: 92790112153810940718699.8385442893110 785976958876935988403142.5725337605859464 7
VALUES: 87129015030136568245975.3458 117708094911116197451743.22554360265506981002 9
VALUES: 244357976653696498054474.463813229571984 929991607537956816968031.41913481345 20
VALUES: 946242465857938506141755.36717784390020599679560 408773937590600442511634.5954222934309 13
VALUES: 83955138475623712520027.3822842755779 3051804379339284351873.0418860151064316777294575 20
VALUES: 418768596932936598764018.807598 744396124208438239108872.3768368047608 20
VALUES: 272358281834134431982909.6231174181734950789 903379873350118257419698.493888761730373083085374 15
VALUES: 982406347753109025711450.9135271229114213778 23712520027466239414053.535454337376974 24
VALUES: 877531090257114518959333.82911421377889677271 347493705653467612726023.91435111009384298 10
VALUES: 290058747234302281223773.26605630579 672663462272068360418096.5273 12
VALUES: 835568780041199359121079.5031815060654612039 173785000381475547417410.370 18
VALUES: 39536125734340428778515 177615014877546349279011.0377660791 3
VALUES: 58579385061417563134203.03900205996795605 170962081330586709391927.8064545662623025 2
VALUES: 111345082780193789578087.9332112611581597 828122377355611505302509.280979629205767910276 5
VALUES: 903120469977874418249789.28532845044 702265964751659418631265 0
VALUES: 230182345311665522240024.18 256443121995880064087891.7 25
VALUES: 413015945677882047760738.1236438544 102311741817349507896543.7292286 20
VALUES: 211093308918898298619058.307255664911879 321263447013046463721675.11934081025406271457999 9
VALUES: 651010910200656137941557.295124742504 700709544518196383611809.7822384985122453 23
VALUES: 654810406652933546959639.23 382894636453803311207751.20022888532845044632 2
VALUES: 218219272144655527580681.86005951018 808865491721980621042190.3866788738841840238040 20
VALUES: 673563744563973449301899.0746623941405 425406271457999542229342.6 12
VALUES: 600152590218966964217593.05 382864118410009918364232.469810025 19
VALUES: 335271229114213778896772.3815976195925 762218661783779659723810.94145 15
VALUES: 77668421454184786755168.9159990 593713282978561074235140.9337148088 22
VALUES: 299244678416113527122911.12213321126115815976195 742992294193942168307010.777 7
VALUES: 788433661402304112306400.371252002746 390814068818188754100861.7439230945296406500343 2
VALUES: 87769893949797817959868.6846 268162050812542915999084.190524147402151522087434 0
VALUES: 907179369802395666437780.43103685 889799343862058442053863.45749599450675 3
VALUES: 319798580910963607232776.0592 210742351415274280918592.90743877317463950560 19
VALUES: 772442206454566262302585.6317692835889219501 97108415350576028076600.192813000686 3
VALUES: 543251697566186007476920.1861295490959 825635156786449988555732.751842526894026092927 6
VALUES: 120881971465629053177691.18910505836575875 68787670710307469291218.364110780498970016 24
VALUES: 372274357213702601663233.0144655 793499656672007324330509.620782787823300526436 16
VALUES: 594338902876325627527274.907301 495582513160906385900663.271869 9
VALUES: 855786984054322117952238.4056763561455 881483176928358892195009.4183566033417257 25
VALUES: 454139009689478904402227.363057907988097 624567025253681239032577.3871824216067750057 10
VALUES: 772259098191805905241473.2492 29541466392004272526131.0454566262302586404211 1
VALUES: 194811932555123216601815.6 476157778286411841000991.360265 16
VALUES: 627710383764400701915006.62032501716639963378347 53345540550850690470740 18
VALUES: 874540321965362020294498.2 642587930113679713130387.699519340810254062714 11
VALUES: 103837644007019150072480.250171663996337834 407110704203860532539863.787 16
VALUES: 82917524986648355840390.5480430304417 518211642633707179369801.877454795147631036850 6
VALUES: 467154955367360952162965.8 370534828717479209582665.380590524147402151522087 25
VALUES: 927885862516212710765239.020233463 457236591134508278019378.5005722 13
VALUES: 108522163729304951552605.36946 435172045471885252155336.4077 23
VALUES: 803540093080033569848171.92858777752346 340367742427710383764400.36154726 11
VALUES: 345998321507591363393606.123826 740718699931334401464865.3613641565575646601052872 23
VALUES: 542320897230487525749598.90835431448844129091 976089112687876707103073.71682307164110780 7
VALUES: 337453269245441367208361 85435263599603265430685 12
VALUES: 457129777981231403067062.9441062027924010070954451 898954757000076295109482.583154039826047150377660 21
VALUES: 252140077821011673151750.7206225680933852140077 593377584496833752956434.8991073472190 9
VALUES: 884351873044937819485770.0777294575417715724422064 191073472190432593270771.15248340581368 4
VALUES: 616006713969634546425573.5046921492332 367101548790722514686808.20846875715266651407644 23
VALUES: 904234378576333257038222.945616845960173952 96299687190051117723353.83671320668 16
VALUES: 483817807278553444724192.695399404898146028839551 719752803845273517967497.56360723 10
VALUES: 667063401235980773632409 995895323109788662546729.7586633096818493 15
VALUES: 618799114976729991607537.33 191790646219577325093461.3173266193 13
VALUES: 840009155413138017853054.77912565804531929503318 618677042801556420233462.4163424124 22
VALUES: 552040894178683146410314.5467612726024 8484016174563210498207.05644312199588 5
VALUES: 270664530403601129167620.084870679 984679942015716792553596.329732 2
VALUES: 722850385290302891584648.701121538109407186 822400244144350347142747.32744335088120851453 14
VALUES: 345983062485694666971846.7586175326161 107454032196536202029449.80480659189 1
VALUES: 475333791103990234225985.638 111039902342259861142900.6290226596475165941863 5
VALUES: 625482566567483024338139 304676890211337453269245.136690318 4
VALUES: 686778057526512550545509.3460288395513847562 505821316853589684901197.32739 16
VALUES: 229526207370107576104371.48024719615472648203 269153887235828183413442.929137102 0
VALUES: 344716563668268863965819.446234836346990157930 814373998626688029297321.2 2
VALUES: 871442740520332646677347 661783779659723811703669.13 5
VALUES: 455970092317082475013351.18818951705195 233371480888075074387731.51302357518 16
VALUES: 533958953231097886625466.77358663309681849393 691691462577248798352024.943465323 25
VALUES: 257038223849851224536506.952849622339 167483024338139925230792.538704509040970473 8
VALUES: 618844892042420080872815.433646143282215609979 83558403906309605554283.88683909361409933623 22
VALUES: 996902418554970626382847.8624856946669718471046 797177080949111161974516.63625 12
VALUES: 899916075379568169680322.591348134584573128862 87342641336690318150606.4587777523460746166170748 19
VALUES: 713679713130388342107270.21025406271457 520683604180971999694819.0 15
VALUES: 203616388189517051956969.35 906355382619974059662774.7097276264591439688715 17
VALUES: 400152590218966964217593.2520943007553215838864 988860914015411612115662.3971 23
VALUES: 479423208972304875257495.515083543144884412909 626337071793698023956663.75147631 13
VALUES: 916563668268863965819790.0348363469 543907835507743953612572.890 23
VALUES: 457373922331578545815212.7874570 166292820630197604333562.05236896314946211 18
VALUES: 641443503471427481498435.3088 374303807125963225757228.5 4
VALUES: 214084077210650797283893.88830395971618219272144 519798580910963607232775.85923552300 9
VALUES: 442435339894712748912794.24742 502693217364766918440527.4594644 21
VALUES: 195880064087891966124971.193453879606 792813000686655985351338.186358434 20
VALUES: 524376287479972533760585.42206454 445716029602502479591057.76 14
VALUES: 968459601739528496223391.112 382543678950179293507285.800411993591210 2
VALUES: 188845654993514915693903.83190661478 485038529030289158464941.912 9
VALUES: 363942931258106355382619.6101 376134889753566796368352.412 8
VALUES: .7905241 .215518425268940 12
VALUES: .94604409857328 .6401159685664148928053 13
VALUES: .9258869306477454795147 .9441824 15
VALUES: .0310368505378805218585 .79052414740215152208 8
VALUES: .0513008316 .5394522 11
VALUES: .535805294880 .345220111390859 0
VALUES: .559 .8330968184939345387960631 10
VALUES: .1277180132753490501258869 .56675 2
VALUES: .877943083848325322346 .2694743266956588082703 9
VALUES: .1304646 .9132524605172808 17
VALUES: .75931 .044098573281452658 7
VALUES: .49256122 .62868 5
VALUES: .428229190508888 .938384069581139 21
VALUES: .66492713 .93 14
VALUES: .9 .4690775921263447013046463 3
VALUES: .312535286488136 .798886 9
VALUES: .5050431067 .8569008926527809567406729 18
VALUES: 0 .86424048 9
VALUES: .2689402 .077866788738841 22
VALUES: .9900511177 .292149233234149 22
VALUES: .256275272755016 .8264591439688715 23
VALUES: .34122224765392538338292 .27782101167315175097 24
VALUES: .83144884412909132524605 .01441977569 5
VALUES: .787685 .4287632562752727550164 23
VALUES: .26 .485130083161669336 20
VALUES: .681681544213015945 .0045777065690089265278095 23
VALUES: .6358434424353398947 .21405355916685740444 10
VALUES: .15684748607614251 .04010070954451819638361 22
VALUES: .76334782 .671595330739 20
VALUES: .0936751354238 .931822690165560387579 4
VALUES: .21382467383840695 .092484931715877012283 21
VALUES: .260776684214541 .064850843060 12
VALUES: .9843900205996795 .38017853055619134 20
VALUES: .3812008850232700083924 .923842221713588158 20
VALUES: .9281910429541466392004 .9485465781643396 23
VALUES: .98 .3251544975967040 9
VALUES: .44708934157320515754940 .201144426642252231 2
VALUES: .92 .840177 7
VALUES: .545 .2437628747997253376058 9
VALUES: .4 .82212 6
VALUES: .9336385137712672617685206 .5438925 20
VALUES: .70 .777859159 25
VALUES: .5635614557106889 .6544747081712062256809 17
VALUES: .492256046387426 .6195 20
VALUES: .956984817273212 .322499427786678873884 10
VALUES: .84603646906233310444 .6043 21
VALUES: .41 .74860761425192645151 1
VALUES: .563 .56072327 9
VALUES: .6 .35329213397 11
VALUES: .1816739147020675974670023 .8653543 23
VALUES: .1947203784237430380 .086 18
VALUES: .713847 .089112687876707103 21
VALUES: .523643854428 .384176 5
VALUES: .2166 .5771877622644388 25
VALUES: .944106202792401 .65908 21
VALUES: .1906157015335317006179903 .44899 14
VALUES: .7079118 .0531013962005035 16
VALUES: .17299153124284733348592 .1874113069 2
VALUES: .94 .9319447623407 16
VALUES: .15761043717097734 .12 16
VALUES: 0 .4 13
VALUES: .55352101 .24699778744182497901 17
VALUES: .73075 .663324940871290150 25
VALUES: .11779964904249637598229 .50933089188982986 14
VALUES: .8622720683604180 .10615 11
VALUES: .29117265583276 .78 3
VALUES: .21 .0537422751201647974364 8
VALUES: .10525673304341191 .0497138933394369 14
VALUES: .917906462195773250934615 .2528114747844663157091 23
VALUES: .3037918669413290 .1844968337529564354924 16
VALUES: .200778210116731517509 .2166781 1
VALUES: .551583123521782253757534 .94358739604791332875562 3
VALUES: .57528038452735179 .6310521095597772182803082 15
VALUES: .51921 .540566109712367437247272 13
VALUES: .475684748607614251 .37999542 13
VALUES: .79981689173723964293888 .4422 10
VALUES: .07823300526 .24505989166094 13
VALUES: .722774 .81419089036392767 3
VALUES: .99604791 .304585336079957274 8
VALUES: .078110933089188982986190 .74938582436865 18
VALUES: .152117189288 .1437705043106736858167391 1
VALUES: .089845120927748 .0612497138933 3
VALUES: .88339055466544594 .3715724422 17
VALUES: .63451590753032730 .562218661783779659723811 9
VALUES: .3 .2082551308461127 5
VALUES: .52210269321736476 .013 18
VALUES: .650 .84786755168993667505912 19
VALUES: .979232471 .5 17
VALUES: .601602197299153124284733 .626291294728007934 22
VALUES: .81446555275 .893430991073472 0
VALUES: .78231479 .210650797283 9
VALUES: .667765316243228809 .975188830395971618219272 18
VALUES: .88191 .290852216372930495155 10
VALUES: .42960250247 .63930724040588998245212 11
VALUES: .54126802471961547 .31612115663385976958876 5
VALUES: .824444953078507667658503 .488273441672 20
VALUES: .01315632867933165484 .06193026626993209 13
VALUES: .085246 .09121690699626153 0
VALUES: .0151 .0846158541237506675822 20
VALUES: .098289463645 .0597451 2
VALUES: .05263599603265 .0731990539406424 13
VALUES: .01439993 .0804 11
VALUES: .0236514839398794537 .004103 6
VALUES: .047585259784847 .08845 16
VALUES: .051195 .0424124513618677 5
VALUES: .054410620 .04109864957656214236 6
VALUES: .008845654993514915693 .065310139620 12
VALUES: .04283512626840 .021016250858 11
VALUES: .07 .0919 24
VALUES: .06419 .016174 10
VALUES: .05784695201037 .0915846 13
VALUES: .06129396505 .0560 19
VALUES: 0 .0795117112993057145037 4
VALUES: .0286305027847714961470969 .0721660 7
VALUES: .057613488 .048227664606698710612 1
VALUES: .097 .018886091401541161211566 10
VALUES: .001872281986724 .05047684443427176 11
VALUES: .0908278019378957808 .01444571 22
VALUES: .0617975127794308384832 .06081330 17
VALUES: .0420 .029193560 5
VALUES: 0 .09109025711 20
VALUES: .0293 .0158388647287708 20
VALUES: .05 .006732280460 15
VALUES: .09860 .05794613565270 25
VALUES: .0394399938963912413214312 .0485 22
VALUES: .022587 .05 4
VALUES: .07153124 .0504509 10
VALUES: .07313954 .05201495384 13
VALUES: .0893049 .01624322880 12
VALUES: .08 .0859 1
VALUES: .0155718318455786984054322 .07495384145876249332 5
VALUES: .0793 .0776211184863050278477149 23
VALUES: .073574425 .0141130693522545204852 9
VALUES: .017602807660028 .091 11
VALUES: .02738231479362 .030919356069275959411 25
VALUES: .0349 .092867933165484092469672 21
VALUES: .066236362249 .043782711528191 22
VALUES: 0 .08199740 11
VALUES: .05943083 .084795910582131685 8
VALUES: .082935835 .05093614099336232547493 7
VALUES: .02341496910048 .04162813763637 7
VALUES: .068686961165789272 .055 2
VALUES: .0859967956054016937514 .02283360036621652552 1
VALUES: .0301915007248035400930 .0051102464332036316 23
VALUES: .084083314259 .042275120164797 22
VALUES: .009834439 .027380788891432 2
VALUES: .01056229 .00574807354848554 21
VALUES: .007881 .082 25
VALUES: .046477454795147631036850 .089436179140917 4
VALUES: .08947432669565880827038 .050592813000686655 6
VALUES: .050582131685358 .0173510337 7
VALUES: .0732906080720225 .0382589456015 5
VALUES: .0831 .00897 4
VALUES: .0312703 .0545098 11
VALUES: .0224307621881 .0262363622491798275730525 15
VALUES: .083042648966201266 .0400289921416037232 9
VALUES: .0883 .05178606851300 10
VALUES: .06892652 .06849 6
VALUES: .04010 .018536659800106813 19
VALUES: .052541390096894789 .084541084916456 17
VALUES: .071 .015411612115663385976 15
VALUES: .026553749904631113 .0822552834363317311360 17
VALUES: .0792278934920271610589761 .04 19
VALUES: .070386816205081254291 .053064774547951476310368 4
VALUES: .077962920 .034532692454413672083 13
VALUES: .09113298237582 .039613946746013580529 14
VALUES: .07962005035477225909819 .052 21
VALUES: .017886625467 .0101 10
VALUES: .0907 .01130388342107270923933 2
VALUES: .047762264438 .04 14
VALUES: .0743572 .002661173418783855954833 0
VALUES: .0897062638284885938811322 .00921 24
VALUES: .09158 .028256656748302433813 19
VALUES: .0184252689 .03150377660 16
VALUES: .0498970016 .05099412527656977 18
VALUES: .0111268787670710307469291 .0474250400549324788 14
VALUES: .01777676050965133134966 .0063477531090 2
VALUES: .003140306706 .09608148317692835889219 22
VALUES: .0246311131456473640039 .017735561150 2
VALUES: .058077 .01776913099870298313878 2
VALUES: .0943694209201190203707 .092281986 14
VALUES: .02960402838178072 .086079194323643854428 15
VALUES: .033958953231097 .05130540932326 16
VALUES: .024327 .0414190890363927672236 8
VALUES: .084600595101 .04125734340428 11
VALUES: .039673456931410696574 .03567559319447623 18
VALUES: .066230258 .054348058289463645380331 11
VALUES: 0 .0705333028152 8
VALUES: .08 .0475 24
VALUES: .0032150759136339360 .02386053 24
VALUES: .0172610055 .01208667124437323567 8
VALUES: 913099870298313878080414.132 144975967040512703135728.854795 10
VALUES: 300938429846646829938200.66 85145342183566033417257.86861982146944380 7
VALUES: 115022507057297627222094.948683909361409 825406271457999542229342.2737 1
VALUES: 401312275883115892271305.008010 81483176928358892195010.218356603341725795376516 21
VALUES: 213534752422369726100556.7407 799114976729991607537956.01785 15
VALUES: 913572899977111467154954.4537 788113221942473487449453.70185397116044861 8
VALUES: 668421454184786755168992.99908445 415091172655832761120011.7921263447013 16
VALUES: 16098268101014724956130.2959487296864271000228885 673899443045700770580605.1092 7
VALUES: 847440299076829175249865.6361181048294804303044174 283482108796826123445486.860 3
VALUES: 528923476005188067444876.254474708171 149813076981765468833447.6261 13
VALUES: 427908751049057755397878.568 299015793087663080796520.64399 5
VALUES: 282078278782330052643625.26152437628747997253376 984252689402609292744334.103868 17
VALUES: 232654306858930342565041.3481803 782864118410009918364232.0698100251773861295490959 12
VALUES: 145708400091554131380178.384847791256580453 835202563515678644998854.73815 5
VALUES: 496452277409018081940947.08880750743877 577798123140306706340123.020279 20
VALUES: 235751888303959716182192.48569466697184710460059 441458762493324177920194.874021 3
VALUES: 778835736629282063019759.6545204852368963149462119 433386739909971770809490.6782330052643625543602655 2
VALUES: 348165102616922255283435.98356603 420096131837949187457083.580819409475852597 4
VALUES: 695750362401770046540016.08 985870145723659113450826.8160677500572213 21
VALUES: 72770275425345235370412.683772030212863355458 427405203326466773479819.516136415655756466010528 12
VALUES: 594186312657358663309681 964934767681391622796977.7487296864271000 22
VALUES: 111848630502784771496146.985122453650720988784618 246066987106126497291523.367269398 12
VALUES: 426077668421454184786754.742915999084 395956359197375448233767.8195010299839780270084687 6
VALUES: 148775463492790112153810.79194 273823147936217288471808.68322270 10
VALUES: 482413977264057373922331.096131837949187 331990539406424048218508.8615701533531700617 21
VALUES: 275104905775539787899595.3608148317692835889219501 706141756313420309758143 22
VALUES: 568139162279697871366444.84271000 270344090943770504310673.4154726482032501 19
VALUES: 584649423971923399710077.9993133440146486610 344533455405508506904707.0637216754406 22
VALUES: 704036011291676203555351.3978942549 567437247272449835965514.0430762188143 6
VALUES: 390524147402151522087433.8049439230945296406 344731822690165560387578.811444266422522316 23
VALUES: 502891584649423971923399.2071869993133440 71457999542229343099107.27576104371709 23
VALUES: 26550698100251773861295.464408331425 827954528114747844663156.26367589837491416800183 4
VALUES: 101228351262684061951628.79935912108033875 495796139467460135805294.384802014190890 22
VALUES: 183047226672770275425345.05232318608377203021 911680781261921110856793.16781 5
VALUES: 214084077210650797283893.88830395971618219 271442740520332646677347.71055161364156557 8
VALUES: 70450904097047379262989.17 410742351415274280918592.70 17
VALUES: 648691538872358281834133.783 976729991607537956816967.05561913481345 19
VALUES: 612649729152361333638513.1586 583016708628976882581825.921904325932707 21
VALUES: 157900358587014572365911.18718242160 960692759594110017547874.22050 17
VALUES: 738307774471656366826885.65827420462 426657511253528648813610.62 24
VALUES: 214129854276340886549171.9839 138506141756313420309758.005996 7
VALUES: 843610284580758373388264.96 361821927214465552758067.846005951 16
VALUES: 495246814679179064621957.237262531471732661936 170824750133516441596093.5195 8
VALUES: 788769359884031433585106.40585946 429449912260624093995574 25
VALUES: 12314030670634012359807.72401007 426886396581979095140001.099015793087663080796 2
VALUES: 365133134966048676279850.096 448737315938048371099412.07891966124971389333943 16
VALUES: 65964751659418631265735.80036621652552071412222 74738689250019073777370.7957885 22
VALUES: 71000228885328450446326.319478141 48386358434424353398947.0791 4
VALUES: 93446250095368886854352.542549782558937972075989 710368505378805218585487.95 16
VALUES: 687403677424277103837643.319615 799176012817578393224993.47 2
VALUES: 35919737544823376821545.7029983978027008468 471152819104295414663919.5715724422064545662623 1
VALUES: 507072556649118791485465.27457 314503700312809948882276.33 17
VALUES: 286213473716334782940413.2332799 115205615320057984283207.3311970702677958342870 9
VALUES: 721126115815976195925840.432455939574273289 202258335240711070420385.8509 15
VALUES: 884779125658045319295032.30359349965667 918516823071641107804988.781643396658274 3
VALUES: 591546501869230182345311.07397573815 154451819638361181048294.64985122453650720988784 0
VALUES: 543389028763256275272754.4730144197756923781 114366369115739681086442.24467841 3
VALUES: 13870450904097047379262.9753719386587319752803845 654230563820859082932783.35431448844129 11
VALUES: 408133058670939192797741.25662623025864042114 72068360418097199969481.8 15
VALUES: 152132448310063324940871.13801785305561913 477561608300907911802852.95953 15
VALUES: 567071030746929121843289.278049897001602 378530556191348134584572.75033188372625314717 9
VALUES: 311314564736400396734569.0027924 790722514686808575570305.15 3
VALUES: 119478141451132982375829.5898374914 476523994811932555123216.125291828 24
VALUES: 767910276951247425040054.16456855115587090867475 5737392233157854581521.318745708 2
VALUES: 563118944075684748607613.6888075 62668802929732204165712.9 8
VALUES: 690119783321889066910810.32689 816815442130159456778819.66079194 3
VALUES: 670023651483939879453726.346074616617074845 279453727016098268101014.44550 0
VALUES: 317601281757839322499427.46907759212634470 645212481879911497672998.515541313801785305561913 21
VALUES: 995468070496681162737467 819165331502250705729761.90304417 3
VALUES: 374135957885099565117875.57001602197299153124 500785839627679865720606.808285648889906157015335 8
VALUES: 559411001754787518120087.942 457724879835202563515678 3
VALUES: 431921873807888914320591.6181 985687037460898756389714.433554589150835431448844 20
VALUES: 917067215991454947737849.0867475394 270420386053253986419470.241519798 0
VALUES: 747600518806744487678339.0708171206225680933 976623178454261081864651.4991531242847333485 19
VALUES: 830823224231326771953916.92304875257495 629678797589074540321964.73234149691004806591 15
VALUES: 126375219348439765011062.6644998855573 129655909056229495689326.1845273 12
VALUES: 514595254444190127412832.3228198672465094987411306 425589379720759899290455.0562 15
VALUES: 897169451438162813763636.8536507209887846 250736247806515602349889.12135500114442664 2
VALUES: 932600900282291905088882.869947356374456397 728770885786221103227282.40238040741588 4
VALUES: 593881132219424734874493.95101853971160448 376531624322880903334095.9078965438 8
VALUES: 656977187762264438849469.0920119020370 456565194171053635461966.43135728999771 20
VALUES: 111421377889677271686884.75925 427252613107499809262.225864042114 14
VALUES: 272831311512932021057449.94460975 915709163042648966201265.583108262760 8
VALUES: 155550469214923323414968.94493018997482 796276798657206073090714.0888 4
VALUES: 158052948805981536583504.8 512550545510032806897077.38 10
VALUES: 440436408026245517662317.40498970016021 507362478065156023498893.213550011444266422 1
VALUES: 482459754329747463187609.19176012 987518120088502327000838.258686198214694438 6
VALUES: 907713435568780041199358.2133669 466727702754253452353703.66 1
VALUES: 819638361181048294804302.22453650 768307011520561532005797.6600137331197070267795 4
VALUES: 133363851377126726176851.9304188601510643167772945 823514152742809185931180.987731746 14
VALUES: 51499198901350423437857.5818265049210 314000152590218966964217.27965209430075532158 16
VALUES: 552162966353856717784389.4684367132066834515 623010605020218204013122.13582 17
VALUES: 976150148775463492790111.17 67460135805294880598153.5908903639276722 13
VALUES: 945937285420004577706568.062989242389562829022 417624170290684367132066.416891737239642 9
VALUES: 331990539406424048218508.861570153 751171129930571450370030.5298237582970 0
VALUES: 684946974898908979934385.5208972304875257495994506 557595178149080643930723.4829 9
VALUES: 855268177309834439612419.98855 809308003356984817273211.9777523460 25
VALUES: 640131227588311589227129.90080109864 591729610131990539406423.45648 22
VALUES: 942595559624628061341267.082124055848020141908903 672861829556725413900968.275028610666056 19
VALUES: 208331425955596246280613.20 878889143205920500495917.33275349050 25
VALUES: .744365 .38332 3
VALUES: .35397 .674784466315709163042648 23
VALUES: .63305104142824 .702327000 22
VALUES: .8425574120 .3365529 13
VALUES: .4049897001602197299153 .9494621194781414511 14
VALUES: .31474784466315709 .63236438544289311055 19
VALUES: .32632944228 .2017090104524 21
VALUES: .925932707713 .883100633249408712901503 5
VALUES: .2973220416571 .425009536888685435263 2
VALUES: .8991226062409399557 .468528267338063630 25
VALUES: 0 .87 7
VALUES: .1306 .8787365529869535362 13
VALUES: .091676203555 .878583962767986 5
VALUES: .468009460593 .39707026779 18
VALUES: .3891660944533455405508 .6444 17
VALUES: .18094 .6597085526817 17
VALUES: .9853208209353780422 .3467917906462195773 24
VALUES: .2613870450904097047379 .6 21
VALUES: .2312 .40796520943007553215838 14
VALUES: .4077363241016250 .255771725032425421530479 3
VALUES: .1410543984130617 .48059815365835049973 20
VALUES: .62729839017 .60 22
VALUES: .55173571374074 .704844739452 24
VALUES: .963042648966201266 .7693751430 9
VALUES: .536 .09800869764 13
VALUES: .6643930724 .18515297 5
VALUES: 0 .33485923552300297 12
VALUES: .1631647211413 .286121919584 9
VALUES: .5867551689936675 .590814068818188 21
VALUES: .8953994048981460288395 .41 6
VALUES: .03907835507743 .34 17
VALUES: .32997634851 .94158 3
VALUES: .761486228732738 .8400091 2
VALUES: .136034180209048599 .56440070 5
VALUES: .9997405966 .6013885709925993743 13
VALUES: .071137560082398 .4682230 13
VALUES: .354528 .360708018616006713 20
VALUES: .51 .428671702143892576485847 21
VALUES: .06469825284199282825 .03553 4
VALUES: .002304112306 .65 7
VALUES: .8466468299382009613183 .890516517891203 12
VALUES: .7 .196353 13
VALUES: .929594872968642 .9122606240 0
VALUES: .2269779507133592 .899 15
VALUES: .913756008239871824216 .364156557564660105287251 19
VALUES: .967650873579003585 .5 19
VALUES: .915 .59392690928511482413 18
VALUES: .6326543068589303425 .0165865568017090104 9
VALUES: .4392614633401998 .604867627985046158541237 0
VALUES: .717082 .9649347676813 0
VALUES: .7 .95115587090867 4
VALUES: .713 .657297627 6
VALUES: .8080109 .9484245 14
VALUES: .34110017547 .501350423437857 2
VALUES: .9947508964675364309 .8053711 10
VALUES: .6487830 .7407797360189211 18
VALUES: .4944533455405508506 .40315861753 3
VALUES: .840985 .9506981002517738612 11
VALUES: .69347676813916227 .596841382467 1
VALUES: .597299153124284733348592 .94724956130312046997787 17
VALUES: .978027008468757152666514 .6741893 21
VALUES: .1714351110093 .146364538033 8
VALUES: .8114442664 .8340123598 4
VALUES: .539284351873044 .9159227 2
VALUES: .11859311818112458991378 .1039291981383993 2
VALUES: .65847257190814068818188 .0873426413366903181 14
VALUES: .73101396200503547 .1706263828488593881132219 22
VALUES: .8588 .7143663691157396810864423 3
VALUES: .897383077744716563 .5043564507515068284 2
VALUES: .82795452811474784466 .01683 17
VALUES: .9774929427023727 .4568245975 4
VALUES: .218554970 .3 0
VALUES: .714702067597 .082 18
VALUES: .032974746318760 .82 11
VALUES: .144 .46366063 9
VALUES: .943755245288776989 .052994 17
VALUES: .50371557183184 .3242389562829022659 3
VALUES: .90826 .45 16
VALUES: .86907759212634470130 .31726 5
VALUES: .512642099 .728 24
VALUES: .31534294651712 .75378042267490 18
VALUES: .8 .68554 24
VALUES: .9054856183 .2496375982299534599832150 8
VALUES: .38767 .1776150148 2
VALUES: .82223239490348668 .260776684214541 23
VALUES: .9721 .68787670710307469 19
VALUES: .9 .637689 14
VALUES: .16218814373998626688029 .3588616769665064469 20
VALUES: .87609674219882505531 .3689173723964 7
VALUES: .3861600671396963 .519645990 11
VALUES: .552941176470588235294117 .5392996108949416 19
VALUES: .05196307316 .047 8
VALUES: .06022735942 .00758220798046845 9
VALUES: .0324711985961 .055292 18
VALUES: .0457 .0840634775310902 9
VALUES: .07118791485465 .0286381322 7
VALUES: .0237750820172426947 .089 16
VALUES: .06922560 .0136720 20
VALUES: .04807660028 .01153276874 9
VALUES: 0 .06044403753 11
VALUES: .0268863965819790951 .08089112 16
VALUES: .048760204 .0191851682307164 6
VALUES: .092924391546501869 .024899671931029221 11
VALUES: .01713893339436942092 .0780163271534294651712 25
VALUES: 0 .059769588769359884031433 2
VALUES: .0488044556343938353 .019815365835049973296 2
VALUES: .0276997024490 .03668421454184786755 16
VALUES: .0956343938353551537346 .022438391699092 8
VALUES: .033127336537727931 .036871 10
VALUES: .06087891966 .04302891584649423971 8
VALUES: .02532845044632639 .0724162661173418783 0
VALUES: .09184405279621 .036627756160830090 12
VALUES: .088126955062180514 .09950 15
VALUES: .07924620431830319676 .0778377965972 7
VALUES: .09556572823682001983672 .029868009460593 18
VALUES: .013147173 .0063 15
VALUES: .0887357900358587014572 .0584 1
VALUES: 0 .0626 0
VALUES: .02 .01938353551537346 3
VALUES: .093368 .01008621 1
VALUES: .0488990615701 .00406652 21
VALUES: 0 .068 3
VALUES: .06380 .06080262455 17
VALUES: 0 .024916456855115587 22
VALUES: .055524528877698939497978 .06051575494010833 12
VALUES: .09727473868925001907 .0887632562752727550164034 18
VALUES: .06130769 .0526955 12
VALUES: .03071335927367 .0126283665217059586480 25
VALUES: .03783 .067878233005264362554360 12
VALUES: .0998062104219 .0272938124666208 23
VALUES: .01898832684824902 .0175646601052872 9
VALUES: .0843106736858167391470 .03925383382925154497596 9
VALUES: .018374914168001831082627 .05073777370870527 10
VALUES: .0129518577859159227893492 .0552742809185931181811245 9
VALUES: .0568139162279697871366445 .04 2
VALUES: .0549 .0971541924 7
VALUES: .000570687 .0029022659647516594186 2
VALUES: .00483863 .05678339818417639429 4
VALUES: .0788738841840238040741588 .0425146868085755703059 24
VALUES: .0250934615091172655 .084858472571 7
VALUES: .092704661631 .062755779354543 1
VALUES: .001606775005 .032164492256046387426565 8
VALUES: .0607888 .021025406271 21
VALUES: .0155977 .0925200274662394 1
VALUES: .04264438849469748989089 .013 25
VALUES: .06096894789044022278171 .060544747081712062256 7
VALUES: .09 .062 23
VALUES: .081997405966277561608300 .067 13
VALUES: 0 .0010742 0
VALUES: 0 .05 2
VALUES: .038 .030077058060578316 9
VALUES: .033347066 .05063553826199740596627 11
VALUES: .059037 .0639551384 16
VALUES: .06194857709 .076 13
VALUES: .0729594872968642710 .011 13
VALUES: .07 .07861905851834 2
VALUES: .047022201 .03335927367055 3
VALUES: .065737 .04994277866 16
VALUES: .003 .0678492408636606393530174 12
VALUES: .0328542000457770656900892 .066974898908 16
VALUES: .071941710536354619668 .0953933012893873502 12
VALUES: .01060044251163500419623 .006402685587853818 23
VALUES: .042 .02011749446860456244754 8
VALUES: .05 .0441046768902113374 20
VALUES: .0433 .01793545433 15
VALUES: 0 .05 8
VALUES: .09294270 .08067139696345464 15
VALUES: .0997 .04945906 14
VALUES: 0 .09866941329060 25
VALUES: 0 .07694209201190203707942 3
VALUES: .0494224460212 .080175478751812008850 1
VALUES: .04521705958 .088960097 0
VALUES: .0582589456015869382772 .051799801632715 16
VALUES: .01142748149843 .039491874570840 0
VALUES: 0 .07623102159151 18
VALUES: .079761959258 .0812115663 0
VALUES: .05216754406042572671091 .0727077134 2
VALUES: .05031967650873579003585 .05952239261 8
VALUES: .066 .03131609 24
VALUES: .04559 .0237979705 22
VALUES: .0752285038529030 .04126802471961 7
VALUES: 738261997405966277561607 906569008926527809567405.82265964751659418631 25
VALUES: 178652628366521705958647.87200732433 65644312199588006408789.1309 23
VALUES: 73929961089494163424124.4396887159 354619668879224841687647.46715495536736095 15
VALUES: 871168078126192111085678.53678187228198672 878660257877470054169526.8546120393682764 5
VALUES: 138078889143205920500495.7801327534905 976897840848401617456320.072922865644312 22
VALUES: 288609140154116121156633.57116044861524376287479 315114061188677805752650.93994048 0
VALUES: 60944533455405508506904.6464637 755352101930266269932096.5972075989 1
VALUES: 806958113984893568322269.73550011444 838361181048294804303043.336 20
VALUES: 2624551766231784542610.816021 12222476539253833829251.53275 6
VALUES: 543907835507743953612572.8901350423 384130617227435721370259.782192 7
VALUES: 848050659952697032120240.244495307850766765850 104371709773403524834058.032501 12
VALUES: 611902037079423208972304.263355 624002441443503471427480.87443350881 24
VALUES: 316197451743343251697565.86981 228519111924925612268253.37 20
VALUES: 175432974746318760967421.81281757839 454871442740520332646676 21
VALUES: 842389562829022659647515.7517967498283 793270771343556878004119.14264133669 0
VALUES: 594155794613565270466162.52478828107118333 396749828336003662165254.810 3
VALUES: 725841153582055390249484.282169832913710231174181 100556954299229419394216.73014419775692 9
VALUES: 517891203173876554512855.20805676356145571068894 621362630655374990463110.69320210574502174 18
VALUES: 880827038986800946059356.714351110 75852597848477912565804 6
VALUES: 326070038910505836575875.160311284 154451819638361181048294.6498512245365072098878461 25
VALUES: 442618448157473105973906.62993820096131837 455176623178454261081864.197 6
VALUES: 999374380102235446707865.02641336 290516517891203173876554.2223392 0
VALUES: 350133516441596093690394.095582513160 436636911573968108644235.4678416 24
VALUES: 9948882276646066987106.11654840 437827115281910429541465.95 20
VALUES: 211520561532005798428320.53311970702 99565117875944151979857.9915312428473334859235 8
VALUES: 810315098802166781109330.081574731059 631937132829785610742350.783337 11
VALUES: 707698176546883344777599.04815747310597390 309193560692759594110017.2386816205081254291599 2
VALUES: 843518730449378194857708.77729457541771572442206 817380025940337224383916.1735408560311 18
VALUES: 536766613260090028229189.9721217669947356 63599603265430685893034.192904554818036163881895 20
VALUES: 155580987258716716258487.675349050125886 45960173952849622339208.0108033 14
VALUES: 942549782558937972075988.9864957656214236 460395208667124437323567.09892423895628 1
VALUES: 361654077973601892118714.828702220187685969329 794430457007705806057830.89855802 13
VALUES: 714442664225223163195238.4707255664 597146562905317769130998.10 14
VALUES: 926619363698786907759211.707850766765850 482276646066987106126496.8092469672693980315861 19
VALUES: 369939726863508049134050.13742275120164797436 330235751888303959716181.8624856946669718471 21
VALUES: 155794613565270466163118 6866559853513389791714.3442435339894 13
VALUES: 57190814068818188754100.8 900144960708018616006713.06948958571755550469214 6
VALUES: 846173800259403372243838.32373540856031 436484321355001144426641 21
VALUES: 776440070191500724803539.3 986358434424353398947126 12
VALUES: 638559548332951857785915.28422 711161974517433432516974.95069810025177386129549 11
VALUES: 897154192416266117341877.4884412909132524605172808 724986648355840390630959.83044174868390 6
VALUES: 471107042038605325398641.4759441519798580910963 237277790493629358358129.0066376745250629 24
VALUES: 867658503089951934081024.538 282612344548714427405203.043854428 5
VALUES: 60624093995574883649957.97706569008926527 423682001983672846570534.4050 2
VALUES: 577508201724269474326695.081300 482505531395437552452887.2873884184023804074 15
VALUES: 724773022049286640726328.7175097276264591439688 668879224841687647821773 12
VALUES: 788876173037308308537421.9623254749370565 825757228961623559929807.6735 18
VALUES: 118257419699397268635080.3730 17242694743266956588082.6866559853513389791 8
VALUES: 356359197375448233768215.10102 488960097657740138857098.770977340352483405813 24
VALUES: 369893949797817959868772.041794460 649485008010986495765620.77418173495078965438315 6
VALUES: 295216296635385671778438.7068436713206 609384298466468299382009.00379949645227740901 21
VALUES: 867002365148393987945371.83460746166170748455024 267704280155642023346303.2342412451361867 15
VALUES: 185671778439002059967955.868345159075303273 25635156786449988555733.551842526 9
VALUES: 322667277027542534523536.718 776379034103913939116501.8558022430762188143739986 13
VALUES: 264393072404058899824520.98379491874570 145662623025864042114900 3
VALUES: 435873960479133287556267.2 340169375143053330281528.61382 1
VALUES: 178210116731517509727626.280933 616250858319981689173723.34 3
VALUES: 763561455710688944838635.079880979629205 451987487602044708934156.8 14
VALUES: 623697261005569542992293.5702449073014 805416952773327229724573.84934767681391 4
VALUES: 236102845807583733882657.88551155 48508430609597924773022.0007782101167315175 12
VALUES: 611749446860456244754710.611261158159761959258411 560997940032043945983061.924696726939803 6
VALUES: 99687190051117723353932.913206 58442053864347295338368 24
VALUES: 393713282978561074235141.133714808880 610818646524757763027389.333485923552 25
VALUES: 317586022735942626077668.10 193148699168383306630044.8209658960860608 19
VALUES: 71259632257572289616235.528038452735179674982833 734477759975585564965284.990707255664911879148 25
VALUES: 650247959105821316853589.03465323 857022964827954528114746.9876401922636758983 12
VALUES: 760570687418936446173799.498832684824902723735408 638849469748989089799343.223 22
VALUES: 129930571450370031280994.75829709315632 652414740215152208743418.894392309 3
VALUES: 843823910887312123292896.0814831769283588921 499885557335774776836804.260929274433508812085145 7
VALUES: 951003280689707789730677.3125 815594720378423743038070.444037537193 25
VALUES: 523231860837720302128633.0 313984893568322270542457.9144426642 3
VALUES: 17303730830853742275120 901029983978027008468756.25163653009842 8
VALUES: 516060120546272983901731.38292515449759670405 946242465857938506141755.3671778 25
VALUES: 451575494010833905546654.00 742198825055313954375523.78667 11
VALUES: 700801098649576562142365.9 242069123369192034790569.682398 1
VALUES: 873960479133287556267642.370107576104371709 123964293888761730373082.961 17
VALUES: 857572289616235599298084.135 207263294422827496757457.6396 20
VALUES: 62531471732661936369878.628244449530 277164873731593804837109.664087891966 20
VALUES: 673105973907072556649118.11837949187457 535896849011978332188906.155184252689402 22
VALUES: 675104905775539787899594.96081483176928358892195 965484092469672693980314.8962691691462 0
VALUES: 8026245517662317845426.1001602197299 414145113298237582970931.1491416 12
VALUES: 461661707484550240329594.4 331105516136415655756465.679423 18
VALUES: 288670176241702906843671.03199816891 582116426337071793698023.3745479514 15
VALUES: 488929579613946746013580.04055848020141 825711451895933470664529.57788967727168 25
VALUES: 820523384451056687266345.406683451590 243091477836270695048447.1514305333028152895399 25
VALUES: 416205081254291599908445.4 660425726710917830167085.62934309 12
VALUES: 82642862592507820248721.974273289082169 94102388036926832990005.2465552 0
VALUES: 610971236743724727244982.985580224307621 745464255741206988632027.94149691004 12
VALUES: 279972533760585946440832.86262302586 944365606164644846265353.4464179446097505 21
VALUES: 493614099336232547493705.15985351338979171435111 656015869382772564278629.0838178072785534 23
VALUES: 145403219653620202944991.0806591897459372854 695262073701075761043716 6
VALUES: 465140764476997024490729.6790569924467 218036163881895170519569.477546349279011215 22
VALUES: 981933318074311436636910.592034790569 958724345769436179140916.1084916456855115587 17
VALUES: 760189211871519035629815.36859 296818493934538796063172.0538 16
VALUES: 661051346608682383459219.60292973 534218356603341725795375.982146944380865186541 9
VALUES: 490821698329137102311741.326527809567406729 284489204242008087281604.9 3
VALUES: 268116273746852826733806.094895857175 278812848096437018387121.10670634012359807 3
VALUES: 138811322194247348744945.310185397116 442206454566262302586403.76928358892 0
VALUES: 282261387045090409704737.64403753 919478141451132982375828.789 18
VALUES: 40939955748836499580376.85690 796215762569619287403676.62806134126802 11
VALUES: .45908293278400 .658487 8
VALUES: .5709 .438147 23
VALUES: .46550698100251 .65424582284275577 7
VALUES: .123109788662546730 .540413 12
VALUES: .662363 .16452277409018 17
VALUES: .9836881055 .58 8
VALUES: .9 .25468 25
VALUES: .7042496 .007843137 11
VALUES: .1495841916533150 .972686350804913405 0
VALUES: .3638056000 .880125 0
VALUES: .10 .091935606927595941100175 10
VALUES: .01200885023 .6414892805371 4
VALUES: .37444113832303 .661387045 8
VALUES: .4725261310 .2 5
VALUES: .68474860761425192 .3073472190 6
VALUES: .6108796 .24 18
VALUES: .746562905317769 .32410 8
VALUES: .97218280 .601312275883 8
VALUES: .75875486381 .44032959487296864 15
VALUES: .6826 .9459983215 21
VALUES: .64 .59501029983 7
VALUES: .0836041809719 .9219043259327077134355687 5
VALUES: .67286182955 .56121156633859769 24
VALUES: .207400625619897764553292 .12730601968413824673838 22
VALUES: .676020447089341 .32127870603494316 23
VALUES: .2399176012817578393224 .8277714 25
VALUES: .85369649805 .503150988 3
VALUES: .3007400 .4989700160219729 4
VALUES: .60068665598535133897 .52730601968413824673 6
VALUES: .280857557 .6 2
VALUES: .9267719539177538719768 .466 2
VALUES: .23959 .2738689250019073 8
VALUES: .5075608453498130769 .8606698710612649729152361 20
VALUES: .66974898908979 .2318608 13
VALUES: .397711146715495536736 .887525749599450675211 18
VALUES: .1298847943846799420 .97184710460059 0
VALUES: .29021133745326924544 .1827878233005264362554360 2
VALUES: .69123 .519859616 23
VALUES: 0 .67013046463721675440604 21
VALUES: .942488746471351186388952 .39691767757686732 20
VALUES: .847791256580453192950331 .67215991454947737 25
VALUES: 0 .966063935301747158 4
VALUES: .19815365 .22897 13
VALUES: .76838330663004 .7888914320592 6
VALUES: .61084 .143862 18
VALUES: .9969329365987640192263675 .6384222171358815899 1
VALUES: .89112687876707103074 .7960479133 23
VALUES: .91622796978 .6876478217746242465857 10
VALUES: .981551842526894 .4 19
VALUES: .2207 .481452658 7
VALUES: .0506904707 .75242236972 24
VALUES: .11473 .1637445639734493 10
VALUES: .07254139009689 .49 11
VALUES: .063645380 .311161974517433432516 1
VALUES: .86860456244754711223 .35494010 14
VALUES: .75989929045548180 .950453955901426 21
VALUES: .6542915999084 .8373388265812161440451667 24
VALUES: .5905088883802 .5205767910276951 7
VALUES: .70 .98551918822003 2
VALUES: .0493934538796063172350 .47080 17
VALUES: .09456 .92504 11
VALUES: .84148928053711757076 .9402304112306401159685 17
VALUES: .5535362783 .3028763 9
VALUES: .81565575646601 .549584191 17
VALUES: .06926070 .800610360 24
VALUES: .793194476234073395895323 .89733730067902647 5
VALUES: .701197833218890 .5 0
VALUES: .1731746395 .1836 23
VALUES: .92610055695429922941939 .266422522316319 20
VALUES: .87112230106050202 .41 17
VALUES: 0 .086152 5
VALUES: .303730830853742 .650507362478065 24
VALUES: .26297398336766 .21937895 21
VALUES: .758419165331502250 .283100633 6
VALUES: .5605096513 .1234760051880674448 8
VALUES: 0 .02 13
VALUES: .581704432 .085481040665293354 2
VALUES: .893614099336 .24269474326695658808 1
VALUES: .99394216 .23521782253 13
VALUES: .220508125 .0684367132066834515 25
VALUES: .1104753185320 .933775844 1
VALUES: .324940871290150301 .502128633554589150835431 18
VALUES: .89100480659 .933730067 22
VALUES: .689 .7021744106202792 25
VALUES: .1402609292744335088120 .261081864652475776302 4
VALUES: .0882429236285954070344 .83154039826 15
VALUES: .8 .98609 24
VALUES: .4375982299534599832150 .80 5
VALUES: .23295948729 .2800946059357595 5
VALUES: .233951323720149 .8145418 11
VALUES: .22121004043 .16820019836728465705348 6
VALUES: .052 .0906233310 6
VALUES: .6927443350 .0635843442435339894 25
VALUES: .601373311 .653192950331883726253 24
VALUES: .86294346532387 .52478828 10
VALUES: .364187075608453498130 .53386739 22
VALUES: .80538643472953383688 .8181 14
VALUES: .00826581216144 .0848554207675288014038 3
VALUES: .074392309452964065003 .062891584649 4
VALUES: .0994 .044582 0
VALUES: .0727306019684138246 .05878538185702296 21
VALUES: .039734493 .033 5
VALUES: .0797024 .016160830090791 18
VALUES: .04021 .03212 17
VALUES: .0534355 .0158068207827878233005 16
VALUES: .0591012436 .00301670862 5
VALUES: .0133 .0584313 0
VALUES: .03050736247806515602349 .0826443884946974898908 11
VALUES: .0562523842221713 .042053864347 14
VALUES: .05719 .0141115434500648 7
VALUES: .026570534828717479209582 .048699168383 7
VALUES: .049 .018 16
VALUES: .0830960555 .0302784771496147096971 0
VALUES: .0755596246280613412680 .019011215381094071869993 25
VALUES: .0218295567254139009 .06995345 3
VALUES: .033163 .05582055390249485008010 16
VALUES: 0 .034921797512 0
VALUES: .07716182192721 .083588921 24
VALUES: .004650949874 .03582 24
VALUES: .04889600976577401 .0515770199 4
VALUES: .049172 .081 7
VALUES: .0002410925 .0634180209048599984740 17
VALUES: .0872739757381551842526894 .03558861676 21
VALUES: 0 .086585793850614175 2
VALUES: .075806820 .00370946822308690 9
VALUES: .0467643244068055237 .044 19
VALUES: 0 .0445181963836118 1
VALUES: .0259006637674525062 .071424 24
VALUES: .0563 .0740154116121156 20
VALUES: .033012893873 .0818966964217593652246 19
VALUES: .0099397268635080491 .03700 1
VALUES: .0652765697718776226443884 .0053498130769 12
VALUES: .002 .0609063859006637674525 4
VALUES: .0056198977 .0737 0
VALUES: .02997177080949111161974 .09647 21
VALUES: .037201495384145876249332 .0361623559929808499 15
VALUES: .036287479972533760585946 .09801 21
VALUES: 0 .01702906843671320668 0
VALUES: .037097734035248340 .07423361562523 19
VALUES: .098 .0090669108110170138 1
VALUES: .039282825 .03727168688487067978 19
VALUES: .08159914 .04737926298924238956282 20
VALUES: .027847 .07492942 3
VALUES: 0 .0180163271534294651712 16
VALUES: .0273716334782940413519493 .02634012359807736324 15
VALUES: .06377508201724269474 .0860 1
VALUES: .06946974898908979 .083 7
VALUES: .079481193255512321660 .0253376 16
VALUES: .082 .05341 8
VALUES: .06551461051346608682 .0475471122301060502021 6
VALUES: .09952697032120241 .0883619439 18
VALUES: .0371114 .060875867856870374 12
VALUES: .07827878 .09740 10
VALUES: 0 .02101014724956130312 21
VALUES: .06623178454261081 .025642786 6
VALUES: .08070191500724803 .05463187609 13
VALUES: .0532158388647287708857862 .002841229877164873 23
VALUES: .0291096360723277637 .04316014343480582894636 10
VALUES: .099826047 .067321278 22
VALUES: .0927809567406729228656443 .017062638284885938811322 13
VALUES: .0843259327077134355 .071401541161211566338597 5
VALUES: .084235904 .059888609140154 12
VALUES: .09495078 .0846692607 23
VALUES: .00793469138 .0503135728999 15
VALUES: .0627435721370260166 .0503181 12
VALUES: .06851148241397 .02390478370 19
VALUES: .06248722056 .032 1
VALUES: .074196993972 .0036575875486381322957 19
VALUES: .0007324330510414 .05433737697 16
VALUES: .00066 .07653009842 13
VALUES: .04026703288319218 .046797894 24
VALUES: 0 .0978896772716868848706797 3
VALUES: .020906385900663 .017509727626459 12
VALUES: .0010208285648889906157 .06557869840 4
VALUES: .0901197833218890669108 .054587624933 0
VALUES: .028587777523460746166170 .099 23
VALUES: .07660486762798504615854 .023665217059586480506599 11
VALUES: .031635004196231021591 .03022354467078660257 3
VALUES: .0206485 .02 21
VALUES: .062317845426108186 .062355992 17
VALUES: .02640 .07209 15
VALUES: 0 .0380575265125505455100 18
VALUES: .079281300068665598 .0113145647364003 0
VALUES: .067 .0036957 13
VALUES: .0131898 .012686 6
VALUES: .0143144884412 .00558785381857022 13
VALUES: .022342259861142900740062 .0048 25
VALUES: .06903486686 .0230380712596 18
VALUES: .078937972075989929 .055309 9
VALUES: 835187304493781948577095.372945754177157244 387594415197985809109635.6847333485923552300297550 12
VALUES: 578439002059967956054016.3590753032 582818341344319829098954.174181734950789654383 11
VALUES: 775616083009079118028533.595330739299610894941 76020447089341573205157.47 4
VALUES: 580651560234988937209124.3144426642252231631952 100923170824750133516441.495170519569695582513160 25
VALUES: 415487907225146868085755.28 685740444037537193865872.51178759441519798580 11
VALUES: 939482719157701991302356.579 344151979858091096360722.9334859235523 20
VALUES: 491752498664835584039062.6043030 815854123750667582207979.65259784847791 24
VALUES: 730571450370031280994887.497093156328679 174334325169756618600747 25
VALUES: 576317998016327153429464.594964522774090180 76966506446936751354238.116365300984 20
VALUES: 301670862897688258182650.19043259327077134355687 2700846875715266651407.642069123369192034790 6
VALUES: 133485923552300297550926.8520943007553215838 681574731059739070725565.809613183794 10
VALUES: 331273365377279316395818.696726939803158617 497123674372472724498359.158 1
VALUES: 52429999237048905165178.859601739528496223392 47821774624246585793850.5663538567 8
VALUES: 571602960250247959105820.74525062943465323872739 269962615396353093766689.28523689631494 2
VALUES: 790234225986114290074005.465964751659418631265 554879072251468680857556.4757152666514076447 18
VALUES: 165590905622949568932631.25273517967498 489845120927748531319141.953124284733348592355 16
VALUES: 564766918440527962157625.131425955596 767986572060730907148850.990615 11
VALUES: 819531548027771419851986.66 653253986419470511940183.98091096 12
VALUES: 847653925383382925154496.7490501258869306 871992065308613717860684 14
VALUES: 254657816433966582742045.9801785305561913481 559258411535820553902494.290821698329137102311741 25
VALUES: 247074082551308461127641.47109178301670862897 338551918822003509575035.90162508 2
VALUES: 178530556191348134584572.950331883726253147 364080262455176623178453.8970016021 11
VALUES: 37018387121385519188219.9980 861432822156099794003203.533 19
VALUES: 785961699855039291981383.2073243305104142824444 112703135728999771114671.43685053788052185854 11
VALUES: 308644235904478522926680.09114213778896772716 668345159075303273060196.173037308308 13
VALUES: 747112230106050202182039.38 419714656290531776913099.4505836575875486381 14
VALUES: 650827801937895780880444.912611581597619592584 715724422064545662623025.14831769283588921950102 11
VALUES: 483161669336995498588539.991393911650263218127718 321461814297703517204546.8670634012359807736324 3
VALUES: 720836194399938963912412.493476 934981307698176546883343.842 9
VALUES: 704051270313572899977110.7631036 863202868696116578927289.89745937285 18
VALUES: 925261310749980926222628.20421149004 669993133440146486610207.6156557564660105 0
VALUES: 651865415426871137560081.74685282673 430243381399252307927061.445 4
VALUES: 141969939726863508049133.9085374227512016479743 748775463492790112153810.1919432 18
VALUES: 685755703059433890287631.876997 933318074311436636911573.034790 21
VALUES: 344029907682917524986648.011810482948 420965896086060883497367.397756923781 4
VALUES: 563179980163271534294651.14964522 512565804531929503318836.749965 12
VALUES: 918959334706645304036010.372716868848706797894 257862211032272831311512.6 19
VALUES: 473029678797589074540.3214 679011215381094071869992.45442893110 10
VALUES: 563363088426031891355763.5321583886472 273029678797589074540321.69233234149691004806 7
VALUES: 126955062180514229037918.542458 407385366598001068131532.3613641565 5
VALUES: 903593499656672007324329.606820782787 759395742732890821698328.37770 7
VALUES: 986617837796597238117035.711329823 747066453040360112916761.288487067978942549 0
VALUES: 865506981002517738612954.044083314259555962 102952620737010757610437.06802 15
VALUES: 136324101625085831998168.7810482948043030 586266880292973220416570.7115129320210 8
VALUES: 973983367666132600900281.3179217212176699 898069733730067902647439.4010070954451819 11
VALUES: 356862745098039215686274.152941176470588235 240085450522621499961852.2 18
VALUES: 572579537651636530098420.1186 8834973678187228198672.4562600 23
VALUES: 254688334477759975585564.71059 799542229343099107347218.24371709773403524 23
VALUES: 572259098191805905241473.44925612 253665980010681315327687.24156557564660105287 22
VALUES: 56092164492256046387426.5098649576562142 882642862592507820248721.1 10
VALUES: 348958571755550469214922 484092469672693980315861.269169146257724 1
VALUES: 945448996719310292210268.37628747 679530022125581750209810.871549 9
VALUES: 400823987182421606775005.3213092 996780346379797055008772.9408102540 23
VALUES: 717723353933012893873501 99259937438010223544670.68734264 21
VALUES: 50751506828412298771648.68656443121995880 620172426947432669565880.2068665598535133897917143 2
VALUES: 498222323949034866865033.4531013962005035 76432440680552376592660.334035248340581368734 14
VALUES: 641443503471427481498435.308 626260776684214541847866.9254291599 4
VALUES: 757747768368047608148316.93508812085145342 653711757076371404592964.937193 24
VALUES: 314381628137636377508201.4098878 183810177767605096513313.3127946898603 23
VALUES: 295750362401770046540016.48 250675211718928816662851.6605172808422 3
VALUES: 710948348210879682612343.83776607919 556588082703898680094605.37917143511100 13
VALUES: 958541237506675822079803.72597848 550667582207980468451971.67791256580453192 23
VALUES: 124055848020141908903639.15266651407644769970244 58655680170901045242999.86504921034561684596 1
VALUES: 846265354390783550774394.51499198901350 14709697108415350576028.0618905928130006 24
VALUES: 528999771114671549553673.0805218 576455329213397421225298.8818493934 13
VALUES: 546669718471046005951017.9930418860151064 541039139391165026321812.230762188143739986 24
VALUES: 863843747615777828641183.2362554360265506981 999252307927061875333790.10473792629 20
VALUES: 122880903334096284428168.03154039826047150 748546578164339665827419 2
VALUES: 310353246356908522163728 847745479514763103685052.94030670634 24
VALUES: 612298771648737315938047.75880064087891966124 904051270313572899977110.5631036850537880 17
VALUES: 369207293812466620889600.6 432318608377203021286335.1 8
VALUES: 868741893644617380025939.4684824902723735408560311 799572747386892500190736.9741359578850 17
VALUES: 646173800259403372243838.5 554757000076295109483481.5 21
VALUES: 758632791638056000610360.1172350652323186083 532707713435568780041198.82641336690318150606546 8
VALUES: 547966735332265201800564.03584344243 694010833905546654459448.45529869 20
VALUES: 818951705195696955825130.7901121 288395513847562371252002.45822842755779 19
VALUES: 48966201266498817425802.95706111238269626916 29388876173037308308537.393362325474 25
VALUES: 477073319600213626306553.27283131151293202105 670634012359807736324100.95445181963836118104 9
VALUES: 785656519417105363546195.90313572899 412893873502708476386663.2019684 15
VALUES: 562127107652399481193254.9501945525291828793774319 47837033646143282215609.9315632867933165484092 18
VALUES: 859662775616083009079117.16887159533073 687312123292896925307087.128358892195010299839 10
VALUES: 139986266880292973220416.43 499641412985427634088654.4175783932249942778 1
VALUES: 70557717250324254215304.728 658243686579690241855496.4043945983 3
VALUES: 824902723735408560311283.2217898832684824902723735 641519798580910963607232.13485923552300297550926 7
VALUES: 667200732433051041428243 397024490730144197756923.3841611 11
VALUES: 305149919890135042343785.458182650492103456168 773983367666132600900281.517921721217669 2
VALUES: 219638361181048294804302.82453 192095826657511253528648.6215152208 25
VALUES: 22476539253833829251544.95349050125 150087739375906004425116.1999542229343099107347219 1
VALUES: 168749523155565728236819.8510872053101396200503 48065918974593728542000.409704737926298 1
VALUES: 524956130312046997787441.30002288853284504463 187731746395056076905470.17 21
VALUES: 379705500877393759060043.8714579995422293 772793163958190280003051.0315861753261 1
VALUES: 620218204013122758831158.302494850 916868848706797894254977.3390249485008010986495 4
VALUES: 909132524605172808422979.177843900205996795 633875028610666056305790.16493476768139162279 4
VALUES: 346059357595178149080643.584664682993 312138551918822003509574.724101625085831 3
VALUES: 405706874189364461738002.1883268482 146715495536736095216296.4886701 11
VALUES: 145143816281376363775081.872098878461890592813 19775692378118562600137.3114213778896 0
VALUES: 625955596246280613412679.62124055848020141908 162172884718089570458533.4 24
VALUES: 191760128175783932249942.586907759212634470 431647211413748378728923.044357976 22
VALUES: 150469214923323414969100.33018997 837521934843976501106278.249988555733577477683 1
VALUES: 844098573281452658884564.65525291828793774319066 878751812008850232700083.04586861 13
VALUES: .1814450 .26 9
VALUES: .61495384145876249332417 .7848630502 3
VALUES: .6628213931486991 .643244 19
VALUES: .43732356755931 .8945296406500343327992675 17
VALUES: .80364690623 .47705806057831692 16
VALUES: .57644007 .9 8
VALUES: .32385748 .0425116350041962310215 16
VALUES: .5248645761806668 .644 13
VALUES: .8320897230487525 .371190966659037155718318 9
VALUES: .962829022659647516594 .909376668955519951171129 17
VALUES: .07708857862 .01988250553139543 10
VALUES: .9128252079041733424887 .44 22
VALUES: .05305561 .6197299 22
VALUES: .3479056 .231 9
VALUES: 0 .9123 5
VALUES: .1242 .399572747386892500190737 18
VALUES: .9927977416647592889295 .7604028381780727855 9
VALUES: .76820019836728465 .5256580 11
VALUES: .53076981 .993545433737697 23
VALUES: .60241092545967803463797 .692317082475013351644159 14
VALUES: .5021286335545891 .4640268558785381857022964 17
VALUES: .0361028458075837338826581 .1842526894026092927443 25
VALUES: .4363 .6885938 1
VALUES: .097810330357824063477 .7620355535210193026626993 24
VALUES: .548867017624170290 .57459 6
VALUES: .415 .21132219424734874494 6
VALUES: .00204470893415 .9731746395056076905 4
VALUES: .57 .5068589303425650 1
VALUES: .1064774547951 .30531776913 14
VALUES: .9414 .838483 1
VALUES: .9421072709239337758 .6676 3
VALUES: .133958953231097 .541 0
VALUES: .203 .1633478294 19
VALUES: 0 .6598916609445334554 18
VALUES: .26684977492942702372 .99021 11
VALUES: .2 .57296101 16
VALUES: 0 .7308308537 23
VALUES: .72813 .1135728999771114671 2
VALUES: .459433890287632562 .74573891813534 22
VALUES: .8352330815594 .214679 0
VALUES: .1 .9277790 15
VALUES: .8 .993499656 19
VALUES: .0051422903 .92495613031204699778744 16
VALUES: .3476462 .1309376668955519 25
VALUES: .525947 .5840390630960555428397 18
VALUES: .58480201419089036392 .4212558175020981 20
VALUES: .1026626993209735255970 .2390630960 5
VALUES: .535 .681300068665598535133897 24
VALUES: .5647364003967345693141 .001373311970702 19
VALUES: .9298237582 .4455329213397 0
VALUES: .369314106965743495841 .984588387884336 6
VALUES: .7855039291981383993286 .65249103 24
VALUES: .7201495384145876249332 .220 10
VALUES: .096131837949187457084 .3772030 17
VALUES: .05914 .8667124437323567559319 7
VALUES: .6817883 .43822384 0
VALUES: .910337987 .2451361867704280 17
VALUES: .351689936675 .58147554741741054398 24
VALUES: .47 .262684061951628900 25
VALUES: .233264667734798199435416 .9029 13
VALUES: .76354 .7666895 9
VALUES: .05938811322194 .6 0
VALUES: .6508278019378957808804 .6468299382009613183794 14
VALUES: .84496833752 .5313344014648661 6
VALUES: .3338521400778210116731517 .9580376897840 15
VALUES: .4834973678187 .0458686 4
VALUES: .9742427710 .385336079957274738689250 9
VALUES: .811 .9139543755245 23
VALUES: .057709620813305867093 .0814526 5
VALUES: .80483710994 .139 20
VALUES: 0 .5751125352864 22
VALUES: .67992675669489585717555 .065278095674067292286 16
VALUES: .139635309376668955519951 .9 22
VALUES: .76 .211535820553902494 8
VALUES: .994 .6987869077592126344701304 6
VALUES: .730647 .932722972457 10
VALUES: 0 .64312199588006 0
VALUES: .8042725261310 .776 0
VALUES: .9254291599908445868619 .20505073624780 11
VALUES: .271290 .2562447547112230106 16
VALUES: .890 .4032349126420996414 25
VALUES: .10864423590447852292 .80823987 11
VALUES: .6523384 .2 5
VALUES: .1465323872739757381551 .7547264820325017166399633 22
VALUES: .3369344625009 .116578927290 20
VALUES: .334615091172655 .1371938658731975280 20
VALUES: .40323491264209 .025787747005416952773 11
VALUES: .5955 .2901045242999923704890 24
VALUES: .67153429465171282520 .4628366521705958648050 2
VALUES: .32 .00215152 17
VALUES: 0 .990646219577325093461 11
VALUES: .0767071 .277592126344701 12
VALUES: 0 .542442969405661097 4
VALUES: .00189669642175936522468 .042681010147249561303120 21
VALUES: .099464408 .02292973220416 6
VALUES: .0418142 .07462577248798 10
VALUES: .084596017395284962233 .00420691 14
VALUES: .0346913862821393148699 .0214679179064621 22
VALUES: .084 .089314106965743495841916 14
VALUES: .07791714 .006269932097352559700 24
VALUES: .02 .099952697032120241 1
VALUES: .044113832 .003778133821622034027 4
VALUES: .0625284199 .0057 23
VALUES: .03834439612420843823910 .051839475089 10
VALUES: .01243762874799 .079905394064240482185091 9
VALUES: .02107728694590676737621 .08 22
VALUES: .058345922026398 .08317 0
VALUES: .03689478904402227817196 .012 2
VALUES: .03149156939040207522 .0153536 7
VALUES: .05302052338445105 .090698100251773 5
VALUES: .00305333028 .052947280079346 18
VALUES: 0 .027141222247 2
VALUES: .0312657358663309 .0906782635233081 12
VALUES: .065397116044861524 .05 5
VALUES: .0547707331960021 .07828030823224231 24
VALUES: 0 .05134355687800 24
VALUES: .04370 .07466697184 8
VALUES: .09869382772564278629 .0486732280460822461280 24
VALUES: .0080109864957 .0303471427481498435950255 1
VALUES: .066691081101701380941481 .08252384 8
VALUES: .0344640268558785381 .067528 7
VALUES: .05 .047161 12
VALUES: .02875562676432440680552 .0196627756160830090791180 16
VALUES: .0060502021820401312275883 .02866865033 21
VALUES: .03892271 .04168001831082627603 9
VALUES: .09913939116502632181 .08939955748836 14
VALUES: .0633737 .03733882658 11
VALUES: .010910200656137941557946 .0097276264591439688715 5
VALUES: 0 .09962005035477225 0
VALUES: .003 .02225 10
VALUES: 0 .02446173800259403372 3
VALUES: 0 .00456 4
VALUES: .0683192187380788 .05494926 8
VALUES: .053350118257419699397268 .0616 17
VALUES: 0 .04737773708705271992 17
VALUES: .09321 .0033 25
VALUES: .039877927824826428 .025435263599603265 24
VALUES: .0178698405432 .06364690623 0
VALUES: .0051606012054627298390173 .09998016327 1
VALUES: .074763 .05947 22
VALUES: .0053330281 .0553063248645761 20
VALUES: .094154268711375600823 .067655451285572594 16
VALUES: .0532814 .03370565346761 1
VALUES: .05 .036615548943312733653 18
VALUES: .004298466468299382009 .020317387655 1
VALUES: .04276 .07490 18
VALUES: .026065461203936 .090025177386129549095 14
VALUES: .085647364003 .099958 1
VALUES: 0 .000231937132829 15
VALUES: .072953383 .012343022812 23
VALUES: 0 .0957 18
VALUES: .0314763103685053788052 .07949492637521 19
VALUES: .032117 .00692912184328984512 24
VALUES: .00149538414587624933 .002569619 8
VALUES: .090803387502 .02681773098344396124 18
VALUES: .0798764019 .012246890974288548104066 4
VALUES: .0864454 .07398794537 11
VALUES: .0678 .049991607537 16
VALUES: .05129472800 .074134431982909895475 14
VALUES: .0476478217 .0525307087815671015487907 14
VALUES: .0504921034561684 .09403219653 19
VALUES: .045134660868238345 .0752224002 9
VALUES: .0123628595407034 .0718913557640955214770 7
VALUES: .083504997329671168078 .051769 24
VALUES: .0547936217288471808 .023579 19
VALUES: .04200 .0304036011291676 21
VALUES: .0982726787212939650568398 .0495017929350728 23
VALUES: .066523231860837 .097209124895094 11
VALUES: .045970855268177309834439 .089794766155489433127 15
VALUES: .070568398565651941 .0921 9
VALUES: .01945220111390859845883 .0285221637293049515 11
VALUES: .0939757381551 .030894 22
VALUES: .02 .0039047837033646 20
VALUES: .06205233844510566 .0900282291 21
VALUES: .04899671931 .02542153047989623865110 18
VALUES: .07257 .0950225070572976 3
VALUES: .07912108033875028610 .045761806 6
VALUES: .002185091935606927595941 .0216 11
VALUES: .06926985580224307621 .0115281910429 0
VALUES: .04 .0037659266041 18
VALUES: .0129640650034332799267 .01172808422980086 14
VALUES: .01281757 .0605157549401083 17
VALUES: .0902540627145799954 .0236301213 13
VALUES: .0804394598306248569 .0469703212024109 19
VALUES: .057384603646906233310444 .099099717708 11
VALUES: .09574883649958037 .0009 18
VALUES: 362203402761882963302051.976241 288181887541008621347371.34529640650034332 15
VALUES: 883360036621652552071411.339116502632181277180132 851407644769970244907300.590569924467841 23
VALUES: 459510185397116044861523.9167772945754177157 209369039444571602960250.038590066376745 3
VALUES: 494377050431067368581673.420325017166399633 754116121156633859769588.01 10
VALUES: 517448691538872358281833.61698329137102311741 376195925841153582055389.8732890821698329137102 5
VALUES: 928969253070878156710153.9501029983978027 410299839780270084687571.116365300984206 14
VALUES: 324788281071183337148088.482719157701991302 280430304417486839093613.818905928130006 12
VALUES: 647714961470969710841534.40988784618905928 4791332875562676432440.675 24
VALUES: 931425955596246280613411.7 75791561760891126878766.99 6
VALUES: 721507591363393606469824.5626916914625772487983520 139482719157701991302357.37940032043945 24
VALUES: 318089570458533607995727.15577935 778744182497901884489203.463 5
VALUES: 513847562371252002746623.427557793545433737697 649423971923399710078583.31334401464866 2
VALUES: 497138933394369420920118.5232 110841535057602807660028.881300 17
VALUES: 637216754406042572671091.1457 851285572594796673533225.668 18
VALUES: 290379186694132906080719.9354543373769741359578 789517051956969558251315.30112153 22
VALUES: 431876096742198825055313.5224 341252765697718776226443.54 25
VALUES: 19851987487602044708934.13746852826733806363012 72693980315861753261615.8577248798352025635156 9
VALUES: 689845120927748531319141.7531242847333485923552300 409887846189059281300068.25571 24
VALUES: 894239719233997100785838.7334 734157320515754940108338.321309224078736552986953 21
VALUES: 117952239261463340199893 477653162432288090333409.150789654383154039826047 19
VALUES: 554741741054398413061722.1888303959 630426489662012664988173.627603570611123826962691 15
VALUES: 983520256351567864499884.573815518425268940260 665598535133897917143510.435339894 21
VALUES: 421377889677271686884870.258411535820553902 861829556725413900968947 3
VALUES: 86259250782024872205691.528908216983291371 585061417563134203097580.85996 12
VALUES: 54444190127412832837415.0672465094 754482337682154573891812.7802700846875715 18
VALUES: 853955901426718547341114.58054 530251010910200656137941.02769512 9
VALUES: 120317387655451285572594.676356145571 177264057373922331578545 11
VALUES: 102891584649423971923399.607186999313344014648 314625772487983520256351.25323 22
VALUES: 367071030746929121843289.47804989700160 894651712825207904173341.59409 9
VALUES: 475349050125886930647745.004165 99076829175249866483558.3048294804303044 5
VALUES: 487983520256351567864499.39757381551842526 351201647974364843213549.660242618448 16
VALUES: 806500343327992675669488.779 436942092011902037079422.7 2
VALUES: 458762493324177920195315.021515 278751812008850232700083.6458686198214 3
VALUES: 755062180514229037918668.658228427557793545 113527122911421377889677.158159761959258411535 5
VALUES: 898222323949034866865033.05310139620050 51422903791866941329060.7 17
VALUES: 896086060883497367818721.9237811856260013733 971541924162661173418782.8844129091325246051728 21
VALUES: 206988632028686961165789.065918974593728542000457 616540779736018921187151.2870222018768596932936598 15
VALUES: 71763179980163271534294.579949 740718699931334401464865.361364156557564660105 11
VALUES: 403295948729686427100022.48523 408438239108873121232928.56081483176928 1
VALUES: 174151216906996261539635 295872434576943617914091.4108491645 7
VALUES: 2868696116578927290760.6593728 236636911573968108644235.66 10
VALUES: 855069810025177386129548.24083314 267170214389257648584725.451911 8
VALUES: 113679713130388342107270.810254062714579995422 826840619516289005874722.603387502861066605630 7
VALUES: 273929961089494163424124.23 413565270466163118944075.271183 11
VALUES: 241351949340047302967879.51755550469214923323 220798046845197222858014.5804531 13
VALUES: 747081712062256809338520.65369 156069275959411001754787.362050812542 23
VALUES: 300404364080262455176622.878049897001602197299 340566109712367437247272.1092 5
VALUES: 166292820630197604333562.0523 134065766384374761577782.730 18
VALUES: 967391470206759746700235.547447928 556404974441138323033492.9966 14
VALUES: 625482566567483024338139.2997482261387045 170931563286793316548409.0760 20
VALUES: 881498435950255588616768.78356603341725 519432364385442893110551.0942092011902037079 4
VALUES: 223605706874189364461737.7789883268482490 59967956054016937514305.273060196841 18
VALUES: 209475852597848477912565.5950560769054703593499 732249942778667887388417.6 18
VALUES: 964034485389486533913175.201373 425513084611276417181658.230167086289768825 20
VALUES: 513221942473487449454489 516777294575417715724421.54776836804760814831 0
VALUES: 388967727168688487067978.55 590890363927672236209658.36997024490730144197756 22
VALUES: 699229419394216830701151.356923781185626001373311 921583886472877088578621.188738841840238040 23
VALUES: 152590218966964217593652.094300755321583 188143739986266880292973.0 14
VALUES: 230731670099946593423361 655954833295185778591591.62 18
VALUES: 745418478675516899366749.8458686198214694438086518 153154802777141985198748.607049668 18
VALUES: 390447852292668039978636.97889677271686884 388204776073853665980010.29311055161364156557 13
VALUES: 908506904707408255130845.204257 541161211566338597695887.15 2
VALUES: 260212100404364080262454.91 979934386205844205386433.74959945067521171892881 20
VALUES: 450720988784618905928129.55614557106889 639200427252613107499808.623025864042114 5
VALUES: 436453803311207751583123.085328 99641412985427634088654.817 6
VALUES: 50400549324788281071183.286747 97398336766613260090028.131792172121766 4
VALUES: 501670862897688258182649.9904325932707713435568 702204928664072632944227.572762645914396887159533 13
VALUES: 230518043793392843518730.2188601 698558022430762188143739.287708857862211 23
VALUES: 408117799649042496375981.8 456748302433813992523078.813 0
VALUES: 167483024338139925230792.53870 582650492103456168459601.156 9
VALUES: 487678339818417639429312.0933852 145647364003967345693140.92401007095445 7
VALUES: 863050278477149614709696.24536507209 388494697489890897993438.23 11
VALUES: 162767986572060730907148.6889906157015335 611367971313038834210726.4810254062714579995 13
VALUES: 868879224841687647821773.75536736095 691538872358281834134431.2913710231174181734950789 24
VALUES: 424765392538338292515449.334905012588693064774547 366536964980544747081711.69571984435797665369649 3
VALUES: 816266117341878385595482.51325246051728084 710856794079499504081787.6465094987411306935 6
VALUES: 734676127260242618448156.738429846646 486884870679789425497825.1024948500801098649576562 21
VALUES: 548531319142442969405660.5485923552300297550 460059510185397116044861.06431677729 22
VALUES: 927534905012588693064773.62041657129777981231 569237811856260013733119.13778 21
VALUES: 557442587930113679713129.8308995193408102540 374303807125963225757228.587319752803 11
VALUES: 676752880140383001449606.40343 743343251697566186007476.1 5
VALUES: 522041657129777981231402.5450 590600442511635004196230.430991073472190432593 1
VALUES: 279957274738689250019073.497413595788509 825040054932478828107117.50867 8
VALUES: 138139925230792706187533.24097047379262989242 650980392156862745098038.564705882352941176470588 2
VALUES: 134264133669031815060654.47777523460746166170748 874616617074845502403295.074113069352 23
VALUES: 32639047837033646143282.182970931563286793 666346227206836041809719.3306019684138246738384069 22
VALUES: 691645685511558709086746.8478370336461 279942015716792553597314.1322041657129777 2
VALUES: 97901884489204242008087.18370336461432822156 664866102082856488899060.9052872 22
VALUES: 175265125505455100328068.79551384 503517204547188525215533.180 22
VALUES: 21042191195544365606164.62380407415884641 546761272602426184481574.1 20
VALUES: 717509727626459143968870.877821 674494544899671931029220.352 2
VALUES: 970687418936446173800258.432684824902 181216144045166704814221.22719157701991302 12
VALUES: 859250782024872205691614.308 830075532158388647287708 21
VALUES: 703898680094605935759517.111009384298466 975249866483558403906308.630 18
VALUES: 816266117341878385595482.5132524 165529869535362783245593.7918974593728542 19
VALUES: 665781643396658274204622.8178530556191348134 878965438315403982604714.15880 12
VALUES: 148882276646066987106126.348409246967269 585442893110551613641564.9902037079423 3
VALUES: 395788509956511787594414.80219729 468543526359960326543068.12075989929045548180 15
VALUES: 905012588693064774547950.5712977798123 590417334248874647135118.048477912565804531929503 3
VALUES: 336202029449912260624093.6593728542000 789333943694209201190202.9186083772030212863 0
VALUES: .044739452201113908598 .869428 7
VALUES: .8769970 .01037613488975356679636 11
VALUES: .610360875867856870 .2306 1
VALUES: .0739604 .3376516365 18
VALUES: .81210040436408026 .84185549706263828488593 8
VALUES: .44095521477073319 .6058747234302281223773556 11
VALUES: .838574 .329 14
VALUES: .16517891203173876554 .7593194476234073395895323 4
VALUES: .89805447470817120 .997 19
VALUES: .84095521477 .68 25
VALUES: .7919890135042 .864225 6
VALUES: .17451743343251697 .76 25
VALUES: .60 .910 10
VALUES: .5044327 .6943160143434805 1
VALUES: .73305867093 .1127336537727931639581902 18
VALUES: .891660944533455405508 .32967116807812619211 22
VALUES: .28987563897 .07353322652018005 5
VALUES: .49294270237277 .767879758907454032196536 5
VALUES: .81210040436 .823743038071259 13
VALUES: .2965743495 .353963530 7
VALUES: .484718089 .305622949568932631418326 8
VALUES: .0318913557640955 .09303425650415 7
VALUES: .1814755474174105439 .1628595407034 12
VALUES: .48915 .0426642252 4
VALUES: .450110627908751049057755 .3613641565575646601052872 15
VALUES: .362966353856717 .69336995498588 21
VALUES: .70 .318577859159 19
VALUES: .20698863202868 .884275577935 22
VALUES: .6885938811 .64029907682917524986 19
VALUES: .17589074540321965362020 .13716334782940413 15
VALUES: .6787823300526436255436 .90060273136491950 17
VALUES: .34258030 .9631036850537880521 17
VALUES: .3433127336537727931 .61719691767757686732280 24
VALUES: .552635996032654306 .9063096055542839703 18
VALUES: .09088273441672 .1 19
VALUES: .0040436408026 .187853818570229 1
VALUES: .0175631342030975814450 .47 3
VALUES: .392874036774242771 .85157549 15
VALUES: .48543526 .6552376592660410467689021 18
VALUES: .3484702830 .146 10
VALUES: .32 .01783779659723811 5
VALUES: .6368505378805218585488 .78542763408 18
VALUES: .2325780117494468604562447 .9 14
VALUES: .697154 .6296482795452811474784466 4
VALUES: .059723811703669794 .67797360 1
VALUES: .741435873 .0113984893568322270 11
VALUES: .053345540 .274464 17
VALUES: .89347676813916227969787 .45539024948 9
VALUES: .7474021515220874 .415899900816 8
VALUES: .4801098649576562 .40039673456 16
VALUES: .4166170748455 .37573 9
VALUES: .7397 .614282444495307 12
VALUES: .6585030899519340 .578393224994 24
VALUES: .01965362 .7829709315632 18
VALUES: .0517280842 .84 22
VALUES: .258457 .5412 7
VALUES: .37308308537 .6112306401159685664 7
VALUES: .93 .0599679560540169375143 11
VALUES: .095384145876249332417 .38699931334401 8
VALUES: .3 .765941863126573586633 2
VALUES: .5420157167925535973144121 .580773632410162508583199 0
VALUES: .32 .6946974898908 24
VALUES: 0 .97239642938887617303730 11
VALUES: .3469748989089 .9902494850080 14
VALUES: .03915 .032 5
VALUES: .0328984512092774853131914 .33096818493934538796 8
VALUES: .773647669184405 .11200122072175173 9
VALUES: .71674677653162432288 .11403067063401235980773 9
VALUES: .980 .8540779736 3
VALUES: .8449683375295643 .3399 11
VALUES: .657724879835202563515 .526558327611200122 6
VALUES: .603280689707 .392736705 5
VALUES: .3946288242923628595407034 .729640650034332799 11
VALUES: .123765926 .7110093842984664 1
VALUES: .0861066605630579079 .6311589227130540932326 20
VALUES: .640146486610208 .784145876249332417792019 11
VALUES: .16183 .36755931944762340 13
VALUES: .8482032501716639963378 .8634622 16
VALUES: .071 .0267948424505989166094453 14
VALUES: .5409475852597 .805264362554360 9
VALUES: .306340123598077363241016 .938216220340276188296 10
VALUES: .723933775844 .0599679560540169375143053 6
VALUES: .6426794842450598916 .32631418 11
VALUES: .83295948729686427100 .7824826 14
VALUES: .003540093080 .95260547 7
VALUES: .268 .3058060578316929884794 18
VALUES: .426642252231631952391 .78455 13
VALUES: .7044022278171969176 .4043183031967650873579003 11
VALUES: .31325246 .30542458228427 21
VALUES: .81193255 .7109 17
VALUES: .52787060349 .6516365300984206912 9
VALUES: .423300526436255 .86292820 4
VALUES: .5218890669108110 .506324864576180666819 14
VALUES: .0359807736324101 .6028381780727 2
VALUES: .2435034714274 .900190 12
VALUES: .485938811322194247 .29108110 23
VALUES: .01376821545738918135 .047972838941023880 15
VALUES: .0334325 .0224185549706263828 17
VALUES: .04014496070801 .058 23
VALUES: .0184908827344167238879987 .04 17
VALUES: 0 .0352376592660410467 20
VALUES: .09249256122682 .0222095063706416418707 18
VALUES: .0406591 .058663309681849393 2
VALUES: .031409170672 .0372793163958190280 11
VALUES: .01 .022531471732661 21
VALUES: .07 .061 16
VALUES: .00107118333714808880750 .087483024338 1
VALUES: .032716868 .0863 10
VALUES: .078532082093537804226749 .029758 12
VALUES: .0541985198 .030507362478065156023 23
VALUES: .01855497062638 .0059540703 12
VALUES: .097911 .0352178225 7
VALUES: .0498313878080 .0639368276493 16
VALUES: .0540657 .098904 13
VALUES: .0954131380178530556191348 .083999389 1
VALUES: .083163195239185 .085729762722209506370 9
VALUES: .01778744182 .0083985656519417105 9
VALUES: .037355611505302510 .01194476234073395895 19
VALUES: .075275806820782787 .0749416342 15
VALUES: .04526741435873 .0020202944991226062409399 14
VALUES: .0519676508735790035858 .097897306782635233081 23
VALUES: .08300 .03017624170290 17
VALUES: .06675364309147783627069 .084148928053711757 15
VALUES: .055243 .058991378652628366 14
VALUES: .098654154268 .062630655374 19
VALUES: .0881498435950255588 .0485 2
VALUES: .037120622 .0903227283131151 10
VALUES: .05467460135805294 .08997787441 16
VALUES: 0 .055765621423666 12
VALUES: .0096604867627985046158541 .0744502 8
VALUES: .071375 .09007 14
VALUES: .099195849546044098573281 .038881513694972152 8
VALUES: .038120088 .087293812466620 15
VALUES: .02302738994430457 .0998046845197222858014801 3
VALUES: .086675822 .03251850156404974441138 21
VALUES: .0074 .0563591973754 21
VALUES: .03167 .009854276340886549172198 21
VALUES: .033975 .094714274814984359502 4
VALUES: .068859388113221942 .03056534676127260 16
VALUES: .009260700389105 .0460334172 20
VALUES: .01381551 .08979018 21
VALUES: .084762340 .0666514076 17
VALUES: .010487525749599450675211 .04356755931944 24
VALUES: .068461127 .0434302281223 7
VALUES: .0251 .0541 19
VALUES: .0111009384298 .086019684138246738384 18
VALUES: .00881055 .09308308537422 22
VALUES: .015533684 .03203631647211413748 17
VALUES: .002742 .087698176 4
VALUES: .0518623636224917982757305 .09212634470130464 13
VALUES: .021300068665598535 .083 11
VALUES: .0857434958419165331502250 .04407721065079 7
VALUES: .0960051880674 .099749752040894178683 19
VALUES: .0549355306324 .033960479133287556 25
VALUES: .0080415045395590142671854 .0699839 0
VALUES: .0086289768825818265049 .07783169298 8
VALUES: .078187228198672465094 .0999755855649652 11
VALUES: .05734340428778515 .0370 1
VALUES: .02057068741 .047844663157 24
VALUES: .08 .0499061570153 25
VALUES: .0283970 .020398260471503776607919 2
VALUES: .02925307087815671015487 .065384908 14
VALUES: .0054276 .0907759212634470130464637 23
VALUES: .0593347 .01936522468909742 24
VALUES: .0429709315 .099696345464255741206 0
VALUES: .0967772945754177157244220 .06434 7
VALUES: .0331639581902800 .06320744640268558 12
VALUES: .0449805447470817120 .047359426260776684 19
VALUES: .06326848249 .04070 6
VALUES: .0837949187457084000915541 .05446097505149919890135 9
VALUES: .0138 .035077 15
VALUES: .0230594338 .016107423514152 3
VALUES: .08420691233691920347905 .060212 19
VALUES: .04255130 .027283131 24
VALUES: .0733714808880 .03350728 21
VALUES: .070667582207980 .03521782253757534142061 16
VALUES: .005026321812 .069 23
VALUES: .096897840848 .039 9
VALUES: 0 .0236514839398794537270 7
VALUES: .020492866407263 .03233691920347 13
VALUES: .014290074006 .018670939192 8
VALUES: .0629694056610 .04864271000228885328 22
VALUES: .0444144350347142748 .0449469 0
VALUES: .03 .008918898 9
VALUES: 785137712672617685206377.4860151 650247959105821316853589.0346532387273975738155 11
VALUES: 811429007400625619897763.74186 76951247425040054932478.75 3
VALUES: 127000839246204318303196.638086518654154268 927168688487067978942548.855390249485 16
VALUES: 140032043945983062485694.5269398031586175 391271839475089646753642.7 6
VALUES: 709010452429999237048904.45616845960173952 304325932707713435568779.736873426413 10
VALUES: 55313954375524528877698.88418402380407415 599938963912413214312961.9391622796978713664454108 1
VALUES: 678721293965056839856564.51544975967040512 938048371099412527656976.249713893339436942092 8
VALUES: 176516365300984206912336.7426871137560082398 508842603189135576409551.63886472 25
VALUES: 534996566720073243305103.6078278782 476539253833829251544975.490 16
VALUES: 45609216449225604638742.61098649 162767986572060730907148.6889 15
VALUES: 726878767071030746929121.116411078049897 820172426947432669565880.006866559853 16
VALUES: 170885786221103227283130.980407415 870130464637216754406041.70254062714579995422 9
VALUES: 978942549782558937972075.01098649576 266544594491493095292591.47832455939 13
VALUES: 610788128480964370183870.603067063401235980773 485023270008392462043182.5469443808651865 20
VALUES: 187502861066605630579079.6934767681 86060883497367818722819.78118562600137331 15
VALUES: 421576256961928740367742.00 699198901350423437857632.62650 13
VALUES: 751705195696955825131608 483649958037689784084839.6780 6
VALUES: 201419089036392767223620.764476997024490 680918593118181124589913.10560769 16
VALUES: 968642710002288853284503.494621194 716227969787136644541084.20 4
VALUES: 280704966811627374685282.39267566948 276569771877622644388494.42092011902037079423208 22
VALUES: 850293736171511406118866.930281528953 647974364843213550011443.618448157473105973 2
VALUES: 41626611734187838559548.2913252 466086823834592202639810.322041657 10
VALUES: 179156176089112687876706.923918516823071 898054474708171206225680.03579766536964980544747 15
VALUES: 154039826047150377660791.78919661249 530983443961242084382390.5 9
VALUES: 588265812161440451667047.55 730891889829861905851834.166491187914854657 18
VALUES: 811871519035629816128785.332936598764019226 256321049820706492713816.78800640878919661 1
VALUES: 923033493553063248645760.8836346990157930 78583962767986572060730.8 1
VALUES: 454688334477759975585564.510597390707255664911879 11810482948043030441748.672098878461890 19
VALUES: 89204242008087281605249.0143282215 508278019378957808804455.126115815976195925 1
VALUES: 548592355230029755092698.0094300755321583 488212405584802014190889.8757152666514 16
VALUES: 822568093385214007782100.344747 22583352407110704203860.509956511787594415197985 8
VALUES: 653757534142061493858243.0328221 367544060425726710917829 16
VALUES: 925551232166018158236056.14319066147859922 902677958342870222018767.6942549782558 0
VALUES: 580773632410162508583199.23611810482948043030441 698039215686274509803920.870588235294 12
VALUES: 203524834058136873426413.163378347447928 230472266727702754253452.123231860837720302128633 2
VALUES: 710872053101396200503547.0117189288166628519 465659571221484702830548 13
VALUES: 597787441824979018844891.444632639047837 877515831235217822537574.46390 22
VALUES: 336644541084916456855115.25044632639047837033646 277866788738841840238040.463721675440604257267109 12
VALUES: 338963912413214312962538.762279697871366445410 871061264972915236133362.9803158617532616159304 5
VALUES: 221576256961928740367742.2061341268024719615472648 286350804913405050736247.5201647974364843213 19
VALUES: 982696269169146257724878.85250629 606866559853513389791713.744243533 17
VALUES: 693553063248645761806667.49 320851453421835660334172.25868619 10
VALUES: 691355764095521477073318.90885786221103227283 69993133440146486610208.215655756466010528 10
VALUES: 978271152819104295414662.94177157244220645 400061036087586785687037.0608377203021286335545 12
VALUES: 452307927061875333791103.53792629892 217761501487754634927900.90 14
VALUES: 422949568932631418326084.874982833 349874113069352254520484.88 22
VALUES: 463538567177843900205996.332066834515907530327306 476966506446936751354237.716365300984206912336919 17
VALUES: 600961318379491874570839.40819409475852597 925902189669642175936521.543007553215838864728 2
VALUES: 469748989089799343862057.97230487525749599450 742839703974975204089417.125474937 19
VALUES: 262653543907835507743953.3499198901350423 508125429159990844586861.474 9
VALUES: 866926070038910505836575.0085603 319539177538719768062866.85067521171892 16
VALUES: 619424734874494544899671.3116044861524376287 696650644693675135423818 20
VALUES: 690394445716029602502478.9006637674525062943465 565667200732433051041427.6787823300 18
VALUES: 535057602807660028992141.068665598535133 859510185397116044861523.51677 5
VALUES: 438879987792782482642862.153627832455939 596276798657206073090714.288899061 23
VALUES: 627557793545433737697412.9 944884412909132524605171.863538567177 10
VALUES: 202700846875715266651407.4420691233691920347905 634500648508430609597924.1385214007782 16
VALUES: 343923094529640650034332.455344472419 382482642862592507820248.339574273289082 10
VALUES: 351735713740749217975127.44257267109178301670 887174792095826657511252.6414740215152 0
VALUES: 424383916990920881971465.20466926070038910505836 567757686732280460822460.712474250 10
VALUES: 800640878919661249713892.5387960631723506523 178896772716868848706797.7153582055390 20
VALUES: 877286945906767376211183.9857633 638056000610360875867856.23231860837720302 14
VALUES: 326497291523613336385137.3861753261615930418860 786892500190737773708704.4850995651178759441 24
VALUES: 500602731364919508659494.425772 404547188525215533684290.432410162508583 25
VALUES: 787991149767299916075378.780178530556 996078431372549019607842.1411764705 22
VALUES: 125719081406881818875409.960494392309 106446936751354238193331.70098420691233691920347 3
VALUES: 860456244754711223010604.159761959258 615808346684977492942701.756969558251316090638590 24
VALUES: 83466849774929427023727.695582513160906385 377584496833752956435492.1073472190432593270 11
VALUES: 865201800564583810177766.7 930815594720378423743037 15
VALUES: 18005645838101777676050.947127489127946898603799 578240634775310902571144.611352712291142137788 3
VALUES: 554039826047150377660791.389196612497138933394 6347753109025711451895.9271229114213778896772716 20
VALUES: 228625925078202487220568.932890821698329137 899488822766460669871060.3654840 21
VALUES: 663172350652323186083771.36 497245746547646295872434.07969 22
VALUES: 602777141985198748760203.86811627374685282 539452201113908598458838 10
VALUES: 634256504158083466849774.29517051956969558 47714961470969710841535.00988784618905928 11
VALUES: 538185702296482795452810.93659876401922636758983 555687800411993591210802.83 20
VALUES: 534218356603341725795375.98214694438086518 129991607537956816968032 22
VALUES: 32028686961165789272907.57459 206164644846265354390783.344609750514991 25
VALUES: 416632333867399099717707.6782787 87388418402380407415884.5544060 9
VALUES: 437201495384145876249331.980590524147402151522087 914229037918669413290607.157793545 23
VALUES: 903486686503395132372014.0503547722590 630701152056153200579842.2013733119707 22
VALUES: 728038452735179674982832.8723277637903410391393 718135347524223697261004.8514076447699 7
VALUES: 102052338445105668726634.5206 21820401312275883115892.2494850080109864957656 16
VALUES: 865384908827344167238879.1224078736552986953 276127260242618448157472.829846 1
VALUES: 84382391088731212329289.608148 971648737315938048371098.44087891966124971389 1
VALUES: 125947966735332265201800.43863584344243533989 904646372167544060425725.80 1
VALUES: 318883039597161821927214.14666971847104600595 480628671702143892576485.3666285191119249256 22
VALUES: 14785992217898832684824.8879377431 809002822919050888838024.673563744563973449 11
VALUES: 621835660334172579537651.0146944380865186541 433997100785839627679865.2866 13
VALUES: 49912260624093995574883.60004577706569008 81071183337148088807507.35770199130235 17
VALUES: 545311665522240024414434.4894026092927 146868085755703059433890.1407644769970244907301 4
VALUES: 792187380788891432059204.2127718 335713740749217975127793.972671091 0
VALUES: 303974975204089417868314.3370565346761272602426 694148165102616922255282.74218356603341725795376 0
VALUES: 701823453116655222400243 764522774090180819409475.08807507438773174639505 25
VALUES: 915053025101091020065612.8791027695124742504 94377050431067368581673.82032501716639 24
VALUES: 266987106126497291523613 899671931029221026932172.747997253376058 22
VALUES: 110658426794842450598916.4987869 998870832379644464789805.97450217441062027924 8
VALUES: 972945754177157244220644.483680476 495277332722972457465475.96 8
VALUES: 877271686884870679789424.6 158220798046845197222857.85658045 15
VALUES: 360051880674448767833981.4817120622568 826977950713359273670556.8902723735408560311284 1
VALUES: 0 .74168001831 12
VALUES: .59098191805905241474 .37413595788509 11
VALUES: .8873426413366 .8368200198367284657053 2
VALUES: .4808575570305 .6987411306935225 11
VALUES: .78426794842450598916609 .10417 8
VALUES: .4530251 .822049286640726329442282 8
VALUES: 0 .071000228885328450 15
VALUES: .483588921950102998 .63491 20
VALUES: .67342641336690318150606 .9666742961776150 19
VALUES: .192 .878 24
VALUES: .0382 .9817349 20
VALUES: .66 .745174334325169 14
VALUES: .1357137407492179751277943 .9639276 24
VALUES: .9747768368047 .3256122682536049439 21
VALUES: .655588616769665064 .0358587014572365911 5
VALUES: .238 .7467917906 2
VALUES: .777264057373922331578545 .594735637445639734 9
VALUES: .24180971999694819562 .0573 18
VALUES: .6601205462729839017 .0939955 13
VALUES: .526726176852063782711 .0934 13
VALUES: .98942549 .70428015564202334 0
VALUES: 0 .1241626611734187838 13
VALUES: .587243457694361791 .41081864652475776302738 24
VALUES: .42087434195468070496 .764034485389486 17
VALUES: .985915922789349202 .064560 6
VALUES: .8860608834973678187228 .65987640192263675898 23
VALUES: .06478980697337 .27240405889 18
VALUES: .7969939 .3168841077286945 9
VALUES: .379705500877 .659739070725566 21
VALUES: .319020370794232 .760128 4
VALUES: .402807660028992141603 .99 20
VALUES: 0 .96354619 8
VALUES: .57531090257114 .60007629 6
VALUES: .18744182497 .6120 8
VALUES: .696589608 .98265049210345616845960 11
VALUES: .39729915312428473334 .47261768520637827 18
VALUES: .47858 .4 12
VALUES: .55596246280613412680 .561593041886015 10
VALUES: .584206912336919203 .00563057 5
VALUES: .38469520103761348897535 .4527351796 23
VALUES: .667658503089951934081025 .86546120393682764 19
VALUES: .9 .471931 16
VALUES: .42085908293278400854505 .6483253223468375677 0
VALUES: 0 .449134050507362478 24
VALUES: .94044403753719386587 .1943541618982223 5
VALUES: .88799877927 .6127718 23
VALUES: .3708094 .647928587777523 22
VALUES: .34187838 .023224231326771953917753 17
VALUES: .423147936217288471808957 .7158464942397192 5
VALUES: .8354772259098 .581 4
VALUES: .004013122758 .162401770046540016784924 11
VALUES: .2 .5853208209353780422674906 11
VALUES: .643213550011444266422 .554 4
VALUES: .99497978179598687724 .755214770733196002 23
VALUES: .57929350728618295 .4220492 14
VALUES: .67 .787350 22
VALUES: .69289692530 .210879682612344548714427 11
VALUES: .4 .262516212710765239 3
VALUES: .2855573357 .479 20
VALUES: .974975204089417868314 .71100938429846 0
VALUES: .3567254139 .48461127641718165865568 21
VALUES: .2913710 .6 14
VALUES: .8397 .145952544441901 25
VALUES: .33282978561074235141 .436850537880521858548867 4
VALUES: .111009384 .44617380025940337 12
VALUES: .2001220721 .91635004196231021 22
VALUES: .22754253452353704127565 .99142442969405 25
VALUES: .652689402609292744335088 .4457923247 1
VALUES: .480 .8 2
VALUES: 0 .2204165712977798 3
VALUES: .74010833 .725688563363 24
VALUES: .9552605477988860914015411 .1868162050812542915 17
VALUES: .78182650492 .1375 1
VALUES: .7214770733196002136263065 .45612268253604943 1
VALUES: .864667 .6269169146257724879835202 16
VALUES: .660608834973678187228198 .68635 13
VALUES: .51511406118867780 .63846799420 21
VALUES: 0 .894651712825207904 9
VALUES: .042969405661097123674 .369604 7
VALUES: .85 .571 6
VALUES: .92492561226825360494 .65024795910582131685 23
VALUES: .4574654764629587 .9 13
VALUES: .418142 .2622 19
VALUES: .26781109330891 .989990081635767147325 18
VALUES: .846890974288548104066529 .2882429236285954070344 8
VALUES: .605493 .86 4
VALUES: .7376516 .354863813229571984435 13
VALUES: .96957351033798 .8 16
VALUES: .702677958342870 .138033 15
VALUES: .867246 .082 8
VALUES: .812115663385976 .1771267 17
VALUES: .929747463187609 .63863584344243533 7
VALUES: .274357213702601663233386 .346 9
VALUES: .967 .97627222 9
VALUES: .667368581673914702067597 .214373998626 19
VALUES: .55068284122 .3635461966887 23
VALUES: .43532463569085221637 .2761272602426184481574731 17
VALUES: .008184939345387960631 .02210 7
VALUES: .084 .051631952 9
VALUES: .02851 .070217441062027924010070 14
VALUES: .057033646143282215609979 .020054932478828107118 21
VALUES: .0026840619516289005874723 .029295796139 6
VALUES: .007272449835965514 .0011398489356 0
VALUES: .0312260624 .03523002975509 15
VALUES: .08744029907 .030200656137941557 6
VALUES: .0399374380 .0568 24
VALUES: .034065766384374 .047 5
VALUES: .0062500953688868543 .0258930342565041580834 8
VALUES: .054496070801 .002 13
VALUES: .035197985809109 .024823376821545738918135 15
VALUES: 0 .0713298237582970931563286 22
VALUES: .050341039139391165026321 .02620126649881742580300 20
VALUES: .07748226138704509 .030951400015259021896696 15
VALUES: .0892057679102769 .0570595864805065995269703 5
VALUES: .05242694743266956588 .06 7
VALUES: .012619211108567940794 .0302738994430457007705806 16
VALUES: .062227 .0895567254139 3
VALUES: .0273044937819 .086430151827267872 16
VALUES: .049 .063849851224536 2
VALUES: .04759441519798580910963 .0737453269 7
VALUES: .07172 .046311131456473640039673 22
VALUES: .065593957 .09151140611886778 3
VALUES: .0518791485465781643 .087643 5
VALUES: .064684519 .0713160906385900663767452 1
VALUES: .039324 .05091477836270 3
VALUES: .051390859 .089999 3
VALUES: .082476539 .0279362172 16
VALUES: 0 .024921034561684 23
VALUES: .020 .06284275577935454337376 8
VALUES: .02609 .0420782787823300526436 2
VALUES: .08473 .0098496986343175402456 18
VALUES: 0 .007545586327916380 24
VALUES: .011682307164110780498 .010933089188982986 7
VALUES: .0406347753109025 .02 15
VALUES: .007472 .027562371252002746623 22
VALUES: .08269 .0465888456549 3
VALUES: .02 .08873426413 1
VALUES: .0935347524223697261005 .089228656443 16
VALUES: .08301823453116655222 .044495307850766 15
VALUES: .034 .0803 16
VALUES: .08747692072938124666208 .0346944380865186541542687 22
VALUES: .0375570305943389028763256 .081818875 19
VALUES: .0958098725871671625 .02503547722590 17
VALUES: .0206988632028686961165789 .065345235370412 5
VALUES: .056581 .016113527 13
VALUES: .0153337911039902342 .0066865033951323720149 13
VALUES: .06395819028 .059694819562066 0
VALUES: .084556343938353551 .0959884031 8
VALUES: .06346837567711909 .0827832 6
VALUES: .0978332 .0902723735408 3
VALUES: .0383871 .046 23
VALUES: .072582589456015869382772 .002017242694743266 11
VALUES: .0518242160677500572213321 .0118577859159227893492 11
VALUES: .0091477 .017785915922789349202716 4
VALUES: .0051651 .033678187228198672 14
VALUES: .0387014572365 .0400 13
VALUES: .017488364995 .0401419089036392767223 13
VALUES: .03854581521324 .09405966277561608300907 24
VALUES: .079046311131456473640039 .043479056992446784 7
VALUES: .015 .0424567025253681239 19
VALUES: .046 .07234302281223773556115 19
VALUES: .042517738612 .00205233844510566872663 18
VALUES: .0128450446326390478370336 .0858625162127107652 5
VALUES: .0056488899061570153 .06646982528419 20
VALUES: .07712825207904173342 .0143480582894636453803 12
VALUES: .08516975661860074769207 .03428 12
VALUES: .03098496 .032 1
VALUES: 0 .0344228274967574578 6
VALUES: .0518806744487678339818417 .01770504310673685816 16
VALUES: .07302815289539940489814 .01113603 16
VALUES: .062670328831 .0957717250324254215304 6
VALUES: .0824597543297474631876 .02917524986648355840390 22
VALUES: .0920622568093385214007 .073400473029678797589074 24
VALUES: .0780910963 .043422 4
VALUES: .0555626764324406805523765 .02266117 18
VALUES: .04240634 .0392 7
VALUES: .07929808499275196459906 .031 24
VALUES: .07645685 .0560921644922560463874 22
VALUES: .076896314946211947814 .0674 21
VALUES: .0197 .04701152056153 7
VALUES: .09159227893492027161058 .075408560311284046692607 18
VALUES: .090887312123292896925307 .0932494087129015 23
VALUES: .01326771953917 .0770946 23
VALUES: .0476 .011766231784542610 14
VALUES: .0270023651483939 .076220340276188296 25
VALUES: .0967 .0422644388494697489 16
VALUES: .076 .0843396658274 24
VALUES: .0558922713054 .089256 23
VALUES: 0 .089855802243 18
VALUES: .0204226749065 .0065171282520790 25
VALUES: .058495460440985 .0228427557 6
VALUES: 990676737621118486305026.857038223849851224536 217959868772411688410772.65149919890135 0
VALUES: 471396963454642557412069.4149233 796200503547722590981917.2628519111 18
VALUES: 718776226443884946974898.190203707942320897 49973296711680781261921.060883497367818 5
VALUES: 43808651865415426871137.5162737468528267 126298924238956282902265.838452735179674982833 13
VALUES: 483344777599755855649652.373907072 591958495460440985732813.934630350194552529182879 19
VALUES: 333760585946440833142595.22586404211490043488212 118577859159227893492027.042 20
VALUES: 150698100251773861295490.80833142595559 632303349355306324864575.54836346990157930876 25
VALUES: 632639047837033646143281.58297093156328679331 618722819867246509498740.51197 6
VALUES: 698817425803006027313648.4962691691462577 467185473411154345006484.6171206225680933 14
VALUES: 860044251163500419623101.2991073472190432593270 842221713588158999008162.73449301 25
VALUES: 760662241550316624704355.6900892652780956 241474021515220874341954.4392309 11
VALUES: 344960708018616006713969.289585717555504692149233 102555886167696650644693.5725795376516365300984 22
VALUES: 169466697184710460059510.0159304188601510643167772 399542229343099107347218.643717097734035248340581 20
VALUES: 639215686274509803921567.98823 695307850766765850308994.498 10
VALUES: 619577325093461509117264.96369878 716151674677653162432287.374181734950789 7
VALUES: 882764934767681391622796.09594872968642710002288 790127412832837415121689.9094987411306935 23
VALUES: 941206988632028686961164.84806591 745128557259479667353321.9068894483863584 19
VALUES: 86076142519264515144579.146395056076905470359 471564812695506218051422.43222705 23
VALUES: 202121004043640802624551.564110780498970016021 753124284733348592355229.276630807965209430 1
VALUES: 862272068360418097199968.6196841382467 438879987792782482642862.15 14
VALUES: 290867475394827191577019.62215609979400320439 251834897383077744716563.4164339665827420462348 5
VALUES: 874494544899671931029220.152437628747997253376058 394064240482185091935606 7
VALUES: 531517509727626459143968.34007782101 81605249103532463569085.140032043945983 24
VALUES: 790035858701457236591133.71824216067750057221332 777889677271686884870679.0115358 3
VALUES: 186892500190737773708705.0850995651178759441519798 720302128633554589150834.71114671549 17
VALUES: 159182116426337071793697.86477454795147 931746395056076905470358.4182192721446555 16
VALUES: 419470511940184634164949.607232776379034103 1998931868467231250476.84243533989471 8
VALUES: 455664911879148546578163.8840009155413138017 765316243228809033340962.0789654 3
VALUES: 847028305485618371862362.775463 666773479819943541618981.5564660105 24
VALUES: 554772259098191805905240.91924925 541847867551689936675058.5868619 21
VALUES: 290333409628442816815441.839826047150377660791 368093385214007782101166.9470817120622568 3
VALUES: 126115815976195925841153.455 152010376134889753566796.21634 22
VALUES: 592248416876478217746241.87360952162966353856717 253986419470511940184633.9109 1
VALUES: 831143663691157396810863.592 264133669031815060654611.775234607461661 20
VALUES: 690669108110170138094147.474433 538765545128557259479666.8145571 21
VALUES: 938841840238040741588463.2406042 137438010223544670786602.44133669031815 1
VALUES: 874387731746395056076904.5959716 116685740444037537193865.7565117875944151979858 2
VALUES: 205065995269703212024109.04953078507 944136720836194399938962.96 14
VALUES: 861188677805752651255053.6898146028839551384756237 565133134966048676279849.896452277409018081940947 5
VALUES: 257816433966582742046234.5785 565667200732433051041427.67878233005264362554360 3
VALUES: 681727321278706034943159.4617 810025177386129549095902.14259555962462806134 17
VALUES: 687510490577553978789958.8760814831769283588921950 910276951247425040054931.5685511558709 18
VALUES: 104463263904783703364614.223758297093156328679331 529350728618295567254138 14
VALUES: 844571602960250247959104.976745250629 761242084382391088731211.568047608148317 19
VALUES: 139406424048218509193560.55335317 486717021438925764858472.0851911192492561226825 7
VALUES: 821133745326924544136720.0150 503425650415808346684976.98951705195696 0
VALUES: 500938429846646829938200 948592355230029755092697.6094 8
VALUES: 8850232700083924620431.82 344747081712062256809338.1766536964980544747081 19
VALUES: 933623254749370565346760.3389791714351110093842 750057221332112611581596.869 3
VALUES: 121355001144426642252231.510597390707255664 790783550774395361257342.61 25
VALUES: 314366369115739681086442.04467841 226428625925078202487220.342732890821698329 17
VALUES: 698558022430762188143739.28 4394598306248569466697.180315 18
VALUES: 421744106202792401007095.023437857633325703822 146440833142595559624627.9149004348821240558 8
VALUES: 130357824063477531090256.98416113527122911 226321812771801327534904.7862668802929732 8
VALUES: 874586099031052109559776 824765392538338292515448.934905012588693064774547 25
VALUES: 668680857557030594338902.2076 176195925841153582055390.07328908216983291371023 6
VALUES: 149431601434348058289463.49 190005340657663843747615.587823300526436255436026 22
VALUES: 387289234760051880674448.3805447470817 946852826733806363012129.9755550469 0
VALUES: 897505149919890135042342.88825 621866178377965972381169.74511329 2
VALUES: 780346379797055008773936.81025406271457 816296635385671778439001.243671320668 19
VALUES: 146105134660868238345921.88029 110688944838635843442435.229 12
VALUES: 175188830395971618219271.969466697184710460059510 95368886854352635996032.5589379720759899290455 17
VALUES: 121065079728389410238803.57161821927214465552758 999771114671549553673608.52 15
VALUES: 160524910353246356908522.003204 47577630273899443045700 24
VALUES: 315892271305409323262378.565621423666742 132356755931944762340733.8265964751 7
VALUES: 864850843060959792477301.340077821011673 957045853360799572747385.93545433 22
VALUES: 90150301365682459754329.657312886 549431601434348058289463.095948729686427100022 21
VALUES: 103837644007019150072480.2501716639 91309987029831387808041.4132295719844357 18
VALUES: 701655603875791561760890.4252231631 31570916304264896620126.61831082627603 16
VALUES: 703486686503395132372014.250354772259098191 884412909132524605172807.5385671778439002059967 15
VALUES: 569207293812466620889600.407370 199176012817578393224994.078690 19
VALUES: 821881437399862668802928.91032272831311512 702372777904936293583580.590066376745250629 22
VALUES: 465873197528038452735179.2091096360 840222781719691767757685.8920576 7
VALUES: 117051956969558251316090.5 386739909971770809491111.2330 6
VALUES: 264240482185091935606927.331700617 700785839627679865720606 20
VALUES: 395407034409094377050430.671961547 844007019150072480354008.46399633783 19
VALUES: 348912794689860379949644.878828107118333714 695597772182803082322422.4370794232089723048752574 10
VALUES: 552178225375753414206148.8336461432822 812497138933394369420919.306523231860 8
VALUES: 738872358281834134431982.1710231 35202563515678644998855.53815518425268940260929 11
VALUES: 500053406576638437476157.2782330052643625 481116960402838178072785.0 24
VALUES: 551689936675059128709849.14694438086518654 250049591821164263370717.68693064 3
VALUES: 213229571984435797665369.43657587 342519264515144579232470 12
VALUES: 906248569466697184710459.15326161593041886015 714915693904020752269778.7922178988326 15
VALUES: 747646295872434576943617.166445 107591363393606469825284.091 25
VALUES: 989639124132143129625390.022796978713664454 121934843976501106279087.38855 15
VALUES: 490943770504310673685816.2482032501716 761150530251010910200655.3767910276951247425040054 1
VALUES: 515892271305409323262378.36562 919295033188372625314716.4073243305104142824444953 3
VALUES: 731181811245899137865262.10547035934996566720073 819241626611734187838558.729091325246051728084229 19
VALUES: 575860227359426260776683.63868162050812542915 269138628213931486991683.56392767 18
VALUES: 657206073090714885175859.5701533531700617990386816 220798046845197222858014.5804531929 16
VALUES: 843427176317998016327152.5860379949645227740901 690867475394827191577019.22215609979400320 2
VALUES: 443518730449378194857709.1772945754177 571938658731975280384526.77985809 22
VALUES: 996368352788586251621270.080155642023 983337148088807507438772.1913023575188 14
VALUES: 866803997863736934462500.0868 990951400015259021896695.43080796520 6
VALUES: 678400854505226214999617.84605172808422980086976 224338139925230792706187.30904097047379262 1
VALUES: 509468223086900129701685.612451361 302586404211490043488212 0
VALUES: 585671778439002059967955.46834515907530 165026321812771801327534.7399862668802929732 22
VALUES: 650034332799267566948957.9217212176699473563744563 818677042801556420233462.216342412451361867 20
VALUES: 870038910505836575875485.51128404669260700 104112306401159685664148.82394140535 9
VALUES: 622278171969176775768672.605767910 778576333257038223849850.445 8
VALUES: .83277637903410 .577492942702 8
VALUES: .767833981841 .81988250 4
VALUES: .75608453498 .458396276798657 5
VALUES: 0 .71 22
VALUES: .5907988097962920576791 .39693293659876401 6
VALUES: .29292744335 .3859 21
VALUES: .125566491187914 .855527580682078278782330 6
VALUES: .6161135271229114213778 .648966201266498 12
VALUES: .300 .36362 21
VALUES: .9790493629358358 .721248187991149767299 23
VALUES: .3005416952773327229724 .26710917830167086289 18
VALUES: .21478599221 .85842679 17
VALUES: .3355611505302510 .123414969100480659189 12
VALUES: .97868314641 .66540016784924086366063 25
VALUES: .409719996948195620660 .7381399252307 9
VALUES: .292607003891050 .058030060273 21
VALUES: .542732890821698329 .18 17
VALUES: .9194781414511329 .65447470817120622 20
VALUES: .018188754100862134737 .71834897383077744716 21
VALUES: .071457999542229343099107 .3 21
VALUES: .056595712214 .2315251392385748073548485 4
VALUES: .839566643778133821622034 .7235980773632410162508 0
VALUES: .38127718013275 .7235 3
VALUES: .360494392309452 .4533 23
VALUES: .8781719691767 .2338445105668 14
VALUES: .92236209658960860 .733455 4
VALUES: .4095979247730220492866407 .158312352178225 15
VALUES: .416342412451361867 .33678187228198 15
VALUES: .1681 .9565117 1
VALUES: .26775005722133 .6852979324025 25
VALUES: .5184405279 .54187838559548 17
VALUES: .85624 .42816815 11
VALUES: .959319 .97621118486305 6
VALUES: .08734264133669031815060 .7112840466926070038 14
VALUES: .1749 .942488746 3
VALUES: .4425 .1 2
VALUES: .39998474097810330357 .8780498 18
VALUES: .060990310521095 .104539 12
VALUES: .48995 .874143 1
VALUES: 0 .6354924 10
VALUES: .480 .4778362706 6
VALUES: .8604409857 .058381 5
VALUES: .7701380941481651026169222 .029633020523 11
VALUES: .91920347 .470649271381704432 11
VALUES: 0 .4594491493 11
VALUES: .636636911 .2140993362325474 23
VALUES: .080 .704692149233234149 9
VALUES: 0 .0822461280231937 18
VALUES: .006942854 .8494392309 10
VALUES: .832288090333409628442 .505058365 16
VALUES: .7604028381780727 .8715648126955062180 22
VALUES: .34085 .2262760357061112382696269 4
VALUES: .12236 .4478522926680399786373 18
VALUES: .0561379415579461356527 .15144579232471 17
VALUES: .83761348897535 .7952697032 18
VALUES: .5 .74 2
VALUES: .9404135 .053376058594644083 19
VALUES: .346944 .776333257038223 14
VALUES: .16447699702449073014 .06448 9
VALUES: .380086976424811 .55614557106889448386358 17
VALUES: .879942015716792 .558571755550469214923323 14
VALUES: .135835812924391546 .88111696 13
VALUES: .084977492942702 .2494544899671931029 1
VALUES: .6392767223620965896 .9491111619 19
VALUES: .045426108 .5269 18
VALUES: .01 .130769817 0
VALUES: .14 .4186770428015564 6
VALUES: .72845 .6073395895323109788 4
VALUES: 0 .6455634393835355153734645 6
VALUES: .5082932784008 .70925459678034637979 1
VALUES: .403173876554512 .337651636530098420 25
VALUES: .42548256 .625589379720759899 23
VALUES: .170382238498 .4667124437323567559319 17
VALUES: .58605325398641947051 .90093842984664682993 6
VALUES: .40019 .47205310139620 16
VALUES: .988 .7102159151598 18
VALUES: 0 .70203 18
VALUES: .6858 .712306401159 17
VALUES: .332143129625 .375677119096665903715571 14
VALUES: .22590981 .008880750743877 10
VALUES: .593255512321 .0945296406500 3
VALUES: .960 .7220416571297779812314 7
VALUES: .955596246 .9561455710688944 24
VALUES: .716792553597314412 .78014801251239795529 0
VALUES: .631692988479438467994201 .885542076752 21
VALUES: .951430533302815 .3584191653315022507057297 18
VALUES: .58016 .43610284580758 14
VALUES: .11 .6337834 11
VALUES: .87428091859311818112458 .6771648737 4
VALUES: .83 .42909895 17
VALUES: .650675 .2882276646066987106126497 12
VALUES: .732 .39 13
VALUES: .085 .03903257801174944686045 21
VALUES: .04497138933 .08292362859540703440 1
VALUES: .0252964065003433 .009880216 5
VALUES: .065 .044278629739833676 5
VALUES: .09625085831998168 .0952925917448 20
VALUES: .0254932478828 .02 0
VALUES: .085426108186465247 .067951 21
VALUES: .08006561379415 .04726634622 16
VALUES: .0858472571908140 .034465552758068 7
VALUES: .072202639810 .0228732738 8
VALUES: .0850278477149614709697108 .0991393 23
VALUES: .02264133669031815 .089504844 3
VALUES: .02122529945830472266 .08000152590218966964 14
VALUES: .0373785000381475547417410 .062381 20
VALUES: .08282902265964751659418 .0020004577706569008 18
VALUES: .008664072632 .0246952010376134889753 11
VALUES: .0256778820477607385366 .008381780727855344472 12
VALUES: .0952956 .030862 9
VALUES: 0 .02682078 6
VALUES: .003370717936980239566643 .025732814526588 2
VALUES: .0036621652552071412 .003172350652323 2
VALUES: .064 .092899 7
VALUES: .035 .0713878080415045 10
VALUES: .0288044556343938353 .08066071564812695506218 6
VALUES: .0836 .08750896467536430914 6
VALUES: .06303654535744258 .0821622034027618829633020 15
VALUES: .0951079575799191271 .0049 14
VALUES: .016333257038 .054969100480 17
VALUES: .051551 .029729 9
VALUES: .07178 .074760051 13
VALUES: .0479743648432135 .0927473868925 4
VALUES: .0793774 .067449454489967193102 7
VALUES: .058892195010299839 .082507057297627222 13
VALUES: .07154192 .032648203 10
VALUES: .0356679636835278 .04 11
VALUES: .0953139543755245288776 .069578088 17
VALUES: .018924 .051866941329060807202 23
VALUES: .0323735408560311284046692 .00695 8
VALUES: .09798886091401541161 .0655405508506904707408255 7
VALUES: .09376821545 .057428854810406652933546 8
VALUES: .0387 .00284 22
VALUES: .05859616998550392 .007884336614023041123064 22
VALUES: .07671320668345159075303 .0430 9
VALUES: .006587319752 .01445334554055085069 10
VALUES: .00655 .0346288242923628595407 8
VALUES: .076700999465934233615 .04791485465781 25
VALUES: .090470740825513084611276 .098439002059967956054016 8
VALUES: .092584115358205 .07231250476844434271763 20
VALUES: .02861219195 .0023117418173495078965 25
VALUES: .0492668039978637369 .01 4
VALUES: .068502327000839246204318 .0022430762188143739986266 2
VALUES: .09666742961776150 .07856 25
VALUES: .03360341802090485 .03711146 22
VALUES: .02652018005 .062568093385214007782 8
VALUES: .06137178606 .0049225604638 1
VALUES: 0 .07564 22
VALUES: .05971923399710 .0822278171 10
VALUES: .090754558632791638056000 .08 17
VALUES: .055254444190127412 .0170305943389028763256275 1
VALUES: .09652246890974 .0473792629892423895 23
VALUES: .008429083695735103379 .030835431448 3
VALUES: 0 .05458 20
VALUES: .08542915999084458686 .00215457389181353475 16
VALUES: .007 .06995 10
VALUES: .05251239795 .083128099488 24
VALUES: .057993438 .0466849 2
VALUES: .0675944 .006398107881284809643701 7
VALUES: .062351415274280 .09575799191271839475 6
VALUES: .06337834744792 .0898512245365072098878461 1
VALUES: .0851361867704280 .0112321660181582360570 15
VALUES: .027191577019913023 .03530 1
VALUES: .064977492942702372 .01277027542534 4
VALUES: .0032608529793240 .067862 10
VALUES: .02356908 .093774 20
VALUES: .0615030 .031 10
VALUES: .070568398565651941710 .050571450370031 20
VALUES: .073376058594644083314259 .0312764171816586556 7
VALUES: .011343556 .0120057984283207446402685 19
VALUES: .028957045853 .0592858777 4
VALUES: 0 .06526741435873 5
VALUES: 0 .0205722133211 13
VALUES: .099722 .0376928358892195010299839 16
VALUES: .095158312 .0922789349202716 23
VALUES: .093499656672007324330 .04 23
VALUES: .0305256733043411917 .050 6
VALUES: .0747 .055765621 2
VALUES: .0968215457 .0108644235904478 13
VALUES: .0320210574 .0647318226901655 9
VALUES: .05727473868 .033897917143511100938 21
VALUES: 0 .073322 9
VALUES: .038 .02329747 21
VALUES: 821957732509346150911725.73636987869077 475852597848477912565804.05607690 3
VALUES: 699900816357671473258563.42 401937895780880445563438.9815976195925841153582055 2
VALUES: 570809491111619745174333.7543602 415808346684977492942701.95696 15
VALUES: 716792553597314412146180.7129777981231403067063401 906782635233081559472036.935 14
VALUES: 659372854200045777065689.4298924238956282902265 551644159609369039444571 9
VALUES: 303379873350118257419699.09388876173037308 88258182650492103456168.37134355687800411 6
VALUES: 709758144502937361715113.351430533302815289539940 253711757076371404592965.337 18
VALUES: 608407721065079728389409.6303959716182192 833691920347905699244677.58242160677 9
VALUES: 518974593728542000457770.13792 167544060425726710917829.9995422293430991073472190 24
VALUES: 675226977950713359273669.882490272 64576180666819256885633.56630807965209430 10
VALUES: 815518425268940260929273.61799038681620508125 798916609445334554055084.270130464637 14
VALUES: 381582360570687418936445.79221789883 43808651865415426871137.51627374685282673380 0
VALUES: 221637293049515526054779.66697184710460059510185 727168688487067978942549.0553902494850080 4
VALUES: 534660868238345922026397.5732 630670634012359807736323.47095445 13
VALUES: 464927138170443274586098.566124971389333943 227893492027161058976119.40283817807 21
VALUES: 686060883497367818722819.181185626001373 228839551384756237125200.0458228427557793545433 3
VALUES: 665857938506141756313419.643900 462027924010070954451819.176333257 9
VALUES: 844190127412832837415120.846509498741 684489204242008087281604.5646143282215609979400320 9
VALUES: 342305638208590829327839.7431 536018921187151903562981.07685 15
VALUES: 733302815289539940489813.8 590371557183184557869839.95284962233920 10
VALUES: 184939345387960631723506.33829251544975967 437918669413290608072022.1454337376974135957885099 14
VALUES: 805264362554360265506980.1972533 242145418478675516899366.508 17
VALUES: 660868238345922026398107 775631342030975814450292.9605401693751430533 7
VALUES: 429724574654764629587243 903044174868390936140992.45928130006866559853 23
VALUES: 197528038452735179674982.636072327763790341039 590753032730601968413824.0830853742 21
VALUES: 35111009384298466468299.34689860379949645227 607782101167315175097275.65680933852140077821011 8
VALUES: 90257114518959334706645.21 745601586938277256427862.2283817 14
VALUES: 683863584344243533989470.5910276951247425 18753337911039902342259.84 23
VALUES: 796139467460135805294879.802 287022201876859693293659.589379 9
VALUES: 459967956054016937514304.8730601968413824673 86213473716334782940413.433 20
VALUES: 129320210574502174410620.149919890135042343785 184145876249332417792019.34740215152 18
VALUES: 55985351338979171435110.95339894712748 358144502937361715114060.830533 14
VALUES: 80262455176623178454261.00160219729915312 565819790951400015259021.330876 18
VALUES: 936507209887846189059280.36356145571068894483 212344548714427405203326.25442893110551613641 0
VALUES: 199481193255512321660181.38287937 474830243381399252307926.587 21
VALUES: 191866941329060807202258.1433737697413595 720805676356145571068893.763057907 16
VALUES: 555352101930266269932096.7972 299824521248187991149767.00009155 0
VALUES: 767238879987792782482642.09535362 421591515983825436789501.37134355687800411993 17
VALUES: 844861524376287479972532.91572442206454566262302 775066758220798046845196.44779125658045319 6
VALUES: 970305943389028763256274.30244907301441977569237 274769207293812466620889.3262073 7
VALUES: 335622186617837796597237.7814145113298237582970931 362417029068436713206683.0891737239642938887617303 10
VALUES: 525474937056534676127259.7171435111009384298466468 121034561684596017395284.841199359121 3
VALUES: 503959716182192721446554.771847104600595101 536476691844052796215762.0331425955596246280613412 21
VALUES: 154879072251468680857556.8757152 636865796902418554970625.7459830624856946 9
VALUES: 894239719233997100785838.7334401464866102 253803311207751583123521.528450446326390478370 0
VALUES: 822003509575036240177003.831998168917 760479133287556267643243.3075761043717097734035248 8
VALUES: 839566643778133821622033.18805 508751049057755397878995.44760814831769283 11
VALUES: 86915388723582818341344.232913710231174181734950 215136949721522850385290.087754634927901121 11
VALUES: 673929961089494163424123.839688 273929961089494163424124.23968 9
VALUES: 148363469901579308766307.93128862439917601281 144228274967574578469519.95953307392 20
VALUES: 801754787518120088502326.1 815518425268940260929273.6179903868 11
VALUES: 755092698558022430762187.388647287708857 651728084229800869764247.45996795605401693751430 8
VALUES: 136934462500953688868543.38942549782558937 20096131837949187457083.9 17
VALUES: 875654230563820859082931.90835431448 843289845120927748531318.299153124284733348592 3
VALUES: 538582436865796902418554.4320439459 10833905546654459449149.298695353627832455939 18
VALUES: 138048371099412527656977.04971389333 161913481345845731288624.237262 16
VALUES: 615075913633936064698252.22 868146791790646219577324.225314 7
VALUES: 524254215304798962386510.5003891050583657 18142977035172045471885.234012359807736324101625 4
VALUES: 462714579995422293430990.6107576104371709773403 283894102388036926832989.7214465552758068207827878 15
VALUES: 538551918822003509575035.7 443488212405584802014190.4 15
VALUES: 171404592965590905622949.39752803845273517967 474662394140535591668573.56974135957885099 24
VALUES: 282566567483024338139924.94822613 81452658884565499351491.48793774319 19
VALUES: 817395284962233920805675.538750286106660563057 222491798275730525673304.1186999313344014648 11
VALUES: 124757763027389944304569.9 564049744411383230334934.96658274 9
VALUES: 503868162050812542915998.58059052414740 673563744563973449301899.07466239 17
VALUES: 804943923094529640650033.52785534447241931792172 696620126649881742580299.906111 21
VALUES: 685099565117875944151979.1 855329213397421225299457.449393453879 7
VALUES: 369512474250400549324787.91155870908674753948 663263904783703364614327.5 12
VALUES: 179522392614633401998931.688944838635843442435339 286518654154268711375600.5374685 7
VALUES: 318440527962157625696192.55559 835706111238269626916913.7900663767452 24
VALUES: 604852368963149462119477.5365987640192263675898 908888380254825665674829.33449301899748226138 12
VALUES: 279163805600061036087586.506523231860837 933638513771267261768519.7 5
VALUES: 180926222629129472800793.288212405 648569466697184710460058.861615930418860 15
VALUES: 132097352559700923170824.6180361638818951705195696 23437857633325703822384.961684596017395 23
VALUES: 780697337300679026474402.2 857495994506752117189287.3091325246051728084 20
VALUES: 537285420004577706569008.389242389562 927794308384832532234682.8289768825818265049 21
VALUES: 894972152285038529030288.263492 804135194934004730296787.17175555046921492332341 9
VALUES: 101411459525444419012741.1818722819867246 970214389257648584725718.111192492561226825360 0
VALUES: 549034866865033951323719.60050354772 816510261692225528343632.3566033417257953765163653 25
VALUES: 397772182803082322423132.27942320897230487525749 472190432593270771343556.40581368 19
VALUES: 733485923552300297550926.25209430075532158388647 99763485160601205462729.739253833829251 10
VALUES: 723094529640650034332798.544472419 599237048905165178912031.1395284 22
VALUES: 938292515449759670405126.09306477 927779049362935835812923.4637 16
VALUES: 414679179064621957732508.93147173266193636987869 497489890897993438620583.923 23
VALUES: 364171816586556801709010.0882581826504921 859693293659876401922635.8992904554 9
VALUES: 704280155642023346303501.24124513618677042801 537193865873197528038452.19798580910963 17
VALUES: 992019531548027771419850.9954680 463660639353017471580071.253 19
VALUES: 783306630045014114595253.660883497 272327763790341039139390.892698558022430762 5
VALUES: 798138399328603036545356.6444495307850766765850 574471656366826886396581.4046234836346 17
VALUES: 480048828870069428549629.48867017624 133409628442816815442130.02604715037766079 19
VALUES: 86533913176165407797360.102677958342870222018 546913862821393148699167.8363927672236209658960 6
VALUES: 958052948805981536583504.039276722362096 7339589532310978866254.665735866330968184939 9
VALUES: 884092469672693980315860 124666208896009765774013.7610437170977340352483405 11
VALUES: 650202182040131227588310.93902494850080109 892057679102769512474249.5 7
VALUES: 456961928740367742427709.9268024719615472648203250 805035477225909819180589.719111924925 18
VALUES: 843839169909208819714655.446692607 310032806897077897306782.32520027466239414053559 17
VALUES: 627206836041809719996947.56 267109178301670862897687.9910734721904325932707713 2
VALUES: 357534142061493858243686.2 487678339818417639429312.093385214007782101167315 3
VALUES: 596887159533073929961088.897276264591439 734706645304036011291675.468848706797894 21
VALUES: 294636453803311207751582.8288853284504 977325093461509117265582.2987869 2
VALUES: .595788509956511787594415 .34909 4
VALUES: .542519264 .478446631570916 9
VALUES: .598992904 .58547341115434500 6
VALUES: .41094071 .652292668039978637369344 4
VALUES: .5737850003814755474 .763347829404135194934 19
VALUES: .176302 .6999008163576714732585641 20
VALUES: .69477378500038147 .9156176 7
VALUES: .6 .888 6
VALUES: .46770428015 .0828717479209582 19
VALUES: .476 .03318837262531 23
VALUES: .28067444876783398184176 .6277409018081940 11
VALUES: .1552452887 .5983520256351567864 3
VALUES: .36418707560845349 .10322728 12
VALUES: .33018997482261387045 .160463874265 19
VALUES: .62215609979400320439 .893476768139162 14
VALUES: .440268558785381857022 .9302967879758 9
VALUES: .08218509193560 .6918745708400091554131380 22
VALUES: .64921034561684596 .45780117494468604 21
VALUES: .37621118486305027 .5 25
VALUES: .469459067673762111 .3691462 4
VALUES: .28 .5992980849927519 17
VALUES: .4006866559 .40700389105058365758 20
VALUES: .40346379797055008 .746 10
VALUES: .563118944075684748 .728557259479667353322 23
VALUES: .6 .909468223 25
VALUES: .34583 .9393301 19
VALUES: .600549324788281071183 .1722285801480 23
VALUES: .787 .6486152437 15
VALUES: .569130998702983138 .37105363546196688792 20
VALUES: .85030899519340810 .20102235 17
VALUES: .20613412680 .051178759 8
VALUES: 0 .519 10
VALUES: .7890440222781 .42468 14
VALUES: .04344243533989 .245273517967498283360036 13
VALUES: 0 .50942244602121004043640 23
VALUES: .05040054932478828 .3142900 6
VALUES: .405203326466773479 .2126802471961 23
VALUES: .9819638361181048294804 .4 3
VALUES: .6059 .6849164 15
VALUES: .919172961 .0986648355 13
VALUES: .48357 .0901 19
VALUES: .6 .9 3
VALUES: .4829175249866483558403906 .722453650720988784 11
VALUES: .094544899671931029221 .861 9
VALUES: .93438 .604730296787975890745 6
VALUES: .94189364461 .10612649729152 14
VALUES: .52932021057 .0052033 23
VALUES: .0583962767986572060730 .4287937743190661478 7
VALUES: .591836 .6318 24
VALUES: .25 .374883649958037689784 17
VALUES: 0 .2962691691462577248 19
VALUES: .444 .952300297 19
VALUES: .926329442282749 .768688487 6
VALUES: .2 .237 25
VALUES: 0 .76 19
VALUES: .036102845807 .539131 12
VALUES: .7497 .71453421835 7
VALUES: .644632639 .18542763408865491721 15
VALUES: .4512855725947966735 .372 4
VALUES: .8782940413519493400 .6151979 14
VALUES: .48909742885481 .73 7
VALUES: .28639 .984908827344167238879987 18
VALUES: .052018005645838101 .51322194 5
VALUES: .3464 .8967727168 20
VALUES: .780 .43498893720912489509 5
VALUES: .89585717 .8371709773 19
VALUES: .271534294651 .667841611352712 3
VALUES: .7582055390249 .9621423666742961776 0
VALUES: .04 .34036774242771038376440 23
VALUES: .8 .8611276417181658655 15
VALUES: .5368581673914702 .79562066071564812 13
VALUES: .5538261997405966 .787747005416 24
VALUES: .3033340962 .721217669947356374 23
VALUES: .6348210879682612344548 .43186083772030 10
VALUES: .481818875 .0867017624 16
VALUES: .3879301136797131 .6909 0
VALUES: .15245288776989394979781 .4840314335851 13
VALUES: .12607003891050 .79443045700770 15
VALUES: .484367 .40189211871519035629816 6
VALUES: .3476310368 .516212710765239 17
VALUES: .4500 .46399633783474479285 11
VALUES: .3454642557 .827 24
VALUES: .8049744411383230334935 .84005493 20
VALUES: .46625467 .69668116273746852826 22
VALUES: 0 .184100099183642328526741 8
VALUES: .52373 .5 23
VALUES: .7896 .46 9
VALUES: .153 .911909666590371 15
VALUES: .09182879 .19 11
VALUES: .4206149385824368 .691065842679484245 23
VALUES: .2704661631189440756 .50293736171511406 21
VALUES: .319111924925 .73391317 21
VALUES: 0 .53565270466163118944 17
VALUES: .04205539024948500801098 .02397344930189974822 21
VALUES: .00468604562447547112230 .063 10
VALUES: .05647516594186312 .0201 6
VALUES: .09580834668 .040383001449607080186160 8
VALUES: .082760357061 .0098008697642481 13
VALUES: .05101548790722514 .09100175 25
VALUES: .09 .0120988784618905928 25
VALUES: .043631647211 .03 3
VALUES: .08 .037395284962233920805676 21
VALUES: .017698939497978179598687 .042163729304951552 8
VALUES: .0437 .03 20
VALUES: .051734187838559 .0015075913633936064698252 12
VALUES: .00176546883 .055219348439765011062 20
VALUES: 0 .0543907835507743953612 2
VALUES: .08061646448 .035790035 8
VALUES: .04063019760433356 .040695 19
VALUES: .09 .03955748836499 20
VALUES: 0 .05250934615091172 2
VALUES: .026691081101701380941 .03099870298313878080415 8
VALUES: .07 .064695201 15
VALUES: .033 .08963 25
VALUES: 0 .06597543297474631 11
VALUES: .0184176394293125810635538 .09327382314793 13
VALUES: .003198290989547 .0355 24
VALUES: .088137636 .09 22
VALUES: .04323033493553063248645 .06623636224917982 9
VALUES: .0662287327382314793 .033336 24
VALUES: .04356145571068894483863 .03829 21
VALUES: 0 .02017090 14
VALUES: .09381399252 .03277027542 0
VALUES: .02719920653 .08557717250324254 6
VALUES: .0245929655909056229495 .03434 22
VALUES: .045984588387884336614 .0254200045777065690089 17
VALUES: .0967635614557106889448386 .031854734 17
VALUES: .027869 .06048523 1
VALUES: .038619058518348973 .098077363241016 12
VALUES: .0588174258030060 .08433966582742046 19
VALUES: .0942626077 .09720607 23
VALUES: .0162600137331197070 .06352025 9
VALUES: .03585717555 .0967193102922102693217364 5
VALUES: .076112001220721751735 .096380560 8
VALUES: .08255130846112764171816 .0066865033 11
VALUES: .014779888609140 .0906187533379 7
VALUES: .070666056 .094955367360952162966353 5
VALUES: .0679545281147478446631 .078966964217593652 13
VALUES: .065714503700312 .02179751 14
VALUES: .092 .086948958571755550469 20
VALUES: .054608987563897154192 .053589684901197833218890 23
VALUES: .027 .00393530174715800717 2
VALUES: .048870069428549 .07356527 5
VALUES: .047032883192187380 .0120851453421835660 15
VALUES: .055341420614 .08784771 7
VALUES: .0022552834363317311360 .0934538796 3
VALUES: .05417563134203097 .07041733 23
VALUES: .0289 .0549 15
VALUES: .0437460898756389715419 .090841535057602 2
VALUES: 0 .0565957 13
VALUES: .07708857 .0663431754024 18
VALUES: .029785610742351415274280 .07553 3
VALUES: .0903 .087 23
VALUES: .0868574044403 .007241931 1
VALUES: .0371114 .0154512855725947 10
VALUES: .0507515 .08671854734111543 21
VALUES: .0510215915 .037248798 11
VALUES: .0619089036392767 .072332341496910048 7
VALUES: .03658960860608834973678 .050412756542305638208590 1
VALUES: .093484 .07619 14
VALUES: .03092393377584496833752 .00832379644 9
VALUES: .0421881437399862668802 .05780270 2
VALUES: .063390 .024307621881 23
VALUES: .034210727092393377584 .049990081635767 2
VALUES: .0917860685130 .061565575 15
VALUES: .02921492332341496910048 .00928 11
VALUES: .003256275272755 .08027771419851 24
VALUES: 0 .0885053788052185854 24
VALUES: .011 .043440 2
VALUES: .088123903257801174944 .071454947737850 19
VALUES: .03117570 .081351949340047302967879 12
VALUES: .08323186 .02913099870298 8
VALUES: .0689463645380 .0521324483100 21
VALUES: .058934920 .0237979705500877393 10
VALUES: .0407232 .087467765316 15
VALUES: .059 .0037 4
VALUES: .062610818646524757763 .0896437018387121385 23
VALUES: .050150301 .074180209048599984 24
VALUES: .0670359 .0616281376363775082017242 19
VALUES: .06226138 .073064774547951 22
VALUES: .06551003 .026865033951323 17
VALUES: .095136 .0851956969558251 1
VALUES: .0151873044937819485 .05 4
VALUES: .057 .014134431982909895 20
VALUES: .0210 .0936934462 2
VALUES: .0751750972762645 .0450064 6
VALUES: .06533760585946440833 .020975051499198901350 9
VALUES: .025751125352864881361104 .008142 14
VALUES: .026759746700236 .0427 19
VALUES: .0564110780 .0081879911497672999160 24
VALUES: .04253147173266 .02344701304646372167544 9
VALUES: 797680628671702143892575.68 172243839169909208819714.4840466 24
VALUES: 539345387960631723506522.6925154 420950637064164187075608.032547493705653467612726 23
VALUES: 83741512169069962615396.2693 194781414511329823758296.8983749141680018310826276 7
VALUES: 889417868314641031509879.32726024261844815 209109636072327763790340.8300297550926985580224307 5
VALUES: 416586556801709010452429.582650 659815365835049973296711.0209658960860608834973678 17
VALUES: 379781795986877241168840.697505149919890135 305912870984969863431753.7186541542687 18
VALUES: 335255970092317082475013.01638818 908033875028610666056304.88276493476 3
VALUES: 171984435797665369649805.27548638132295719844 877515831235217822537574.46390478 22
VALUES: 674769207293812466620888 713313496604867627985045.4452277409018081 14
VALUES: 592385748073548485542076.16049439230945296406500 704524299992370489051651.08459601739 21
VALUES: 93446250095368886854352.54254978255893797 396597238117036697947661.15829709315632867 21
VALUES: 83863584344243533989471.1910 564690623331044480048828.30537880521858548 23
VALUES: 733684290836957351033797.999816891737239642 460288395513847562371251.54245822842755779 4
VALUES: 902250705729762722209505.4683909361409933 446417944609750514991988.56708628 0
VALUES: 522468909742885481040664.77 378210116731517509727626.08093385214007782 10
VALUES: 233615625238422217135881.3563744563973449 528084229800869764248111.1679560540169375143 20
VALUES: 531670099946593423361561.992172121 278278782330052643625543.32437628747 14
VALUES: 282612344548714427405203.043854428931 134081025406271457999542.09526 12
VALUES: 279758907454032196536201.749691004806591897 709575036240177004654000.9689173723964 5
VALUES: 701808194094758525978484.077317463 61326009002822919050888.77669 16
VALUES: 510948348210879682612344.037766079194323643854428 376653696498054474708170.82957198443579 3
VALUES: 922606240939955748836498.6577706 497779812314030670634011.862027924010070954451819 13
VALUES: 785305561913481345845730.503318837262531471 979156176089112687876706.123918516823071 20
VALUES: 577508201724269474326695.0813000 353749904631113145647363.6502174410620279240100 22
VALUES: 282383459220263981078812.5657129777981231 561257343404287785152971.1332570382238498512245365 9
VALUES: 71671625848783093003738.388693064774547951476 584878309300373846036468.4774547951476310 1
VALUES: 168352788586251621271076.3 998275730525673304341190.73133440 8
VALUES: 674830243381399252307926.387045 53192950331883726253147.120073243305104142 17
VALUES: 15289539940489814602883.939848935 1281757839322499427786.6775921263447 23
VALUES: 192797741664759288929579.421149004348821 605600061036087586785686.43186083772030212 4
VALUES: 42816815442130159456778.7 54734111543450064850843.0062256809338521400778 17
VALUES: 285923552300297550926985.2943007553215838864728770 230609597924773022049286.41011673151750972 6
VALUES: 978408484016174563210497.22865644312199 96528572518501564049744.3148546 3
VALUES: 859678034637979705500876.534 550713359273670557717249.7735408560311284046692 12
VALUES: 431296253910124361028457.64 98649576562142366674296.07896543831 6
VALUES: 768276493476768139162278.929 452780956740672922865643.859418631265735866330 8
VALUES: 561547264820325017166399.0722362096 486030365453574425879300.6507667658503089951934 1
VALUES: 707331960021362630655374.2831311512932 630960555428397039749751.40993362325 14
VALUES: 303822384985122453650720.6849622339208056763561 808606088349736781872281.17811856260013733119707 12
VALUES: 378881513694972152285038.1501487 688502327000839246204317.6146944 3
VALUES: 855451285572594796673532.37106889448386358434 521416037232013427939268.571435111009384 3
VALUES: 10238803692683299000534.0555275806820782787823300 789532310978866254673074 19
VALUES: 925581750209811551079574.8736 225711451895933470664530.177889677271686884870 15
VALUES: 857160296025024795910581.274525062 267826352330815594720378.1 2
VALUES: 520912489509422446021209.5 328648813611047531853207.880704966811627 12
VALUES: 880842298008697642481116.0795 156679636835278858625161.9704 14
VALUES: 63981078812848096437018.323140306706340123 88593881132219424734874.405951 22
VALUES: 549599450675211718928816.11 972152285038529030289157.4927901121538109407186 25
VALUES: 765529869535362783245593.1918974 919996948195620660715647.2069581139 14
VALUES: 658136873426413366903180.847928587 86243991760128175783932.16 18
VALUES: 462302586404211490043487 24490730144197756923781 13
VALUES: 697886625467307545586327.21849 474616617074845502403295.4741130693522545204852368 24
VALUES: 256870374608987563897153.9355458915083543144884412 822339208056763561455709.8666056305790798809796292 0
VALUES: 817456321049820706492712.99958800640 287708857862211032272831.0238040741588 20
VALUES: 540581368734264133669031.27447928587777523 324498359655146105134660.54373998626688 25
VALUES: 235324635690852216372930.259830624856946669718 505210955977721828030822.719020370794232089 5
VALUES: 457068741893644617380025.48 86030365453574425879301 6
VALUES: 750957503624017700465399.41689173723964293888761 415197985809109636072327.3485923 20
VALUES: 800305180437933928435186.50418860151 984695201037613488975355.69494163 14
VALUES: 479118028534370946822308.2108949416342412451 286137178606851300831616.4072327763790 3
VALUES: 309987029831387808041504.22957198443579 70405127031357289997711.076310368505378805218 3
VALUES: 116319523918516823071640.9914854657816 461646448462653543907835.0460975051499198901350423 8
VALUES: 366765850308995193408102.1738612954909590295262073 269062333104448004882886.73788052185 9
VALUES: 570016021972991531242846.7634699015793087663080 122987716487373159380483.5 18
VALUES: 656809338521400778210116.07470817120622568 299702449073014419775692.078416113527122911421377 8
VALUES: 953002212558175020981154.15495 749416342412451361867703.53 17
VALUES: 860502021820401312275882.255390249485008010986 864850843060959792477301.3400778210116731517509 14
VALUES: 574578469520103761348896.96 772045471885252155336842.1363241016 2
VALUES: 709681849393453879606316.5253833829251544 88029297322041657129777.893202 0
VALUES: 793606469825284199282825.1 410986495765621423666742.55078965438315 13
VALUES: 439047837033646143282215.17093156328 592828259708552681773097.7515 1
VALUES: 112443732356755931944762.228290226596475 345021744106202792401006.7504234378 16
VALUES: 430975814450293736171510.9751430533 56870374608987563897154.1355458915083543 21
VALUES: 887083237964446478980696.45021744106202792401 532097352559700923170824.218036163 10
VALUES: 776089112687876707103073.916823 973113603418020904859997.5009842069123369 5
VALUES: 593087663080796520943006.960128175 636209658960860608834973.04197756923781185626001 19
VALUES: 642084382391088731212328.6476081483176928 772320134279392690928510.71009384298 8
VALUES: 522468909742885481040664.770885786 822674906538490882734415.90121309224 6
VALUES: 558831158922713054093232.0649576 717570763714045929655908.33865873197528038 17
VALUES: 930800335698481727321277.77523460746166170 127779049362935835812924.26376745250629434 3
VALUES: 891462577248798352025634.2 672648203250171663996337.162096589608606088 9
VALUES: 795361257343404287785152.1763 882688639658197909513999.269901579308766308 16
VALUES: 173876554512855725947966.56145571068 99855039291981383993285.93051041428 10
VALUES: 707728694590676737621117.778576333 692652780956740672922864.951659418631265735866 21
VALUES: 106187533379110399023422.49242389 166979476615548943312733.486793316548 12
VALUES: 335790035858701457236590.7 744060425726710917830166.3422293430991073472 23
VALUES: 389379720759899290455481.4142366674296 639185168230716411078049.257816433966582 10
VALUES: 127550164034485389486533.785626 462333104448004882887006.4805 24
VALUES: 470160982681010147249560.8329 685374227512016479743647.746761272602 25
VALUES: 138002594033722438391698.95408560311 382818341344319829098954.3741817349 8
VALUES: 91081101701380941481650.93508812085145342183566 699839780270084687571525.965300984206 11
VALUES: 998138399328603036545356.444449530785076676585030 639444571602960250247958.466376745250629434653 5
VALUES: 781048294804303044174867.60988784618 788677805752651255054550.2146028839551384756237125 24
VALUES: 616556038757915617608910.652231631952391851682307 45075150682841229877164.82865644312 21
VALUES: 357732509346150911726557.9698786907 8743419546807049668116.265003 3
VALUES: 43015182726787212939650.52538338292515449759 533546959639887083237963.912932021057450217441 10
VALUES: 745418478675516899366749.84586861982146944 379476615548943312733653.3933165484 18
VALUES: 663126573586633096818493 797344930189974822613869.65355 12
VALUES: 489539940489814602883954.6489356832227054 153017471580071717402914.320164797436484321355001 22
VALUES: 591454947737850003814754.8827191577 836758983749141680018309.989517051956 17
VALUES: .3271076523994811 .28239871824216067750057 24
VALUES: .2 .1969481956206607156481269 25
VALUES: .4991531242847 .99288929579613946746013 15
VALUES: .59423208972304875257495 .57598229 5
VALUES: .8 .3055313954 11
VALUES: .81330 .8093080033569 19
VALUES: .2146944380865186541542 .735652704661631189 16
VALUES: .8536812 .990981918059 7
VALUES: .6982070 .18634317 4
VALUES: .0498207064927138170443274 .07 12
VALUES: .792446784 .163241016250858319 2
VALUES: .77701991302357518883 .0777599755855649652 10
VALUES: .723903257801 .20015259 4
VALUES: .1728 .6439 11
VALUES: .01953 .4675516899366750591 25
VALUES: .99 .58515297 14
VALUES: .32150759136339360646 .56797 15
VALUES: .52654306858930 .1249866483 23
VALUES: .59475089646753643091 .64969863431754 11
VALUES: .68427557793545 .4609903105210955977721828 12
VALUES: .90832379644464789806 .4892805371175707 20
VALUES: .725963225757228961623 .26709391927977416 9
VALUES: .595590142 .64524299 6
VALUES: .191 .080460822 24
VALUES: .743022812237 .285755703 16
VALUES: .5484855 .752666 14
VALUES: .62182040 .6953231 7
VALUES: .69672693980315 .4233310444800488288700694 25
VALUES: .55193408102 .14747844663157 20
VALUES: .75841916 .4 19
VALUES: .66294 .7871824 17
VALUES: .21110856794079499 .635019455252918287937 15
VALUES: .574364843213550011444266 .123765 4
VALUES: .51482413977 .31696 19
VALUES: .95864 .2485999847409781 3
VALUES: .630 .613702 24
VALUES: .99 .169344 9
VALUES: .138170 .052140077821011 23
VALUES: .790066376745250629 .85864042114900434882 13
VALUES: .996 .99821469 1
VALUES: .82 .9932 7
VALUES: .75802243076218814 .76487373159 8
VALUES: .88215 .4880445563439383535515 16
VALUES: .2010376134889753 .63662165 5
VALUES: .7642481116960402838178 .36 20
VALUES: .640085450522621499961 .087891 23
VALUES: .9707789730678263 .6071107042038605325 4
VALUES: .171740291447 .3 5
VALUES: .24788281071183337148 .4711680 22
VALUES: .2721293 .3352407 13
VALUES: .38 .7026 4
VALUES: .156206 .10345616845960173952849 17
VALUES: .15156786 .596231 22
VALUES: .01364156557564 .3336232547493705653 1
VALUES: .51064316 .885297932402532997634851 23
VALUES: .200717174029144 .05809109636072 10
VALUES: .162676 .793 9
VALUES: .493339436942 .5328755626764324406805523 13
VALUES: .30644693675135423819 .3028305485618371862 7
VALUES: .1073319 .353124284733348592 22
VALUES: .6350041962 .22877 9
VALUES: .602273594262607766842145 .4998702983138780 20
VALUES: .928755626764324406 .551262684061951 5
VALUES: .3 .2546883344777599755855649 0
VALUES: .0673990997177080949111 .66483558 12
VALUES: .090012970168 .35849546 0
VALUES: .2839551384756 .807049668116273746852826 17
VALUES: .23642328526 .83 12
VALUES: .2 .706996261539635309376668 10
VALUES: .95634393 .20457770656 25
VALUES: .1537193865873 .6956130312046997787 0
VALUES: .1672236209658 .14021 15
VALUES: .7143053330281528 .64399176012 2
VALUES: .661844815747310597390707 .35671 25
VALUES: .05493247 .5669336995498 4
VALUES: .3407797360189 .023163 8
VALUES: .65607690 .538231479362172884 9
VALUES: .7067978 .7 24
VALUES: .6558022430 .3602044708934157320 16
VALUES: .892271305409 .6315861753261615930418 5
VALUES: .9625848783093003738 .111543 10
VALUES: .8183260852979 .95005 17
VALUES: .2771496147096971084 .84737926298924238956282 8
VALUES: .3 .42587930113679713130388 20
VALUES: .447302967879 .6239871824216067750 18
VALUES: .5477836270695048447394522 .39542229343 1
VALUES: .981414511329823 .26375219348 8
VALUES: .358464942397 .468 14
VALUES: .0917677576867 .4 7
VALUES: .5349050125886930647745479 .96952773327229 4
VALUES: .035 .27383840695 5
VALUES: .966 .8946364538 17
VALUES: .331 .65 14
VALUES: .02708476386663 .325001907 18
VALUES: .17801174944686 .19496452277 10
VALUES: .1089646 .9989318684672312504 1
VALUES: .720607309071 .5903715 7
VALUES: .49913786526283665 .9544823376821 16
VALUES: .052622262912 .083123521 7
VALUES: .013250934615091172655 .02572976272220 10
VALUES: .002800030518043 .0484199282825 9
VALUES: .04769970244907301 .0884 22
VALUES: .04384527351796749 .0853681239032578011749446 0
VALUES: .05292133974212252 .0135 5
VALUES: .010313572899977111 .03346456092 13
VALUES: .0508 .007 19
VALUES: .01049362 .0718577 11
VALUES: .00710612649729 .019116502632 1
VALUES: .035242236972610055695429 .071090257114518 9
VALUES: .0468772411 .02456855 6
VALUES: .089195086 .003050278477149614 7
VALUES: .02430457007705 .058918135 14
VALUES: .0149691004806591897 .0303898680 3
VALUES: .02 .031519 5
VALUES: .02604562447547112230106 .09468680857557030594338 6
VALUES: .0480 .08985 10
VALUES: .0994934004730296787975890 .0081864652 3
VALUES: .04284428168154421 .0107377737087 15
VALUES: .07957427328 .0437109941252765 1
VALUES: .049 .08111543 22
VALUES: .000827038 .07131151293202105 25
VALUES: .0777920195315480277 .0541 9
VALUES: .026218051422903791866941 .033252460517280842298 13
VALUES: .07738765545 .097669947356374456397344 13
VALUES: 0 .08077058060578316929884 24
VALUES: .035559624 .0396490424963759822 6
VALUES: .0261966 .0019 11
VALUES: .0063 .02302 3
VALUES: .018136873426413366903 .04 4
VALUES: .0003845273517967 .019472037842374 16
VALUES: .0638254 .048403143358510719 22
VALUES: .0006424048218509193560 .05 25
VALUES: .055954 .02 11
VALUES: .06654612 .02918593118181124589913 1
VALUES: .0205188067 .06943617914091 21
VALUES: .0976989394979781795986877 .05372091248950 25
VALUES: .075391775387 .01 8
VALUES: .03075 .05367360952162966 9
VALUES: .0829068436 .02843366140230411230 20
VALUES: .0975310902571 .014982833600366216525 15
VALUES: 0 .01111009384298 13
VALUES: .036351567864 .05 20
VALUES: .0320637827115281910 .08180361638 3
VALUES: .00941329 .01662 22
VALUES: .007283131151293202105745 .0246219577325 1
VALUES: .040894178683146410315 .09445792324711985961699 2
VALUES: .06646829938 .007371633 22
VALUES: .02607919432364385 .03259632 3
VALUES: .04306858930 .04151979 20
VALUES: .01881742580300 .01965819 4
VALUES: .0091157396810864423590 .067978942 23
VALUES: .06344853894865339 .08927290760662241550316 20
VALUES: .0211230640115968 .0634409094377050431 10
VALUES: 0 .05174639505607690547 17
VALUES: .0175295 .07698176546883344 2
VALUES: .04278782330 .0181765468 3
VALUES: .0608499275196459906 .092712291142 14
VALUES: 0 .00770275425345 2
VALUES: .00361 .0663126 2
VALUES: .008360 .0362 13
VALUES: .0044 .036867322804 21
VALUES: .090092317082475013351 .0094132906080720225833 19
VALUES: .064327458609903105 .00219 15
VALUES: .006979476615548943312733 .06 16
VALUES: .01964904249637598229 .056493476768139162279697 1
VALUES: .003231860 .05769436179140917 14
VALUES: .09168535896 .02312 3
VALUES: .0332234683756 .0967559319447623407339589 3
VALUES: .01121232928969253 .021152 11
VALUES: .0874494544899671931029221 .042475013351644159609 12
VALUES: .065145342183566033417257 .093473716 12
VALUES: .08499885557335 .0629022 1
VALUES: .06248569466697184710 .0555199511711299 22
VALUES: .0171 .0286198214694438086518 21
VALUES: .0187823 .019751277 0
VALUES: .0180 .0557259479667353322652018 14
VALUES: .02693369954 .030 14
VALUES: .07483939879453 .012643625 8
VALUES: 0 .0481437 3
VALUES: .05393 .039029526207370107576104 16
VALUES: .0258457312886243991760 .043408865491721980 17
VALUES: .000689707789730 .086802471961547264820 17
VALUES: .0611322 .0094300755321583886472877 22
VALUES: .014683756771 .048865491721980621042 17
VALUES: .0875 .093441672388 7
VALUES: .044844739452201113908 .001826504921034561 24
VALUES: .0241611 .0514045929 5
VALUES: .02 .00826 6
VALUES: 586816205081254291599907.85905 962325474937056534676126.297917143511100938429 25
VALUES: 608270389868009460593575.343511100938429846 16342412451361867704280.139299610894941634 11
VALUES: 361120012207217517357137.046372167544060 254062714579995422293430.737010757610 20
VALUES: 357747768368047608148317.335088120851453 550118257419699397268634.5303 18
VALUES: 409002822919050888838025.07 940138857099259937438009.2834 25
VALUES: 871320668345159075303272.18 709269855802243076218813.664728770885786221 15
VALUES: 895704585336079957274737.793 729304951552605477988860.18 21
VALUES: 475928892957961394674600.8821240558480201419089036 524422064545662623025863.517 5
VALUES: 228946364538033112077515.602288853284 897230487525749599450674.314488441290913 15
VALUES: 260288395513847562371251.7424582 271488517586022735942625.80617 1
VALUES: 258869306477454795147630.777981231403067063401 989120317387655451285571.6056763561455710688944838 11
VALUES: 482215609979400320439459.34840924696726 374776836804760814831768.9088120851453421835 15
VALUES: 568535896849011978332188.33815518425 909102006561379415579460.4474250400549324788281 24
VALUES: 11017013809414816510261.6812085145342 568154421301594567788204.2079194 21
VALUES: 698496986343175402456701.82687113756008239 183443961242084382391088.54776 24
VALUES: 410040436408026245517661.9078049897001 623117418173495078965437.692286564431219 11
VALUES: 118440527962157625696192.75559624628061341268024 328557259479667353322651.6894483863584 12
VALUES: 937529564354924849317157.83259327077134355 969771877622644388494696.5201 20
VALUES: 800183108262760357061111.5825131609063859006 429892423895628290226596.0452735179674 11
VALUES: 651438162813763637750819.520 377004654001678492408636.229388876173 4
VALUES: 336354619668879224841687.311467154955367 88242923628595407034409.006134126802471961 8
VALUES: 856275272755016403448538.09237811856260013733119 156679636835278858625161.970428015564202 0
VALUES: 999938963912413214312961.53916227969787136644541 225741969939726863508048.9083085374227512016479743 19
VALUES: 867368581673914702067596.59963378347447928587 171007858396276798657205.90208285648889906157 3
VALUES: 226947432669565880827038.75985351 593530174715800717174028.5512016 13
VALUES: 286152437628747997253375.7724422064 251651789120317387655451.033920805676356145571068 25
VALUES: 427588311589227130540931.898649576562142366674 216586556801709010452429.78265049210 10
VALUES: 643671320668345159075302.6293888761730 225650415808346684977492.71705195696955825131 21
VALUES: 58564126039520866712443.673792629892 29785610742351415274280.888807507438773174639505 17
VALUES: 484794384679942015716792.06880292973 723476005188067444876782.67470817 0
VALUES: 477759975585564965285724.707255664911 258472571908140688181887.282536049439230945 8
VALUES: 912947280079346913862820.4802014 990264744029907682917523.99 8
VALUES: 469871061264972915236132.893980315861753261615 538704509040970473792629.353719386587319 13
VALUES: 992492561226825360494391.31696040283817807 55100328068970778973067.7712520027466239414053559 19
VALUES: 315632867933165484092469.3570611123826962 389700160219729915312428.08363469901579308766 2
VALUES: 266071564812695506218051.15683222705424582 908995193408102540627144.8 14
VALUES: 605249103532463569085221.03204 18066681925688563363088.40796520943007553215838 15
VALUES: 126863508049134050507362.351201647974364843 325108720531013962005035.15211718928816662851911 23
VALUES: 476249332417792019531547.5515 959334706645304036011290.71686884870 16
VALUES: 134660868238345922026397.973 349553673609521629663538.21 23
VALUES: 966018158236057068741892.6785992217 817669947356374456397344.11252 10
VALUES: 26367589837491416800183.081895170519569 690257114518959334706644.6137788967727 9
VALUES: 508064393072404058899824.013183794918745708 19211108567940794995040.798672465094987411306935 24
VALUES: 879652094300755321583885.59322499427786678873884 51514457923247119859616.9470 18
VALUES: 712748912794689860379948.9324788281071183 228885328450446326390478.141451132982375829709315 23
VALUES: 484290836957351033798733 529854276340886549172197.532249 9
VALUES: 707148851758602273594261.900617990386816 446936751354238193331806.984 12
VALUES: 943648432135500114442663.2815747 338811322194247348744945.110185397116044861 22
VALUES: 99351491569390402075226.878599221789883268482490 641565575646601052872510.23048752574959945067 20
VALUES: 50537880521858548867017.5736324101625085831998 70176241702906843671320.59816891737 9
VALUES: 698985275043869687953001.51357289997 887678339818417639429311.6933852140 5
VALUES: 423758297093156328679331.2310826276 78141451132982375829709.2374 10
VALUES: 758663309681849393453878.8476539253833 405020218204013122758830.75390249485008010 22
VALUES: 411337453269245441367207.9506 627252613107499809262225.664042114900 0
VALUES: 792828259708552681773097.551 933226520180056458381016.84353398 15
VALUES: 248004882887006942854962.7 147127489127946898603799.3493247 16
VALUES: 921965362020294499122605.318 718715190356298161287860.729365987640192263 1
VALUES: 19348439765011062790875.08555733577477 286457618066681925688563.07663080796520943007553 20
VALUES: 363698786907759212634469.7 364950026703288319218737.7 9
VALUES: 91874570840009155413137.925978484779125658045319 688700694285496299687189.362417029 7
VALUES: 401770046540016784924085.9642938887617303 455481803616388189517051.5014877546349279011 9
VALUES: 890287632562752727550163.1441977 191393911650263218127717.82 15
VALUES: 866483558403906309605553.41748683909 67322804608224612802319.30400549324788 10
VALUES: 443045700770580605783168.8558022430762188143 541390096894789044022277.63057907988097 8
VALUES: 814267185473411154345005.6708171206225680 144823376821545738918135.202700846875715266651 25
VALUES: 374059662775616083009078.7439688715953307392996108 366140230411230640115968.2002746 21
VALUES: 935271229114213778896771.7 113008316166933699549858.7 11
VALUES: 316121156633859769588769.04376287479972533760 373662928206301976043335.24 12
VALUES: 179964904249637598229953.28001831082627603570611 303105210955977721828030.52011902037079423 15
VALUES: 930830853742275120164796.50565 323964293888761730373082.7614099 8
VALUES: 903425650415808346684976.589517051956969558 557183184557869840543220.622339208056763561455710 1
VALUES: 463706416418707560845349.349370565346761272 358083466849774929427023.3696955825 16
VALUES: 64621957732509346150911.66193636 788235294117647058823528.62352941176470588235 16
VALUES: 540825513084611276417181.1178 515495536736095216296634.87017624170 16
VALUES: 809552147707331960021361.821 276310368505378805218585.212359 7
VALUES: 786312657358663309681848.60 181353475242236972610055.5140764 25
VALUES: 545922026398107881284809.09777981231 824200808728160524910352.4221560997940032 21
VALUES: 580575265125505455100327.4883955138475623 330739299610894941634240.91439 2
VALUES: 538048371099412527656976 995086594949263752193483.4025635156786449 21
VALUES: 434790569924467841611352.277500572213321 379232471198596169985503.5499656672007324330510 18
VALUES: 864866102082856488899060.70 578286411841000991836422.706981002 1
VALUES: 614373998626688029297321.42728313115129320210574 464179446097505149919889.670862897688258 22
VALUES: 722713054093232623788814.414236667429 664209964141298542763408.2012817578 2
VALUES: 387212939650568398565651.55449 986495765621423666742960.789654383154039826047 22
VALUES: 691554131380178530556190.656580453192950 729777981231403067063400.5062027 11
VALUES: 187335011825741969939726.676173037308308537422751 86762798504615854123750.580819409475852 9
VALUES: 259403372243839169909.2085603112840 521507591363393606469824.762691691462577248798352 17
VALUES: 473472190432593270771343.0834058136873426413366903 306401159685664148928053.40535591 15
VALUES: 547707331960021362630654.827283131151293 713191424429694056610970.52355230029755092698558 12
VALUES: 718501564049744411383229.61643396658274204 122636758983749141680018.1881 11
VALUES: 978973067826352330815593.74140535591 432257572289616235599297.6527351796749828 6
VALUES: 402502479591058213168535.494346532 725520714122224765392537.6127718013 23
VALUES: 636118104829480430304416.8 355168993667505912870984.61469 5
VALUES: 468146791790646219577324.6253147173266193636 871457999542229343099106.4757610437170 23
VALUES: 222339208056763561455710.4666056305790798809796 228427557793545433737697.185168230716411 20
VALUES: 486030365453574425879300.6507667658503 265064469367513542381933.053009842069123 1
VALUES: 805401693751430533302814.48413824 222384985122453650720988.562233920805676 18
VALUES: 632394903486686503395131.739620050354772259098 38757915617608911268787.6319 20
VALUES: 217776760509651331349660.268986037994964522774 654139009689478904402227.16305790798809796292 18
VALUES: 914000152590218966964216.6796520943007553 981429770351720454718851.540123 2
VALUES: .652338445105 .72701609826810101472495 25
VALUES: .04238956282902 .35165941863 24
VALUES: .97267109178301670862897 .13429465171282520 8
VALUES: .628686 .446738384069581139848935 23
VALUES: .5891813534752 .87077134355687800411 13
VALUES: .56638437 .704295414 22
VALUES: .66054779888 .230655374990463111314 13
VALUES: .02185091 .8411383230 11
VALUES: 0 .864911 11
VALUES: .562630655374990463111 .679041733 2
VALUES: .02439917601281757 .403173 18
VALUES: .5850919356069275959 .5 16
VALUES: .8907606622415503166247 .26935225 17
VALUES: .46031 .5479362172 1
VALUES: .9897459372854 .2834515907530327306 14
VALUES: .857084 .59647 8
VALUES: .845059891 .559411001 18
VALUES: .195757991 .5912718394750896 21
VALUES: .75765621423 .8 0
VALUES: .890913252460517280 .453528648813611047531 15
VALUES: .6 .880292973220416571297 25
VALUES: .220019836728465705348287 .802731364919508 11
VALUES: .35907 .132707713435568780 24
VALUES: .302143892576485847 .940566109 20
VALUES: .492057679102769512474 .99560 10
VALUES: .085130083161669336 .115266651407644769 17
VALUES: .7921416037232013427939 .924986648355840390630960 16
VALUES: .96154726482 .659235523002 23
VALUES: .624551766231 .86179903 6
VALUES: .5484702830548 .4554512855725947 4
VALUES: 0 .779 4
VALUES: .078416 .23988708323796444647898 22
VALUES: .1887846189059281300068 .493 0
VALUES: .729915312428473334859235 .4736858167391470 13
VALUES: .6804913405050736 .7 19
VALUES: .7590142671854734111543450 .74689860 25
VALUES: .496 .197497520408941786831464 10
VALUES: 0 .61234454 15
VALUES: .033 .4408331425955596246280 14
VALUES: .703639276722362 .346471351186388952468 6
VALUES: .5367818722 .37192339971007858396 19
VALUES: .16833752956 .889997 16
VALUES: .3362630655 .34386205844205386434729 18
VALUES: .171847104600595101853 .509605554283970397 1
VALUES: .8738 .0181429770 25
VALUES: .174 .56548409246967269398 5
VALUES: 0 .43283741512169069962 17
VALUES: .45282673 .48775463492 5
VALUES: .600457770656900892652 .29126420996 13
VALUES: .2796063172350652323186083 .5998 2
VALUES: 0 .075150 21
VALUES: .780117494468604562447 .59989318684672 12
VALUES: .318257419699397268635080 .286900129701686121919 6
VALUES: .30594338 .6030518043793392843518 0
VALUES: .556939 .6104219119554436560 4
VALUES: .5189440756847486076142 .55561 9
VALUES: .045487 .7239337758449683375295 12
VALUES: .66636148622873273823 .21177996490424963 4
VALUES: .815 .80523384451056687 14
VALUES: .78692301823453116655 .9528343633173 7
VALUES: .45716 .903013656824597543297474 18
VALUES: .6375066758220798 .321660181582360 8
VALUES: .063996337834 .160616464484 25
VALUES: .3651941 .455298 0
VALUES: .17601281757839 .763164721141374837872892 20
VALUES: .7408712901503013656 .067536 7
VALUES: .1571831845578698405432 .6049134050507362 3
VALUES: .45654993 .6714579995422293430991073 12
VALUES: .90180819 .47289 17
VALUES: .0785534447 .875 22
VALUES: .5669031815060654612039 .236087586785 18
VALUES: .97367818 .2588082703898680094605 13
VALUES: 0 .10061799038 1
VALUES: .29456015 .6 21
VALUES: .26332 .81 14
VALUES: .0547341115434 .1409781033 6
VALUES: .07313649 .747 4
VALUES: .94348058289463 .869504844739452 15
VALUES: .99967956054016937514 .403601129167620355535210 20
VALUES: .18850995651178759441 .827206836041809719 6
VALUES: .844296940566 .7172655832761120012207217 12
VALUES: .738536659800106813 .06054779888 10
VALUES: .832471198596169985503929 .709895 8
VALUES: .53353170061799038681620 .9742885 11
VALUES: .595849546044098573281452 .3252002746 10
VALUES: .8068970778 .053177691 7
VALUES: .041 .71206 22
VALUES: .373 .4390020599679560540 6
VALUES: .61409933623254749370 .84876783398184176 21
VALUES: .03988708323796444647 .56990920 11
VALUES: .2563515678 .42331578545 18
VALUES: .73083085374 .36676 11
VALUES: .9946440833142 .7136 5
VALUES: .571633478294 .3497978 16
VALUES: .9996795605401693 .2910963607232776379 9
VALUES: .9729304951552 .1671015487907225146868 4
VALUES: .0742183 .0667063401 17
VALUES: .096325627527275501640344 .077552452887 24
VALUES: .081017776760509651 .045355 19
VALUES: .0001327534905012588693064 .046652933546 4
VALUES: .01223620965896086 .03137712672617685206 8
VALUES: .0781994354161898222323949 .0853 1
VALUES: .097103837644007019 .05980315861753261615 0
VALUES: .0938200 .05920042725261310749980 12
VALUES: .053357747768368047608148 .00460059510185397116 22
VALUES: .0451651789120317387655 .0410910200656137941557 6
VALUES: .0990020599679560540 .0465384908827344167238 21
VALUES: .070174715800717 .0221377889677 22
VALUES: .072506294346 .01370412756542305 6
VALUES: .039575799191271 .001768520637827115281 25
VALUES: .048834973678187228198672 .0112993057145037003128099 2
VALUES: .08904402227817196917 .0404211490043488212405 22
VALUES: .00608682383459220263981 .0716 17
VALUES: .056978713664454 .06 3
VALUES: .02259403 .030650797283894102 14
VALUES: .0319920 .09157396810864423590447 11
VALUES: 0 .092079041733424887464713 24
VALUES: .06565499 .0180514 22
VALUES: .068195620660715648126 .078173495078 2
VALUES: .007153 .067199206 12
VALUES: .07040512703 .08021972 2
VALUES: .011180285343709468223086 .039105821316853 14
VALUES: .0242816815442130159456 .0548409246967 4
VALUES: .082 .0397619592584115358 9
VALUES: .0251071946288242923628595 .088833447775997558 22
VALUES: .05439688715953 .02990920881 10
VALUES: .01864805 .009608606088349 9
VALUES: .04 .0839398 25
VALUES: 0 .072494087129015030136568 4
VALUES: .0270252536812390 .0331059739 1
VALUES: .0857175555046921492 .01135 9
VALUES: 0 .098619058518 5
VALUES: .01 .03 4
VALUES: .084531929503 .02255741206988632028686 9
VALUES: 0 .0808728160524910353 3
VALUES: .0003234912 .0309895475700007629510948 0
VALUES: .01645838101777676 .026540016784924086366063 4
VALUES: .019392690928 .06123903257 11
VALUES: .082291905088883802548256 .01320210574502174410620 7
VALUES: .05538719768062 .0147 20
VALUES: .0040405889982452124 .0402944991226 18
VALUES: .067754634927901121538 .0760875867856870374 17
VALUES: 0 .035629816128786144808117 21
VALUES: .072863355458915083 .0992736705 8
VALUES: .0044876783398 .03810 8
VALUES: .063273060196841382467 .081 6
VALUES: .07176012817578393 .01777 25
VALUES: .09856260013733119707 .0513054093232623788815136 8
VALUES: 0 .01324483100633249408 18
VALUES: .0992 .082337682154573891813 12
VALUES: .08 .0248294804303044174868 12
VALUES: .089167 .070598916609445334 19
VALUES: .093 .0697261005569 4
VALUES: .033792 .09524 18
VALUES: .08510719462882 .09099259937438010223544 25
VALUES: 0 .042452 7
VALUES: .02138246738384069 .0565774013885709925 23
VALUES: 0 .09820859082932 3
VALUES: .08855 .08372320134279392690928 5
VALUES: .0155184252689402609292744 .0561028458075837338 22
VALUES: .0720592050049591821 .017749294270237277790 10
VALUES: .0792172121766994735637 .0192385748073548485542076 3
VALUES: .05167315175097276264 .084 21
VALUES: .0378408484016174 .0175326161593041886015 11
VALUES: 0 .06 4
VALUES: .00800183 .0626 7
VALUES: .034813458457 .0165 4
VALUES: .0596566720073 .09051041428244 24
VALUES: .064960708018 .0441382 10
VALUES: .0918486305 .06 9
VALUES: .03280994888227664 .0219623102 2
VALUES: .044975967040512703135728 .081757839322499 21
VALUES: .04828 .001016250 18
VALUES: .002 .080985732814526 15
VALUES: .046111238 .086669718471046005 13
VALUES: .05243 .0980010 25
VALUES: .041158159761959258411535 .0891142137788967 10
VALUES: .054209 .021272602426 3
VALUES: 0 .005644312199588006408789 1
VALUES: .0817 .0817120622568093385 11
VALUES: .037201495 .0757930876630807965 8
VALUES: .0616433966582 .035449759670 12
VALUES: .0538506 .0538582436865796 19
VALUES: .050756084534981307698176 .0596490424963759822995 13
VALUES: 267322804608224612802319.1040054932478828107118 740123598077363241016250.11819638 17
VALUES: 700404364080262455176622.47804989700 841809719996948195620659 3
VALUES: 229938200961318379491874.340901808194094 588845654993514915693903 18
VALUES: 259525444419012741283283.48198672465 966475928892957961394673.6 0
VALUES: 370672159914549477378499.667 324544136720836194399938.639368276493476768139 5
VALUES: 504249637598229953459982.7108262 590234225986114290074005.6659647516594186312657 10
VALUES: 574029144731822690165559.8135 199725337605859464408331.22623025 0
VALUES: 150270847638666361486228.5824673838406958113 118913557640955214770733.077088578622 17
VALUES: 615915159838254367895017.313435568 970382238498512245365071.1284 2
VALUES: 514885175860227359426260.2617 75242236972610055695429.8476997024 24
VALUES: 112703135728999771114671.4368505378 322377355611505302510108.77962920 0
VALUES: 898664835584039063096054.6441748683909361409933 943694209201190203707941.3772030212863 17
VALUES: 878309300373846036469061.454795 202212558175020981155107.75536736095216296635385 12
VALUES: 951049057755397878995955.40814 900282291905088883802547.35 10
VALUES: 167208361943999389639123.9649347676813916227969 770641641870756084534980.53705653467612 22
VALUES: 185275043869687953002212.372899977111467154 126573586633096818493934.4122224765392538338292 18
VALUES: 948943312733653772793163.00924696 80125123979552910658426 24
VALUES: 444953078507667658503089.5 962203402761882963302051.376241702906843671 17
VALUES: 818173495078965438315403.1644312199588 428366521705958648050659.5243305104 21
VALUES: 363134203097581445029373.254016937514305333028152 416250858319981689173723.548043030441748 25
VALUES: 528969253070878156710154.350102 814145113298237582970930.749141680018 6
VALUES: 115480277714198519874875.9049668116273 911161974517433432516974.75069810025 5
VALUES: 863004501411459525444418.14973678187228198 713450827801937895780879.7321126 23
VALUES: 4592965590905622949568.92803845273517967 835248340581368734264132.8 14
VALUES: 655741206988632028686960.510048 719310292210269321736475.97253376058594644083314 20
VALUES: 40115968566414892805371.135591668574 618829633020523384451056.068436713206 4
VALUES: 92805371175707637140459.203753719386587319 259662775616083009079117.768871595330739299 1
VALUES: 598855573357747768368047.009292744335088120851453 647531853208209353780422.027 12
VALUES: 252796215762569619287403.42462806134126802471 793591210803387502861065.8120393682764934767 24
VALUES: 593347066453040360112916.168688487 969756618600747692072937.154 19
VALUES: 913115129320210574502173.49750514991 873899443045700770580604.9092698558022430 18
VALUES: 440573739223315785458151.69187457 485893034256504158083466.36388189517051956969 18
VALUES: 117341878385595483329518.46051728084229800869764 625452048523689631494620.5693293659876 25
VALUES: 875440604257267109178300.795422293430991073 637354085603112840466925.4326848249027237354085603 24
VALUES: 379125658045319295033187.9934996 751766231784542610818645.772991531242847333485923 5
VALUES: 963958190280003051804378.37532616159304188601510 462180514229037918669412.82842755779 11
VALUES: 33157854581521324483100.600091554131380 23514152742809185931181.787731746395056076905 23
VALUES: 716289005874723430228121.66106660563057 574181734950789654383153.465644312199588006 11
VALUES: 288654917219806210421911.66678873884184023804 934691386282139314869915.90363927672236209658960 6
VALUES: 838818951705195696955824.292790112153 33524071107042038605325.3 25
VALUES: 418677042801556420233462.616342412 423407339589532310978865.831265735866330968184 15
VALUES: 477378500038147554741740.577 18173495078965438315403.96443121995880064 9
VALUES: 403570611123826962691691.0590066376745 626810101472495613031204.072968642710 4
VALUES: 788784618905928130006865.7710688944838 494514381628137636377507.707 17
VALUES: 449744411383230334935530.1827420462348363 681254291599908445868619.14021515220 1
VALUES: 118791485465781643396658.155413138017853055619134 557106889448386358434423.79629 21
VALUES: 637415121690699626153962.8935225452 672907606622415503166246.370656900 0
VALUES: 260090028229190508888379 871976806286717021438924.8928816662851911192492 6
VALUES: 941084916456855115587089.9263904 50247959105821316853589.6346532387273975738155 16
VALUES: 489066910811017013809414.32744335088120 184939345387960631723506.33829 10
VALUES: 476325627527275501640344.377569237811856 683909361409933623254748.6866 21
VALUES: 809018081940947585259784.0 570275425345235370412755.97203021286335 5
VALUES: 946868085755703059433889.340 389547570000762951094834.43154039 12
VALUES: 92668039978637369344624.916868848706797894 226382848859388113221942.247104600595 6
VALUES: 444586861982146944380864.741954680704966811 600228885328450446326389.878141451132982375829 11
VALUES: 151705195696955825131608.9121538109407186 577477683680476081483176.3508812 24
VALUES: 458075837338826581216143.587090867475394827191577 506095979247730220492865 6
VALUES: 984512092774853131914243.31242 919966430151827267872128.47653925383382925154 21
VALUES: 186205844205386434729533.650675211718 248981460288395513847562.122270542458228427557793 3
VALUES: 70481422140840772106507.9023575188830395971618219 478965438315403982604714.5588 25
VALUES: 107454032196536202029449.804806591 628747997253376058594643.45456626230258640421149 16
VALUES: 878568703746089875638970.6633554589 938643472953383688105591.4928 21
VALUES: 610940718699931334401464.25516136415655756466 130937666895551995117112.8 22
VALUES: 543099107347219043259326.53403524834058136873 606363012130922407873654.69233234149 0
VALUES: 614023041123064011596856.027466 472693980315861753261615.45772487983 20
VALUES: 799008163576714732585640.4613 235263599603265430685892.798992904554818036 8
VALUES: 327656977187762264438849.14209201190203 755367360952162966353855.9624170 11
VALUES: 619424734874494544899671.31160 870206759746700236514838.528587777523 7
VALUES: 362310215915159838254367.5 736995498588540474555580.250263218127718 15
VALUES: 115938048371099412527656.8612497138933394 466285191119249256122682.069764248111 17
VALUES: 960540169375143053330280.56841382467383840695811 429556725413900968947890.01066 1
VALUES: 675745784695201037613488.2996108949416 647577630273899443045700.12 2
VALUES: 565270466163118944075684.18333714808880750 594567788204776073853665.38544289311 14
VALUES: 124437323567559319447623.2829022659647 791744869153887235828182.621698329137102311741 24
VALUES: 627618829633020523384450.429068436713206 756420233463035019455252.161867704280155 19
VALUES: 364126039520866712443731.992629892423 371404592965590905622949.197528038 22
VALUES: 750789654383154039826046.399588006 866712443732356755931943.89562829022 2
VALUES: 95841916533150225070572.88043030441748683 976440070191500724803539.116639963378347 22
VALUES: 416815442130159456778820.060791943236438544 105241474021515220874341.8494392 10
VALUES: 915663385976958876935987.487479972533760585946 773769741359578850995650.404989700160219 23
VALUES: 660639353017471580071716.7422 998260471503776607919431.3661249713893339 24
VALUES: 337605859464408331425955.258640421 486259250782024872205691.1289082169832 22
VALUES: 617944609750514991989012.88 66803997863736934462500.88688487067978942549782 25
VALUES: 154177157244220645456626.076081483 62684061951628900587472.2803387502861066 0
VALUES: 21316853589684901197833.197573815518425268940260 292195010299839780270084.3953765163653009 1
VALUES: 944533455405508506904706.4637216754406042572671 266834515907530327306019 16
VALUES: 193057145037003128099488 408667124437323567559319.038956282902265 17
VALUES: 59952697032120241092545.907850766 838162813763637750820171.5887846189059 0
VALUES: 581445029373617151140611.30533302815289539940489 475425345235370412756541.830 7
VALUES: 619867246509498741130692.90267795834287 640009155413138017853054.9 11
VALUES: 624765392538338292515449.134 934035248340581368734263.19963378347447928 12
VALUES: 713847562371252002746623.2275577935454337376974 748348210879682612344547.9 3
VALUES: 309239337758449683375295.33430991073472190432 545098039215686274509803.376470588 24
VALUES: 842633707179369802395665.5951476310 715739681086442359044784.51352712 12
VALUES: 160555428397039749752040.7336232547493705653467612 435751888303959716182192.285694666971 3
VALUES: 677424277103837644007018.47264820 683405813687342641336689.63474479285877775 16
VALUES: 780407415884641794460974.27109178301 781628137636377508201723.487846189059 18
VALUES: 894636453803311207751582.2288853 578316929884794384679941.437399862668 5
VALUES: 69764248111696040283817.73751430 412680247196154726482032.08903639276722362096589 22
VALUES: 917479209582665751125351.947402 387396047913328755626763.9370107576104371709 18
VALUES: 0 .020233463035019455252918 19
VALUES: .689768825818265 .638483253223468 22
VALUES: .512138551918822 .8569466697184710460 11
VALUES: .46161593041886015106 .9346913862821393148699 1
VALUES: .711894407568474860761425 .79729915312428 20
VALUES: .371389333943694209201190 .19858091096360723277 13
VALUES: .0628 .33456931 6
VALUES: .388097962920576791027 .380331120 13
VALUES: .29 .2930495 3
VALUES: 0 .3067673762111848630 9
VALUES: .655756 .5011978332188 11
VALUES: .1 .805600061 1
VALUES: .17 .23787289234760051880 10
VALUES: .1768978408484016174 .748 0
VALUES: .8311131456473640039 .1 16
VALUES: .315358205539024948500 .77 0
VALUES: .369985503 .89350 0
VALUES: .7335622186 .9 1
VALUES: .095460440985732814 .70222018768 25
VALUES: .2994277866788738841840 .7627222095063706 23
VALUES: .6181429770351720 .53049515526 17
VALUES: .4 .709361 21
VALUES: .476462958724345 .63376821545738918 18
VALUES: .65340657663 .717998016 11
VALUES: .6471961547264820325 .17155718318455 9
VALUES: .5433127336537727931639 .90504310673685816739 25
VALUES: .1944609 .109086747539482719 18
VALUES: .6276951247425040054932478 .088120851453421835660 8
VALUES: .18611429 .2148928053711757076371404 1
VALUES: .17698939497978179 .2388952468146791790646219 11
VALUES: .0949416342412451361867704 .37898832684824 13
VALUES: .1249 .162218661783779 19
VALUES: .594659342336156252 .5457389181353475242 13
VALUES: .23457694361791409 .800549324788281071 4
VALUES: .158113 .0356603341725 0
VALUES: .141008621347371633478294 .49481956206607 20
VALUES: .8008392462043183031 .819104 1
VALUES: .89141680018310 .54586099031052 0
VALUES: .0388189517051956 .192523079270618753 17
VALUES: .075959411001 .283268 24
VALUES: .3427939269092 .06645304036011291 16
VALUES: .0375371938658731 .06233310 13
VALUES: .9113145647364003967345 .466086823834592202639 24
VALUES: .327306019684138246738 .61448081177996490424 9
VALUES: .66399633783474479285877 .790280 0
VALUES: .5954 .5197070267795834287022201 0
VALUES: .9517051956969558 .4243076218814373998626 14
VALUES: .44376287479972533 .67093919279774166 17
VALUES: .1738 .32071412222 23
VALUES: .64209 .18832684824902723 22
VALUES: .0121766994735637445 .8305027847714 2
VALUES: .483 .233 19
VALUES: .4 .817822537 7
VALUES: .7522240024414435 .211 6
VALUES: .2 .9609521 11
VALUES: .10984969863431754 .5 22
VALUES: .238 .376012 10
VALUES: .2409857328 .39388113221942473 11
VALUES: .53405050736247 .6885481040 2
VALUES: .825970855268177309 .8048065918974593728542000 11
VALUES: .64278629 .09336995 6
VALUES: 0 .912123292 21
VALUES: 0 .449546044098573281452 7
VALUES: .1 .38878461 21
VALUES: .45329976 .4040131227588311589 5
VALUES: .406622415503166247043564 .37 20
VALUES: .400915541313 .0773632410 1
VALUES: .263 .4466620 10
VALUES: .1070 .68415350576028 11
VALUES: .89808499275 .559151598 15
VALUES: .43910887312123292 .21065079728 4
VALUES: .343 .4408789196612 18
VALUES: .0081025406271457999542 .500419623102159151598 18
VALUES: .12053101396 .347188525215533684290 5
VALUES: .5946746013580529488 .069993133440 15
VALUES: .694 .385 0
VALUES: .6107270923933 .1149156939040207522697 19
VALUES: .446311131456473 .6150148775463 10
VALUES: .96987 .58408484016174 13
VALUES: .81 .258640421149004 21
VALUES: .355489433127336537727 .06 24
VALUES: .766308 .5616845960173952849 14
VALUES: .861 .394659342336156252 13
VALUES: .963942931 .7641412985 12
VALUES: .7741359578850995 .39708552 11
VALUES: .84885938811322194247348 .54209201190203 6
VALUES: .5 .3872129396505683 0
VALUES: .28094911116197451 .403 5
VALUES: .95408 .5786678873884184023 17
VALUES: .8933852140077 .533760585946440833 9
VALUES: .901 .51499198 20
VALUES: .4 .9084306095 9
VALUES: .05255207141222247 .11615167467 21
VALUES: .0121461 .091508354314 17
VALUES: .1 .8894331273365377279 11
VALUES: .361943999389639124132143 .51000 18
VALUES: .817 .2025482566567483024338139 20
VALUES: 0 .412558175020 17
VALUES: .08713817044 .062475 25
VALUES: .030153 .0651651789120317387655451 5
VALUES: .0360540169375143053 .078364232 14
VALUES: 0 .001 19
VALUES: .061394674601358 .093148699168 20
VALUES: .086111238269626916914 .00548714 19
VALUES: .02743114366369115 .0480216678110 24
VALUES: .012787060 .08061 24
VALUES: .0971 .090870527 5
VALUES: .0496009765774013885 .0683 0
VALUES: .05137 .03252460517280842 8
VALUES: .034148165102616922255 .068201724269474326 23
VALUES: .031268787 .09 13
VALUES: 0 .04968795 7
VALUES: .0406942854962996 .055820553902494 6
VALUES: .042798504615854123750667 .0934706645304036011 11
VALUES: .05338216220340276 .0011947814145 17
VALUES: .0444266422522316319523918 .059531548027 9
VALUES: .02563973449301 .0092286 16
VALUES: .08706 .0176867322804608224 18
VALUES: .081879911 .080849927519645990691 22
VALUES: .0788769359884031 .000068665598535133 16
VALUES: .06909 .009388 11
VALUES: .04435339894712748912 .043338673990997177080949 24
VALUES: .0567711 .05828946364 14
VALUES: .063544670786 .0335484855420767528801403 18
VALUES: .00590066376 .0418814 1
VALUES: .002813763637750 .066 4
VALUES: .0333440146486610208 .0418600747692072938124 20
VALUES: .042476539253833829251544 .093919279774166475928892 7
VALUES: .02018463416495 .0926009002822919050888838 10
VALUES: .06272831311512932 .064786755168993 15
VALUES: .05694972152285038529030 .0699732967116807812 19
VALUES: .0701258869306 .0264835584039063096055542 16
VALUES: .02097657740138857099259 .03176 14
VALUES: .01855344472419317921 .076621652552071 24
VALUES: 0 .04768139 10
VALUES: 0 .046614 19
VALUES: .0543144884412909132 .075564202334 17
VALUES: .03654077973601892118715 .0977050431067368581673 9
VALUES: .06378 .07289234760051880 12
VALUES: .06 .0257587548 9
VALUES: 0 .043259327077134355 23
VALUES: .05465171282520790 .0035 8
VALUES: .058106355382 .08041809719996 22
VALUES: .0808 .0900938 23
VALUES: .04474402990 .0144762340733958953 21
VALUES: .0326054779888 .0287342641336690 10
VALUES: .03076523994811932555 .089 8
VALUES: .0447058823529411764705882 .03166552224002 8
VALUES: .0341512169069962615396353 .051926451514 16
VALUES: .00128633554589150835 .054419 20
VALUES: .039105821316853 .02235 20
VALUES: .0273167009994659342336 .06229 25
VALUES: .09856870374608 .06152285038529030289158 22
VALUES: .03329060807202258335240 .06925307087815 17
VALUES: .02 .0538307774471 17
VALUES: .011499198901350423 .0718852521553368429 11
VALUES: .07817959868772411 .05078507667658503 9
VALUES: .0632303349355306324864 .04304417 24
VALUES: .02799725337605859464 .0792248416876478217746 5
VALUES: .05440 .09833 18
VALUES: .001155107957579919 .0814023 23
VALUES: .08614938582436865796 .0153292 25
VALUES: .01126115 .0063767452506294346 11
VALUES: .047814145113298 .08950 8
VALUES: .0253528648813 .026601052872 8
VALUES: .034013 .02125123979552 8
VALUES: .0480735484855 .091549553673609 4
VALUES: .02974288548104066529 .040125123979552910658426 19
VALUES: .01310139620050354772259 .0853 11
VALUES: .059992370489051651789 .037901884489204242008087 2
VALUES: .091567864499885 .02674906538490882 3
VALUES: .00576485847257190814 .074 25
VALUES: 0 .0752147707331960021362630 8
VALUES: .00542153047 .05398336766613260090 6
VALUES: 0 .000144960708018616 2
VALUES: .05385519188220035095 .042389562 11
VALUES: .0065186541 .0478522926680399786373693 12
VALUES: .04696269169146257724879 .0589089799343862058 23
VALUES: .028259708552681773098344 .04567330434119172 20
VALUES: .053144121461814 .039084458686198214694 12
VALUES: .097399 .024092469672693 11
VALUES: .016127260242618448157473 .0384832532234683756771 20
VALUES: .08844739452201 .047281605249103532463 22
VALUES: .060886549172198 .0647882810711 17
VALUES: .048195620 .082041657129777981231403 11
VALUES: .076055542839703974975 .064272526131074 6
VALUES: .039760433356 .037 7
VALUES: 0 .01125 23
VALUES: .0334706645304036011291676 .07053482871747920 25
VALUES: 0 .0319783321889066910811 20
VALUES: .022052338445 .054146639200427252613107 6
VALUES: .0631937132 .020140383001 22
VALUES: .048999771114671549553673 .017644007019 10
VALUES: .04735179674982 .027539482719157701991302 17
VALUES: 722926680399786373693445.5 68650339513237201495384.07722590981918059052414 6
VALUES: 409628442816815442130159.047150377660 104737926298924238956282.79752803845273 9
VALUES: 876234073395895323109787.78631265735866330968184 37933928435187304493781.910643167772945754177157 12
VALUES: 851682307164110780498969.164339665 11230640115968566414892.7941405355916685740444037 14
VALUES: 20325017166399633783474.45 31601434348058289463645.3487296864 24
VALUES: 351842526894026092927442.99903868 581643396658274204623483.053055619134813458 10
VALUES: 218753337911039902342259.642 969680323491264209964140.3288624399176 4
VALUES: 387426565957122148470282.667429617 333501182574196993972686 18
VALUES: 965468833447775997558555.5 264530403601129167620355.270679789425497825589379 13
VALUES: 312886243991760128175783.619363 861356527046616311894406.7071183337148 17
VALUES: 343801022354467078660257.53366903181 281574731059739070725566.20961318379491874 8
VALUES: 756176089112687876707102.3185168230 559472037842374303807125.4037537193865873 10
VALUES: 583855954833295185778591.008422980086976424811 853070878156710154879071.398397802700846 24
VALUES: 569268329900053406576637.868207827878233005 681696803234912642099640.7312886243 12
VALUES: 99046311131456473640039.57441062027924010 155947203784237430380712.440375371938 8
VALUES: 785992217898832684824901.9377431906614785 486213473716334782940413.03327992675669489585717 18
VALUES: 638239108873121232928968.61483 188601510643167772945753.98855573357747768368047 12
VALUES: 736690318150606546120392.9460746166170748 253086137178606851300831 3
VALUES: 352986953536278324559395.389745937285420 822552834363317311360340.9795 2
VALUES: 590386816205081254291599.318059052414740 849774929427023727779048.5131 6
VALUES: 222446021210040436408026.0230716411078 230945296406500343327992.4447241931792172121766 8
VALUES: 462607766842145418478675.0 410772869459067673762111.4378576333257038 5
VALUES: 655817502098115510795757.33609521629663538567 873868925001907377737086.1 21
VALUES: 410742351415274280918592.707438773174 243701838712138551918821.7598 5
VALUES: 141222247653925383382925.013275349 584802014190890363927671.6514076447699702 0
VALUES: 295002670328831921873807 186388952468146791790646.03318 24
VALUES: 289143205920500495918211.353 209033340962844281681544.0039 25
VALUES: 80903334096284428168154.3 478736552986953536278324.08065918974 4
VALUES: 888090333409628442816814.5540 6027313649195086594949.2 8
VALUES: 976104371709773403524833.082032501716 617288471808957045853360.1822842755779354543373769 18
VALUES: 215259021896696421759365.009430075532158 323338673990997177080948.787823300526436255436 0
VALUES: 8545052262149996185244.5172808 258121614404516670481421.88271915 16
VALUES: 446173800259403372243838.72373540856031 436179140917067215991454.5115587090867475394827 3
VALUES: 517509727626459143968871.07782101167315175097 122636758983749141680018.1881895170519 21
VALUES: 282932784008545052262149.7 100526436255436026550697 2
VALUES: 16983291371023117418173.47809567406729228 970016021972991531242846.363469901579 1
VALUES: 612527656977187762264438.236942092 944625009536888685435262.654978255 5
VALUES: 772457465476462958724344.9969787136644 893736171511406118867779.68152895399404898146 13
VALUES: 289585717555504692149232.9445639734493018997 865293354695963988708322.931151293202105745 8
VALUES: 81254291599908445868619.74021515220874 790218966964217593652246.100755 15
VALUES: 266468299382009613183794.652 915678644998855573357746.852689402609292744335 6
VALUES: 353276874952315556572823.328 256534676127260242618447.9009384298 10
VALUES: 965407797360189211871518.0702 644739452201113908598458.19404898 2
VALUES: 390157930876630807965209.0399176012 14145113298237582970931.54914168001 24
VALUES: 448172732127870603494315.5661707484550240329 632074464026855878538185.07022201876859 8
VALUES: 871961547264820325017165.5276722 682352941176470588235293.4352941176470588235 17
VALUES: 370092317082475013351643.7 480476081483176928358891.7145342183566033417257 20
VALUES: 928511482413977264057372.9938 355642023346303501945524.93618 25
VALUES: 461188677805752651255054.089 452857251850156404974440.6854 11
VALUES: 100572213321126115815976.0953536278 247211413748378728923475.7579766 23
VALUES: 229694056610971236743724.497550926985580224 292530708781567101548790.42998397802 13
VALUES: 369558251316090638590066.0071869993133440 934264133669031815060653.6777752346 6
VALUES: 328725108720531013962004.7 843121995880064087891965.2818493 11
VALUES: 116685740444037537193865.7565117875944 511421377889677271686884.3592584115358205 1
VALUES: 484931715877012283512626.3556 609750514991989013504233.7688 1
VALUES: 30136568245975432974746.2886243991760128175783932 237888151369497215228503.6 14
VALUES: 557030594338902876325626 844174868390936140993361.4813 24
VALUES: 355275806820782787823300.17 908964675364309147783626.16054016 0
VALUES: 272236209658960860608834.70144197756923781 765331502250705729762721.4441748683 11
VALUES: 922377355611505302510108.1796292057679102769512 732173647669184405279620.8440 11
VALUES: 248767833981841763942931 848096437018387121385518.340123598077363241016250 0
VALUES: 605050736247806515602349.284321355001144426642 45731288624399176012817.5326619 19
VALUES: 210955977721828030823224.020 566536964980544747081711.49571984435797665369649 14
VALUES: 847928587777523460746165.322819867246509498 43045700770580605783169.2558022430762188143739 20
VALUES: 223392080567635614557106.6 861066605630579079880978.76 21
VALUES: 91157396810864423590447.761135271229114213778 615381094071869993133439.53110551613 4
VALUES: 154039826047150377660791.7891 991439688715953307392995.1 0
VALUES: 831204699778744182497901.0532845 816678110933089188982985.37390707255664911 24
VALUES: 593255512321660181582359.97743190661 981109330891889829861904.870 2
VALUES: 381719691767757686732280.0 348073548485542076752879.7923094529640650034 20
VALUES: 525902189669642175936521.943007553 679163805600061036087586.106523231860837720 4
VALUES: 507164110780498970016021.46582742046234 837048905165178912031737.9284962233920805 1
VALUES: 277653162432288090333409.35078965438315403 69794766155489433127336.467933 3
VALUES: 558602273594262607766841.586816205081254291599908 685343709468223086900129.016342412451 12
VALUES: 514030670634012359807735.8100709544518 23041123064011596856641.4662 15
VALUES: 676417181658655680170900.368825 959395742732890821698328.17 3
VALUES: 804013122758831158922712.25008 12985427634088654917219.79322499427786678873884 14
VALUES: 544289311055161364156557 67444876783398184176394.225680933852140077821011 18
VALUES: 404287785152971694514381.2238498512245365072098 962783245593957427328907.2542000457 14
VALUES: 437674525062943465323872.3020828564888990 926161593041886015106430.75156786449988 5
VALUES: 435339894712748912794689.4250400549324788281071183 39734493018997482261387.0053559166857404440 14
VALUES: 458304722667277027542534.065232318608377203 947478446631570916304263.9491416800183108262760 17
VALUES: 944594491493095292591743.924 89036392767223620965895.99702449073014419775692 12
VALUES: 421072709239337758449682.95422 549034866865033951323719.60050354772259098191805 5
VALUES: 224811169604028381780727.630533302 454276340886549172198061.649942778667887 15
VALUES: 680994888227664606698709.93165484092469 92805371175707637140459.2037537193865873197528038 8
VALUES: 356618600747692072938124.309 439124132143129625391011.99697871366445410849164 13
VALUES: 861768520637827115281909.5 8361943999389639124132.1347676813916227969787136 1
VALUES: 841855497062638284885937.96946669718471046 758236057068741893644616.62178988326 24
VALUES: 741390096894789044022277.430579079880979629 63706416418707560845349.7493705 19
VALUES: 107774471656366826886396.474204623483 433951323720149538414587.190981918059052414 2
VALUES: 296406500343327992675669.1931 254383154039826047150377.4064087891966124971 0
VALUES: 528068970778973067826351.8027466239414053559 988326848249027237354084.6 23
VALUES: 786312657358663309681848.6071412222476539253833 783916990920881971465628.26926070038 7
VALUES: 546791790646219577325092.9147173266193636987869 974654764629587243457693.38713664454 0
VALUES: 340138857099259937438009.883405813687342641336690 737819485770962081330585.971572442206454566262 15
VALUES: 741924162661173418783855.2129091325246051728 593469138628213931486991.0903639276 6
VALUES: 287647821774624246585793.562966353856717784390020 668863965819790951400014.59015793087663080 21
VALUES: 790951400015259021896695.6308 918593118181124589913785.607690 10
VALUES: 279957274738689250019073.49741359578 478477149614709697108414.87209887846 17
VALUES: .447058823529411764705882 .813275349050125886930 5
VALUES: .9622949 .99110399023422 12
VALUES: .688868 .485572 20
VALUES: .1 .59731441214 11
VALUES: .60 .80718699 10
VALUES: .61696803234912642099641 .264362554360 4
VALUES: .12428473334859235 .2270084687 10
VALUES: .60315861753261615930 .2012359807 6
VALUES: .47325856412 .0513771267261 20
VALUES: .3444113832303349355 .801510 23
VALUES: .7603570611123826 .65931181 2
VALUES: .294758525978484779125658 .4941023880369268 10
VALUES: .42136263 .4040131227588311589227 22
VALUES: .77727 .8859998474097 15
VALUES: .28485542076752880140383 .624246585793850614175631 13
VALUES: .4555123216601815823 .936842 19
VALUES: .174044403753719386 .2934 5
VALUES: .2567788204776073 .4794 16
VALUES: .5687342641336 .02299534599832 6
VALUES: .832639 .90818646524757763 23
VALUES: .258579385 .2112306401159685664148 3
VALUES: .0016937 .2110627908751 25
VALUES: .322209506370641641 .799267566 1
VALUES: .7 .646509 8
VALUES: .098466468299382 .990096894789044022278 15
VALUES: .5537 .881208514534 0
VALUES: .633829251544975967040512 .99798 9
VALUES: .80904 .621057 0
VALUES: .43074 .0586251621271076 5
VALUES: .9679865720607309071 .023041123064011 23
VALUES: .887 .487006942854 25
VALUES: .3829404135 .4879835202563515678644998 24
VALUES: .60585946440833142 .3756618600747692 3
VALUES: .5063096055542839703974 .317418173495078 12
VALUES: .6346074616617074845 .7 22
VALUES: .11406118 .1 20
VALUES: .8427 .3592431525139238 20
VALUES: .4179903868162 .6446936 20
VALUES: .58649576562142 .95754940108 10
VALUES: .305912870984 .36850537 25
VALUES: .818493934538796 .2073395895323109788 12
VALUES: .3301747158 .64231326771953917 2
VALUES: .5248493171 .666712443732356755 14
VALUES: .4906691081101701380 .7778439002 18
VALUES: .74670 .39870298313 20
VALUES: .33333333 .6894483863584344243533 17
VALUES: .3 .130800335698 19
VALUES: .419531548027771419851 .56705577172503242 19
VALUES: .1041886015106431677729 .4256809338 12
VALUES: .397772 .921232928969253070878156 19
VALUES: .805111772335 .8292973220416571 2
VALUES: .980407415884641 .0482 15
VALUES: .6902723735408560 .3093614099336232547493 8
VALUES: .65932707713435 .19641412 9
VALUES: .3549401083390554665445 .35654 21
VALUES: .56430914778362706950 .46214999618524452582 15
VALUES: .41536583504997329 .97 17
VALUES: .79552910658426794842 .09761 19
VALUES: .837155718318455786984 .0164492256046387426565 5
VALUES: .26251 .889494163424124513618677 16
VALUES: .595010299839780 .71172655832761120012 15
VALUES: .684138246738384069 .7583733882658121614 7
VALUES: .12159914549477378500038 .47237354085603112840 20
VALUES: .57474 .9 22
VALUES: .36871900511177233 .67733 8
VALUES: .7024032959487296864271 .119813 10
VALUES: .94108491645685511558709 .193224 10
VALUES: .308964 .82310215915159 19
VALUES: .664179 .1519340810254062714579995 10
VALUES: .117158770122835 .2943617914091706721599 16
VALUES: .18895246814679179064621 .5425650415808346684977 12
VALUES: .324345769436179140917067 .40378423743 15
VALUES: .140642404821850919356 .4819104295414 15
VALUES: .7180 .3474937056 15
VALUES: .5871671625848 .592278 3
VALUES: .57671473258 .39868772411688410772 6
VALUES: .53835355 .541420614 18
VALUES: .5434042877851529 .6668955519 21
VALUES: .713450827801937895780880 .42436865 8
VALUES: .6229 .7932097 7
VALUES: .5131456 .33420309758144502937 8
VALUES: .68 .213 16
VALUES: .287830930037384 .67206836041809719996948 8
VALUES: .1530632486457618066681925 .62465857938 8
VALUES: .003341725795376516 .8649423971923 6
VALUES: .59128709849 .940367742427710383 1
VALUES: .2221255 .408972304875257495994 3
VALUES: .0176699473563744563973 .10968184 10
VALUES: .8767376211184863 .49587243457694 22
VALUES: .0571755550469214923323 .83155565728236820019836 7
VALUES: .210269321 .363500419623102159151 21
VALUES: .30 .377798123140306 10
VALUES: .493 .626993209735255970092317 22
VALUES: .9745479514763103685053 .82 9
VALUES: .0535439078355077439 .29384298466468 10
VALUES: .08499885557335774776836 .072887769893949797817959 25
VALUES: .07093156328679331 .0259540703440909437 18
VALUES: .03165789272907606622 .03542381 14
VALUES: .06857557030 .072732127870603494316 7
VALUES: .03159 .038301670862897 6
VALUES: .068397039749 .0237766079194323 22
VALUES: .08661326009002822919 .0842359044 13
VALUES: .09 .047512016479 1
VALUES: .02794689860379949 .0046280613412680247 15
VALUES: .02522163729304951 .0834637979705500 21
VALUES: .023703364614328 .07 24
VALUES: .01009231708247501 .07932 12
VALUES: .01801327534905 .06168 11
VALUES: .087814 .06351720454718852 14
VALUES: .0602075226 .0932158388647287708 19
VALUES: .0223315785458152132448 .08352178225375 6
VALUES: .06 .08366826886 15
VALUES: .0327870603494316014343 .023547722 8
VALUES: .032884718 .0083421072709 11
VALUES: .04971694514 .042223239490348668650 21
VALUES: .00504921034561684596017 .000248 12
VALUES: .087 .0845838101777676050965133 23
VALUES: .0065568017 .01 6
VALUES: .07379110399023 .0718333714808880750 22
VALUES: .050716 .0440253299763 22
VALUES: .058182650492103 .062963302052338445 14
VALUES: .0041718165865568017090104 .09 25
VALUES: .082240024414435034 .006 22
VALUES: .0186160067139696 .0378 3
VALUES: .06643 .09223163195239185168230 6
VALUES: .06860 .060427252613107499809262 12
VALUES: .093600366216 .026764324406805 21
VALUES: .0706889448386 .00263675898374914168 9
VALUES: .02279 .0080521858548867017 21
VALUES: .059836728465705348287 .06341649500267032883192 3
VALUES: .04560463874265659571221 .057505149919890135042 24
VALUES: .04187991149767299 .09661249713893339436 9
VALUES: .0705958648050 .030310521 0
VALUES: .023962767986 .0001800564583810177767 4
VALUES: .049869535362783245 .0077698 18
VALUES: .05690 .067782101 1
VALUES: .058 .026808575570305943389 1
VALUES: .025409323262378 .04127260242618 8
VALUES: .0423361562 .022078 1
VALUES: .089242389562 .027704280155642023346303 3
VALUES: .046752117189288 .000691233 10
VALUES: .0535988403143358510719 .016830 18
VALUES: .082915999 .04400549 8
VALUES: .03743495841916533150 .04424811169604028381 10
VALUES: .03649652857251 .06 6
VALUES: .05479 .037682154 25
VALUES: .04074006256 .017096208133058670939 2
VALUES: .08181277180 .076 8
VALUES: .0456839856565194 .081925688563363088426031 4
VALUES: .05244525825 .03635156786449988555733 18
VALUES: .0404440375371938658731 .072809948882276646066987 20
VALUES: .069 .00464026 23
VALUES: .01741664759288 .036913099 14
VALUES: .0620584 .043141832608 5
VALUES: .08154116121156633859 .090722514686808575 19
VALUES: .055010299839 .00991073472190432593270 10
VALUES: .000721751735713 .0273975738155184252 13
VALUES: .069344 .0822919050888838 5
VALUES: .03 .059455252918287937743190 21
VALUES: .05607080186160 .0063981078812848096437018 21
VALUES: .067673762111848 .085836575875486381322 6
VALUES: .064931 .07227 14
VALUES: .02358129243915465 .0781216144045 12
VALUES: .095591668574044403 .0805 3
VALUES: .01718013275349050125886 .05678797589 4
VALUES: .051175707637140459296559 .090493629358358 1
VALUES: .077901884489204242 .07862668802929732204 7
VALUES: .07075303273060196841382 .0721477073319600213626 2
VALUES: .0271244373235 .08574349584191653 19
VALUES: .01258564126039 .053884184023804074158 18
VALUES: .09974670023651483939 .06546 11
VALUES: .01917906462195 .041741054398413061 15
VALUES: .011732661936 .026079194323643 3
VALUES: .04176 .0366887922484168764782177 22
VALUES: .0758220798046845 .0617792019 8
VALUES: .076037232013 .050092 21
VALUES: 0 .0208224612802319371 9
VALUES: .058486305027847714961470 .0060288395513847562371 21
VALUES: .0656839856565194171 .0030273899443045700770 8
VALUES: .052233 .0458854047455558098725871 9
VALUES: .0797 .00877698939497978179 13
VALUES: .078205539024948 .096 15
VALUES: .03766536964980544747 .09093156328679331 15
VALUES: .0743724727244 .0461417563134 10
VALUES: .005252155336842 .0404043640 15
VALUES: .0511284 .01743 5
VALUES: .0911146715495536 .031511406118 20
VALUES: .0997192 .092971694514381628 21
VALUES: 974486915388723582818340.3 592950331883726253147172.6732433051041 22
VALUES: 407843137254901960784313.31764705882 318852521553368429083695.4162508583199816 7
VALUES: 627222095063706416418706.933623254 124696726939803158617532.491462577248798352025 21
VALUES: 690409704737926298924238.2658731975280384 550576028076600289921415.4866559853513 10
VALUES: 185030899519340810254062.5295490959 673609521629663538567177.1702906843671320 12
VALUES: 126405737392233157854581.394918745708400 706630045014114595254443.483497 12
VALUES: 652323186083772030212862.7031357289997711146715495 177523460746166170748454.8465094987411306935225 15
VALUES: 811062790875104905775538.97683680 646524757763027389944303.923 18
VALUES: 858258945601586938277255.5696040 296360723277637903410391.09755092698558022430762 5
VALUES: 24780651560234988937209.10011444266422522 452582589456015869382772.111696040283817 9
VALUES: 761684596017395284962233.15912108033 681254291599908445868619.14021515220874341 2
VALUES: 560952162966353856717783.82906843671320668 437048905165178912031738.32 9
VALUES: 421118486305027847714961.04985122453 592523079270618753337910.4473792629892 4
VALUES: 792263675898374914168001.03881895170 479499504081788357366292.341130693 7
VALUES: 291203173876554512855725.656763 860227359426260776684213.6816205081254291599908 14
VALUES: 651987487602044708934156 812176699473563744563972.6371252002 15
VALUES: 578957808804455634393834.77619592584115 190035858701457236591134.318242160677500572213 10
VALUES: 832654306858930342565040.748180361638818951705195 106218051422903791866941.22284275 19
VALUES: 897230487525749599450674.3144884412909132524 467734798199435416189821.764 23
VALUES: 37964446478980697337300.6410620279240100709 108918898298619058518348.8649118791485 24
VALUES: 848676279850461585412374.2180819409475852597 302998397802700846875714.96365300984206 19
VALUES: 553841458762493324177919.641474 408422980086976424811169.1956054016937514 13
VALUES: 355214770733196002136262.7103227283131151293202105 851575494010833905546653.6 9
VALUES: 568474860761425192645150.877317463950560769054 91386282139314869916838.239276722362096589608606 22
VALUES: 278278782330052643625543.324376287479 291142137788967727168688.195925841153582055390249 21
VALUES: 899580376897840848401616.5567 482581826504921034561684.11343556 17
VALUES: 212039368276493476768138.950240329 32486457618066681925688.53087663080796 0
VALUES: 388952468146791790646219.18837262531471732661936 398382543678950179293506.887800411993591210803 18
VALUES: 294285496299687190051117.4290684 846158541237506675822078.95852597848477912565804 17
VALUES: 719188220035095750362401.050858319981689 367742427710383764400701.54726482032 18
VALUES: 369085221637293049515525.6 178011749446860456244754.5 7
VALUES: 745677882047760738536659 756694895857175555046920 24
VALUES: 32333867399099717708094.87 434607461661707484550239.894987 14
VALUES: 802075226977950713359272.86848249027 451392385748073548485541.6253604943923094529 5
VALUES: 325810635538261997405965.951750972762645914 487830930037384603646905.7454 22
VALUES: 873105973907072556649117.91837949187 882368200198367284657052.6005 12
VALUES: 546486610208285648889905.610528725108720531013962 708216983291371023117417.46527809567 11
VALUES: 982360570687418936446172.81 868162050812542915999083.590524147402151522087 20
VALUES: 413504234378576333257037.810345616845960173 317036697947661554894330.9 1
VALUES: 94422827496757457846951.915953307392996108 106065461203936827649347 18
VALUES: 523262378881513694972151.7617761 289158464942397192339970.71869993133440146486610 12
VALUES: 949217975127794308384831.583016708628976 629785610742351415274280 18
VALUES: 411657892729076066224154.6200045777 295292591744869153887235.532890 23
VALUES: 130327306019684138246738 942595559624628061341267.082124055848 5
VALUES: 568123903257801174944685.47750057221332 9079118028534370946822.2996108949416342412451 17
VALUES: 462897688258182650492102.993270 890165560387579156176088.2225223163195239185168230 22
VALUES: 326329442282749675745784.3688715953307392996 738948653391317616540778.99707026779583428702220 5
VALUES: 862348363469901579308765.445731288624399 725886930647745479514762.377798123 23
VALUES: 788952468146791790646218.78837262 441596093690394445716029.16090638590066376 14
VALUES: 947371633478294041351948.392675669489585717555504 59418631265735866330968.12552 23
VALUES: 391485465781643396658273.8131380178530556191348134 247928587777523460746165.922819867246 9
VALUES: 740169375143053330281528.21382 538475623712520027466238.875577935454337376974 24
VALUES: 254886701762417029068436.458319981689 930510414282444495307849.836255436026550698 22
VALUES: 324101625085831998168917.048294804303 693873502708476386663614.168413824673 15
VALUES: 742748149843595025558860.934218356 46570534828717479209582.6191805 19
VALUES: 340993362325474937056534.33 794171053635461966887921.68999771114671549 9
VALUES: 342671854734111543450064.508171206225680933852140 920256351567864499885556.4155184252689402609 24
VALUES: 138185702296482795452811.33659 838193331807431143663690.319203479056992446784 15
VALUES: 121660181582360570687418.814785992 574776836804760814831768.70881208 13
VALUES: 485358968490119783321888.5815 836621652552071412222475.7026321 12
VALUES: 698588540474555580987258.0181277180132753490 145586327916380560006103.46317 4
VALUES: 565407797360189211871518.4702220187685969329365 727382314793621728847180.168322270542458 8
VALUES: 148058289463645380331120.6271 518150606546120393682764.4166170748455 8
VALUES: 609567406729228656443121.3863 671808957045853360799572.075577935 24
VALUES: 526405737392233157854580.9949 897383077744716563668267.96658274204623483634699 2
VALUES: 367849240863660639353017.1037308308537422751 660486762798504615854123.0901808194094758525978484 5
VALUES: 6958113984893568322270.535 642206454566262302586403.5692835889 11
VALUES: 750865949492637521934843.2256351567864499885557335 945632104982070649271380.7588006408 7
VALUES: 288639658197909514000152.30157930876630807965209 827573052567330434119172.133440 22
VALUES: 528160524910353246356907.9940032043 73273823147936217288471.735683222705424582284275 25
VALUES: 638010223544670786602578.1366903181506065461203936 673960479133287556267642.57010757610437170977 0
VALUES: 112260624093995574883649.845777065 505012588693064774547950.9712977798123 19
VALUES: 299061570153353170061798.739620 65003433279926756694895.792172121766994735637445 23
VALUES: 903944457160296025024795.0066376745250 212161440451667048142213.8719157701 15
VALUES: 186144808117799649042496.1898374914168001831082627 435065232318608377203020.8 19
VALUES: 765056839856565194171052.870405127031357289997 350316624704356450751506.478095 9
VALUES: 913405050736247806515601.4364843213550011444266422 305745021744106202792400.701350423437857633 4
VALUES: 833386739909971770809490.2782 997131303883421072709238.34062 22
VALUES: 321629663538567177843899.8843671 16937514305333028152895.38246738384069 9
VALUES: 381429770351720454718852.14 259113450827801937895780.621332112611581597 17
VALUES: 483344777599755855649652.3739070725566491187 721583886472877088578621.3887388418402 2
VALUES: 582024872205691615167467.183291371023117 433722438391699092088196.712840466926070038910 5
VALUES: 906675822079804684519721.3791256580453 611551079575799191271838.863538567177843 9
VALUES: 392095826657511253528648 767147325856412603952085.904097047379262989 18
VALUES: 896787975890745403219652.723414969100480659189745 415594720378423743038070.84403753719386 7
VALUES: 539009689478904402227816.657907 943389028763256275272754.0730144197756 18
VALUES: 421698329137102311741816.9278095674067292286564 388189517051956969558250.927901121 21
VALUES: 599877927824826428625924.478 559578850995651178759440.960219 0
VALUES: 514457923247119859616998 281132219424734874494544.618539711604486152437628 8
VALUES: 962615396353093766689554.236 616113527122911421377889.0611581 22
VALUES: 436896314946211947814144.67640192 495140001525902189669641.6807965209430075532158 10
VALUES: 130540932326237888151369.3666742961776150148775 499153124284733348592354.73087 7
VALUES: 968184939345387960631722.538338292515449759670 699717708094911116197451.043625543602 10
VALUES: 389852750438696879530021.73572 84519722285801480125123.8950 8
VALUES: 901258869306477454795146.72977798123140306706340 30014496070801861600671.3669489585717555504 1
VALUES: 255374990463111314564736.14 86823834592202639810788.04165712 24
VALUES: 281834134431982909895475.418173495078965438315403 870054169527733272297244.876493476768139 7
VALUES: 664408331425955596246279.9490043488212405 498619058518348973830776.948546578164339665827420 3
VALUES: 268116273746852826733806.0948958571755550 533089188982986190585182.95664911879148 22
VALUES: 359197375448233768215457.029983978027008468757 737987335011825741969938.988876173037308308537422 9
VALUES: .78046845197222 .76179 4
VALUES: .522 .8014343 5
VALUES: .2221560997940032 .5431448844129091325246 5
VALUES: .10272373540856031128 .59096665903715571 11
VALUES: .8554 .54 21
VALUES: .861524376287479972 .4061646 22
VALUES: .778057 .24142824444953078 0
VALUES: .535851071946 .1907682917524 1
VALUES: .57177080949111161974 .332051575494010 9
VALUES: .3412 .4806897 25
VALUES: .4469367513542381933 .068162050812542915999 20
VALUES: .311314564 .432501 12
VALUES: .533 .29852750438696879530 10
VALUES: 0 .08494697 10
VALUES: .74 .49987029831387808041 13
VALUES: .86590 .7466849 0
VALUES: .11212 .1924773 9
VALUES: .287 .14288 19
VALUES: .6928816662851911192 .1886625467307545586327 23
VALUES: .597253376058594 .2215152208743419546807049 20
VALUES: .8036316472 .094 12
VALUES: .232486457 .17505149 21
VALUES: .9453116655222400244 .5738307774471656366 17
VALUES: .96542305 .209475 14
VALUES: 0 .9543755245 24
VALUES: .25 .5606775005722133 12
VALUES: .50130464637216754406042 .81033035782406 25
VALUES: .5572 .0642 17
VALUES: .301213092240787365529869 .09698634317540 20
VALUES: .208117799649 .53884184023 20
VALUES: .7183947508964675364 .948638132295719844357 22
VALUES: .5349050125886930 .150316624704356450 1
VALUES: .08038452735179674982833 .4632791638 16
VALUES: .85091935606927 .6199588006408789196 4
VALUES: .388067444876783398 .122606240939955748 17
VALUES: .29245441367 .387060349431601434348058 0
VALUES: .548226138704509040 .41762417029 3
VALUES: 0 .44110780498970 6
VALUES: .58269626916 .346395056076905 23
VALUES: .0113832303349355306324 .9066300450141145952544441 6
VALUES: .2168459601739528496 .11213855191882 20
VALUES: .7841153582055390249485008 .40286869611657892 5
VALUES: 0 .8 7
VALUES: .172381170366979476615 .4562142366674296177 13
VALUES: .8196688792248 .84888990615701533 13
VALUES: .56150148775463492 .8570229648279545 15
VALUES: .33434042877851529716 .62801 10
VALUES: .83958190 .006256 5
VALUES: .3789883268482490272373 .084077210650797283 24
VALUES: .935896849011978332 .57991912 12
VALUES: .68139162279697871366445 .5049973296711 10
VALUES: .92503242542153047989 .7374074921797 13
VALUES: .23405813687342641336 .7767147325856412 16
VALUES: .048081 .6186617837796597238 1
VALUES: .805584802014190890363 .2646677347981994354 23
VALUES: .74250400549324788 .7492790112153810940718699 0
VALUES: .2656137 .775265125505455100328 8
VALUES: .2475165941863126 .81 9
VALUES: .186892500190737 .134 2
VALUES: .1137102311741817 .006134126 16
VALUES: .8511635004196231021591515 .601571679255359731 2
VALUES: .52431525139238574807354 .860914015411612 14
VALUES: .65891 .84631113145647364003967 11
VALUES: .60010681315327 .6287022201876 8
VALUES: .68 .26 10
VALUES: .9085 .866895551995 7
VALUES: 0 .2274204623483 7
VALUES: .28926527809567406729 .1822690165560387 15
VALUES: .2008 .107 23
VALUES: .82 .055527580682 17
VALUES: .2351567864 .5768 21
VALUES: .3797970550087739375906004 .697001602197299153 16
VALUES: .06634 .269153887235 18
VALUES: .8203707942320 .3151140611886778057526 24
VALUES: .8490730144197756923 .6156862745098 25
VALUES: .307423514152742809 .83 8
VALUES: .76926832990005340657 .8021667811093 17
VALUES: .25610742351415274280918 .701640344853894865339131 9
VALUES: .07493705653467612726 .275822079804684519722 18
VALUES: .32986953536278324 .27699702449073014 16
VALUES: .1011673151750972762 .4049744411 25
VALUES: .06204 .247058823529411764705 17
VALUES: .3072098878 .18718242160677500572213 19
VALUES: .629541466392 .198886091401541 22
VALUES: .6910048065 .9433737697413595788509 5
VALUES: .017318989 .3374685282673 1
VALUES: .0831311512932021057450217 .613794155794613565270 14
VALUES: .365423 .3045395590 16
VALUES: .30247959105 .73449301 12
VALUES: .9573 .6 25
VALUES: .4 .659143968871595330739299 12
VALUES: .652429999237048905165 .59670405127031 17
VALUES: .45955596246280613412 .890501258869306477454 3
VALUES: .698878461890 .96842908369573 12
VALUES: .35892271305 .29990081635767147 4
VALUES: .409674219882505 .52948805981536583504 3
VALUES: .0914778362 .0994369420920119020 22
VALUES: .0535240711070420386053 .002532997634851 16
VALUES: .01 .01356679636835278858625 20
VALUES: 0 .0262928206301 2
VALUES: 0 .04801556420233463 6
VALUES: .0948058 .034464026855878 17
VALUES: .08497749 .059250782024 5
VALUES: .024145876249332417 .07495689326314183260852 2
VALUES: .095303273060196 .043216601815823 12
VALUES: 0 .043266956 24
VALUES: .0776073853665980 .043257801174944686045 6
VALUES: 0 .06599679560 9
VALUES: .031213855191882200 .05654688334477 0
VALUES: .05 .01660486762798504 0
VALUES: .088 .02186465247577630273 25
VALUES: .0682 .0018066681 9
VALUES: .081428244449530785 .023746089875638971541924 1
VALUES: .0592690928511482413 .01 4
VALUES: .02689860 .087264820 23
VALUES: .08501258869306477454 .01972838 0
VALUES: .037448691538872358 .049425497825589 3
VALUES: .0906111238269626916914625 .001 12
VALUES: .008609140 .033 13
VALUES: .08839093614099 .0143160143434805828946 2
VALUES: .0368017090 .052350652323186083 5
VALUES: .01710994125276569771877 .047891966 14
VALUES: .01773556115053025 .01736934 2
VALUES: .0242 .0690775921263447013 8
VALUES: 0 .0286732280460822461280231 5
VALUES: .0572732127870 .02293125810635538261 24
VALUES: .000695811 .036495 3
VALUES: .0524437 .0592919813 13
VALUES: .037976 .0403463 13
VALUES: .0623544670 .075 25
VALUES: .007341115434500 .00511787594415 19
VALUES: .037 .0328175783932249 16
VALUES: .028900587472 .01887083237964 3
VALUES: .0934111543450064850843060 .0795819 16
VALUES: .09783169298847 .02335851071946288242 8
VALUES: .0848004882887006 .026518654 14
VALUES: .093070878156710154 .03168535 3
VALUES: .018 .09190814068 14
VALUES: .08448157473105 .04769207293 6
VALUES: .0941649 .012716868848 14
VALUES: .01291981383993286 .066965743495841 17
VALUES: .0345830472266 .039 14
VALUES: .037441062027924010 .069323262378881513694 9
VALUES: .0292378118 .096113527 2
VALUES: .08030060 .079694819 21
VALUES: .076552986953536278324559 .047321278706034 17
VALUES: 0 .0385885 7
VALUES: .0907682917 .0201693751 11
VALUES: .054312962539101243610 .09122911421377 3
VALUES: 0 .0997482261387045090409 24
VALUES: .0785854886701 .097201 7
VALUES: .0403753719386587319752803 .07893949 24
VALUES: .06629434 .0585183489738307774471 17
VALUES: .0243900205 .081681544 13
VALUES: .050995651178759441 .07521171892 13
VALUES: .06744182497 .08638 7
VALUES: .059 .0127580682078278 24
VALUES: .048282597085526817730983 .08487830930037384 23
VALUES: .09545586327916380560 .01245 14
VALUES: .003132677195391 .0865171282520 2
VALUES: 0 .090 0
VALUES: .0499 .0716258487830930037384 8
VALUES: .0368810559243152513923857 .021168841077286945906 10
VALUES: .04298466468299382 .04666514076447699 15
VALUES: 0 .000645456626230258640 16
VALUES: .092 .026645304 3
VALUES: .0463233386739909 .042441443503 7
VALUES: .0258213 .062510109102006561379415 9
VALUES: .0668 .09378957808 15
VALUES: .072 .051596856641489280 16
VALUES: .0380315861753 .03333 25
VALUES: .02919 .03943 5
VALUES: .01 .090 24
VALUES: .06358739 .09708094911116197 14
VALUES: .0877164873731593 .03 1
VALUES: .05 .0939879453727016 20
VALUES: .086 .0362218661783779659723 7
VALUES: .0416250 .0431174 18
VALUES: .0207 .043749141680018310826 10
VALUES: .09224689097428854810406 .006778 23
VALUES: .07672 .06558022430 2
VALUES: .0268 .0223743038071259 8
VALUES: .080485 .0733745326924544136720 21
VALUES: .069185931181811245899 .040407415884641 5
VALUES: .06683451590753 .0751430 15
VALUES: .027339589532310978866 .03248 10
VALUES: .08660257877470054 .074186312657358663 5
VALUES: .02 .063 25
VALUES: .0018158236057068 .069866483558403906309605 19
VALUES: 466758220798046845197222.3912565804531929503318837 946822308690012970168611.24513618 7
VALUES: 563576714732585641260394.6 849561303120469977874417.40022888532845044632639 6
VALUES: 550270847638666361486228.18246738384069581139 591103990234225986114289 10
VALUES: 129533836881055924315251.262851911 226382848859388113221942.247104600595 12
VALUES: 462973983367666132600899.819317921 582207980468451972228579.56580453192950331 20
VALUES: 112764171816586556801708.897688258182650 763775082017242694743266.1928130006866559 1
VALUES: 295826657511253528648813.315220874341954 669764248111696040283817.13 3
VALUES: 622415503166247043564506.8 497627222095063706416418.20 15
VALUES: 42832074464026855878538.14 752300297550926985580223.5 20
VALUES: 455069810025177386129548.640833142595 339665827420462348363469.56191348134 16
VALUES: 266117341878385595483329.2524605172808422980 200991836423285267414358.538 11
VALUES: 668848706797894254978255.224948500801098 105317769130998702983138.675486381322 17
VALUES: 177447165636682688639658.02046234836346 282032501716639963378347.16589608606088349 16
VALUES: 352849622339208056763561.102861066605 317112993057145037003127.782375 13
VALUES: 805783169298847943846798.614373998626 895307850766765850308994.298100251773861295490 13
VALUES: 372030212863355458915083.17111467154955367360952 744029907682917524986647.61181 3
VALUES: 549675745784695201037612.939299610894 111665522240024414435034.6026092927443350881208514 17
VALUES: 854444190127412832837414.267246509498741 367986572060730907148851.39 16
VALUES: 850354772259098191805904.391119249 829922941939421683070114.37569237811856260 5
VALUES: 153978789959563591973754 561593041886015106431677.1678644998855573357747 14
VALUES: 339635309376668955519950 879453727016098268101013.84550 23
VALUES: 242832074464026855878537.94287022201876859 298374914168001831082627.30519569695582513 13
VALUES: 898558022430762188143739.087708857862211032272 186465247577630273899442.859235523002975509 25
VALUES: 653284504463263904783702.71 379644464789806973373006.4106202792 13
VALUES: 162340733958953231097886.4631 883070115205615320057983.400137331197070267 16
VALUES: 323964293888761730373082.761409933623254749370565 512626840619516289005874.2108033875 14
VALUES: 457541771572442206454565.8047608148317692835889219 1358052948805981536583.503639276722362096589 24
VALUES: 277271686884870679789425.2205539024948500801098 267841611352712291142137.521126115 7
VALUES: 297230487525749599450674.9144884412 289631494621194781414511.0 14
VALUES: 695002670328831921873807.193911650263218127718 849546044098573281452658.0 12
VALUES: 728435187304493781948576.3 134889753566796368352788.4513618 25
VALUES: 41535057602807660028992 155153734645609216449225.44 19
VALUES: 983276112001220721751734.7304646372167544 97291523613336385137712.575326161593041886015106 19
VALUES: 862119478141451132982374.9 545372701609826810101471.950240329 14
VALUES: 432379644464789806973372.57441062027 598733501182574196993972.0 18
VALUES: 899412527656977187762263.53943694209201190203707 894468604562447547112229.21158159761959258 16
VALUES: 96223392080567635614557.010666056305790 549889372091248950942244.0522 12
VALUES: 160296025024795910582131.52 745983062485694666971846.3586175326 16
VALUES: 851148241397726405737391.38200961318379491 981689173723964293888760.7486839093614099336232 25
VALUES: 493690394445716029602501.985900663767452506 233157854581521324483100.400 5
VALUES: 480964370183871213855191.401235 296726939803158617532615.8 22
VALUES: 8163576714732585641260.387045090409704737926298 638910505836575875486380.68404669260700389105058 4
VALUES: 448065918974593728542000.0097047379262989242389562 531441214618142977035171.51403067063401 6
VALUES: 420050354772259098191805.485191119249256122 675684748607614251926450.83877317463950560 10
VALUES: 718989852750438696879529.30313572899977 710811017013809414816509.550881208514534 4
VALUES: 275211718928816662851910.9172808422 511528191042954146639199.91 23
VALUES: 746700236514839398794536.5234607461661707484550 957305256733043411917295.144014648661020828564 0
VALUES: 795910582131685358968489.323872739 741649500267032883192186.63913939116502 13
VALUES: 795544365606164644846264.558846 989150835431448844129090 6
VALUES: 412039368276493476768138.7502403 62684061951628900587472.280338750286106660563 5
VALUES: 374715800717174029144731.4479743648432135500114442 894148165102616922255282.542183566 24
VALUES: 445624475471122301060501.57619592584115358205539 209567406729228656443121.786312657358663309681849 7
VALUES: 4577706569008926527809.5628290226596475165941 246189059281300068665598.288944838635 24
VALUES: 368566414892805371175707.26857404440375371 293049515526054779888608.847104600595101853 2
VALUES: 616311894407568474860760.808880750743877317463950 652918287937743190661477.94 14
VALUES: 535790035858701457236590.59871824216067750057221 904798962386511024643319.4583 10
VALUES: 117082475013351644159609.251956969 58365758754863813229571.92 21
VALUES: 485252155336842908369573.02508 792034790569924467841610.5606775005722133211261 16
VALUES: 23620965896086060883497.3441977569237811856260013 824002441443503471427480.67443350881208 12
VALUES: 418188754100862134737162.9296406500343327992675 349324788281071183337147.739482719 15
VALUES: 552483405813687342641336.1378347447928587777523 153826199740596627756160.67626459 19
VALUES: 459708552681773098344395.664499885 679316395819028000305179.7 14
VALUES: 516029602502479591058212.6 256198977645532921339741.86633096818493934538 13
VALUES: 863950560769054703593498.79272144655527580682 627283131151293202105744.394 5
VALUES: 907957579919127183947508.05671778439002059967956 695918211642633707179369.106477454 3
VALUES: 846906233310444800488287.853788 152132448310063324940871.13801785305561913481345 25
VALUES: 241840238040741588464179 989730678263523308155946.21 20
VALUES: 277515831235217822537575.06390478370336461432822 527214465552758068207827.351018539711604 13
VALUES: 96116578927290760662241.45420004577706569008926 633936064698252841992827.625772487983520 9
VALUES: 805127031357289997711145.910368 456351567864499885557335.318 15
VALUES: 876981765468833447775996.681574731059739070725 619409475852597848477911.9463950560769054 8
VALUES: 430716411078049897001601.766582742046 11581597619592584115358.19395 9
VALUES: 677012283512626840619515.611 997558556496528572518500.5664911879148546 10
VALUES: 998855573357747768368046.609292744335 30563820859082932784008.514488 17
VALUES: 898786907759212634470129.565850308995193408 346379797055008773937590.25406271457999542229343 20
VALUES: 445212481879911497672998.71554131380178 667978942549782558937971.4080109864957656214236 15
VALUES: 212664988174258030060272 957259479667353322652017.0483 9
VALUES: 533592736705577172503242.0085 143083848325322346837567.5688258182650 22
VALUES: 386312657358663309681849.0071412222476539253833829 652567330434119172961012.546486610208285648889906 6
VALUES: 113084611276417181658655.567086289 455985351338979171435110.553398947127489 0
VALUES: 123155565728236820019836.605310139620050354772 6301976043335622186617.83149462119478 20
VALUES: 747142748149843595025558.11453421835 864942397192339971007857.5313 7
VALUES: 998001068131532768749522.15756466010528 128847180895704585336079.828427557793545433737 13
VALUES: 719798580910963607232775.659235 975936522468909742885480.064728770 12
VALUES: 70389868009460593575951.71110093842984664682993 441321431296253910124360.5871366445410849164568551 1
VALUES: 715526054779888609140153.400595 461432822156099794003203.933165484092469672693 1
VALUES: 713832303349355306324863.8623483634699015793087 940581368734264133669030 5
VALUES: 826855878538185702296481.9685 108537422751201647974364.734676127260242618448 10
VALUES: 138078889143205920500495.78013275349050125 394064240482185091935606.53353 0
VALUES: 698405432211795223926145.6356145571068894 919295033188372625314716.40732433051041428244 14
VALUES: 268436713206683451590752.76 71030746929121843289845.0498970 13
VALUES: 768856336308842603189134.8075532158388647 735774776836804760814831.0335088120851453 14
VALUES: 246524757763027389944304.323552300297550926 277759975585564965285724.9 15
VALUES: 470511940184634164950026.23277637903410 549828336003662165255206.5913939116502 16
VALUES: 720820935378042267490653.128 640772106507972838941023.2395971618219 0
VALUES: 140611886778057526512550.4048 812436102845807583733881.845685511558 23
VALUES: 383398184176394293125810.252 274174105439841306172274.0830395971618219272 15
VALUES: 810040436408026245517661.5078049897001602197299153 431982909895475700007629.07896543831540398260471 0
VALUES: 932890821698329137102310.808926527809567 447699702449073014419775.2446784161135271 23
VALUES: 445685511558709086747539.03 629343099107347219043258.6977340352483405813687342 20
VALUES: .1316090638590066376745250 .656183718623 0
VALUES: .947203 .3693598840314335851071946 15
VALUES: .1 .241992828259708552681773 12
VALUES: .74035 .3473411154345006485084306 3
VALUES: .67866025787747005 .2019989318 12
VALUES: .27072556 .33 25
VALUES: .5862363 .5989776455329213397421225 3
VALUES: .086091401 .2778057 8
VALUES: .408270389868009 .54258030060273136 3
VALUES: .7301899748226138704 .24998 24
VALUES: .169832913710231174181 .405905 7
VALUES: .9559014267185473 .950774395361257343 4
VALUES: .7736476691844 .05348287174 22
VALUES: .6963759822 .51528191 7
VALUES: .534508 .9004043640802624 6
VALUES: 0 .0006561379415 12
VALUES: .35159838254367 .74645 11
VALUES: .911772335393301289387350 .0054932478 1
VALUES: .90792706187533379110399 .4854 17
VALUES: .718608377 .009308003356984 19
VALUES: .39899290455 .4894 22
VALUES: .75933470664530403601129 .477592126344 3
VALUES: .0322728313 .21 17
VALUES: .252582589456015 .012954909590295262073 0
VALUES: .4659189745937285 .471290150301 9
VALUES: .16366826886 .31155870908674753948271 19
VALUES: .68931105 .62711528191042954146 21
VALUES: .0826581216144045166 .529381246662088960097657 19
VALUES: 0 .432 17
VALUES: .38249 .162584878309300 17
VALUES: .1452353704127565423056382 .3771725032425421 16
VALUES: .20430304417486839093614 .9764553292133974 4
VALUES: .669565880827038986800946 .1223468375677 23
VALUES: .74245822842755779354543 .86932173647669184 20
VALUES: .155779354543373 .44834058136 10
VALUES: .6207980468451972228 .6828107118333714 16
VALUES: .818 .34378576 10
VALUES: .897901884 .6741893644 7
VALUES: .22027924010070 .502357518883039597161 25
VALUES: .959609369039444571602960 .0934309910734721 14
VALUES: .5290150301365682459 .290943770504310 14
VALUES: .48128480964370183 .824521248187991149767 5
VALUES: .4647592 .8674143587396047913328 19
VALUES: .132051575494010 .6974593728542000457770 11
VALUES: .8354 .390615701533531700 6
VALUES: .3323720149538414587624933 .18127718013275349050 18
VALUES: .5898527504386968795 .4114442 4
VALUES: .5365224689097428854810406 .117524986648355840 14
VALUES: .31073472190432 .909147 19
VALUES: .99 .2417792019531 16
VALUES: .4840772106507972838941023 .93298237582970931563 1
VALUES: 0 .07905699 24
VALUES: .69919890135042343785 .62085908 2
VALUES: .50 .487052 16
VALUES: .3774776 .79360 24
VALUES: .745769436179140 .19147 19
VALUES: .953185320 .22861066605 23
VALUES: .304 .768032349126420996 22
VALUES: .5973449301899748226 .793423361 10
VALUES: .9 .68072022 25
VALUES: .988 .1743495841916533150225070 18
VALUES: .29562829 .8106660 20
VALUES: .487159533 .2954146639200427252613107 3
VALUES: .3372 .0342259861142 1
VALUES: .775219348439765 .9936 14
VALUES: .3782864118 .4683451590753032 20
VALUES: .912306 .657450217441062027924010 4
VALUES: .67328908216983291371023 .632150 24
VALUES: .683024338139 .974151 25
VALUES: .382940413519493 .926131074998 11
VALUES: .83883421072709 .09451438162813763 19
VALUES: .693339436942 .7047531853 7
VALUES: .754573891813534752422369 .30412756542305638208590 25
VALUES: .8227512016479743648432135 .51203173876 22
VALUES: .59896238651102464332036 .49034866865033951 7
VALUES: .488273441672388799 .277134 19
VALUES: .6910963607232776379034 .8979171435 9
VALUES: .6 .699000534065766 11
VALUES: .5063248645761 .042465857938506 19
VALUES: .2102235446707866025787 .02127107 15
VALUES: .961242084382391 .344625009536 14
VALUES: .2893415732051575494010 .1 15
VALUES: .1001907377737087052 .0921187151 18
VALUES: .8848706797894254 .6277561608300 25
VALUES: .921873807888914320 .086228732738231479 22
VALUES: .0942 .4 6
VALUES: .1115281910 .076310 25
VALUES: .5513237201495 .637918 1
VALUES: .36791027 .193347066453040 17
VALUES: .28912794 .5757076371404 5
VALUES: .533455405508 .912138551918822003509 14
VALUES: .21 .6706797894254978 0
VALUES: .1660334172579537651636530 .3992523079270618 17
VALUES: .92510872053101396200503 .715724422 1
VALUES: .673579003 .799389639124 7
VALUES: .03949 .04444495307 15
VALUES: .08992751964599069199664 .0268421454 24
VALUES: .095 .03669 13
VALUES: .0932829785610742351415 .0569695582513160906 17
VALUES: .0382894636453803311 .05128557259479667353322 8
VALUES: .00136110 .004092469672693980315861 20
VALUES: .06243 .015 21
VALUES: 0 .0672968642 11
VALUES: .053411 .0946883344777599755855 21
VALUES: .00516975661860074 .0540428 21
VALUES: .04575112 .045619897764553292133974 21
VALUES: .065290302891 .0455558098725871671625848 12
VALUES: 0 .0967635614557106889 13
VALUES: .0901731898985275043869 .0932509346150 21
VALUES: .0294453 .00869916838330 1
VALUES: .0277058 .071638056 1
VALUES: .02818951705195696 .0110231 19
VALUES: .05465629053177691309 .0250888 24
VALUES: .03 .045688563363088426031891 16
VALUES: .019822995345998321507 .07186236 16
VALUES: .00009613183794918 .0088410772869459 7
VALUES: .04004272526131 .03227893492027161058976 17
VALUES: .02747081 .047804989700160219729 0
VALUES: 0 .0730342565 16
VALUES: .09564660105287251087 .08656290531 3
VALUES: .0976791027695124742 .0991638056 16
VALUES: .0829678797589 .095516899366750591287098 0
VALUES: .09904631113145647 .086640726329442282 11
VALUES: .05018 .0987914854657816 14
VALUES: .0272373540856031 .06263523308155947 13
VALUES: .043842221 .04316014 20
VALUES: .0040146486610208 .00950637064164187075608 7
VALUES: .0995956359197375 .058335240711070420386053 6
VALUES: .06794232089723048752574 .005336079957274 14
VALUES: .042198825055 .0333730 25
VALUES: .0084916456855115587090867 .0393652246890974288548104 15
VALUES: .040 .06248569466697 17
VALUES: .08568 .07538567177 21
VALUES: .017445639734493018 .04629282063019760433 16
VALUES: 0 .081939421683070115205 6
VALUES: .09213702601663233386 .0503791866941329 22
VALUES: .05643 .02 18
VALUES: .03972991531242 .0508110170138094148 2
VALUES: .0708 .04591897459372854200 24
VALUES: .056374456397344930 .032339971007 1
VALUES: .073969634546425574120 .0843610284580 16
VALUES: .03963836118104829 .0783504997329671168078 1
VALUES: .0433 .02 22
VALUES: .025786221103227283131 .0249790188448920 11
VALUES: .061493 .05062180 7
VALUES: .033710231174 .07415 17
VALUES: .002748149843595 .02432135500 13
VALUES: 0 .0367 17
VALUES: .0381261921110856 .0520973525 17
VALUES: .010977340352483 .09781033035782406347753 18
VALUES: .052816 .051686884 7
VALUES: .0636911573968108644235 .016519417105363546196 9
VALUES: .091210803387502861 .00561989776455 5
VALUES: .00566 .01891355764 4
VALUES: .0294438086 .0456198977645532921339742 2
VALUES: .0239627679865720607 .044768444342717 6
VALUES: 0 .0580910963607232776 23
VALUES: .09541771572 .052489509422446021210 2
VALUES: .0987441824 .027496757457846 3
VALUES: .0859754329747463187609 .02 11
VALUES: 0 .0196414129854276340886 22
VALUES: .034579 .00665598535133897917 4
VALUES: .064571602960 .03873960479133287 1
VALUES: .02805676356145571 .08380254825665674830243 8
VALUES: .03904631113145647 .096942 2
VALUES: .0346852826733806 .037631799801 13
VALUES: .0605691615 .096765087357900 1
VALUES: .04563820859082932784008 .04914320 18
VALUES: .08261081864 .0708949416342 24
VALUES: .086697184710 .0313405050736247806 15
VALUES: .0153307392 .066289768825818 13
VALUES: 0 .01410391393 10
VALUES: .0671717 .06121614404516670 10
VALUES: 0 .0064 8
VALUES: .03310292210269321736 .00997482261387045090409 9
VALUES: .00153658350499 .0959456778820477607 3
VALUES: .02659037 .086004425116350041962310 22
VALUES: .053 .0082215609979 17
VALUES: .096986343175 .01151445792324711985 7
VALUES: .02675 .060704966811627374685 11
VALUES: .00515297169451438 .0470496681 0
VALUES: .098693827725 .0567116807812 20
VALUES: .043 .046837567711 14
VALUES: .021055 .00913099870 11
VALUES: 918211642633707179369801.4774547 313176165407797360189211.558342870222018768596932 16
VALUES: 576165407797360189211870.942870222018768596932 242114900434882124055847.77802700846875715 2
VALUES: 568535896849011978332188.3381551 59235523002975509269855.7430075532158388647287 6
VALUES: 23682001983672846570534.8 386297398336766613260089.641931792172121766994735 17
VALUES: 895063706416418707560844.454749370565346 656519417105363546196688.1357289997711 2
VALUES: 583840695811398489356831.64321355001 258457312886243991760127.91732661936369878 15
VALUES: 298496986343175402456702.2268711375600823987 132463569085221637293049.38306248569466 22
VALUES: 398992904554818036163881.4961776150148775463492 988418402380407415884640.806042572671091783016708 9
VALUES: 777080949111161974517432.65543602655069810025 802410925459678034637978.903 15
VALUES: 233493553063248645761806.43469901579308766308079 640177004654001678492407.996429388 17
VALUES: 54718852521553368429083.641016250858319 231494621194781414511329.592263 24
VALUES: 951308461127641718165864.61670 308751049057755397878995.64 19
VALUES: 60990310521095597772182.74209 641519798580910963607232.1348592355230029755092698 22
VALUES: 986373693446250095368885.86797 399542229343099107347218.6437170 11
VALUES: 477393759060044251163499.94222934309910734721 918654154268711375600823.0685282 13
VALUES: 678751812008850232700083.245868619821469443808 730174715800717174029144.001647974364843213 5
VALUES: 190875104905775539787899.4047608148317692835889219 794659342336156252384221.37669947356374456397344 2
VALUES: 950026703288319218738077.939116502 35767147325856412603952.0509040 5
VALUES: 772152285038529030289157.6927901121 541496910048065918974593 10
VALUES: 22446021210040436408026.2230716411078049897 815426871137560082398717.42673380636301213092240 2
VALUES: 370626382848859388113221.57184 117708094911116197451743.225543602655069810025 20
VALUES: 538078889143205920500495.3801 894651712825207904173341.5940947585259784847791 13
VALUES: 574074921797512779430837.9091 815976195925841153582054.574 19
VALUES: 914396887159533073929960.1 439932860303654535744258.353078507667 24
VALUES: 830869001297016861219195.01867704280155642 924055848020141908903638.3526665140 21
VALUES: 799649042496375982299533.8001831082627 736110475318532082093537.06 17
VALUES: 232623788815136949721522.6177615014877546349279 4699778744182497901884 9
VALUES: 33401998931868467231250.44344243 618921187151903562981612.2596932936 21
VALUES: 113496604867627985046158.427 847608148317692835889218.65342183566033417257 21
VALUES: 742732890821698329137101.569008926527809567406 438834210727092393377584.0579995 11
VALUES: 416769665064469367513541.96 30273899443045700770580.575509269855 7
VALUES: 101213092240787365529869.43414969100 267505912870984969863431.48 19
VALUES: 588372625314717326619363.11041428244449530785076 652887769893949797817959.215884641794460975 12
VALUES: 642267490653849088273441.03012130922 69596398870832379644464.72021057 22
VALUES: 44663157091630426489661.9680018310 606591897459372854200045.170473792629 2
VALUES: 640207522697795071335926.726848249 292698558022430762188143.4472877088578 22
VALUES: 162951094834821087968261.071 605279621576256961928739.762 18
VALUES: 373235675593194476234073.022659 101335164415960936903944.355825131609 2
VALUES: 280720225833524071107041.757 321614404516670481422140.5191577019913023575188 20
VALUES: 849881742580300602731364.0696269169146257724879835 972930495155260547798885.1 0
VALUES: 613427939269092851148240.78429846646829938200961 47425040054932478828107.0709086747539 11
VALUES: 504051270313572899977110.963103685 170641641870756084534981.13705 10
VALUES: 423315785458152132448309 323979552910658426794842.126 20
VALUES: 498115510795757991912717.8966353856717784390 750148775463492790112153 3
VALUES: 37781338216220340276188.2585488670176241702906843 730601968413824673838406.22751201 15
VALUES: 453315022507057297627221.64174 247409781033035782406347.505699244678416113527 3
VALUES: 259311818112458991378652.3690547035934996 900984206912336919203478.1560 22
VALUES: 423529411764705882352940.752941176 607354848554207675288013.43094529640650034 15
VALUES: 455146105134660868238345.46688029 281773098344396124208437.9573357747768 25
VALUES: 206851300831616693369954 604180971999694819562065.467383 17
VALUES: 257862211032272831311512.6 849469748989089799343861.2089723 20
VALUES: 492912184328984512092774.360 191546501869230182345311.473975738155184252 13
VALUES: 918120088502327000839245.286198214 945540550850690470740824.56754406042572671 24
VALUES: 377370870527199206530860.994415197985 689555199511711299305713.814145113 2
VALUES: 429434653238727397573815.0889906157015 113160906385900663767452.3931334401464866102 4
VALUES: 561516746776531624322880.3 212115663385976958876935.7762874799725337605 5
VALUES: 632639047837033646143281.5829709315632867933165 32974746318760967421988.217578393224994 16
VALUES: 523125047684443427176317.4748912794689 969039444571602960250246.99006637674525062 7
VALUES: 122240024414435034714274.6927443350881208514534 594995040817883573662927.611306935225452048523689 10
VALUES: 549080643930724040588997.696131837 15243762874799725337605.8442206454566262302 6
VALUES: 3128099488822766460669.8679331654840924696726939 675257495994506752117188.612909132524605172808422 0
VALUES: 722468909742885481040664.57088578622110322 437933928435187304493781 14
VALUES: 681986724650949874113068.670 549553673609521629663538.01762417029 15
VALUES: 513359273670557717250323.740856031128404669260 430319676508735790035858.2711375600823987182421606 11
VALUES: 842572671091783016708628.13430991073472190432593 358800640878919661249713.5345387960 15
VALUES: 822201876859693293659875.5797207598 296803234912642099641412.688624399176012817 19
VALUES: 995483329518577859159226.898008697642481116 113954375524528877698939.3840238 5
VALUES: 660486762798504615854123.0901 56305790798809796292057.62279697871366445410 12
VALUES: 932204165712977798123139.3745 985900663767452506294345.54648661020828564 3
VALUES: 166231784542610818646524.5915312428 372503242542153047989623.49260700389105058 22
VALUES: 818448157473105973907071.738200961 661951628900587472343022.1502 12
VALUES: 353185320820935378042267.13746 769466697184710460059509.415930418860 8
VALUES: 810315098802166781109330.08157473 552788586251621271076523.4420 14
VALUES: 449897001602197299153123.834836346990157930876630 588342107270923933775844.37999 21
VALUES: 481467917906462195773250.453147 759609369039444571602959.4906385900663 22
VALUES: 354207675288014038300144.60650034332799 920607309071488517586021.8153353170061799038681 21
VALUES: 319768062867170214389257.32 903074692912184328984511 9
VALUES: 860685130083161669336994.637903410391393911650263 358648050659952697032119 2
VALUES: 226367589837491416800182.881895170519 963271534294651712825206.9 7
VALUES: 350240329594872968642709.65204852368963149 694758525978484779125657.35 24
VALUES: 735072861829556725413900.23387502861066605 923476005188067444876782.4747081712 24
VALUES: 858533607995727473868924.14337376 933974212252994583047225.7387960631 19
VALUES: 24887464713511863889524.656580453192950331883 298222323949034866865033.6531013962005035477225909 25
VALUES: 50141145952544441901274.078187228198672465094987 406485084306095979247729.8140077821011673 9
VALUES: 278309300373846036469062 822171358815899900816356.84930189974822613870 7
VALUES: 891340505073624780651559.3436 641931792172121766994734.9955138475623712520027466 10
VALUES: 529732204165712977798122.61057450217 669886320286869611657892.0591897459372 19
VALUES: 812420843823910887312122.48047 615381094071869993133439.531105516136415655 20
VALUES: 108644235904478522926680.291142137 364904249637598229953459.61831082627603570611 14
VALUES: 437644007019150072480353.57166399633783474 121858548867017624170290.562 22
VALUES: 745159075303273060196840.6 374135957885099565117875.5700160219 7
VALUES: 394934004730296787975890.3 148653391317616540779735.8702677958342870222018768 5
VALUES: 973113603418020904859997.5009842 703425650415808346684976.78951705195696955825 5
VALUES: 997878995956359197375447.23588921 966353856717784390020598.713206 9
VALUES: 16083009079118028534370.930739299610 292912184328984512092774 1
VALUES: 189303425650415808346684.78818951705195696955 807522697795071335927366.248249027237354085 25
VALUES: 913756008239871824216066.836301213092240787 492530708781567101548790.22998397802700846875715 8
VALUES: 681940947585259784847790.5746395056076905470359349 9857328145265888456549.9252918 9
VALUES: 63279163805600061036087.523506 540047302967879758907453.4921492332341496910048065 14
VALUES: 92820630197604333562218.568 987808041504539559014266.197665369649805447470 11
VALUES: .24190 .034683756771190966659037 11
VALUES: .1385 .0879377431906614785992217 16
VALUES: .0062714579 .02 4
VALUES: .89695582513 .122560463 13
VALUES: .2601510643167 .727183 6
VALUES: .501503013656824597 .5314869916838330663004501 3
VALUES: .877241168841077286 .125032425421530 13
VALUES: .3294117 .345723659113450 23
VALUES: .8296177615014877 .09700160219729 15
VALUES: .91717402914473182 .3987 12
VALUES: .37 .2424658579385061417563134 16
VALUES: .6465 .13725490196078 9
VALUES: .7103837644007019150 .8350804913405050 24
VALUES: .856336 .387121385519188 18
VALUES: .01269550621 .03599603265430685893034 14
VALUES: .5817349507896543831 .6444190127412832 20
VALUES: .160906385 .293965056839 21
VALUES: .34522011139085 .8255741206988632028686961 9
VALUES: .237216754406042572671091 .4049439230945296 14
VALUES: .88569466697 .1364309147783627069504 5
VALUES: 0 .25589379720759899 2
VALUES: .485252 .74560158693827725642786 15
VALUES: .550972762645 .792584115358205 5
VALUES: .9 .83746 15
VALUES: .971862363622491798 .25741969939726863508049 19
VALUES: .981246662088 .3875486381322957198 22
VALUES: .25455100 .563012130922407873655 5
VALUES: .6132906 .53958953231097886625 1
VALUES: .880659189745937 .556664377813382 21
VALUES: 0 .1678339818417 9
VALUES: .5088731212329289692 .5538719768 4
VALUES: .79311818112458 .1530 22
VALUES: .92416266117341878385 .203570611123826 8
VALUES: .321370260166323338673990 .973281452 16
VALUES: .43021286335545891508 .1778591592278934920271 24
VALUES: .80587472343022812237 .6055237659266041046768 6
VALUES: .531105516136415655756 .6526131 25
VALUES: .336461432822 .7352559 10
VALUES: .146074616617074845502 .550164034 18
VALUES: 0 .09071488517586022735942 14
VALUES: .09910734721904 .1852903028 22
VALUES: .810177767605096513313496 .529289 7
VALUES: .04 .186480506599 3
VALUES: .668543526359 .4812085145 22
VALUES: .0171206225680 .6885938 17
VALUES: .98110 .3272602426184481574731 13
VALUES: .001342793 .1231097886625467307545586 4
VALUES: .43480582894636453803311 .032303349355 19
VALUES: .048 .713756 15
VALUES: .21052872 .45244525825 11
VALUES: .0706797894254978255 .6016479743648432 7
VALUES: .970077 .00769054703593499656672 7
VALUES: .8047455558098725871671625 .199389 25
VALUES: .0664072632944228274 .4174410620279 10
VALUES: .3606622415503166247043564 .51285 12
VALUES: .20811779964 .54590676 21
VALUES: .52484 .6467383840695811398489 12
VALUES: .387411306935 .38628213931486991683833 21
VALUES: .53665980010 .242450598 6
VALUES: .906919966 .594003 13
VALUES: .56 .5592126344701 7
VALUES: 0 .512535286488136110 6
VALUES: .58966964217593652 .753276874952315556572823 16
VALUES: .569207293 .94749370565346761 1
VALUES: .30110 .9698634317540 16
VALUES: 0 .47759212634470130 16
VALUES: .049195086594949263 .251270 17
VALUES: .8203 .685389486533913176165407 8
VALUES: .9738155184252689402 .1822232394903486686503395 22
VALUES: .945082780193 .7734645609216449225604638 14
VALUES: .1773556115053025 .206179903868162 6
VALUES: .2653696498054474 .6811932555123216 8
VALUES: .02778667887388418402380 .6575 6
VALUES: .3288776 .25154497596704 4
VALUES: .30800335 .772304875 17
VALUES: .32701609826810101 .81670862897688258182650 3
VALUES: .64927138170 .546669718 25
VALUES: .4989089799343862058442 .9949645227740901808 21
VALUES: .06953536278 .815838 10
VALUES: .257816433966582742046 .4687 21
VALUES: .2686655985351338979171435 .083604180971999 6
VALUES: .19885557335774 .31459525444419012 18
VALUES: .3878233005264 .6267948424505989166094 0
VALUES: .9147936217288471 .15765621423666742961 24
VALUES: .8 .018280308232242313267719 0
VALUES: .415 .97581445029373 14
VALUES: .11969176775768673 .3527275501640344 12
VALUES: .1605401693751430533302815 .636362 25
VALUES: 0 .563393 5
VALUES: .7972838941023880 .379903868162 13
VALUES: .413962005035477225909819 .969909208 13
VALUES: .683100633249408712 .01100175478 9
VALUES: .1171740291447318 .59 12
VALUES: .0549935149156939040207522 .407186 5
VALUES: .185717555504 .24 16
VALUES: .4 .6489204242 14
VALUES: .7405203326 .373388265 1
VALUES: .09022659647516 .07061 17
VALUES: .06514229037918669 .0387792782482642 22
VALUES: .0801 .028484016174563210498 22
VALUES: .09 .03 0
VALUES: .05217059586480506599526 .046190585183489 1
VALUES: .063836118 .0330 14
VALUES: .078709086747539482719157 .089219501029983978027 6
VALUES: 0 .022946517128252079 11
VALUES: .065075150682841229 .013 23
VALUES: .045557335774776836 .05494163424124513 18
VALUES: .0369298847943 .01851377126726 17
VALUES: .018313878080415 .07371480888075074 15
VALUES: .0853177691 .06 10
VALUES: .035414663 .06545204852368963149462 9
VALUES: .06103303578240634775 .024728 16
VALUES: .09949340 .0547814 19
VALUES: 0 .08 24
VALUES: .06666056 .04339513237 25
VALUES: .041168841077286945 .06763866636148622873 2
VALUES: .09541008621347 .076470588235 24
VALUES: .02402 .0202227817 10
VALUES: .073995574883649958 .084524299992370 5
VALUES: .05854 .0149355 21
VALUES: .049044022278171969176 .055976195925 13
VALUES: .01841306172274357 .01632562 16
VALUES: .0397726405737392233 .00107270923933775844 11
VALUES: .071786068513008 .0311818112458991378652 11
VALUES: .04620 .0477531090257114518959334 22
VALUES: .0165651941710536354 .00035553 16
VALUES: .04900892652 .06355687800411993591 11
VALUES: 0 .060291447318226901655 13
VALUES: .033 .0491737239642938 16
VALUES: .0260578316929884794 .02807354 2
VALUES: .0958419165331 .027534905012588 15
VALUES: .06 .09170519569 10
VALUES: .04 .0217242694 5
VALUES: .02204013122 .0376592660410467689 1
VALUES: .046993209735255970092317 .05586938277256427862 8
VALUES: .0488044 .015289539940489 11
VALUES: .04 .0163607232776379 11
VALUES: .0374 .0056610971236 8
VALUES: .084234378576333 .048809033 4
VALUES: .06130312046997787441824 .03 4
VALUES: .03195239185 .00625925078202487 21
VALUES: .0372610 .0403067063401235980773 21
VALUES: 0 .030257114518959334706 7
VALUES: .07918669413 .0951110093 16
VALUES: .05592278934 .08849 4
VALUES: .0245334554055085069047 .081240 14
VALUES: .0051 .089787136644541084 13
VALUES: .090858319981689 .0189181353475242 2
VALUES: .064701304646 .0781 11
VALUES: .04841840238040741588 .036 6
VALUES: .08584 .00473487 22
VALUES: .06535896849011 .0572060 23
VALUES: .053275 .040 18
VALUES: .068726 .09515678644998855573 12
VALUES: .08390936140993 .052460517280842298008697 20
VALUES: .0529167 .07459830624856946 20
VALUES: .022035553521 .03165026321812771801327 7
VALUES: .07453574425879301 .001956206607156481 15
VALUES: .0872816 .0022 12
VALUES: .08168459601 .0778835736629282 3
VALUES: .01568169680 .0493202 11
VALUES: .0098374914168001831082 .096104371709 15
VALUES: .0269596398870832 .04364538 24
VALUES: .0839093614099336232547493 .0998 1
VALUES: .0936 .09158617532616159 2
VALUES: .089977874418249790188 .0871 7
VALUES: .0365 .00356450751506828 22
VALUES: .05935149156939 .07510032806897 11
VALUES: .0431418326085297932402 .050696 21
VALUES: .06629739833676 .09592736705577172503242 20
VALUES: .039681 .075336842908369 14
VALUES: .04769665064469367513542 .0356099 14
VALUES: .0873319600213626 .018524452582589456 23
VALUES: .05 .02419317921721 21
VALUES: .0345738918135347524223 .070 18
VALUES: .001342793926909285 .0063 7
VALUES: .076186770428015564202334 .0133882658121614404516 18
VALUES: .072492561226 .012143129625391012 4
VALUES: .090093842984664682993820 .0041336 5
VALUES: .0486717021438925764858 .06971541924162661 2
VALUES: .0387960631723506 .05272144655 3
VALUES: .0601724269474326695658 .03 7
VALUES: .0476 .053667505912870 11
VALUES: .0720225833524 .05200427252613107499 5
VALUES: .001217669947356374 .09466849774929427 23
VALUES: .009 .0212573434042877851 1
VALUES: .08292515449759670405 .0562600 10
VALUES: .025989166094453 .082812237735561150530 4
VALUES: 373754482337682154573891.4397802700 660120546272983901731898.32515449759670405127 13
VALUES: 125658045319295033188372.499656672007324 429633020523384451056686.83671320668 10
VALUES: 277119096665903715571831.568459601739528496223392 689936675059128709849697.9443808651865415426871 1
VALUES: 355992980849927519645990.3360036621652552071412222 460044251163500419623101 21
VALUES: 33035782406347753109025.67 866498817425803006027312.7826 8
VALUES: 446326390478370336461432.3758297093156328 428397039749752040894178.2547 11
VALUES: 753521019302662699320972.77207598992904554818036 656992446784161135271228.457221332112611581597619 25
VALUES: 713710231174181734950788.94067292 679652094300755321583885.7932 1
VALUES: 528587777523460746166170.219867246509 342534523537041275654230 22
VALUES: 105485618371862363622491.692 350545510032806897077896 25
VALUES: 956939040207522697795070.378 709819180590524147402150.81 25
VALUES: 506507972838941023880368.76182192721446 641168841077286945906766.735042343785 2
VALUES: 297322041657129777981231.105745021744106202 189745937285420004577706.37926298 13
VALUES: 72358281834134431982909.823117 339116502632181277180132.41437399 14
VALUES: 276112001220721751735713.46463 55405508506904707408255.07544060425726710917 10
VALUES: 406759746700236514839398.387777523460746166 790829327840085450522620.70913252 20
VALUES: 855191882200350957503623.16250858319981689173723 429221026932173647669183.976 4
VALUES: 777096208133058670939192.02 909254596780346379797054.099519340810254062714579 10
VALUES: 853345540550850690470739.97216754406042 128755626764324406805523.637170977340352483405813 15
VALUES: 471259632257572289616235.128 363576714732585641260394.84509040970473792629892 1
VALUES: 723720149538414587624932.5180590524 124040588998245212481879.7874 15
VALUES: 880689707789730678263522.427466239 804592965590905622949568.1280384527351796749828336 22
VALUES: 686381322957198443579765.85 827176317998016327153428.6379949 8
VALUES: 712077515831235217822536.863263904783703 104798962386511024643320.2583657587 3
VALUES: 464881361104753185320820.470 823346303501945525291827.970428015564202334 24
VALUES: 824216067750057221332111.78736552986953536278324 479636835278858625162126.6280155642023346303501 11
VALUES: 552758068207827878233004.71160448615243762874799 350102998397802700846875.36516365300 17
VALUES: 225619897764553292133973.98663309681 296299687190051117723353.6367132 20
VALUES: 453513389791714351110093.389471274891279468986 886518654154268711375599.9374685 14
VALUES: 463370717936980239566643.314763103 216601815823605706874189.1478599221789883 17
VALUES: 253406576638437476157778.033005264362554 628122377355611505302509.4809796292 0
VALUES: 439658197909514000152589.779308766308079652 760128175783932249942777.9077 17
VALUES: 430991073472190432593270.340352483405813687342 939909971770809491111618.80 24
VALUES: 162218661783779659723811.54145113298237582 728618295567254139009688.750286106660563 25
VALUES: 177889677271686884870679 524025329976348516060120.02224765392538338292 8
VALUES: 708934157320515754940107.630 527779049362935835812923.8637 3
VALUES: 706935225452048523689630.787 493446250095368886854352.14254978255 11
VALUES: 715907530327306019684137.53083085374227 791912718394750896467535.63900 23
VALUES: 899992370489051651789119.4173 178881513694972152285038.35014 15
VALUES: 110994125276569771877622.53339436942 6820782787823300526436 23
VALUES: 682108796826123445487143.5919432364 645426108186465247577629.628473334859235 7
VALUES: 576714732585641260395208.0904097047 950148775463492790112152.86079194 14
VALUES: 812573434042877851529716.13257038223849851 296101319905394064240481.888990615701533531 25
VALUES: 787335011825741969939726.076 713221942473487449454489.2539 11
VALUES: 535164415960936903944456.62513160906385900663767 104997329671168078126192.0060883 15
VALUES: 388418402380407415884641.4060425726710917830 333134966048676279850461.2522774090180819409 19
VALUES: 23712520027466239414053.53545433737697413595788 396063172350652323186083.37596704051270 23
VALUES: 705241474021515220874341.24943923094529640 822796978713664454108490.822888532845044632 14
VALUES: 562310215915159838254367.3327 566460669871061264972914.669672 21
VALUES: 617654688334477759975584.9473 871641107804989700160218.8582742 0
VALUES: 710429541466392004272525.420 118440527962157625696192.75559624628061 14
VALUES: 894010833905546654459448.25529 318699931334401464866101.764156557 7
VALUES: 230243381399252307927061.64509040970 320286869611657892729075.7459 4
VALUES: 865308613717860685130082.29636 533302815289539940489814.069581139848 17
VALUES: 527473868925001907377736.5595788509956511 977386129549095902952619.75962462806134 13
VALUES: 867246509498741130693521.677958342870222018768596 684870679789425497825588.69485008 1
VALUES: 363836118104829480430304.0536507 773693446250095368886853.57894 3
VALUES: 136507209887846189059281.1635614 797955291065842679484244.261936369878690775 20
VALUES: 527977416647592889295795.61149004 237949187457084000915541.0758 3
VALUES: 781780727855344472419317.1399404898 476783398184176394293125.333 11
VALUES: 896086060883497367818721.9237811856 748439765011062790875104.15733577477683680476081 0
VALUES: 719752803845273517967497.56360 570504310673685816739146.4501716639963 17
VALUES: 822217135881589990081634.9449301899 175020981155107957579918.95216296635385671778439 21
VALUES: 239948119325551232166017.918287937 592996108949416342412450.76887159533073929961 21
VALUES: 599832150759136339360646.382696269169146257724 16311894407568474860761.4088807507438 21
VALUES: 639490348668650339513236.5620050354 455558098725871671625848.32753490501258869306477 14
VALUES: 954940108339055466544593.53 664133669031815060654611.37523460 15
VALUES: 247974364843213550011444.0 806988632028686961165788.46591 20
VALUES: 672312504768444342717631.127489127946898603 560097657740138857099259 17
VALUES: 791470206759746700236514.0479285 223514152742809185931181.58773174639505607 15
VALUES: 168825818265049210345616.67713435568780041199 180392156862745098039215.505 2
VALUES: 580804150453955901426717.96653 14557106889448386358434.409796292057679102769 5
VALUES: 746334019989318684672311.7584344243533989471 543053330281528953994048.438406958113984893568 3
VALUES: 472373540856031128404668.788326848249027237354085 326817730983443961242084.0555733577477683680 4
VALUES: 552071412222476539253833.2771801327 42465857938506141756313.377843900205996795605401 8
VALUES: 599374380102235446707865.426413366903181 589700160219729915312427.883634699015793 18
VALUES: 572518501564049744411382.657816433966582742046234 680933852140077821011672.4708171206 6
VALUES: 845883878843366140230410.384756237125200274 692210269321736476691843.3605859464408331425955 13
VALUES: 774105439841306172274356.43959 623788815136949721522849.76150148775463492790112 4
VALUES: 65156023498893720912489.4442664225223163 934462500953688868543525.42549782558937972075 9
VALUES: 529320210574502174410619.74991989 330251010910200656137941.2276951247425040054 14
VALUES: 541313801785305561913480.804531929 786205844205386434729533.050675211718928816662 6
VALUES: 852674143587396047913327.9029 335332265201800564583809.84243 1
VALUES: 798199435416189822232394.10528 972350652323186083772029.2405127031357289 10
VALUES: 26382848859388113221942.4471046005 959334706645304036011290.716868848706797894254 19
VALUES: 264774547951476310368505.114030 718577859159227893492026.442481 20
VALUES: 275226977950713359273670.28249027237354085603112 414023041123064011596856.2 19
VALUES: 975249866483558403906308.63030441 736263065537499046311130.72 21
VALUES: 735301747158007171740290.7120164797436484321355001 520683604180971999694819.0413824673 16
VALUES: 692042420080872816052490.343282215609979400320 637125200274662394140534.954543373769741 11
VALUES: 364782177462424658579384.696 895811398489356832227053.350 18
VALUES: 144792858777752346074616.4722819 934004730296787975890744.46921492332341 14
VALUES: 889829861905851834897382.187914854 437903410391393911650262.7802243076218814 0
VALUES: 531944762340733958953230.5659418631265735 426504921034561684596016.96878004119935912 1
VALUES: 162417029068436713206683.28917372396429 811703669794766155489432.315632867933165484092 10
VALUES: 46875715266651407644769.923369192034 358983749141680018310825.91705195696955825 20
VALUES: 224032959487296864271000.004852368 75089646753643091477836.1956054016 0
VALUES: 883375295643549248493170.704325932707713435 705592431525139238574806.64925612 6
VALUES: 775494010833905546654458.67365 362340733958953231097886.26312657358663309681 11
VALUES: 182742046234836346990157.74813458457312886243991 638590066376745250629434.01464866102082 8
VALUES: .336324101 .9 9
VALUES: .3473 .60711070420 16
VALUES: .35829709315632867 .0186 0
VALUES: 0 .807354848554207 7
VALUES: .6006561 .477607385366598 4
VALUES: .178179598687 .2438086518654 15
VALUES: .2760 .4761425192645151445792 24
VALUES: .766811627374685282673380 .13 11
VALUES: 0 .4414435034 8
VALUES: .73157854581521324483100 .336812390325780117494 19
VALUES: 0 .4314641 18
VALUES: .115266651407 .8950 13
VALUES: .81336690318150606546120 .7085984588387 23
VALUES: .7572137026016 .42 20
VALUES: .75408560311284 .10457007705806057831 24
VALUES: .481589990081635767147 .56876478217746242465857 15
VALUES: .123247119859616998 .76838330663004501 0
VALUES: .69629968719 .48287 12
VALUES: .0419623 .29947356374456397 9
VALUES: .2376287479972533 .0599 16
VALUES: .42912947280 .7978 18
VALUES: .648950942244602121004 .5439230945296406500343327 15
VALUES: .8 .33 21
VALUES: .194872968642710 .91258106355382619974059 1
VALUES: .085160601205462729 .8573434042877 22
VALUES: .95855649652857251850 .164415 0
VALUES: .883451590753032730 .912687876707103074692912 3
VALUES: .46271 .2521553368429083 8
VALUES: 0 .9641870756084534 14
VALUES: .201342793926909285114 .3381094071869993 0
VALUES: .601510 .37270 3
VALUES: .17354 .345403 22
VALUES: .26845197222858014 .718913 20
VALUES: .13028152895 .872 0
VALUES: .36 .3908751 4
VALUES: .98863202 .84074158846 8
VALUES: .14728007934691386282139 .681773098344396124208 9
VALUES: .14641031509880216678110 .2773327229724574654 23
VALUES: .010727 .42172884718 13
VALUES: .336766613 .4540932326237888 18
VALUES: .892500190737773708705271 .57717250324254 18
VALUES: .627 .599557488 6
VALUES: .68499275196 .106004425116350 1
VALUES: .138414587624933241779201 .3112077515831 22
VALUES: .354879072251468 .1699 15
VALUES: .678980 .2945448996719 15
VALUES: .93136491950 .2382543678950 16
VALUES: .4011139085984588387 .612466620889600 23
VALUES: .19046311131456 .8931410696574349584191 19
VALUES: .13 .166369115739681 21
VALUES: .013733119707026779 .81654077973601 15
VALUES: .80657663843747615 .917280842298008 12
VALUES: .66887922484168764782 .706614785 7
VALUES: .0276188296330205233 .518 19
VALUES: .395345998321507591363 .6783550 25
VALUES: .22026398107881284809643 .6 14
VALUES: .95425 .46315709163042 15
VALUES: .355321583886 .042191195 6
VALUES: .495231555657 .96346 14
VALUES: .2 .24296940566 15
VALUES: .7735866330 .820 0
VALUES: .54215304798962386511024 .2133821622034027 22
VALUES: .5752040894 .508888380 8
VALUES: .6414282444495307850766 .388 8
VALUES: .8258793011 .13391317616540779 21
VALUES: .979 .5708247501335164415960936 7
VALUES: .670023651483939 .4991226062409399557488364 4
VALUES: .739848935683222705 .10440222781719 8
VALUES: .6253147173266193 .65 10
VALUES: .4067750057221332112611581 .81538109407186999 24
VALUES: .94427405203326466773 .775 8
VALUES: .1741817349507896543831540 .3522697795071 15
VALUES: .05137712672 .2789959563591973 15
VALUES: .5 .3627374685282673380636 17
VALUES: 0 .804303044174868 1
VALUES: .56662851 .79360646982528 15
VALUES: 0 .193087663 15
VALUES: .323 .530128938735027084763 11
VALUES: .93752956435492484 .957518883039 11
VALUES: .261295 .1322652018005645838101777 7
VALUES: .51276417181658655 .75956359197375448233 7
VALUES: .8247806 .3774776836804760814 5
VALUES: .178866254673075455 .2195468070496681 1
VALUES: 0 .993469138628213931486991 14
VALUES: .4328068970778973 .3987029831 13
VALUES: .0418554970626382848 .28906 11
VALUES: .3190356298161287861448 .3734645609216449 19
VALUES: .04522774090180819409 .91021591515 18
VALUES: .34251926451514457923247 .7179674982833600366216 3
VALUES: 0 .943343251697566186007 20
VALUES: .31117723353 .543022812 18
VALUES: .6602426184481574731059 .988799877927824826428 16
VALUES: .74709 .92278934920271610589761 2
VALUES: .064728770885786221103227 .581 8
VALUES: .08443884946974898908979 .026735332265201800564583 10
VALUES: .017431906614 .03366445410849 1
VALUES: .08083924620431830319676 .063317311 7
VALUES: .0020126649881742580300602 .084594 24
VALUES: .08687571526665140 .0982452124818 7
VALUES: .037244220 .004681467917906462195773 2
VALUES: .086628519111924925612268 .0715571 18
VALUES: .0308812085145 .0422476539253833 13
VALUES: .00353704127 .09756160830090 3
VALUES: 0 .0823224231326 6
VALUES: 0 .093501182 9
VALUES: .04885 .0629526207370107576104371 17
VALUES: .082864118410009918364 .082 17
VALUES: .0494 .039342336 9
VALUES: .058275730525673304341 .08031128404669260700389 2
VALUES: .06959792477302204928664 .0248798352025635156786449 10
VALUES: .067719539177538719768 .0750057 23
VALUES: .03949187457084000 .0851987487 3
VALUES: .024963759822995345998 .001751735713740749 4
VALUES: .05253 .08750286106660563057907 18
VALUES: .03620355535 .071096360723277637 16
VALUES: .06493781948 .0084840161745632104982070 19
VALUES: .09002059967956054016 .02543 7
VALUES: .067374685282673380636 .03 3
VALUES: .06913252460517 .09739833676661326009 3
VALUES: .065127031357289 .09021896696421759365 9
VALUES: .0218417639429312581063 .073553063248645761806 21
VALUES: .04 .0316 14
VALUES: .05946746013580 .010380712596322575 7
VALUES: .05595 .056984817273212787 25
VALUES: .0147966735332265 .015541313801785 8
VALUES: .02 .01480277714198519 20
VALUES: .07275043869687953002 .0691889829 16
VALUES: .06175478 .07771 5
VALUES: .080112916762035553 .0553200 25
VALUES: .073960479133287556267643 .0853528648813 14
VALUES: .046573586633096 .0326237 16
VALUES: .0134615 .09040817883573662 25
VALUES: .08703593499656 .085 1
VALUES: .0959044785229266803997 .086160067139696345464 3
VALUES: .0140 .02902876325627 7
VALUES: .0818326085297 .0852643625543602655 15
VALUES: .025700770580605 .066614785992 21
VALUES: .034139009 .0547859922 21
VALUES: .0386465247577630273 .004002 24
VALUES: .07092698558022430762 .0951979858091096360723277 14
VALUES: .0287281 .09686121919584954 0
VALUES: .02664835584039063096 .05153276 15
VALUES: .0413168535896849011 .0640177004654001678492408 14
VALUES: .039255359731441214618 .0705043106736 16
VALUES: .01146715495 .08858625 8
VALUES: 0 .0843961242084382391088731 22
VALUES: .023 .09332722972457465476 4
VALUES: .0754131380178530556191 .01 11
VALUES: .004043640802624551766231 .06439 22
VALUES: .05 .005014 6
VALUES: .0356 .080651560234 20
VALUES: .035281 .036331731 3
VALUES: .01914702 .0394949263752 0
VALUES: .018 .0755962462806134126802471 19
VALUES: .09374990463 .0190768291752 19
VALUES: .07 .034630350194552 4
VALUES: .073354695963 .0871686884870679789425497 6
VALUES: .0651 .0470527 22
VALUES: .0425482566 .0886 24
VALUES: .0121538109407186 .00808117799649042496375 7
VALUES: 0 .051 18
VALUES: .03409018 .00145 7
VALUES: .0315846494239719233997100 .009843595025558861676 25
VALUES: .0420218204013122758 .071046005951018539711 16
VALUES: .091702 .0318 25
VALUES: .064429694056610 .02313572899 18
VALUES: .058005645838101777676 .077528038452 15
VALUES: .08 .079116502632181277 18
VALUES: .031 .0078 17
VALUES: .0797024490730 .079398794537270160 0
VALUES: .0715434500648508430609597 .0612741283283741512169 12
VALUES: .016404974441138 .01994 9
VALUES: .034976729991 .016 17
VALUES: .00123598077363241016250 .0313939116502632181277180 13
VALUES: .0584969863431754 .093119707026779583428702 7
VALUES: .05788052185854 .07 2
VALUES: .0346211947814145113298237 .00654 18
VALUES: .0120286869611657892 .09396 0
VALUES: .0553749904 .0040604257267 23
VALUES: .051001754787518120 .004841687647 0
VALUES: 0 .06 24
VALUES: .06 .021651026 14
VALUES: .008729686427100022888532 .0589883268482490 8
VALUES: .07138323033493553063 .03862363622491798 22
VALUES: .0016601815 .0211642 7
VALUES: .034493018997 .01204 18
VALUES: .0476691844052796215762569 .05468986037994964522 10
VALUES: 0 .040032043945983062485694 2
VALUES: 325352864881361104753184.9954 433691920347905699244677.9824216067750057221332112 14
VALUES: 358297093156328679331654.4826276035706111238269 883512626840619516289004.991210803387502 13
VALUES: 452994583047226672770274.972 485313191424429694056610.48592355 11
VALUES: 756633859769588769359883.274799725337605 868757152666514076447698.8336919203479056992 14
VALUES: 433295185778591592278934 127061875333791103990234.098924 3
VALUES: 59739070725566491187914.79491874570840009155 27893492027161058976119.60283817807278553444 14
VALUES: 51209277485313191424429.64284733348 864148928053711757076370.54044403 25
VALUES: 723247119859616998550392.196566720073243305 851850156404974441138322.18 2
VALUES: 35156786449988555733577.44252689402 409597924773022049286640.31673151750972762645 13
VALUES: 984939345387960631723505.538292515449759 247074082551308461127641.47 0
VALUES: 150942244602121004043640.65168230 513557640955214770733195.4885786 4
VALUES: 844052796215762569619286.5596246 726619363698786907759211.9078507667658503089951934 8
VALUES: 936125734340428778515296.233325703822384985122453 131288624399176012817578.2619363698786907759212634 20
VALUES: 712870984969863431754023.854154268711375600823 415014877546349279011214.9660791943236438544289311 23
VALUES: 305561913481345845731288.3188372625314 47562371252002746623941.3577935454337 17
VALUES: 915846494239719233997099.86 174471656366826886396581.80462 7
VALUES: 432028686961165789272907 561333638513771267261767.95930418860151064316 2
VALUES: 28824292362859540703440.880613412680247196 826214999618524452582588.62980086976424811169 9
VALUES: 704722667277027542534522.832318608377 73319600213626306553749.8313115129320210 22
VALUES: 793865873197528038452734.38580910963 762798504615854123750666.819409475852597848 12
VALUES: 427817196917677576867322.37679102769 430991073472190432593270.340352483405 2
VALUES: 191561760891126878767070.8391851682307164110 922682536049439230945295.483817 22
VALUES: 385259784847791256580452.807690547035934996 938704509040970473792628.953719 2
VALUES: 536568245975432974746318.2243991760128 451026169222552834363316.8603341 13
VALUES: 849011978332188906691080.252689402609292744 539940489814602883955137.935683 16
VALUES: 304554818036163881895170.2150148775463 84229800869764248111695.95605 7
VALUES: 238620584420538643472953.14506752117189 107850766765850308995193.30025177386 10
VALUES: 32211795223926146334019.9571 236911573968108644235904.2 12
VALUES: 266254673075455863279163.539345 422888532845044632639047.4141451 22
VALUES: 390981918059052414740214.761226825360494392309452 637399862668802929732203.5 5
VALUES: 97444113832303349355306.22742 19943541618982223239490.328725108720531013962005 14
VALUES: 733684290836957351033797.9998168917372396429388 142549782558937972075989.78 6
VALUES: 971557183184557869840542.249622 192919813839932860303654.3428244449530785076676 3
VALUES: 196581979095140001525901.9930876630807965209 787228198672465094987410.51970702 3
VALUES: 202594033722438391699091.885603112840466926 373571374074921797512779.0572 24
VALUES: 502876325627527275501639.84197 170550087739375906004424.9457999542229343 17
VALUES: 429404135194934004730296.358571755550 416571297779812314030670.2174410 23
VALUES: 584008545052262149996184 193392843518730449378194.664316777 13
VALUES: 697657740138857099259936.74035 263340199893186846723124 17
VALUES: 697062638284885938811321.497184710460059 356633859769588769359883 4
VALUES: 354940108339055466544594.136552986953536 173571374074921797512779.25726710917 3
VALUES: 829068436713206683451589.9239642938 620706492713817044327457.9891966124971 21
VALUES: 578866254673075455863278.58493 205889982452124818799114.770840009155413138017 14
VALUES: 273105973907072556649118.51837949187457 543389028763256275272754.473014419775 11
VALUES: 811154345006485084306095.168093 446631570916304264896619.680018310826276035 12
VALUES: 588158999008163576714731.99 403555352101930266269931.69 8
VALUES: 426596475165941863126573.16003662165255207141222 79591058213168535896848.9323872739757381 16
VALUES: 287998779278248264286258.962783 742565041580834668497748.551705195696955825131 8
VALUES: 150637064164187075608453.3474937 932875562676432440680551.4437170977340 9
VALUES: 107576104371709773403524.72648203250 829373617151140611886777.22815289539 15
VALUES: 937499046311131456473639.102 132661936369878690775921.13 25
VALUES: 764934767681391622796977.94872968642 753429465171282520790416.5808194094758525 2
VALUES: 30884260318913557640955.18388647 913817044327458609903104.2 23
VALUES: 391012436102845807583733.49164568551 615701533531700617990386.200503547722590981918 2
VALUES: 923628595407034409094376 384618905928130006866559.4688944838635 25
VALUES: 917097734035248340581367.817166399 162996871900511177233539.1671320668345 6
VALUES: 326924544136720836194399.61203936827 670572976272220950637063.4936140993362325474937056 9
VALUES: 751262684061951628900586.7210803387502861066605 873579003585870145723658.2 20
VALUES: 68268863965819790951399.9469901579308766308 690318150606546120393682.07461661707484 25
VALUES: 10955977721828030823224.22037079 563149462119478141451132.419226367589 19
VALUES: 537956816968032349126420.458457312886243 485938811322194247348744.4 22
VALUES: 460563057907988097962920.1162279697871366 907927061875333791103989.326298 7
VALUES: 999588006408789196612496.1393453879606317235 627359426260776684214541.220508125429 20
VALUES: 974181734950789654383153.0656443121995880 118272678721293965056839.7382925154497596 8
VALUES: 465735866330968184939344.922224765 783459220263981078812847.3129777981231 0
VALUES: 123811703669794766155489.3093 869001297016861219195848.6770428015564202334 5
VALUES: 51453421835660334172579.486198214694438086 979156176089112687876706.12391851682307164110780 24
VALUES: 57938506141756313420309.700205996795605401693 655573357747768368047607.49274433 25
VALUES: 225833524071107042038605.099565117875944 228549629968719005111772.10684367132066834515907 24
VALUES: 408667124437323567559319.0389562829022659647516594 397344930189974822613870.0535591 18
VALUES: 310215915159838254367894.7077134355 849759670405127031357289.1479514763103685053 1
VALUES: 369146257724879835202563.146532387273975738155 46265354390783550774395 13
VALUES: 874555580987258716716257.613 635400930800335698481726.68587777523460746166170 1
VALUES: 78812848096437018387121.306706340123598077 745845731288624399176012.07173266 25
VALUES: 341206988632028686961165.4480 156313420309758144502937.2 18
VALUES: 429007400625619897764552.863126573586633096 443289845120927748531318.6991531242847333485923 24
VALUES: 383581292439154650186922.6346532387273 603021286335545891508353.71146715495536736095216 4
VALUES: 23071641107804989700160.19665827420462 884931715877012283512625.9556878004119 0
VALUES: 691203173876554512855725.2567635614557106889 246906233310444800488288.45378 2
VALUES: 674525062943465323872739.082856 656244754711223010605019.561959258411535 19
VALUES: 871091783016708628976881.710734721904 42877851529716945143816.23849851 18
VALUES: 612100404364080262455176.0110780498970016021 29175249866483558403906 8
VALUES: 860898756389715419241625.75083543144884412909132 879835202563515678644997.975738 11
VALUES: 480186160067139696345463.775555046921 231586175326161593041885.783520256351567864499 9
VALUES: 26260776684214541847867.5254291599908445868619821 46112764171816586556801.66289768825818265049 3
VALUES: 532875562676432440680551.843717097734035248340581 762539101243610284580757.610849164568551155870908 1
VALUES: 169954985885404745555809.702632181 482429236285954070344090.46 10
VALUES: 608300907911802853437094 314869916838330663004501.09 7
VALUES: 596261539635309376668954.923689631494621194 813916227969787136644540.271000228885328 20
VALUES: 205645838101777676050964.9274891279468986 707774471656366826886395.8742046234836346990 11
VALUES: 882475013351644159609368.15696955825131 266269932097352559700922.90455481803616388189517 16
VALUES: 523674372472724498359654.62243076218814 161882963302052338445105.5068 7
VALUES: 555977721828030823224230.7707942320897230487525749 292988479438467994201571.38626688029297322041657 8
VALUES: 448630502784771496147096.522453650 686686503395132372014953.154772259098191805 17
VALUES: 632928969253070878156709.52195010 308735790035858701457236.2823987182 17
VALUES: 578912031738765545128556.680567 318608377203021286335545.57289997711 5
VALUES: 911268787670710307469290.3071641107804989700160 828152895399404898146028 24
VALUES: 775112535286488136110474.543419 967559319447623407339588.5647516594186312657 8
VALUES: 898268101014724956130311.14872 543389028763256275272754.473014419775692378118562 17
VALUES: 852231631952391851682306.31187914 174013885709925993743800.848340581368734264133 13
VALUES: .10 .95265125505455100328 3
VALUES: .0783093003738 .731914 16
VALUES: .026947432 .1310292210269321736476 16
VALUES: .91755550469214 .7397726405737392233157 10
VALUES: .79098191805905241474021 .3982909895475 8
VALUES: .3526512550545510032806 .45940337224383916990 4
VALUES: .705882352941176470588 .9759975585564 14
VALUES: .4 .2140383001449607 23
VALUES: .2318455786984054322117952 .232654 23
VALUES: .2321202410 .1427 2
VALUES: .03300526436 .66910811017013809 5
VALUES: .844647898 .055909056 23
VALUES: .2643167 .50 4
VALUES: .582833600366216525 .1923552 18
VALUES: .02 .56876478217746242465 17
VALUES: .820325017166399633783474 .81928740367 21
VALUES: .17340352483 .08191 25
VALUES: .19 .8132906080720225 10
VALUES: .340 .74605935759517814 13
VALUES: .82241 .325856 14
VALUES: .93530174715800717174029 .62125581750209811551079 18
VALUES: .4485389 .50852216 3
VALUES: .88964675364 .2742656595712 0
VALUES: .80642404 .22 3
VALUES: .51551079575 .58881513 5
VALUES: .771709773403524 .9 2
VALUES: .8618 .9 13
VALUES: .4979 .5085069 3
VALUES: .09073014419775692 .193286030365453574 7
VALUES: .2910 .469001297016861219195 22
VALUES: .240970473792629 .468680 20
VALUES: .679636835278 .3089036392767 9
VALUES: .2156710154 .058609903105210955 5
VALUES: .4393072404058899824521 .107576104371709773403 17
VALUES: .7906614785992 .318944075684 4
VALUES: .7789883268482490272373540 .60643930724040588998245 19
VALUES: .24263370717 .021515220874341954 24
VALUES: .00798046845 .9510 14
VALUES: .2280766002899214160372 .879591058213168 24
VALUES: .20827038986800 .2 14
VALUES: .6749828336003662165 .0296787975890 10
VALUES: 0 .090302891584649423971923 6
VALUES: .45 .65415426871137560082398 3
VALUES: .899610894941634241245 .921736476691844052796 8
VALUES: .6696879530022125581 .688456549935149156 19
VALUES: .558480201 .7 1
VALUES: .935942626 .54019989318 16
VALUES: .2 .184 9
VALUES: .188830395971618219272 .0908064393072404058899824 13
VALUES: .5981 .94332799267 20
VALUES: .0242771038376440070 .04609750514991989013504 2
VALUES: .54631876096742198825 .285877775234607 24
VALUES: .05101091 .43843 17
VALUES: .5374837872892347600518806 .3151293202 1
VALUES: .47443350881208 .87249561303120469977 7
VALUES: .09 .15742732 23
VALUES: .1 .682993820096131837949187 2
VALUES: .0398718242160 .29565880827038986800 22
VALUES: .696131837949187457084 .6 7
VALUES: 0 .1454 24
VALUES: .2953 .1232 6
VALUES: .80 .246189059281 4
VALUES: .2284885938811322194247348 .2720073243305104142824444 14
VALUES: .3573662928 .684321355001144426642252 15
VALUES: .1481956 .467566948958571755550469 1
VALUES: .47685969329365987 .14168001831082 9
VALUES: .67924 .1470969710841535057602 24
VALUES: .51017 .7695582513160906385900663 7
VALUES: .9703212024109254596780346 .257694361 11
VALUES: .52 .3500724803540093080033 21
VALUES: .8337987335011825741 .35800717 17
VALUES: .42041657129777981 .16176089112687 25
VALUES: .6718089 .8007171740291447318226 12
VALUES: .162157625696 .8 17
VALUES: .6302 .8987 22
VALUES: .62490272 .32904554818036 1
VALUES: .8640268558785381857022964 .41873807888914320592050 24
VALUES: .644693675135 .74502174 1
VALUES: .58159761959258411 .859708552681 8
VALUES: .599755855649 .83077744716563 24
VALUES: .36382085908293278400 .410910200656137941557946 6
VALUES: .228336003 .60439459830624856946669 19
VALUES: .5805905241474 .48818188754 4
VALUES: .9983672846570534828717479 .14122 2
VALUES: .977950713359273 .2136110475318532082 14
VALUES: .734554055085069 .62734416723887998779 18
VALUES: .258 .22482 12
VALUES: .2516365300984206 .4604257267109178301 5
VALUES: .416540779736018921 .17158770122835 1
VALUES: 0 .177218280 4
VALUES: .79101243610284580 .4472 17
VALUES: .20004577706569008926 .4092 12
VALUES: .520042 .527992675669489 10
VALUES: .8229 .5778286411841 4
VALUES: .9454489967193 .163820859082 25
VALUES: .028015564 .1496147096971084153505760 22
VALUES: .51956969 .5550926985580224307 14
VALUES: .0765987640192 .06 20
VALUES: .09036 .085246051728084229800869 23
VALUES: .07668116273746 .065580224 13
VALUES: .030386816205 .01 0
VALUES: .003157091630426489662012 .08649271 11
VALUES: .03906462 .09626611734187838559548 1
VALUES: 0 .073821622034 5
VALUES: .088705271 .0665125505455 17
VALUES: .05147783627069504 .09395132372014953841 8
VALUES: .046100556954299229 .063660639353017471 1
VALUES: .01261 .06101 23
VALUES: .063857480735484855420767 .045610 6
VALUES: .04754558632791638056000 .03539635309376668955 6
VALUES: 0 .020843823 14
VALUES: .045729762722 .0021 23
VALUES: .075822079804684519722 .00376287479 11
VALUES: .0572167544060425726710917 .0446555275806820782 16
VALUES: .03317463950560769054 .00499885557335774776 8
VALUES: .0950041962310 .091 0
VALUES: .062415503166247043 .0815106431677729457541771 23
VALUES: .007483024338139925 .07304341191729610 10
VALUES: .04399938 .0229571984435 4
VALUES: .00933089188982986 .0956 15
VALUES: 0 .008326 17
VALUES: .03739 .0710460059510 22
VALUES: .0800640 .0347814 21
VALUES: .06894178683146410 .0931578545 13
VALUES: .09249713893339436942 .0439124132 24
VALUES: 0 .0156847486 24
VALUES: .0232700083924620431830 .0754406042572671091783 13
VALUES: .018 .0671641107804 0
VALUES: .052375066758 .0651468 6
VALUES: .0355428397 .063886472 20
VALUES: .0249240863660 .049300373846 20
VALUES: .09840 .0532188906691081101701 14
VALUES: .09098191805905241474021 .02194857709 6
VALUES: .0628488593881132 .079073 19
VALUES: .09 .010734721904325 24
VALUES: .04453498 .0586 13
VALUES: .0316304264 .010640115968566414892 8
VALUES: .01689 .035495 10
VALUES: .0700541695277332 .044223 19
VALUES: 0 .0853604943923094529640650 18
VALUES: .090601968413824 .014183260852979324 3
VALUES: .050481422140840772 .010785076676585 24
VALUES: .06681162 .026070038910505836 24
VALUES: .018336766613 .003012130922407873 11
VALUES: .08 .09424429694 18
VALUES: .093971160448615 .0300587472343022812237735 4
VALUES: .0528404669260700389105058 .028854810406 13
VALUES: .051551079575799191271839 .0456275272755016403 24
VALUES: .015103379873350118257 .02548714427 20
VALUES: .093359273670557 .00874952 15
VALUES: .045 .054 6
VALUES: .07755855649 .0152376592660 7
VALUES: .024515144579232471198596 .0615 6
VALUES: .0142290379186694132906080 .0540550850 2
VALUES: .04786144808117799649 .0085053788052185854886 20
VALUES: .076697947661554 .00406958113984 17
VALUES: .0969192034790569924467 .00277714198519 4
VALUES: .03716 .022 16
VALUES: .025416952773327229 .084252 18
VALUES: .0351949340047302967879758 .053951323720149 17
VALUES: .0934996566 .044466 9
VALUES: .09201647974364 .01786 7
VALUES: .0758587014 .04584573128862439917601 7
VALUES: .00710917830167086289768 .099893186 16
VALUES: .0014 .026599526970321 20
VALUES: .067064927138170 .0540718699931334401464 1
VALUES: .002015716792553597314 .0331166552224002441443 0
VALUES: .006005 .013580529488059 0
VALUES: .075698481727321278706 .0174868390 11
VALUES: 0 .0604272526131074998092622 5
VALUES: 0 .0597985 2
VALUES: .08 .090797283894102388036 7
VALUES: .075083543144884 .08599 3
VALUES: .0315495536 .0730449378194857709 10
VALUES: .00952 .05349202716105897611 17
VALUES: .08541 .043489 16
VALUES: .0428595407034 .08164339665 17
VALUES: .0286396581979095140 .09302510109102006561379 10
VALUES: .03361409933623254 .040877393759060044251163 4
VALUES: .098071259632257572289 .0717357137407492179751277 6
VALUES: .02657053482871747 .01640344 24
VALUES: .0548424505989 .079652 16
VALUES: .0904753185320 .01914244296940566109712 8
VALUES: .0909925993743801022354467 .0186 2
VALUES: .018553444724193179 .07 16
VALUES: .09 .0983 11
VALUES: .0650522621499961852445258 .003450 17
VALUES: .04109254596780346379 .055497062 23
VALUES: .09802395666437 .071108567 22
VALUES: .01364309147 .078245212 2
VALUES: 85618371862363622491798.1901121538109407 102006561379415579461356.425040054 18
VALUES: 215396353093766689555199.2963149462119478 653925383382925154497596.0501258 4
VALUES: 452689402609292744335087.66816205 760280766002899214160371.55985351338979171435 2
VALUES: 182253757534142061493858.061432822156099794003204 358556496528572518501563.69 7
VALUES: 759395742732890821698328.37770656900 675165941863126573586632.42165 0
VALUES: 839169909208819714656289.69260700389105058365758 211261158159761959258411.32455939574 3
VALUES: 637720302128633554589150.197711146715495 896299687190051117723353.036713206683451590753 3
VALUES: 379278248264286259250781.645593 971007858396276798657205.1020828564888990615701533 8
VALUES: 313771267261768520637826.8 444785229266803997863736.4 21
VALUES: 893064774547951476310367.61231403067063401 582177462424658579385060.83538567177843900 7
VALUES: 352864881361104753185320.4680704966811627374 199099717708094911116197.252643625543602655 5
VALUES: 786617837796597238117035.9113298237582970 783230334935530632486456.8348363 6
VALUES: 146425574120698863202868.54969100480 500312809948882276646066.486793 4
VALUES: 145510032806897077897306.637125 323460746166170748455023.7094987411 11
VALUES: 158968490119783321889066.75 224322880903334096284427.94383154039 3
VALUES: 22125581750209811551079.553673609521629 814114595254444190127412.0187 2
VALUES: 574639505607690547035934.421 260715648126955062180513.968322270542458 2
VALUES: 331166552224002441443503.14026092927443 759090562294956893263141.0735 5
VALUES: 509956511787594415197985.299153124 492378118562600137331196.5 11
VALUES: 149538414587624933241779.0524147402151522087434195 345525291828793774319065.8023346303501 21
VALUES: 758968490119783321889066.15184 721034561684596017395284.241199359121080338750286 19
VALUES: 723949034866865033951322.99620050354772259098 330388342107270923933775.514579995422293430991073 19
VALUES: 482276646066987106126496 795010299839780270084686 8
VALUES: 198687724116884107728694.391 722667277027542534523536.318 18
VALUES: 884794384679942015716791.668802929732204 669733730067902647440298.4070 18
VALUES: 959807736324101625085831.038 786846723125047684443426.38947127489127 7
VALUES: 640238040741588464179445.457267 219012741283283741512168.850 22
VALUES: 980300602731364919508658 323582818341344319829098.6 21
VALUES: 592034790569924467841610 465934233615625238422216.669947356374456 22
VALUES: 959472037842374303807125.00375371938658731975 887907225146868085755702.171526665140764476997 17
VALUES: 613107499809262226291294.1149004348821240558480 371999694819562066071564.44069581139848935683222 14
VALUES: 617914091706721599145494.1 339360646982528419928282.25772487983520 11
VALUES: 320271610589761196307316.38072 449607080186160067139695.895 7
VALUES: 730815594720378423743037.340444037537193865873197 27313649195086594949263.72487983520 9
VALUES: 799572747386892500190736.97413595 186999313344014648661020.64156557 13
VALUES: 524422064545662623025863.517692835889 913557640955214770733195.088578622110322728 21
VALUES: 859403372243839169909207.96031128404669260700 935454337376974135957884.164 12
VALUES: 741649500267032883192186.6391393911650263 160234988937209124895094.06422522 0
VALUES: 985137712672617685206377.2860151064316777294 850904097047379262989241.5386587319752803 19
VALUES: 941634241245136186770427.073929961 141771572442206454566262.16081483176 24
VALUES: 597238117036697947661554.297093156328679331654 354619668879224841687647.46715 14
VALUES: 49225604638742656595712.1656214236667429617761501 565560387579156176089112.1223 19
VALUES: 748928053711757076371403 401403830014496070801861.19926756694895857 15
VALUES: 161974517433432516975661.6981002 665613794155794613565269.8005493247882810711 6
VALUES: 375417715724422064545662.24760814 580590524147402151522086.85360494392309 10
VALUES: 388586251621271076523994.42334630350194552529182 797558556496528572518500.766491 22
VALUES: 974853131914244296940565.13485923552300297550 487968261234454871442740.032364385 12
VALUES: 686762798504615854123749.980819409475852597848477 995223926146334019989317.6894483863584344243 9
VALUES: 277485313191424429694056.33348592355 687083237964446478980696.65 3
VALUES: 99427786678873884184023.704 926039520866712443732355.8298924238956282 16
VALUES: 747020675974670023651483.19 559502555886167696650644.134172579537651 19
VALUES: 484061951628900587472342.538750286106660563 180376897840848401617456.140672922865644312 16
VALUES: 695582513160906385900663.07186999313344 704997329671168078126191.406088349736 7
VALUES: 201785305561913481345845.529503318837262531471732 189120317387655451285572.40567 5
VALUES: 831982909895475700007628.67896543831 600564583810177767605095.91274 21
VALUES: 882352941176470588235293.2352941176470588 88380254825665674830243.293018997482261 8
VALUES: 158709086747539482719157.54328221560997940 358968490119783321889066.551842 18
VALUES: 228854810406652933546959.4110322728313115129 960646982528419928282596.124 10
VALUES: 41489280537117570763714.0044403753719386587319 354390783550774395361256.9 11
VALUES: 187182421606775005722133.024078736552986953536278 442511635004196231021.591073 6
VALUES: 758724345769436179140916.30849164568551155870 567162584878309300373845.46930647745479 22
VALUES: 673350118257419699397267.96173037308308537422751 76676585030899519340810.1773861295490959029 17
VALUES: 326344701304646372167543.734081025406271457999542 331578545815213244831006.000915541313801 0
VALUES: 322178988326848249027237.03190 800198367284657053482870.94 7
VALUES: 990310521095597772182802.0920119020 845807583733882658121613.55870 23
VALUES: 58152132448310063324940.81313801785305 35400930800335698481727.285877775 11
VALUES: 595986877241168841077286.34991989013 693003738460364690623330.3514763103685 8
VALUES: 428305485618371862363622.0634927901121538 72373540856031128404669.188326 6
VALUES: 404470893415732051575493.6063630121309224078 423559929808499275196459.48336 5
VALUES: 738429846646829938200960.579949645227740901808 581490806439307240405889.400961318 18
VALUES: 14618142977035172045471.8706340123598077363241016 358693827725642786297397.978072785534447 2
VALUES: 890089265278095674067291.39647516594186312657358 77668421454184786755168.915999084458686198 14
VALUES: 923506523231860837720301.205127031 87144274052033264667734.71105516136415 5
VALUES: 828458075837338826581215.315587090867475394827191 888319218738078889143205.0321812771801327534905 0
VALUES: 790966659037155718318454.99601739528496223 354131380178530556191347.780453192 14
VALUES: 760631723506523231860836.95967040512703135728999 171633478294041351949339.87 9
VALUES: 145967803463797970550087.59340810254062 406561379415579461356526.640054932478828 19
VALUES: 49256122682536049439230.8960402838178072785 448004882887006942854962.5488670176 21
VALUES: 870252536812390325780116.624216067 274830243381399252307926.78704509 14
VALUES: 742137788967727168688486.32584115358205539024948 593423361562523842221712.9947356374456397344 5
VALUES: 84946974898908979934386.12089723048752574 798138399328603036545356.6444495307850766765850 2
VALUES: 407339589532310978866254.265735866 65873197528038452735179.6091096360723277637903 5
VALUES: 458060578316929884794384.2218814373998626688 564675364309147783627068.9401693751430533302815289 18
VALUES: 427054245822842755779354.116319523918516 525673304341191729610131.4 15
VALUES: 70786602578774700541695.2065461203 752407110704203860532539.111787594415197 19
VALUES: 141206988632028686961165.6480659189745 934554055085069047074081.6167544060425 17
VALUES: 418081940947585259784847.37317463950560 479743648432135500114442.18448 7
VALUES: 467826352330815594720377.9559 327061875333791103990233.8989242 10
VALUES: 28046082246128023193713.254932478828 500679026474402990768291.251 24
VALUES: 795849546044098573281451.8630350194 760265506981002517738612.19464408331425955 17
VALUES: 215014877546349279011215.1660791943236438544289311 621591515983825436789501.171343 15
VALUES: 313710231174181734950789.340672922865644312 251453421835660334172579.2861982146 25
VALUES: 43076218814373998626687.9862211032272831 620233463035019455252917.66 14
VALUES: 198550392919813839932860.1051041428244449 843610284580758373388264.9685511558709086747539 0
VALUES: 874723430228122377355610.6305790798809796292 2883955138475623712520.02458228427557793545 23
VALUES: 837994964522774090180818.571 598596169985503929198137.800732433051 1
VALUES: 540169375143053330281528.4138246738384069581 811612115663385976958876.124376287479972533 10
VALUES: 539711604486152437628747.4575417715724422064545 131151293202105745021743.9750 3
VALUES: 536766613260090028229189.97212176699473563744563 823804074158846417944608.92671091783016 13
VALUES: 434378576333257038223849.416845960173 197726405737392233157854.383794918745708 15
VALUES: .21 .6 0
VALUES: .54921797 .6403 3
VALUES: .227954528 .464 2
VALUES: .413092240787365529869 .6467383840695811398 19
VALUES: .511924925612268253604 .41503013656824597543 14
VALUES: .8554207675 .9050431067368581673914 12
VALUES: .6977035 .920988784618905928 20
VALUES: .190310521 .43086900129701686121 2
VALUES: .234485389486533913 .192721446 10
VALUES: .786205 .0489051651789120317 25
VALUES: .205630579 .922621499961852 20
VALUES: 0 .5663233 25
VALUES: .03271 .0852979 3
VALUES: .05050736247 .124 7
VALUES: .4856 .068863965819790 9
VALUES: .05764858472571 .576516365300984206912336 2
VALUES: .1462 .23418020904859998474 0
VALUES: .4489051651789120317387 .7372396429388876173037308 20
VALUES: .684931715877012283 .3498283360036621652552071 18
VALUES: .469260700389 .00889600976577 23
VALUES: .727428091859311818112458 .635217822 2
VALUES: .29761196307316 .3481040665293 1
VALUES: .541618982223239490 .492912184328984 9
VALUES: .578698405432 .6 22
VALUES: .7 .1477225909819180590 8
VALUES: .152 .076966506446 18
VALUES: .6143892576485847 .343541618982223 24
VALUES: .64440375371938658 .97776760509651 8
VALUES: .768749523155 .3323567559319447623407339 2
VALUES: .25482566 .5763 11
VALUES: .9008621347371633478 .262378881513694972152285 11
VALUES: .020111 .549156939040 0
VALUES: .988448920424200808728160 .3531090257114518959334 16
VALUES: .466529335469596 .3351491569390402075226 24
VALUES: .786221103227283131151 .4872 2
VALUES: .78753337911039902342 .6194705119401846 10
VALUES: .43387502861066 .496192874036774242771038 25
VALUES: .90093842984664682993 .9258716716258487830 8
VALUES: .9289234760051880674448 .1401083390554665445944914 2
VALUES: .431799801632715 .52233157854581521324483 21
VALUES: .87441824979018 .9491416800183 18
VALUES: .876508735790 .594827191577019 9
VALUES: .17 .9936 13
VALUES: .39385 .0392309 19
VALUES: .1800869764248111696 .3723659113450827801937 17
VALUES: .7837338826581 .538719768062867170 1
VALUES: .7492790112153810940 .26471351186388952468146 15
VALUES: .62066071564 .4490730144197756 14
VALUES: 0 .366628519111924925612268 0
VALUES: .7151 .7366445410849164568551155 15
VALUES: .999771114 .1416800183108 12
VALUES: .32130922407873 .986 12
VALUES: .29 .99113450 8
VALUES: .20973525597009231708247 .7228046082 24
VALUES: 0 .1 0
VALUES: .4 .296772716868848706 20
VALUES: .90162508583199816891 .454169527733272297245746 10
VALUES: .8300297550926985580224307 .041870756 22
VALUES: .090363 .2020 19
VALUES: .808499 .42586404211 22
VALUES: .7905 .2734721904325 10
VALUES: .69251544975967 .31 9
VALUES: .81617456321049820706 .2756389715419 8
VALUES: .980 .38925 7
VALUES: .391699092088 .032639047837033 8
VALUES: .87307 .95265 14
VALUES: .94 .0504463263904783703364614 1
VALUES: .569 .6290074006256198977645 17
VALUES: .429617761501487754634 .84667734798199435416 23
VALUES: .03662 .91386282139314869916838 4
VALUES: .6932784008545052262149996 .29912 23
VALUES: .13034256504158083466 .835980773632410162508 9
VALUES: .250446326390478370336461 .7971618219272144 2
VALUES: .24 .12545967803463797 1
VALUES: .4924544136 .8419775692378118562600137 18
VALUES: .212985427634088654917219 .9478446631570 11
VALUES: .8557106889448 .721293965056839 2
VALUES: .4203097 .6077 10
VALUES: .6879987792782482642862592 .03395132372014953 4
VALUES: .392 .5797665369649 23
VALUES: .20244144 .6383001449607080186160067 15
VALUES: .579232 .23495 13
VALUES: .06 .289051651789 14
VALUES: .68342107270923 .5125658045319295033188372 10
VALUES: .327031357289 .62824444953078507667 9
VALUES: .6994735637445639734 .7402609292744335 11
VALUES: .8067902 .28 11
VALUES: .9116807 .994659342 8
VALUES: .486045624475471122301060 .5703364614328221560997940 24
VALUES: .4 .016220340276188296330205 21
VALUES: .40527962 .147051194 25
VALUES: .33633936064698252841 .48076 24
VALUES: 0 .93476768139162279 4
VALUES: .262165255207 .314 17
VALUES: 0 .770977340352 4
VALUES: .72776379034 .3976501106279087510490 10
VALUES: .79505607690547 .882841229877164873731593 7
VALUES: .64834058136873426413366 .439368276 4
VALUES: .0389715419241 .07763 7
VALUES: .0110597390707255664911879 .03087 2
VALUES: .071447 .002 24
VALUES: .08475 .0084840161745632104982 17
VALUES: .04802624551766 .0707972 11
VALUES: 0 .052037842374303807 21
VALUES: .03630121309224078 .0302 6
VALUES: .07044937 .03103 7
VALUES: .016217288 .02 17
VALUES: .04391241 .05124742504005493247 20
VALUES: .082056916151674677653162 .026834515 13
VALUES: .0512397955291065842 .0174914168001831082627603 5
VALUES: .066134 .0584664682993 18
VALUES: .02330052 .07750820172426 22
VALUES: .013157854581521324483 .06268406195162890058747 7
VALUES: .05789120317387 .09423666742 22
VALUES: .003451590753032 .06472877088 10
VALUES: .0225986114290074006256 .085285725185015 9
VALUES: .06515449759670 .02920424200 0
VALUES: .0839841306172274357 .090141145952544 13
VALUES: .077103 .030600 14
VALUES: .031726558327611 .0395315480277714198519 5
VALUES: .0099412527656977 .08557869840543221179 20
VALUES: .034586099031052 .04236972610055695429 13
VALUES: .028561837186 .06083314259 1
VALUES: .063306630045014114 .0520576791027695124742504 19
VALUES: .008906691081 .0781872281986724650949874 18
VALUES: .0117753 .0672495 4
VALUES: .012352178225375753414206 .082595559624628 24
VALUES: .01967040512703 .04887617303730830853742 6
VALUES: .07892729076 .0418570229648279 20
VALUES: .0103791866941329060807202 .086698710612649729152361 18
VALUES: .00788891432 .002856488 2
VALUES: .07939879453727016098 .008409246967269398031586 17
VALUES: .0284550240329594 .0290196078431372549019 17
VALUES: .07259632257572289616 .0941695277332722972457 19
VALUES: .0684763866636 .088444342717 18
VALUES: .0659082932784008 .05981231403067063 5
VALUES: .09975585564965285725 .088709849698 25
VALUES: 0 .06710917830167086289 7
VALUES: .0325078202487220 .021290913252 6
VALUES: .0959121080 .03319752803845273517967 18
VALUES: .07076829175249 .09145799954 17
VALUES: .052152285038 .009 24
VALUES: .0726527809567406729228 .048 7
VALUES: .05009079118028534 .06933852140077821 7
VALUES: .0109498741130693522545204 .044596017395284962 6
VALUES: .0802288853284504463263 .09757686732280460 17
VALUES: .05517357137407492179 .043308155947 17
VALUES: .045047684443427 .02529945830472266 19
VALUES: .016 .01240863660639 18
VALUES: .01877927824826428625 .0036 20
VALUES: 0 .0280613412680247196 0
VALUES: .0493797 .07313801785305561 13
VALUES: .0412664 .019359 1
VALUES: .0730952925917448691538872 .0928 22
VALUES: .0837201495384145876249332 .098051422 11
VALUES: .09633 .021890592 0
VALUES: .08 .0642389562829022 6
VALUES: .0506691081101 .004267948424505989 1
VALUES: .0453971160448615243 .065423056382085908 8
VALUES: .01571 .06816052491035324635690 0
VALUES: .07750362 .0761028 24
VALUES: .049124 .099645990691996643 21
VALUES: .0853574425 .03907072556649118 4
VALUES: .06553139543 .0626504921 16
VALUES: .017254901960 .01 8
VALUES: .096360723277637903410391 .0077210650797283894102 1
VALUES: .0334370946822308 .018217 7
VALUES: .0962691691462577 .0457511253 17
VALUES: .0312 .091444266422522316319 17
VALUES: .08276646066987 .03338979171435111 18
VALUES: .00995498588540474 .00902876325627 13
VALUES: .0050919356069 .087835 6
VALUES: 0 .0539223315785458152 5
VALUES: 0 .064942397192339971007 9
VALUES: .03699397268 .0146852826 5
VALUES: .09548485542076752880140 .04412298771648737315938 24
VALUES: .0869199664301 .031462577248798 15
VALUES: .03983672846 .041634241245136186770428 2
VALUES: .064 .022905317769130998702983 17
VALUES: .04128633554589 .08230258 19
VALUES: .0930601968413824673838 .0518150 5
VALUES: .0412802319371328 .07603875791 14
VALUES: .088 .081019302662699320973 11
VALUES: .09579766536964980544747 .047689 7
VALUES: .04212100404364 .02326848249027237354085 11
VALUES: .038306248 .0329961089494 11
VALUES: .05 .0085740 23
VALUES: .0855512 .097131303883421072709 4
VALUES: .0274 .0667673762111848630502784 14
VALUES: 852307927061875333791103.1 152468146791790646219577.17262531471732661936369 16
VALUES: 488380254825665674830242.893018997482 982116426337071793698022.97 11
VALUES: 988998245212481879911496.6840009155 95704585336079957274738.593545433 17
VALUES: 746120393682764934767680.6455024032959487296864 137361715114061188677805.615289539940489 22
VALUES: 60929274433508812085145.28125429159 657923247119859616998549.7349965667200732433051 0
VALUES: 590005340657663843747615.187823300526436255436026 124177920195315480277714.0743419546 24
VALUES: 369558251316090638590066.0071869993133440146486610 735667963683527885862515.4770428015564202 14
VALUES: 506538490882734416723887.49224078736 224979018844892042420080.647837033646 14
VALUES: 178698405432211795223925.96763 349889372091248950942244.2 21
VALUES: 422262912947280079346913.44055 890211337453269245441366.31815060654612039 19
VALUES: 870710307469291218432897.5804989700 180437933928435187304493.6015106431677729457 13
VALUES: 480201419089036392767223.1407 624307621881437399862668.17862211032272831311 20
VALUES: 371923399710078583962767.61464866102082 222461280231937132829785.388 24
VALUES: 995727473868925001907376.74135 44678416113527122911421 6
VALUES: 682093537804226749065384 957015335317006179903867.20503547722590981918059 11
VALUES: 354680704966811627374684.92799267566948958571755 129640650034332799267566.819 13
VALUES: 473105973907072556649118.318379491 311787594415197985809109.32428 14
VALUES: 691920347905699244678415.4216 13717860685130083161669.323277637 21
VALUES: 32028686961165789272907.57459372854200045777065 946974898908979934386204.8972304875257 20
VALUES: 271595330739299610894941.362645914396887159533 346379797055008773937590.25406271457999542 6
VALUES: 700251773861295490959028.825955 883726253147173266193636.104142824444953078 16
VALUES: 988570992599374380102234.45813687342 691447318226901655603875.10011444 9
VALUES: 169527733272297245746547.4767681 708079652094300755321583.1783932249942778667 19
VALUES: 177920195315480277714198.34195468070496681162737 390539406424048218509193.170153353170061799 21
VALUES: 248187991149767299916075.1313801785305 531334401464866102082855.95756466010528725108 6
VALUES: 375967040512703135728999.39 725993743801022354467077.93426413366903181 22
VALUES: 739162279697871366445410.11000 616617074845502403295948.11306 11
VALUES: 543923094529640650034332.2553444724 662882429236285954070343.4280613 14
VALUES: 248111696040283817807278.3053330281528953994048 507942320897230487525749.0915083 14
VALUES: 582070649271381704432745.27891966124971 283451590753032730601968.1303730830 23
VALUES: 362188143739986266880292.61103227283131151293 947493705653467612726023.31435111009384298466 2
VALUES: 897825589379720759899289.55765 844998855573357747768367.20260929274433508812085 5
VALUES: 232257572289616235599297.852735179674 619974059662775616083008.459143968871595330739 15
VALUES: 884809643701838712138551.034012359807736324 729228656443121995880063.3586633096818493934538796 6
VALUES: 841657129777981231403066.2217441 326192111085679407949950.08198672465094987411 2
VALUES: 596231021591515983825436.1932707713435 873151750972762645914396.0140077821011673151750 3
VALUES: 672449835965514610513465.4143739986266880 255146105134660868238345.6668802929 11
VALUES: 556466010528725108720530.4574959945067521171 999893186846723125047683.44 23
VALUES: 730144197756923781185625.2712291 571831845578698405432211.223392080567635614 5
VALUES: 412283512626840619516288.593591210803387 347219043259327077134355.340581 23
VALUES: 622308690012970168612191.3361867704280155642023 850522621499961852445257.4084 16
VALUES: 241947051194018463416494.760723277637903410391393 754116121156633859769588.015243762874799 9
VALUES: 48371099412527656977187.7138933394369420920119 987762264438849469748988.1020370794232089723048752 0
VALUES: 860349431601434348058288.60329594 382284275577935454337376.5918516 2
VALUES: 226214999618524452582589.2298008697 996917677576867322804607.2276951247425 11
VALUES: 412359807736324101625085.419638361181 936781872281986724650948.93 24
VALUES: 805142290379186694132905.275 373586633096818493934538.422476 3
VALUES: 997116044861524376287478.975417715724422064545 341222247653925383382924.8132753490501258869306 5
VALUES: 708094911116197451743342.5436026550 515175097276264591439688.20077821011673151 12
VALUES: 689158464942397192339970.31 134004730296787975890745.2692149 2
VALUES: 870939192797741664759288.05864 480445563439383535515372.9841153 8
VALUES: 200640878919661249713893.138796 430701152056153200579842.40 22
VALUES: 373525597009231708247500.961638818951705195696 195742732890821698329136.90656900892652780956740 13
VALUES: 714412146181429770351719.74030 67917906462195773250934.54717326619363698786 9
VALUES: 363378347447928587777523.0973 381597619592584115358205.157427328908 22
VALUES: 567772945754177157244220.0776836804760814 982574196993972686350803.93083085374227 1
VALUES: 666025787747005416952772.6612039368276 379736018921187151903562.60 6
VALUES: 901655603875791561760890.22522316 197192339971007858396276.60146486610208 17
VALUES: 553383688105592431525138.6851911 102693217364766918440527.85946 25
VALUES: 164354924849317158770122.6707713435568780041 605310139620050354772258.49288166628519111 4
VALUES: 902113374532692454413671.18150606546120393 154085603112840466926069.8848249027237354085 11
VALUES: 728191042954146639200426.5244220645456626230258640 545708400091554131380177.984847791256580453192950 20
VALUES: 99488822766460669871061.16548409 918959334706645304036010.3727168688487067978942549 14
VALUES: 756420233463035019455252.1618677042801 303700312809948882276645.76328679331654840 9
VALUES: 187441824979018844892042.232639047837033646143 245105668726634622720683.359075303273 10
VALUES: 44953078507667658503089 486564431219958800640878.433096818493934538796063 17
VALUES: 177416647592889295796139.2900434 98603799496452277409017.9833371480888075074387731 16
VALUES: 686762798504615854123749.980819409475852597 726756694895857175555046.19473563744563 19
VALUES: 288044556343938353551537.05841 312397955291065842679483.932661936369 16
VALUES: 780071717402914473182268.236 310734721904325932707713.124 13
VALUES: 932173647669184405279620.64408331 87129015030136568245975.34584573 21
VALUES: 842801556420233463035018.61 310246433203631647211413.4381322957198443 11
VALUES: 927046616311894407568473.93371480888075074387731 641397726405737392233157.213183 15
VALUES: 892088197146562905317768.23891050583657587548638 465232318608377203021285.87031357289 8
VALUES: 104463263904783703364614.22375829709 374288548104066529335469.22211032272831311512932 16
VALUES: 77393759060044251163500.3422293430991073472 577462424658579385061416.9856 0
VALUES: 788693064774547951476309.579812314030670634 613794155794613565270465.54932478828107118 16
VALUES: 484596017395284962233920.3210803387 876310368505378805218584.6123598077363241016250 18
VALUES: 456717784390020599679560.08345159075303 628656443121995880064087.263309681849 12
VALUES: 339116502632181277180132.4143739986266880292973220 692545967803463797970549.3951934081025406271457999 1
VALUES: 146517128252079041733424.7409475852597848 992965590905622949568931.63845273517 0
VALUES: 878644998855573357747767.4894026092927443350 934325169756618600747691.13861295490 3
VALUES: 957869840543221179522391.6567635614557106889 923048752574959945067520.2488441290913252460517 18
VALUES: 404058899824521248187990.745708 53253986419470511940184.580910 11
VALUES: 204394598306248569466696.9803158617532616159304 619790951400015259021896.076630807965209430075 19
VALUES: 367788204776073853665979.6428931105516136415655756 596169985503929198138398.7324330 21
VALUES: 155214770733196002136262.910 303746089875638971541923.8589150835 8
VALUES: 33020523384451056687266.3132066834515907530327306 236392767223620965896085.8244907301441977569 3
VALUES: 943297474631876096742197.8817578393224 922102693217364766918439.60585946440833 1
VALUES: 68940260929274433508812.0162050812 299290455481803616388189.2177615 1
VALUES: 352224002441443503471427.12927443350881208514 714686808575570305943388.31407644 3
VALUES: 495902952620737010757609.9412680 901655603875791561760890.22522316 8
VALUES: 273929961089494163424124.23968871595 635904478522926680399785.737788967727 8
VALUES: 513221942473487449454489.4539 318440527962157625696192.55559624628061 12
VALUES: 321538109407186999313343.6931105516136 260288395513847562371251.74245822842755779354 19
VALUES: 758434424353398947127488.369512474250400549324788 905989166094453345540549.94470130464637 19
VALUES: 316365300984206912336918.8871137560082398718242 955916685740444037537192.909956511 14
VALUES: 517921721217669947356373.9384756237125200274 385015640497444113832302 23
VALUES: 126344701304646372167543.93408102540627 769527733272297245746546.876768139162279697871366 19
VALUES: 106233310444800488288700.5880 377813382162203402761882.5 6
VALUES: .96356145571068894483863 .03341725795 4
VALUES: .6294346532387273975738155 .847806515602349889 16
VALUES: .07603570611123826962691 .23790341 24
VALUES: .855939574273289082 .82594033722438391699 1
VALUES: .462455176623178454261 .319859616998550392 5
VALUES: .88 .992050049591821 0
VALUES: .081 .211474784466315709163042 9
VALUES: .917341878 .87 2
VALUES: .82993820096131 .531898985275043869 13
VALUES: .38162 .90498207064927138170443 16
VALUES: .9636530098420691233691 .1128709849698634 23
VALUES: .57 .227038986800 14
VALUES: .57228961 .14 12
VALUES: .0734721904 .2 11
VALUES: .8367132066834 .185854886 22
VALUES: .83828488 .7714351110 24
VALUES: .813748378728923476 .65065 24
VALUES: .0959 .843915465018692301823453 16
VALUES: .2888685435263599603265 .77987335011825741 17
VALUES: .621393148 .7394064240 22
VALUES: .99884031433585 .3721370260166 8
VALUES: .681 .94488441290913252460517 8
VALUES: .172137026 .9100022888 19
VALUES: .778728923 .198550392919 2
VALUES: 0 .09520103761 13
VALUES: .7222247653925383382925154 .82546730754558632791638 14
VALUES: .1899595635919737544823 .9785915 17
VALUES: .413870 .7 23
VALUES: .0493018 .13638513 22
VALUES: 0 .141329060807202258335 2
VALUES: .21968413824673838 .2444037537193 16
VALUES: .3849 .37270160982 5
VALUES: .320180056458381017776760 .212252994 25
VALUES: .791897459372854 .7366140230411230640115968 24
VALUES: .10 .04550240329594 12
VALUES: .83 .2 9
VALUES: .5 .8083 23
VALUES: .141 .34656290531 5
VALUES: .596643015182726787 .84263370717936 23
VALUES: .4139925230792706 .758999008163576714732 7
VALUES: .00340276188 .8975204089417868314 14
VALUES: .37001602197299153124 .414984359502 18
VALUES: .806195162890058747234302 .7073624780651560 5
VALUES: .1504997 .30359349965667200732 4
VALUES: .967620355535210193 .887037460898756389715 2
VALUES: .7110093842984664682 .5150835431448844 2
VALUES: .18521400 .701808194094758525978484 6
VALUES: .908308537422 .8519111 7
VALUES: .9432669565 .90481422 0
VALUES: .40128 .258350499 20
VALUES: .43201342793 .785305561 15
VALUES: .6437628747997253376058594 .6181429770351720454718 4
VALUES: 0 .2755168993667505912870 0
VALUES: .43727779049362 .0333104448004882887 19
VALUES: .2 .95 8
VALUES: .260502021820401 .4724345 14
VALUES: .771 .7834134431982909895475 17
VALUES: .506782635233081559472 .602517738612954 0
VALUES: .22 .658716716258487 11
VALUES: 0 .88068970778973067826352 19
VALUES: .4677347981994354161 .873746852826 2
VALUES: .984832532 .2023346303501945525291 0
VALUES: .67127489127946898603 .594033722438391 2
VALUES: .89614 .2725566491187914854 16
VALUES: .6213015 .32173647669184405 6
VALUES: .295368886 .130724040588998 18
VALUES: .46860456244754 .07072556649118 1
VALUES: .417624170290684 .92 10
VALUES: .500343327992 .531 20
VALUES: .361135271229114213778 .753536 13
VALUES: .13318074311436636911573 .217029068436713206683451 6
VALUES: .6106507 .867307545 15
VALUES: .304951 .8341649500267032883 22
VALUES: .2918593118181124 .66761272602426184481 5
VALUES: .669382772564 .63 10
VALUES: .16781872281986 .06466 18
VALUES: .7309987029831387808 .1575188830395971618219272 17
VALUES: .59417105363546196688 .268818 19
VALUES: .1268329900053406576638 .301167315175097276264591 7
VALUES: .106828 .1251850156404 4
VALUES: .937865262 .631 8
VALUES: .132 .133272297 15
VALUES: .6836804760814831769283588 .96723887998779 22
VALUES: .927 .5220416571297779812314030 15
VALUES: .11656366826886396 .3 18
VALUES: .01177 .93453879606317235065 19
VALUES: .97843900205996 .014282444495307850766765 4
VALUES: .051117723353 .100679026474402990768 6
VALUES: .432516 .5238879987 1
VALUES: .7278706034943160 .14956893263 4
VALUES: .2898146028839551384756237 .495567254139009689 8
VALUES: .71476 .94880598 17
VALUES: .716151674677653 .41164263370717936980239 13
VALUES: .14689860379949 .068314641031 1
VALUES: .3188982986190585183 .6866407263 14
VALUES: .072185854886701762417 .07705958648050659 24
VALUES: .0542244602121 .093791 12
VALUES: .039563591973754482 .061918059 11
VALUES: .070612649729152 .0946013 7
VALUES: .080 .045325398641947051194018 9
VALUES: .02308384832532234683756 .0010 4
VALUES: .02884718089570458533 .041089494163 3
VALUES: .05234454871442740 .001866178377965972381170 23
VALUES: .0389684901197 .0738323033 5
VALUES: .09692072938124666 .021954680704966 7
VALUES: .0399496 .060917067215991454947 9
VALUES: .0013504 .092481 20
VALUES: .058 .098052948805981 10
VALUES: .08737621 .00254367895 16
VALUES: .002 .066701 23
VALUES: .0554909590295262073701 .026854352635996032654 3
VALUES: .01705958648 .0476569771877622644 2
VALUES: .05146105134660 .057038223 4
VALUES: .0473426413366903181 .03881437 2
VALUES: .057228961623559 .050548561837 0
VALUES: .0230167086289768 .041000991836 13
VALUES: .077195391775387197680 .079383535515373 23
VALUES: .03595788 .011264209964141298542 13
VALUES: .025709925993743801 .0165087 11
VALUES: .03540398260471503776607 .0799649042496375 17
VALUES: .0596444647 .0375982299534599832150 22
VALUES: .07 .057747768368047608 24
VALUES: .0592706187 .0711955443656061646 14
VALUES: .0846677347981994354161 .079645990691996 14
VALUES: .0405554283 .064734 2
VALUES: .0167620 .043 6
VALUES: .0777279316395 .04935378 0
VALUES: .076433966582742046234 .01340 18
VALUES: .065 .0338597695887693598840 21
VALUES: .01015 .096601 9
VALUES: .0629556725 .069452964065003433 5
VALUES: .051099 .051340 10
VALUES: .06 .083985656519417105363 18
VALUES: .08 .033522545204852 12
VALUES: .047545586327916380560006 .0823193713282 10
VALUES: .01770 .06163881895 24
VALUES: .0964507 .04 18
VALUES: 0 .0547112230106050202182 24
VALUES: .0836392767223620965 .0126619363698786 4
VALUES: .00811932555123 .0231769283588921950102998 21
VALUES: 0 .094274814984359 12
VALUES: .033756008239871824 .0493049 2
VALUES: .07644 .0773 5
VALUES: .021 .0849942778667887388418 2
VALUES: .0185061 .030022125581 15
VALUES: .0200732433051041428244449 .014557106889448386358 23
VALUES: .080633249408712901503013 .041905851834897383077744 2
VALUES: .0677 .04650034332 8
VALUES: .091958495460440 .05626153963 24
VALUES: .03 .0080003051804379339284351 24
VALUES: .0818371862363 .04642404821850919356 16
VALUES: .03719996948195620660 .05392996108949416 10
VALUES: .0241824979 .01351186388952468 12
VALUES: .0248081177996 .0059388113221942473487 11
VALUES: .083071641 .0273884 6
VALUES: 0 .0872541390096894789044022 14
VALUES: .072947280079346913 .08909895475700007629 9
VALUES: .093850 .06495765621423666742961 4
VALUES: 0 .07914091706721 21
VALUES: .0648874647135118638895 .07523308155947203 19
VALUES: .07857480735484855420767 .0403692683299000 10
VALUES: .039169909208 .015631342030975814450293 5
VALUES: .07940794995040 .041182574 18
VALUES: .02285801480125123979552 .0643869687953002212558175 14
VALUES: .0811337453269245 .0714732585641260 13
VALUES: .0180193789578 .06384069581139 10
VALUES: .089773 .015556572823682001983 10
VALUES: .010064 .08896314 0
VALUES: .0021286335545 .0606897077897306782635 10
VALUES: .032967116 .0547 2
VALUES: .00097352559 .07922026398107 2
VALUES: .00896620126649 .069797817959868772411688 15
VALUES: .07180 .071319142442 13
VALUES: .0130067902647 .026973373 18
VALUES: .04581826504 .00962 5
VALUES: .0813122758831158922713 .027847 23
VALUES: .05595941 .050772869459067673762111 11
VALUES: .006186007476920729 .008139162279697871366445 20
VALUES: .05998 .06657206073090714 1
VALUES: .087351796749 .0388921950102998397802 20
VALUES: .034906538490882734 .08593 15
VALUES: .0076508735790035858701 .002980086976 13
VALUES: .027924010070954451819638 .006390478370336461 25
VALUES: 892195010299839780270083.79537651636 395010299839780270084687.1765 8
VALUES: 208361943999389639124131.9347676813916227 663416495002670328831921.2103913939116502632181 10
VALUES: 672098878461890592813000.014557 399588006408789196612496.739345 21
VALUES: 443595025558861676966506.003341725795376516365300 198702983138780804150453.757198443579766 15
VALUES: 357045853360799572747386.535454337376974 729991607537956816968031.61913481345845731288624 22
VALUES: 568047608148317692835888.651453421 891905088883802548256655.856 2
VALUES: 747890440222781719691767.009796 77897306782635233081559.3941405355916685740444037 10
VALUES: 331593804837109941252765.3661249713893 92927443350881208514534.125429159 11
VALUES: 481986724650949874113068.8 578454261081864652475775.72 13
VALUES: 388448920424200808728160.136461432822156099794 487388418402380407415884.15440604257267109178301 18
VALUES: 75883115892271305409323.18649576562142366 347020675974670023651483.5928 9
VALUES: 848691538872358281834133 643595025558861676966505.803341725 14
VALUES: 210177767605096513313496.3946898603799496452 537315938048371099412527.1196612497138 21
VALUES: 196597238117036697947661.35829709315632 935332265201800564583809.2424353398947127489 11
VALUES: 420630197604333562218661.363149 364919508659494926375218.983 25
VALUES: 413290608072022583352406.6974135957885 498970016021972991531242.348 2
VALUES: 344472419317921721217669.60288395513847562 838879987792782482642861.7536278324559395742 5
VALUES: 383459220263981078812847.712977798123140306706340 426733806363012130922407.44692149233234149691 9
VALUES: 948104066529335469596397.9 732570382238498512245364.3395284962233920805676 16
VALUES: 48920424200808728160524.861432822156 581933318074311436636910.992034790569924 24
VALUES: 578957808804455634393834.7761959258411 392797741664759288929579.2211490043488212405 4
VALUES: 317219806210421911955443.33884184023804074158846 202349889372091248950942.0422 24
VALUES: 101930266269932097352559.59899 317067215991454947737849.68 15
VALUES: 890867475394827191577019.02215609979400 31662470435645075150682.8095674 24
VALUES: 313878080415045395590142.35797665369649805447 169756618600747692072937.9549 6
VALUES: 400610360875867856870374.2083772030 787975890745403219653619.4 9
VALUES: 551461051346608682383458.668802929732204 266666666666666666666666.400000000 24
VALUES: 853284504463263904783702.51132982375829709315632 807309071488517586022735.1353170061799038 7
VALUES: 639551384756237125200274.02284275 945281147478446631570915.35 16
VALUES: 771328297856107423514151.9714808880750743877317 779201953154802777141984.4195468070 11
VALUES: 858228427557793545433736.83 730189974822613870450903.3668574044403753719 16
VALUES: 118745708400091554131380.0597848477912565804531929 482825970855268177309833.95678 11
VALUES: 921431296253910124361027.5366445410 246906233310444800488288.4537880521858 15
VALUES: 306538490882734416723887.6922407873655298695 151186388952468146791790.49 18
VALUES: 512184328984512092774852 39215686274509803921568.58823 9
VALUES: 5142290379186694132906.0755779354543373 96681162737468528267337.96694895857175555046921 0
VALUES: 103059433890287632562752.62449073014 359426260776684214541847 18
VALUES: 628107118333714808880750.1157701991302357518883039 189929045548180361638818.761776150 2
VALUES: 64728770885786221103227.218 678461890592813000686655.3068 8
VALUES: 435568780041199359121079.903181506 54779888609140154116121.10 21
VALUES: 949736781872281986724650.00013 784695201037613488975355.89 0
VALUES: 87113756008239871824215.9806363012130922407873 894651712825207904173341.59409475852597848477912 7
VALUES: 10910200656137941557946.12474250400 621194781414511329823757.675 9
VALUES: 640039673456931410696573.70954 349095902952620737010757.2613412680247 15
VALUES: 73258564126039520866712.37047379262989242389562 892210269321736476691843.160585946440833142595559 14
VALUES: 622705424582284275577934.8316319523918516823 948424505989166094453344.59212634 20
VALUES: 360723277637903410391393.550 427573052567330434119172.5334401464866102082 18
VALUES: 463309681849393453879605.853925 157854581521324483100633.0915541313801785305561 12
VALUES: 355062180514229037918669.05 536446173800259403372243.30 0
VALUES: 740932326237888151369496.474296177615014 882154573891813534752421.4875715 13
VALUES: 387579156176089112687876.3195239185168230716 89936675059128709849698.544380865186541542 16
VALUES: 468680857557030594338902.40764476997 40222781719691767757686.6920576791027695124 12
VALUES: 390661478599221789883268.0918287937 464850843060959792477301 17
VALUES: 755840390630960555428396.2839093614 658609903105210955977721.1694209201190203 2
VALUES: 611322194247348744945448.385397 16632333867399099717708.07827878233005264362554 21
VALUES: 557595178149080643930723.48299382009613183 476325627527275501640344.37756 21
VALUES: 832196536202029449912259.791897459372854200045777 797680628671702143892575.688166628519111924925 10
VALUES: 696070801861600671396962.75857175555046921 727504386968795300221255.089997711146715495536 24
VALUES: 412664988174258030060272.7 492561226825360494392308 18
VALUES: 969008926527809567406728.25 490821698329137102311741.3265278095674067292286564 3
VALUES: 752849622339208056763560.7028610666 794186312657358663309681.055207141 6
VALUES: 812039368276493476768138.350240329594 909468223086900129701685.2124513618677042801556420 25
VALUES: 703608758678568703746089.172030212863 691721980621042191195543.673884184023804 8
VALUES: 956557564660105287251086.248752574959945 344869153887235828183413.0983 11
VALUES: 359685664148928053711756.7166857404440 959578850995651178759440.560219729915312 16
VALUES: 917967498283360036621651.63410391393911650263 623941405355916685740443.4135957885 4
VALUES: 499229419394216830701151.55692378 566216525520714122224764.8263218127718013275349 10
VALUES: 264042114900434882124055.583978027008468757152 58197909514000152590218.90876630807965209430 0
VALUES: 836972610055695429922941.1024 72693980315861753261615.8577248798352025635 23
VALUES: 966323338673990997177079.982 451178759441519798580910.512428 14
VALUES: 634546425574120698863202.23414969100480659 329915312428473334859235.19308766308079652094 22
VALUES: 311879148546578164339665.51554131380178530 507881284809643701838711.63067063401 13
VALUES: 640451667048142214084076.570199130235751888303 993850614175631342030974.8205996795605401693 14
VALUES: 950713359273670557717249.3 671854734111543450064850.1712062256 19
VALUES: 121828030823224231326771.8320897230 6729228656443121995880 8
VALUES: 88334477759975585564965.1 236362249179827573052567.09407186999313344014 14
VALUES: 603326466773479819943541.0156557564660 53711757076371404592965.5371938658731975280384527 23
VALUES: 742305638208590829327839.34314 745006485084306095979246.98521400 23
VALUES: 748500801098649576562141.6181734950 7721065079728389410238.79597 23
VALUES: 566582742046234836346989.5913 734172579537651636530097.6865186541 12
VALUES: 837308308537422751201647.13 88609140154116121156633.771160 6
VALUES: 715053025101091020065613.0791027695124742 794476234073395895323108.9941 22
VALUES: 70984969863431754024566.9542687113756 69443808651865415426871.06811 5
VALUES: 75898374914168001831082.551 738933394369420920119019.631860837720302128633554 22
VALUES: 416266117341878385595482.913252460517280842298 958663309681849393453878.647 5
VALUES: 621438925764858472571907 895185778591592278934919.376424811169604028381 2
VALUES: 202670328831921873807888.711650 133882658121614404516670.34753948271915770199 15
VALUES: 848294804303044174868390.087 966323338673990997177079.98278782330052643625 19
VALUES: 612771801327534905012588.080292973220 619089036392767223620965.276997024490 22
VALUES: 818631265735866330968184.1207 661783779659723811703669.13298 3
VALUES: 637506675822079804684519.084779125658045 858182650492103456168458.7435568780041199 15
VALUES: 551110093842984664682993 703990234225986114290073.3022659 23
VALUES: 414648661020828564888990.2010 138963912413214312962538.96227969787136644541 24
VALUES: 330937666895551995117112.66211947814145113298237 12405584802014190890363 21
VALUES: 238544289311055161364156 126527809567406729228656.316594186312657 15
VALUES: 207873655298695353627832.2480659 705104142824444953078506.96255436 15
VALUES: 749477378500038147554740.991 825375753414206149385823.543282215 14
VALUES: 886793316548409246967268.51123826962691691462 357595178149080643930723.682 3
VALUES: 60105287251087205310139.5599450675 81696803234912642099641.331288624399176012 21
VALUES: 461921110856794079499503.61986724650949 877164873731593804837109.06408789196612497138933 8
VALUES: .331670099946593423 .416830701152056153 8
VALUES: .466422522316319523 .766 2
VALUES: .70055695429922941939 .5984893568322270542458228 0
VALUES: .9606622415 .309361409 14
VALUES: .10782024872205691615167 .7 19
VALUES: .563210498207064 .46388952468146791790 8
VALUES: .6165407797360189211871519 .72619211108567 12
VALUES: .6 .2 20
VALUES: .6184634 .54335851 11
VALUES: .305058365758754 .665110246433203631 19
VALUES: .39179064621 .39034103913 14
VALUES: .07721065079 .8043183031 19
VALUES: .6403295948729686 .9277943083 1
VALUES: .50612649729152 .5466392004272526 15
VALUES: .62482642862592507820 .577950713359273670557717 17
VALUES: .255008773 .435645 7
VALUES: .18358129243 .133287556267643244068 12
VALUES: .21335164415960936903944 .813595788509956511787 15
VALUES: .316884107 .002929732204165 20
VALUES: .49 .27231250476844434271763 4
VALUES: .115007248035400930800 .8686808575570305943389028 9
VALUES: .484107728694590676737621 .01380 21
VALUES: .4 .28435187304 17
VALUES: .656794079499504081788357 .842496375982 21
VALUES: .11227588311589227 .68938735027084763 23
VALUES: .8294956893263141832608529 .1534599832150759136339360 23
VALUES: .236682688639658197909514 .606 24
VALUES: .9 .844403753719386587 15
VALUES: .9 .53051 3
VALUES: .669 .620843823 18
VALUES: .185931181811245899 .218844892042420 12
VALUES: .013855191882200350957 .1007858 21
VALUES: .30016 .2957 23
VALUES: .27428091859 .0744 14
VALUES: .8776073853665980 .037170977340352 22
VALUES: .8747386892500 .069977874418249790 23
VALUES: .820920119020370794232089 .455664911 5
VALUES: .9873044937819485 .2961928740367742427710383 19
VALUES: .49906157015 .443732356755931944762340 23
VALUES: 0 .51476310368505 10
VALUES: .79726863508049134050507 .5609979 17
VALUES: .77566186007476920729 .182299534599832150 9
VALUES: .499610894941634241 .975402456702525368123 17
VALUES: .665217059586 .9421835660334172 24
VALUES: .9432364385442 .60520332646677347981 15
VALUES: .99725337605859 .2914625772487983520256351 23
VALUES: .8677653162432288090333 .403234912642 21
VALUES: .824521248 .095 14
VALUES: .35379568169680323491 .7389486533913 3
VALUES: .2233310444800488288700694 .9179827573 19
VALUES: .1726253147 .760997 7
VALUES: .9296253910 .7291 17
VALUES: 0 .566430151827267872129396 5
VALUES: .794369420920119020 .47 25
VALUES: 0 .4388 0
VALUES: .864408331425955596246 .66625 21
VALUES: .492088197146 .46355382619974059 12
VALUES: .90241855497062638284 .811032272831311 17
VALUES: .2764934767681391622 .795 24
VALUES: .634912642099641 .4969 4
VALUES: .71595330 .51589227130 17
VALUES: .896940566109712367437 .28796826123445 21
VALUES: .3595330739299610894941 .556496528572518501564049 14
VALUES: .18109407186 .5580 2
VALUES: .3680933 .389776455329213397421225 0
VALUES: .63096 .3537 15
VALUES: .0483558403906309605 .990753 10
VALUES: .284931715 .287998779278248264286 3
VALUES: .1564354 .64060425726710917 17
VALUES: .658991378652628366521705 .4 10
VALUES: .90540932326237 .99870 13
VALUES: .2825 .1970092317082 10
VALUES: .561150530251010910 .0745403219653620202 21
VALUES: .146913862821 .4334630350194552529 18
VALUES: .247104600595 .24202334630350194552529 1
VALUES: 0 .6 23
VALUES: .7340 .93 13
VALUES: .85258 .11828793774319 8
VALUES: .27716487373 .291111619745174334325 4
VALUES: .43778133 .137224383916990920881 4
VALUES: .580376897 .03457694361 17
VALUES: .287754634927901121538109 .39484245059891 7
VALUES: .20317387655451285572594 .6376134889 14
VALUES: 0 .0468604562447547 22
VALUES: .74526588845654 .6121919584954 12
VALUES: .7769283588921950 .4033 22
VALUES: .131 .5704127565423056382 22
VALUES: .7634088654917219806 .03 0
VALUES: .16705577172503 .282185091935606927595941 11
VALUES: .390875104 .60 24
VALUES: .96804760814831769 .98883039597161821 11
VALUES: .7242847333 .761699855039291981383993 25
VALUES: .7843289845120927 .81306172274357 15
VALUES: 0 .869214923 15
VALUES: .8380560 .528191042954146639 3
VALUES: .01875944151979858091096 .003134203097581445029 13
VALUES: .0768703746089875638971541 .048264 22
VALUES: .0836408026245517662 .063288 20
VALUES: .0364415960 .07528191042954146639200 10
VALUES: .05218585488670176241702 .0953414 21
VALUES: .033693446 .0931044 6
VALUES: .079372854200045777065 .00410925459 23
VALUES: .05386282139314869916838 .0643274586099031052109 16
VALUES: .0246723125047684443 .0777172503242542 5
VALUES: .058799114976729991607537 .070844586 24
VALUES: .03789730678 .0874479285 4
VALUES: 0 .0288395513 13
VALUES: .04 .0753505760280766002899 7
VALUES: .085896086 .02 1
VALUES: .029729152361333638 .096 21
VALUES: .07112535286488136110475 .004202334630 0
VALUES: .027896 .0697932402 9
VALUES: .08145571068894 .0353292133974 18
VALUES: .0379400 .0076813916 23
VALUES: .04241855497 .05127 17
VALUES: .0187090867475394 .0171572442 14
VALUES: .0481895170519 .02593575951781490 11
VALUES: .038452735 .0986602578774 10
VALUES: 0 .069 6
VALUES: .01310 .04209506370641 25
VALUES: 0 .030267795834287022 19
VALUES: .074413672083619439993 .03097428854 16
VALUES: .04060273136 .0813183 3
VALUES: .05086137 .06318760967421988 13
VALUES: .048186465247577630273899 .0965880827038986 4
VALUES: .063730830 .021857022964827954528 11
VALUES: .003280689 .0139147020675974670 16
VALUES: 0 .0873640039673456 17
VALUES: .0776119630 .0844144350347142748 0
VALUES: .009 .091757076371 20
VALUES: .03 .054583047 18
VALUES: .04286717021438925 .079717708 1
VALUES: .0801968413 .0376699473563 12
VALUES: .01624780651560234988937 .0130 21
VALUES: .03 .0735072861829 3
VALUES: .09002 .05852140077821011 17
VALUES: .022214 .08675516899366750591287 7
VALUES: .0181 .066189059281300068665 24
VALUES: .0722941939421683070115205 .019736018921187 7
VALUES: .062587930113679713130388 .00690165560387579156 18
VALUES: .0800427252613 .0514641031 1
VALUES: .08126192111 .03671625848783 0
VALUES: .0057846952010376134889753 .0718593118181124589913 25
VALUES: .0241977569 .0577782864118 1
VALUES: .0023361562523 .08749370 19
VALUES: .011082627603 .03434500648508430609 8
VALUES: .0270542458 .0209048599984740978 20
VALUES: .0340886549 .0611 11
VALUES: .036882581826504921034 .0455909056229495689326314 9
VALUES: .093746852826733 .09414358739 13
VALUES: .09828488593 .09107804989700160219729 10
VALUES: .062960250247959105821316 .077154192416 5
VALUES: .0366124971389333943 .0477698939497978 4
VALUES: .01410 .01785763 22
VALUES: .0895597772182 .0183840695811398489 9
VALUES: .025670 .0953673609521629 7
VALUES: .0246738384069581 .03635156786449988555733 23
VALUES: .09779659723811 .08333104448 16
VALUES: .0991241321431296253910124 .0170504310673685816739147 24
VALUES: .00465 .0345708400 24
VALUES: .00649271381704 .04 13
VALUES: .09003433279926756694 .0037 13
VALUES: .01732814526588845654 .04273441672388 0
VALUES: .048210879682 .06302738994 16
VALUES: .07609063859006637674525 .0597573815518425268940 5
VALUES: .08398413061722743572 .0848966201 14
VALUES: .0961348897535667 .070382238498512245 3
VALUES: .038332188906 .02058289463 23
VALUES: .03385519188 .09079270618753 25
VALUES: .0760646982528419 .03278706034943160 21
VALUES: .0413107499 .0805020218204013122 6
VALUES: .096032654306858 .0856229495689326314183 19
VALUES: .02043640802 .0427115281910429541466392 20
VALUES: .04869 .08143 24
VALUES: .0303868162050812542915 .020154116121156 19
VALUES: 0 .0781582360 25
VALUES: .0423987182 .091105516136415655756 3
VALUES: 0 .0095216296635385 18
VALUES: .0764660105287 .066019684138246 18
VALUES: .053636987869077592126 .04013733119707026 6
VALUES: .06274814984359502555886 .035634393 18
VALUES: .026 .0516609445334554055085069 5
VALUES: .00573128862 .004072632944 15
VALUES: .07278858625162127 .0761226825 5
VALUES: .03898069733 .0212756542305638208590829 10
VALUES: .013690394445716029602 .0728694590676737621118 5
VALUES: .01831082627 .061358052948 14
VALUES: .0804 .0571404592965590 21
VALUES: .0764644 .09135881589990081 4
VALUES: 656443121995880064087891.3096818493934 465568017090104524299991.904921034561684596017395 17
VALUES: 340642404821850919356068.935317006179 725795376516365300984206.18654154268711375600823 4
VALUES: 473472190432593270771343.083405813 125215533684290836957350.9085831998168917372396429 4
VALUES: 356893263141832608529792.883360036621652552071 917631799801632715342945.599496452277409018 3
VALUES: 124269474326695658808270.2655985351338979171 586800946059357595178148.4938429846646829938 12
VALUES: 949340047302967879758906.50469214 186175326161593041886014.92 19
VALUES: 25619897764553292133974.18663309681849393453879 7217517357137407492179.74406042572671091783 22
VALUES: 795971618219272144655526.78471046005951018539 263187609674219882505531.1322 16
VALUES: 90531776913099870298313.787548638132295 6607156481269550621805.13568322270542458228 19
VALUES: 36713206683451590753032.69388876173 365804531929503318837262.165667200732433051041428 10
VALUES: 369024185549706263828488.22485694666971 260151064316777294575417.4555733577477683680476 5
VALUES: 685679407949950408178835.0509498741 723186083772030212863354.7357289997711146 9
VALUES: 816495002670328831921872.99139391165026321812771 308232242313267719539177.230487 19
VALUES: 268497749294270237277790.225 361593041886015106431677.367864499885557335774776 14
VALUES: 327168688487067978942549.455 203387502861066605630578.876 20
VALUES: 470176241702906843671320.1981689173723 893781948577096208133057.777157244220645 2
VALUES: 33127336537727931639581.869672693 454474708171206225680933.397665369649 16
VALUES: 99320973525597009231708.148180361638818 7522697795071335927367.0482490272373540856031 0
VALUES: 559029526207370107576103.8126802471961547264 46082246128023193713282.932478 1
VALUES: 679392690928511482413976.58466 561364156557564660105286.689723048752574959 10
VALUES: 486228732738231479362172.398 142442969405661097123674.230029 7
VALUES: 481177996490424963759822.514168001831082627 198229953459983215075913 15
VALUES: 628717479209582665751124.724147402 51377126726176852063782.660151 14
VALUES: 759639887083237964446478.22105745021 334294651712825207904173.00819409475852597 13
VALUES: 208529793240253299763484.95207 749004348821240558480200.67008468757152666 21
VALUES: 83741512169069962615396.26935225 362691691462577248798351.66294346532 5
VALUES: 602182040131227588311588.6249485008010986 807354848554207675288013.230945296406500343327 11
VALUES: 897230487525749599450674.3144884412909132524605 183215075913633936064698.069626916914625772487983 7
VALUES: 216510261692225528343632.95660334172 9567406729228656443121 5
VALUES: 427008468757152666514076.020691233691920 436041809719996948195620.2246738384069581139848935 8
VALUES: 239322499427786678873883.9447 766842145418478675516898.599908445 10
VALUES: 414572365911345082780193.375005 662836652170595864805065.332 14
VALUES: 926131074998092622262912.0211490 72373540856031128404669.1883268 5
VALUES: 794216830701152056153199.7856260013733119707 297383077744716563668268.5665827420462348 18
VALUES: 73884184023804074158846.34406042572671 291660944533455405508506.6130464 5
VALUES: 239963378347447928587777.28349736781 982406347753109025711450.9135271229114213778 0
VALUES: 333562218661783779659723.4781414511329823758297093 968673228046082246128022.2250 23
VALUES: 654917219806210421911954.78873884184023 714198519874876020447088.6273746852826733806 7
VALUES: 227450980392156862745097.8117647058 197085526817730983443961.044998855573357747768368 10
VALUES: 939055466544594491493094.353536 583611810482948043030441 0
VALUES: 755504692149233234149690.24930189974 989318684672312504768443.3533989471274891279 9
VALUES: 569451438162813763637750.250720 106752117189288166628519.005172808 4
VALUES: 196551461051346608682383.26266880292973220416 62500953688868543526359.897 19
VALUES: 29724574654764629587243.4 978027008468757152666513.098420691233691920347905 16
VALUES: 77561608300907911802853.3 4959182116426337071793.693064774547951 1
VALUES: 570122835126268406195162.3199359 194857709620813305867093 20
VALUES: 915617608911268787670709.3918516823 326832990005340657663843.420782787823300526436255 23
VALUES: 493049515526054779888608.64710460059510185397116 309239337758449683375295.33430991073472190 12
VALUES: 915602349889372091248950.026642252231631952391 466178377965972381170366.51329823 1
VALUES: 626657511253528648813610.420874 294224460212100404364079.9682307 3
VALUES: 198062104219119554436560.4184023804074158846417944 423254749370565346761272.1791714351110093842984664 0
VALUES: 389806973373006790264743.6 343755245288776989394979.4380407415884 1
VALUES: 246585793850614175631341 335240711070420386053253.651178 10
VALUES: 256488899061570153353169.8053101396200503547722590 948683909361409933623253.800686655985351 21
VALUES: 120531013962005035477225.7892881666285 538994430457007705806057.292 11
VALUES: 655603875791561760891126.2 217227435721370260166323.1214465552758068207827878 17
VALUES: 66651407644769970244907.234790569924 724193179217212176699472.8395513847562 1
VALUES: 262897688258182650492103.1932707713435568780041 201815823605706874189364.259922178 10
VALUES: 574624246585793850614175.056717784390020599 728145265888456549935148.4287937 23
VALUES: 769420920119020370794231.3203 177492942702372777904936.1160906385 25
VALUES: 964614328221560997940031.0793316548409246967 591454947737850003814754.88271 13
VALUES: 96177615014877546349278.915 957503624017700465400166.891737239642938887 8
VALUES: 143465323872739757381551.69 919905394064240482185091.01570 12
VALUES: 303700312809948882276645.763286793316548 723109788662546730754557.9096818493934538796063172 17
VALUES: 485572594796673533226519.69448386358434424 110795757991912718394750.7856717784390 15
VALUES: 44052796215762569619287 476554512855725947966734.8557106889448386358434 9
VALUES: 792401007095445181963835.32570382238 916838330663004501411458.608606088349 6
VALUES: 601251239795529106584267.34717326619363 4272526131074998092622.2586404211 12
VALUES: 249683375295643549248492.921904325932 186190585183489738307774.2854657816433966 5
VALUES: 736217288471808957045852.624 808972304875257495994505.9431448844129091325246 11
VALUES: 580529488059815365835049.3927672 978698405432211795223925 17
VALUES: 49637598229953459983215.026276035706111 486274509803921568627450.4941176470588235294 14
VALUES: 635538261997405966277560.97 921217669947356374456396.42371252002746623941405 8
VALUES: 301213092240787365529869.234149 493217364766918440527961.664408331425955 5
VALUES: 369359884031433585107194.259464408331425955 562783245593957427328907.6542000457 11
VALUES: 621957732509346150911725.93 337850003814755474174105.101991302357518883039597 17
VALUES: 963500419623102159151597.4190432 534401464866102082856488.36466 8
VALUES: 456260013733119707026779.127168 765346761272602426184480.809384 9
VALUES: 492622262912947280079346.4212405584802014 616708628976882581826504.3043259327077134 5
VALUES: 186190585183489738307774.285465 237506675822079804684519.48 12
VALUES: 872266727702754253452352.83186083772030212 192614633401998931868467.03863584344243533989 12
VALUES: 386999313344014648661020.44156557564660105 498084992751964599069199.16 9
VALUES: 396612497138933394369420.52 112687876707103074692912.071 25
VALUES: 207278553444724193179217.0048981460288395513 41794460975051499198901.30862897688258182650492 22
VALUES: 16800183108262760357061.095582513160906385900 726894026092927443350880.4816205081254 5
VALUES: 637079423208972304875256.85891508354314488 665690089265278095674066.62 19
VALUES: 556832227054245822842755.222522316319523918516823 881193255512321660181581.47937743 4
VALUES: 942336156252384222171357.8735637445639 218463416495002670328831.703410391 10
VALUES: 906599526970321202410924.55307850766765850308 340459296559090562294956.55280384 4
VALUES: 306736858167391470206759.4399 787899595635919737544822.588921 18
VALUES: 158037689784084840161745.47406729 91828793774319066147859 12
VALUES: 246448462653543907835507.49750514991989 341496910048065918974593.3870450904097047379262989 14
VALUES: 338475623712520027466239.0755779354543373769 674860761425192645151445.1 3
VALUES: 213977264057373922331578.3318379491874570 411993591210803387502.86065461 13
VALUES: 333836881055924315251392.0519111924925612268 360494392309452964065003.072785 1
VALUES: 827481498435950255588615.94218356603341 285099565117875944151979.57299153 11
VALUES: 814648661020828564888989.8010528725108 130312046997787441824978 6
VALUES: 599282825970855268177309.235156 721553368429083695735102.65831998168917 3
VALUES: 746852826733806363012130.1755550469214923323 641306172274357213702601.021 24
VALUES: 935057602807660028992140.66866559853513389 728358892195010299839779.5417257953765163 6
VALUES: .312260624 .044357 9
VALUES: .72172121 .64507515068284122987716 2
VALUES: .94975204089 .8478 20
VALUES: .7281910429541466392004 .571 20
VALUES: .616 .165514610513466086823834 12
VALUES: .467566948958571 .91699092088197146562905 7
VALUES: .613702 .3065232318608377203021 13
VALUES: .7009536888685435263 .4 20
VALUES: .23590447852292668 .64361028458 6
VALUES: .4389410238803 .63 17
VALUES: .084 .84260318913557640955214 0
VALUES: .48766308 .01094071 0
VALUES: .11845578698405432211795 .6382848859388113 0
VALUES: .02003509575036240 .74612039368276493 5
VALUES: .9303 .693919279774166 4
VALUES: .61878 .150759136339 5
VALUES: .1744716563 .237888151369497 17
VALUES: .17190814068818 .235263599603265430 2
VALUES: .37595178 .119172961013199053940 8
VALUES: .387548638132295719844 .9403067063401235980773632 2
VALUES: .366445410849164 .35 23
VALUES: .0473487449454489 .624673838 16
VALUES: .6982070649 .1053635461966887922 17
VALUES: .3085221637293049515526 .70846112764171816586 19
VALUES: .781017776760509651331 .63425650 17
VALUES: .82720683 .40149 2
VALUES: .7609826810101472 .412161 12
VALUES: .801037613488975 .591699092088197146 9
VALUES: 0 .4258945601 19
VALUES: .234210727092393377 .6590829327 8
VALUES: .75114061188677805752651 .020172426 11
VALUES: .47 .993270771343556878 17
VALUES: .8543678950179293507286182 .29980926222629129 11
VALUES: .26834515907530 .65598535133897 7
VALUES: .938429846646829938 .25896086 25
VALUES: .22493324177920195315480 .233188372625314717326619 16
VALUES: .19217212176699473 .990844586861 3
VALUES: .11053635461 .003891050583657587548638 14
VALUES: .8890516517891203173876 .8368810559243 12
VALUES: 0 .0002441443503 20
VALUES: .21309224 .5073624780 9
VALUES: .9504386968795300 .59993896391241321431296 23
VALUES: .83967345693141 .8917677576867322804 22
VALUES: .3868619 .861631189440756 20
VALUES: .54424353 .2632944 19
VALUES: .1545891508354 .504234378576333257038223 11
VALUES: .448813611047531853208209 .2043945983062 3
VALUES: .4304722667277027 .62218661 0
VALUES: .0323186083772030 .94587624933241779201953 16
VALUES: .21258869306477 .2434729533836881055924 21
VALUES: .07038986800946059 .57447165 5
VALUES: .15861753261615930418 .087479972533760585946 21
VALUES: .23526359960326 .006912336919 10
VALUES: .401190203707942320 .23009079118028534 0
VALUES: .46982 .1131151293202 1
VALUES: .8667124437 .31020065613794155794613 14
VALUES: .0458 .326695658808270389 16
VALUES: .4383764400701915007248 .29646 9
VALUES: .1340962844281 .199404 10
VALUES: .270008392462043183 .72564278 22
VALUES: .69924467841611 .4887769 0
VALUES: .9505607690547 .239 8
VALUES: .88912794689860379949 .13121232928969253 22
VALUES: .372243839169909208819 .630853742275120164797436 4
VALUES: .138567177 .19232471198596169985503 0
VALUES: .464133669031 .54676127260242 16
VALUES: .676859693293659876401 .97978179598687 17
VALUES: 0 .77 24
VALUES: .00622568093385 .326955 6
VALUES: .123903257801174944 .1760891 16
VALUES: .2475 .280445563439383535515 11
VALUES: .555336842 .122285801 3
VALUES: .14772259098191805 .778973 7
VALUES: .497 .909773403524834 8
VALUES: .5704585336079957274 .019745174334325169756 4
VALUES: .5659266041046 .48395 19
VALUES: .05165 .2304 6
VALUES: .168352788586251621271 .19533073929961089 22
VALUES: .0658121614404516670481 .3569237811856260013733 10
VALUES: 0 .8530098420691233691 5
VALUES: .401617456 .016968 23
VALUES: .448233 .4345922 11
VALUES: .9376363775082017242 .805 19
VALUES: .5880674448767833981 .902632181277180132 17
VALUES: .25262836652 .6 5
VALUES: 0 .9426718547 12
VALUES: .685923552300297550926 .9609979400320439459830 12
VALUES: .6785687037460 .1487754634927 9
VALUES: .460318913557640 .404943923094529640650 12
VALUES: .5692988479438467 .7835355153734 8
VALUES: .9994201 .79604791332875562676432 5
VALUES: .464377813 .14241245136186770428 1
VALUES: .35962 .5460440985732814 4
VALUES: .6869459067673762111848 .5475547417410543984130617 0
VALUES: .0290684367132 .3 20
VALUES: .826199 .28043 16
VALUES: .56456855 .1725 0
VALUES: .00871747 .03298 1
VALUES: .014393835355153734645 .002343785 18
VALUES: .053548 .024373235675593194 4
VALUES: .013005 .06909742885481040665293 18
VALUES: .046124971 .007109178301670862897688 18
VALUES: .0370 .097347981994354 16
VALUES: .08447394522011139085984 .06158541 18
VALUES: .08218 .041 23
VALUES: .05412222476539 .090109 1
VALUES: .0468848706797894254978 .005372 23
VALUES: .03299916075379568169 .071367971313038 23
VALUES: .012 .049 12
VALUES: .02879377 .053015945677882047760 14
VALUES: .0411032272831311 .02281528953994048981460 12
VALUES: .0667368581673 .0342656595 4
VALUES: .0262 .00809643701838712138 25
VALUES: .042713054093232 .076449225604638742656595 8
VALUES: .026695658808270 .064869153887235 13
VALUES: .062781719 .0910322728313115129320210 23
VALUES: .0104722667277 .0308064393072 9
VALUES: .03692072938124666 .01854428931 16
VALUES: .07414511329823758 .097201495384145 10
VALUES: 0 .094927901 17
VALUES: .06595864805 .072 19
VALUES: .0151857785 .0242221713588 22
VALUES: .0154528114 .0572518501564049 20
VALUES: .07841306172274357213702 .0105348287174792095826 5
VALUES: .01 .0817700465 9
VALUES: .0229190508888380254825 .07318 24
VALUES: .01785152971694 .0728 0
VALUES: .08 .068783093003 2
VALUES: .05306 .07468528267338063630121 8
VALUES: .08 .015387197680628671 15
VALUES: .052959487296864271000228 .0875455863 0
VALUES: .046648355 .08453650720 19
VALUES: .0411978332188906691081 .0386694132906080720 6
VALUES: .086825360494 .04379 13
VALUES: .03476768 .08714579995 24
VALUES: 0 .065270466 2
VALUES: 0 .050495155260547 2
VALUES: .06897077897306782635233 .0639 11
VALUES: .048897 .099600 13
VALUES: .09 .05230640 24
VALUES: .030925459678 .013241779 9
VALUES: .08679789 .0791241 23
VALUES: .05 .003778133821622034 13
VALUES: .011947814145113298237582 .0103379873 7
VALUES: .079667 .072497 11
VALUES: .0047333485923552300 .01893 22
VALUES: .0344121461814297 .0216983291371023117418173 7
VALUES: .07600061036087586785687 .0587380788891432059205004 13
VALUES: .06702983138780 .065346761 2
VALUES: .00886854352635996 .056923781185626001 13
VALUES: .047779049362935 .0401 5
VALUES: 0 .0252887769 8
VALUES: .07080491 .07843 7
VALUES: .01266498817 .0720 2
VALUES: .0475562676432440680552376 .0696940566109712 2
VALUES: .0670359 .0797314412146181 24
VALUES: .03796444647898069 .07130388342 4
VALUES: .03517509727626459143 .0679804684519722285801480 9
VALUES: .06690775921 .0518837262531471732 10
VALUES: .01847257190814068818188 .094 6
VALUES: .003112840466926 .083419546807049668 24
VALUES: .072794689860 .09838864 25
VALUES: .0079072251468680 .0870984969863431754024 7
VALUES: .026318760967 .08833447775 7
VALUES: .009820706492713817 .05391470206759746700236 25
VALUES: .0284580758373 .0785046158541 9
VALUES: .0277042801 .0666254673075455863 0
VALUES: .07516 .079478141451132982 16
VALUES: .0609185931181811 .08174105439841 19
VALUES: .0032639047837033646 .023 6
VALUES: .007940794995040817 .02033569848172 23
VALUES: .050777447165636 .04317998016327153429465 11
VALUES: .003138780804150453955901 .082337682154573891813534 0
VALUES: .09 .031982909895 14
VALUES: .0682978561074235141527428 .065511 3
VALUES: .027940794995040 .046707866025787747 3
VALUES: .030989547570000762951094 .0583230 3
VALUES: .0723262378881513694 .064165712977798123140306 20
VALUES: .001719691 .0276554512855 10
VALUES: .011 .0927855344 3
VALUES: .02457618066681925 .018971541924162661173 24
VALUES: .0969329365987640192263675 .093986419470511 25
VALUES: .07445639 .0923949034866865033951323 24
VALUES: .0076493476768139162 .082964 19
VALUES: .026373 .0670 21
VALUES: .0277 .09792172121766994735637 25
VALUES: 0 .033450827 17
VALUES: .0652475776302738 .0910124361028458075 6
VALUES: .09595941100 .0826291294728007934691386 25
VALUES: 145357442587930113679712.98503089951934081025406 803356984817273212787059.54607461661707484550240 12
VALUES: 930144197756923781185625.07122911421377889677271 847425040054932478828106.27090867475394 21
VALUES: 188052185854886701762416.84101625085 695063706416418707560844.654 0
VALUES: 233646143282215609979400.0867933165484092469 440573739223315785458151.69187457084000915 10
VALUES: 65079728389410238803692.61821927 552040894178683146410314.5 15
VALUES: 154726482032501716639963.22362 229602502479591058213168.30629 11
VALUES: 420935378042267490653848.6673380636 208377203021286335545891.2 2
VALUES: 226001373311970702677958.116868848706 950637064164187075608452.5474937056534676 7
VALUES: 455481803616388189517051.5014877546349 52185854886701762417029.01625085 6
VALUES: 196047913328755626764324.21075761043717097 283131151293202105745021.46097505149919890 13
VALUES: 761745632104982070649270.619958800640878 760753795681696803234911.8813 24
VALUES: 866361486228732738231478.4958113984893568322270542 49485008010986495765621.3741817349507896543831 21
VALUES: 558937972075989929045547.62142366674296177615014 188296330205233844510566.6843671 8
VALUES: 69459067673762111848630.433325703822384 574746318760967421988249.978393224994277 11
VALUES: 630685893034256504158082.83616388 781261921110856794079498.72281986724650 16
VALUES: 332158388647287708857861.87887388418402380407415 256717784390020599679560.2834 25
VALUES: 227130540932326237888151.14236 124910353246356908522163.60439459830624 17
VALUES: 941130693522545204852368.02 706233310444800488288699.98805218 21
VALUES: 193759060044251163500419.4293430991 234775310902571145189593.112 10
VALUES: 420325017166399633783474.05896086060 6530861371786068513008.30963607232776 3
VALUES: 973373006790264744029906.7095445181 363729304951552605477988.49718 24
VALUES: 436484321355001144426641.815747310597390707 262699320973525597009231.44554818036163881895 23
VALUES: 160616464484626535439078.19446 772137026016632333867398.3275806820782787823 19
VALUES: 591989013504234378576332.6650492103456168459601739 238422217135881589990081.3973449301899748 23
VALUES: 546913862821393148699167.836 412283512626840619516288.593591210803387 11
VALUES: 587594415197985809109635.4 305027847714961470969710.5365072098878461890592813 8
VALUES: 313817044327458609903104.897138933394369420920119 830762188143739986266879.46221103227 10
VALUES: 265232318608377203021286.07031357 572777904936293583581291.8663767452506294346532 18
VALUES: 22018768596932936598763.9972 51148241397726405737392.1820096131 21
VALUES: 982497901884489204242007.104783703364614 389288166628519111924925.222980086 15
VALUES: 108308537422751201647974 506752117189288166628518.60517280842298008697 4
VALUES: 569069962615396353093766.1204852368 154848554207675288014038.1452964065003 16
VALUES: 228244449530785076676584.80265506981002517738612 420645456626230258640420.7283588921 16
VALUES: 315373464560921644922560.14850080109864957656214 431692988479438467994201.13998 3
VALUES: 659357595178149080643930.0646829938200961318 294605935759517814908064.098466468299382009613183 7
VALUES: 406851300831616693369954.5790341039139391165026 674021515220874341954680.030 1
VALUES: 285603112840466926070038.624 934111543450064850843060.025680933852140077821011 3
VALUES: 643564507515068284122987.07292286564431219958 515022507057297627222094.548683909 4
VALUES: 637689784084840161745631.467292286564431 672922865644312199588005.7358663309681849393 2
VALUES: 624612802319371328297855.482810711 858503089951934081025405.412954909590 20
VALUES: 821576256961928740367741.6061341268024 92256046387426565957122.0562142366674296177615014 0
VALUES: 879697871366445410849163.68885328450446326 483985656519417105363545.71 18
VALUES: 988326848249027237354084.61478599221 111757076371404592965590.7938 14
VALUES: 142900740062561989776455.1863126573586633096818493 813275349050125886930646.9322 20
VALUES: 283588921950102998397802.417257953765163653009 723552300297550926985579.50075532158388647287 22
VALUES: 540779736018921187151903 218127718013275349050125.6688029297322 17
VALUES: 348165102616922255283435.98356 134386205844205386434729.399450675211718 5
VALUES: 271030746929121843289844.84989700160219729915 459311818112458991378652.1690547035934996566 0
VALUES: 736568245975432974746318.0 977157244220645456626229.281483176928 10
VALUES: 61005569542992294193942.107301441977569 189547570000762951094834.6315403982604 11
VALUES: 650492103456168459601738.878 457267109178301670862897.23099107 21
VALUES: 793698023956664377813381.36850537880 578728923476005188067444.29805447470817120622568 6
VALUES: 329152361333638513771266.9326161593041886015106 536079957274738689250018.53 9
VALUES: 122606240939955748836499.45777065690089265 879301136797131303883420.19340810254062714579995 6
VALUES: 558937972075989929045547.6214236667429617761501487 962066071564812695506217.0893568 10
VALUES: 184649423971923399710078.39931334401464 808346684977492942702371.969 5
VALUES: 273929961089494163424124.23968871595330739 782284275577935454337376.191851682307164 2
VALUES: 248935683222705424582284.026 49546044098573281452658.83501945525 16
VALUES: 395071335927367055771724.63735 682841229877164873731593.12199588006408789196612 15
VALUES: 944792858777752346074615.672281986724650949 150164034485389486533913.026 19
VALUES: 59586480506599526970321.142824444953078 602456702525368123903257.198718242160677500572213 11
VALUES: 100877393759060044251163.399542229343 35767147325856412603952.050904097047 7
VALUES: 179293507286182955672541.2108033875028610 257312886243991760128175.526619363698786907 8
VALUES: 330479896238651102464331.70583657587548638 760326543068589303425649.655481 9
VALUES: 429907682917524986648355.410482948 250186923018234531166551.973815518425268940 8
VALUES: 704356450751506828412298.067292286564431219958800 89829861905851834897382.98791485465781643396 3
VALUES: 685358968490119783321888.38155184252689402 232532234683756771190966.42650492103456 10
VALUES: 646662088960097657740138.21043717097734035248 982101167315175097276263.609338521400778 7
VALUES: 96620126649881742580300.50611123826962691691 407141222247653925383382.518013275349 22
VALUES: 527611200122072175173570.84646372167 405752651255054551003280.2839551384756 17
VALUES: 79713130388342107270923.8 489402609292744335088120.3620508125429159990844 15
VALUES: 531181811245899137865262.30547035934 5310139620050354772259.09288166 22
VALUES: 24155031662470435645075.12 108415350576028076600289.8130006866 2
VALUES: 21515220874341954680704.945 651316090638590066376744.599313344014648661020 8
VALUES: 293873502708476386663614.568413824673838406958 967437247272449835965513.64307621881437399862668 25
VALUES: 753139543755245288776988.6418402 116395819028000305180437.817 9
VALUES: 865400167849240863660638.48761730373083 37872892347600518806744.449805447470817120 0
VALUES: 615869382772564278629739.217807278553444 766643778133821622034026.8521858548867017 3
VALUES: 392675669489585717555504.2994735637445639734493 627161058976119630731669.472 13
VALUES: 667856870374608987563896.48633554589150835 524147402151522087434194.943923094529640650034 15
VALUES: 711543450064850843060959.080 293369954985885404745555.516502632181277180132 24
VALUES: 725154497596704051270312.84774547 77302204928664072632944.150972762645 17
VALUES: 347768368047608148317692.48812085145342183 185061417563134203097581.25996795605401693751430 6
VALUES: 34668497749294270237277.7558251316090 289478904402227817196917.3880979629205767910276951 23
VALUES: 710475318532082093537803.516273746852826733806 290241855497062638284885.648569 9
VALUES: 44922560463874265659571.17656214236667 951491569390402075226976.99922178988326848 18
VALUES: 343892576485847257190813.7249 703822384985122453650720.28496223392080567635614 3
VALUES: 165606164644846265354390.617944609750514991989013 140016784924086366063935.16173037 8
VALUES: 742061493858243686579689.49979400320439 378850995651178759441519.41972991531 13
VALUES: 674662394140535591668573.36974 842603189135576409552146.8647 11
VALUES: 411062790875104905775539.3768368047608 319157701991302357518882.720439459830624856 18
VALUES: 137468528267338063630121.1717555504692 443137254901960784313725.047058823529 11
VALUES: 734660868238345922026397.373220416571 648889906157015335317005.53101396200503547722590 24
VALUES: 135011825741969939726863.3730373083085374227 721507591363393606469824.56269169146257724 19
VALUES: 199923704890516517891202.9739528496223392080567 799099717708094911116196.65264362554360265506 8
VALUES: 992721446555275806820781.7951018539 100312809948882276646066.886793316548 2
VALUES: 372137026016632333867398.7275806820782787823300526 962859540703440909437704 17
VALUES: 681925688563363088426031.2 593774319066147859922178.3945525291828793 12
VALUES: 122667277027542534523536.91 317112993057145037003127.7823758297093156328679 11
VALUES: 630197604333562218661783.14946211947 311589227130540932326237.576562142366674 8
VALUES: .127077134355687800411 .388418402380407 5
VALUES: .5594262607766842145418478 .61933 2
VALUES: .5791 .82760 8
VALUES: .7346303501945525 .3951934081025406271457 3
VALUES: .628000305180 .249393453879 2
VALUES: .014 .9008468757152 8
VALUES: .576516365300984206 .389288166 18
VALUES: .833356221866178 .4229953459983215075 8
VALUES: .692545967803463797 .09144 7
VALUES: .463019760433356 .21696 17
VALUES: .4031280994888 .7985351338979171 5
VALUES: .46694132906080720 .56636 16
VALUES: .022 .215197 23
VALUES: .74703593499656672 .4757915617608911 4
VALUES: .020263981078812848 .01832608529793240253 8
VALUES: .0599374380102235446707 .849973296711 8
VALUES: .0445258258945601586 .260914015411 3
VALUES: .7817 .29127946 14
VALUES: .3275501640344853894865339 .4108339055466544594491493 14
VALUES: .40886549172198062 .842832074464026855878538 12
VALUES: .062714 .7873655298695353 15
VALUES: .85296406500 .90539406424048 6
VALUES: .5616 .88654917219806 11
VALUES: .8751812008850232700083924 .96569 8
VALUES: 0 .884 25
VALUES: 0 .47327382314793621728 0
VALUES: .25181963836118104 .8044708934157320515754940 16
VALUES: .071625848783093003738460 .874387 4
VALUES: .1891966124971389333943 .125200 8
VALUES: .6 .37294575 3
VALUES: .644174868390936140993362 .641687647821774624246585 22
VALUES: .03634699015 .9285 9
VALUES: 0 .053315022507057 21
VALUES: .4306706340123598077363 .2987258716 8
VALUES: .87904173342488746471351 .30 18
VALUES: .416189822232394 .635 12
VALUES: .6304112 .7235828183413443198 1
VALUES: .2880445563439383535 .6409094 24
VALUES: .20166323338673 .38745708 16
VALUES: .18681620508125 .1170824750133516 25
VALUES: .116182192721 .923659113450 22
VALUES: .784 .981567101548790 16
VALUES: .9617303730830853742275 .112 16
VALUES: 0 .955794613565270 14
VALUES: .850247 .9935 24
VALUES: .1660639353017471580071717 .9857328145 9
VALUES: 0 .667277027542534523537041 25
VALUES: .289066 .56032654306 16
VALUES: .6 .308445868619 4
VALUES: .1463797970550 .9 6
VALUES: .57573815518 .742137788967727168688487 1
VALUES: .434576943617914091706721 .7172503242542 16
VALUES: .990005 .80396734569314106965743 10
VALUES: .24634 .8642252231631952391851 3
VALUES: .95530632486457618066681 .1673 10
VALUES: .49239337758449 .7344777599755855649 10
VALUES: .5617456 .101 13
VALUES: .7664911879148546578164339 .3439230945296406500343 7
VALUES: 0 .189288166 21
VALUES: .30156404974 .1002212558175020981155 1
VALUES: .9730067902647440299 .2030823224231326771 19
VALUES: .644586861 .967299 17
VALUES: .7550011444266422 .59436 22
VALUES: .61083390554665445944914 .16700 18
VALUES: .653467612 .3927214 12
VALUES: .5497520408941 .0788891432059205004959182 4
VALUES: .42301 .184374761 1
VALUES: .29672 .4644 13
VALUES: .2245822 .8 13
VALUES: .711879148546578164339 .98 4
VALUES: .70183871 .532509 16
VALUES: .307621881437399862 .274219882505531 10
VALUES: .50194 .3436331731 13
VALUES: .98875410 .035263599603265430 21
VALUES: .18295567254139009689478 .6968 19
VALUES: .408712901503013656824 .400595101853971160448 21
VALUES: .9639734493018997 .114 5
VALUES: .76169985503929198138 .68628976882 8
VALUES: .55692378118562600137 .0437018387121385519188 13
VALUES: .28197146562905317769 .0823071641107804 7
VALUES: .374685 .440848401617456321049820 15
VALUES: .67 .415518425268940260 11
VALUES: .4 .0112458991378652 23
VALUES: .563881895170519569695 .49204 18
VALUES: .85938811322194 .2280308232242313 17
VALUES: .1936980239 .8510261692 1
VALUES: .964 .79557488364995803768 13
VALUES: .75519951171129930571450 .0437018387121385 8
VALUES: .1808651865415 .386572060730 21
VALUES: .702067597467002365148393 .169390402075226977 2
VALUES: .72832837 .7989776455329213 1
VALUES: .4573434042877851529 .872953383 7
VALUES: .90606546120 .9678187 9
VALUES: .088410772869 .34 17
VALUES: .5 .53 17
VALUES: .1117875944 .10118257419699397 14
VALUES: .0967483024338139925230 .01700923170824 5
VALUES: .046 .092301823453116655 13
VALUES: .04759441519798 .068 18
VALUES: .0803143358510719 .030981918059052414740 17
VALUES: .05121 .078979171435111009 15
VALUES: .0614816510261692225528 .039949645227740 24
VALUES: .0578561074235141527 .0836377508 3
VALUES: .04233005264362554 .0067887388418402380407415 21
VALUES: .059038681620508125429159 .05247882810711833371 11
VALUES: .024655 .077593652246890974 24
VALUES: .0920317387 .0300495918211642 11
VALUES: .08 .0119569 2
VALUES: 0 .05 20
VALUES: .008935683222705424 .08919661249713893339 23
VALUES: .016180666819256885 .019720759899290455481 9
VALUES: .072379644464789806973373 .065523765926604 13
VALUES: .0812756542305638208 .0615564202334 14
VALUES: .0034699015793 .0027985046158541237506 4
VALUES: .0543114366369115 .02847638666 10
VALUES: .0593453 .047014572365911345 5
VALUES: .05673151750972762 .096147096 3
VALUES: .0226810101472495613031204 .07341268024719615472648 13
VALUES: 0 .03214312962539101243610 25
VALUES: .009988555733577477683 .002572671091783016708 14
VALUES: .08741893644617380025 .082780193789578 9
VALUES: .009823758297093156328 .0309163042648966201 23
VALUES: .06200198367284657053482 .06551155870908674 11
VALUES: 0 .005239948119325551 24
VALUES: .0091355764095521477 .0776745250629434653238727 17
VALUES: .02464484626 .025667200732433051041 9
VALUES: .088815136949721522 .09 13
VALUES: 0 .05606927595941100175 9
VALUES: .0209338521400778210116731 .0956466010528725108720 22
VALUES: 0 .009704737926298924 20
VALUES: 0 .00502174410620279240100 25
VALUES: .0958999 .0580773632410162508583199 5
VALUES: .03523918516823 .03738307774471656 18
VALUES: .08901350423437857633325 .072462043 5
VALUES: .04 .008 7
VALUES: 0 .036464484626 25
VALUES: 0 .08924849317158 6
VALUES: 0 .0331303 6
VALUES: .0063 .0191012436 3
VALUES: .028542000457770656 .0712870 10
VALUES: .0566918 .0889021133745326924544 0
VALUES: .064106 .09729152361333 17
VALUES: .0351796749828336003 .01 21
VALUES: .014544899671931029221 .055648126955062180514 1
VALUES: .087 .00623331044480048 4
VALUES: .08839246204318303196 .0808392462043183 21
VALUES: .0570382238498512 .01739528496223392080567 10
VALUES: .0349324788281071183337 .048 5
VALUES: .057618066681925 .057607385 25
VALUES: .06840314335851071 .0743511100938429846646829 0
VALUES: .0895124742504005493 .082072 14
VALUES: .0963 .084721141374837872892347 6
VALUES: .004451056687266 .03697566186007476 14
VALUES: .05291981383993286030365 .0647333485923552300297 19
VALUES: .0523292 .034842450598916609 12
VALUES: .017903410391 .03 8
VALUES: .0754 .0492652780956740672922 5
VALUES: .00721 .0877424277103837644007019 15
VALUES: .0483375295 .0708140688181887541008 3
VALUES: .0593820096131837 .002 5
VALUES: .0110078583962767986572060 .097094682230869001297 2
VALUES: 0 .08397497520408941 15
VALUES: .084142824444953078 .09235523002975509 5
VALUES: .0652826733806363012130922 .09333180743114366 25
VALUES: .0535851071946 .018329137102311741817349 8
VALUES: .0064728770885786221103227 .0176379 12
VALUES: .043810177767 .0807003891050583657 25
VALUES: .075104905775539787899595 .021412985427634088654917 10
VALUES: .06 .03618677042801556 20
VALUES: .060 .00169527733272297245746 18
VALUES: .0326604104676 .0228992 15
VALUES: .081292439154650186923 .07 7
VALUES: .0515 .088354314488441290913 3
VALUES: .022505 .0966994735 24
VALUES: 0 .00409 22
VALUES: .0933867399099717708094911 .0455695 10
VALUES: .0407 .066306553749 20
VALUES: .015005722 .0663523308155947 13
VALUES: 0 .0564034 19
VALUES: .004734874494544 .0603524834058 21
VALUES: 0 .007907225146868085 17
VALUES: .000350957503 .05593 24
VALUES: .08828717479209582665751 .08771190966659037155 18
VALUES: .074015411612 .097955291065842679484245 16
VALUES: .025 .0798352 17
VALUES: .037183184557869840543 .0812726024261844815747 6
VALUES: .0532921339742122529945 .0752 19
VALUES: 0 .072 15
VALUES: .09257343 .094918745 24
VALUES: .0501594567 .045690089265278 0
VALUES: 888883802548256656748301.5449301899 483985656519417105363545.71270313572899977 5
VALUES: 728374151216906996261538.9069352254 663019760433356221866177.714946211947814145113298 20
VALUES: 131242847333485923552300.16630807965209 571801327534905012588692.492973220416 16
VALUES: 652185854886701762417028.41625085831998168917 795452811474784466315708.367589837491416800183108 17
VALUES: 72434576943617914091706.6491645685511558709086747 886045624475471122301059.615 24
VALUES: 155245288776989394979781.6407 582650492103456168459601.15687800411993591210 25
VALUES: 748073548485542076752879.3923094529640 560814831769283588921949.542183566 4
VALUES: 259235523002975509269855 577538719768062867170213.811718928816662851911192 12
VALUES: 112657358663309681849393.3412222476539253833829 43244068055237659266041.00 19
VALUES: 180987258716716258487830.749050125886 563134203097581445029373.0540169375143053330 3
VALUES: 877698939497978179598686.846417944609 691615167467765316243228.1174181734950789654383154 0
VALUES: 365987640192263675898374.5481803 137941557946135652704661.49324788281 7
VALUES: 182757305256733043411917.113344014648661020 328175783932249942778667.55921263447013046463721 2
VALUES: 815365835049973296711679.965 828122377355611505302509.28097 12
VALUES: 834363317311360341802089.651636530098 134096284428168154421301.460471503776607919432 17
VALUES: 829343099107347219043258.497734 995483329518577859159226.898008697 12
VALUES: 257923247119859616998550.134996566720073243 703349355306324864576179.9634699 6
VALUES: 371526665140764476997024.1 570305943389028763256274.70 15
VALUES: 328404669260700389105058.03735408560311284046692 929503318837262531471731.7324330510414282 9
VALUES: 146929121843289845120927.6016021972991 438498512245365072098878.02339208 13
VALUES: 726832990005340657663843.0 342854962996871900511176.89 1
VALUES: 341924162661173418783855.612909132 509620813305867093919279.264545 7
VALUES: 634210727092393377584496.199542229343099 202090485999847409781032.833691920347905699 3
VALUES: 105378805218585488670176.1363241016250 2044708934157320515754 1
VALUES: 26794842450598916609445.30775921263447013 137422751201647974364843 0
VALUES: 520485236896314946211947.2936598764 274464026855878538185702.022018768596932 21
VALUES: 350621805142290379186693.782 102052338445105668726634.5206683451590753032730601 6
VALUES: 314579995422293430991073 667475394827191577019912.35609979400320439459 7
VALUES: 163027389944304570077057.897550926985580224307621 88487067978942549782558.84948500 20
VALUES: 391302357518883039597161.4306248 124147402151522087434195.34 18
VALUES: 218127718013275349050125.668802929732 338841840238040741588463.84060425 19
VALUES: 57495994506752117189288.109132524605172808422980 573952849622339208056762.9875028610666056305790 2
VALUES: 843350881208514534218355.759990844 99671931029221026932173.547 1
VALUES: 759365224689097428854809.647287708857862 385961699855039291981383.607324330510414282 10
VALUES: 388403143358510719462882.040833 240588998245212481879911.25708 14
VALUES: 290440222781719691767757.396292057679102769512474 783825436789501792935072.078004119935912 23
VALUES: 698771648737315938048370 818539711604486152437627.9294575417715724422 11
VALUES: 932448310063324940871289.21785305561913481345845 929991607537956816968031.41913481345845731288 6
VALUES: 148287174792095826657511.10524147402 254154268711375600823986.9 24
VALUES: 774349584191653315022506.282948043030441748683909 866880292973220416571296.9129320210574502174410 22
VALUES: 254200045777065690089265.0238956 131761654077973601892118.583428 25
VALUES: 224658579385061417563133.97843900205996795605 370778973067826352330815.22394140535591668 15
VALUES: 562386511024643320363164.158754863813229571984 457679102769512474250400.091645685511558709 18
VALUES: 25345235370412756542305.612863355458915 222598611429007400625619 20
VALUES: 4242008087281605249103.528 5310139620050354772259.0928816662851911192492561 5
VALUES: 344045166704814221408407.377019913023 392980849927519645990691.603 2
VALUES: 914183260852979324025329.062165255207141222247653 701411459525444419012740.5 19
VALUES: 581445029373617151140611.3053330281528953994 929976348516060120546272.0539253833829 0
VALUES: 701472495613031204699778.042710002288853284504463 733028152895399404898145.2958113984893568 14
VALUES: 727336537727931639581902.072 819913023575188830395970.7983062485694 5
VALUES: 1083390554665445944914.92 460715648126955062180513.76832227054245 11
VALUES: 253299763485160601205462.476539253833829 421957732509346150911726.1363698786907 18
VALUES: 825986114290074006256198.151659418631265 245838101777676050965132.88912794689860379 3
VALUES: 870954451819638361181047.423849851224536507 514320592050049591821163.74905012588693064774547 11
VALUES: 828320744640268558785381.02870222018768 760311284046692607003890.29 15
VALUES: 163683527885862516212710.6 225741969939726863508048.9083085374227512016479 17
VALUES: 276142519264515144579232.19505607690547035 756588082703898680094605.1791 21
VALUES: 883115892271305409323261.495765621 866575112535286488136109.60 19
VALUES: 92408636606393530174715.70830853 713588158999008163576714.018997482 10
VALUES: 272663462272068360418096.9273060196841382467383 741435873960479133287555.526207370107 2
VALUES: 532875562676432440680551.843717097734035248 369848172732127870603493.9461661707484550240329 15
VALUES: 480201419089036392767223.1407644769970244907301441 300633249408712901503013.356191348134584573 1
VALUES: 832440680552376592660409.6 83802548256656748302433.7301899748226138704509040 18
VALUES: 684245059891660944533454.7212634470130464637 192553597314412146181429.577798123 18
VALUES: 411764705882352941176470.17647058823529411 570778973067826352330815.023941 14
VALUES: 912092774853131914244296.028473334859235523002975 194781414511329823758296.89837491416800 2
VALUES: 344777599755855649652856.90707 527412832837415121690699.0 7
VALUES: 781139848935683222705423.8011 271229114213778896772716.5976195925841153582055390 22
VALUES: 370016021972991531242846.9 862989242389562829022658.7845273517967 9
VALUES: 324528877698939497978179.27415884 610788128480964370183870.6030670634012359807 7
VALUES: 452246890974288548104066 873517967498283360036620.779 23
VALUES: 859723811703669794766154.629709315632867 408804455634393835355153.325 21
VALUES: 651987487602044708934156.6 259403372243839169909208.56031128404 8
VALUES: 531181811245899137865262.30547035934996566720 92957961394674601358052.855848020 2
VALUES: 795422293430991073472189.637170977340 750789654383154039826046.399588006408789196612497 25
VALUES: 540978103303578240634774.7699244678416113527122 82032501716639963378347.3658960860608834973678187 7
VALUES: 73579003585870145723659.03987182421 953780422674906538490881.78063630121 1
VALUES: 601037613488975356679636.234241245136186770428 854871442740520332646676.49 23
VALUES: 664271000228885328450445.662119478141451132982375 287235828183413443198290.70 6
VALUES: 321049820706492713817044.006 480308232242313267719538.6972304875257495994506 13
VALUES: 12832837415121690699626.141130693522545204852368 477058060578316929884793.90762188143739986266880 24
VALUES: 519951171129930571450369 940535591668574044403752.77885 0
VALUES: 209567406729228656443121.7863126 11245899137865262836652.15934 20
VALUES: 11932555123216601815823.593774319066147859 892011902037079423208971.4128633554589150835 17
VALUES: 734554055085069047074081.81 648538948653391317616540.131 23
VALUES: 258548867017624170290684.1085831 193316548409246967269397.8382696269 13
VALUES: 491508354314488441290912.7609 730647745479514763103684.3231403067063401235980773 9
VALUES: 693202105745021744106202.099 331715877012283512626840.2878004 26
VALUES: 499168383306630045014114.096086060883497367 568551155870908674753947.70336461432822156099794 9
VALUES: 440161745632104982070648.8312199588006408789196 413992523079270618753337.4970473792629892423895628 22
VALUES: 426901655603875791561760.4642252231631 490379186694132906080719 15
VALUES: 853665980010681315327686.6415655756466 465049210345616845960173.48780041199 21
VALUES: 245029373617151140611886.533028152895 823193713282978561074234.318333714808880 18
VALUES: 536797131303883421072708.7 359288929579613946746013.221240558 19
VALUES: 564614328221560997940031.47933165484092469672 234439612420843823910887.07768368047608 7
VALUES: 554360265506981002517738.058 693339436942092011902036.38 9
VALUES: 879194323643854428931104.63694209201190203707 413992523079270618753337.4970473 11
VALUES: 91660944533455405508506.8130464 908705271992065308613716.95197 16
VALUES: 198367284657053482871747 301289387350270847638666.06019684 24
VALUES: 441031509880216678110932.648 103364614328221560997939.928679331654840 5
VALUES: .93197528038452735 .07641718165865 13
VALUES: .9 .9896543 4
VALUES: .12242313 .50821698329137102 9
VALUES: .51 .41507591363393 18
VALUES: .61 .6206454 19
VALUES: .8 .6618753 7
VALUES: .2333867399 .998825 25
VALUES: .11841000991 .6959 2
VALUES: .7532616159304188 .622232394903486686503395 9
VALUES: .66 .59803158617532 10
VALUES: .9626306553749904631113145 .928664072 2
VALUES: .210147249561303120469 .31914244296940566109712 25
VALUES: .52733653772793163958 .745296406500343327992 4
VALUES: .8303959716182192 .01744106202792401007 25
VALUES: .089021 .487403677 20
VALUES: .75339894712748912794 .0733806363012 17
VALUES: .161898222323949034866865 .644449530785 8
VALUES: .592370489051651 .116182 1
VALUES: .6484473 .325597009231708 23
VALUES: .386343175402456 .75599298084992751 13
VALUES: .88499275196459906 .3379720759899 5
VALUES: .1880521 .299336232547 7
VALUES: .343114366 .641016250858319981689 3
VALUES: .6408026245517662317845426 .90699626153963530937 10
VALUES: .16565194 .13185320820935378042267 9
VALUES: .59606317235065232 .4889753 17
VALUES: .8222476539253833829251544 .567 1
VALUES: .9 .5722743572137026016632 9
VALUES: .55533684290 .2992446784161135 0
VALUES: 0 .3055313954375524 3
VALUES: .067689021133745326 .2505989166 24
VALUES: .1728084229800869 .1739375906004 0
VALUES: .9760 .1832761120012207217517357 22
VALUES: .648 .96507209887 24
VALUES: .4557 .7726100556954299 7
VALUES: .1 .051606012054627298390 14
VALUES: .35469596 .873 12
VALUES: .115144579 .255527580682078 8
VALUES: .7880521858548867017624 .077943 14
VALUES: 0 .35 3
VALUES: .78869306477454 .0002594 15
VALUES: .41245 .934431982909895475 13
VALUES: .52 .436881055 18
VALUES: .5496452277409018081940947 .6954604 23
VALUES: .167574578469 .03538567177843900 8
VALUES: .081803616388189517051 .816113527 17
VALUES: .0438 .7179 9
VALUES: .7439383535515373464560921 .743144884412909 12
VALUES: .8935683222705424582284275 .739 3
VALUES: .9911650263218127 .883299 2
VALUES: .5325856412603952086 .8923018234 2
VALUES: .482825970 .19560 17
VALUES: .865888456549 .823636224917982 12
VALUES: .738 .839444571602960250247 14
VALUES: .32724498359 .3859311818112 18
VALUES: .079255359731 .78471046005951018 15
VALUES: .48526 .9 2
VALUES: .52 .98 15
VALUES: .075516899366750 .069169146257 2
VALUES: 0 .895277332722972457 11
VALUES: .073 .43 3
VALUES: .10395971618219272 .7074540321965362020294 6
VALUES: .5717250324254215 .266025787747005 24
VALUES: .4959487296864271000228885 .262043183031967650 20
VALUES: .85326924 .382497901 18
VALUES: .7864 .682688639658 8
VALUES: .9270771 .2640421149004348821240558 4
VALUES: .0629892423895628290226596 .077988860914015411 19
VALUES: 0 .975158312 3
VALUES: .71073472190432 .0424658579385061417563134 15
VALUES: .3276264591439688715 .146791790646219 21
VALUES: .82270542458 .281300068665 25
VALUES: .08702220187685969 .27420462348363469 3
VALUES: .267 .580971999694819562066 22
VALUES: .1421683070115205615320 .8017242694743 17
VALUES: .813275349050125886930647 .778194857709620813305 3
VALUES: .33060196841382467383840 .502723 22
VALUES: .4686503395 .09004348821240558 16
VALUES: .0991531242847333 .67067978 25
VALUES: .99424 .7006027313649 0
VALUES: .9874265659 .7628747997253376058594644 15
VALUES: .277 .958 8
VALUES: .901884489204242008087 .995162890058747234302281 25
VALUES: .457282368 .77355611505 4
VALUES: .2095979247730220 .3386739909971770 22
VALUES: .7075303273060196841 .98025482566567 6
VALUES: .467994201571679 .022751201 19
VALUES: .1465323872 .264698252841992828259708 13
VALUES: .22825 .22131685 11
VALUES: .062928206301976043335 .9267261768 21
VALUES: .8854657816433966582742046 .5432822 9
VALUES: .74033722 .05008 6
VALUES: .952422369 .3197528038452735179 16
VALUES: .813763637750 .18861676 2
VALUES: .69623865110246433 .6862287 19
VALUES: .072220950637064164187075 .04359655146105134660868 5
VALUES: 0 .0843 5
VALUES: .04 .05515220874341954680 15
VALUES: .093600366216525 .07400 15
VALUES: .00367284657053482871 .0614511329823758 5
VALUES: .05 .0409277 7
VALUES: .087138170443 .02325 13
VALUES: .023152513923 .07243610284580758373 7
VALUES: .041875333791103 .07143053330 22
VALUES: .032503242542153047989623 .01505 20
VALUES: .01625696192874036 .0662394140535591 2
VALUES: 0 .0806073090 23
VALUES: .073331807 .03459220263981 11
VALUES: 0 .0745 21
VALUES: .034761577 .073237201495 17
VALUES: .057712672617685206378271 .0804 2
VALUES: .004867 .0669916838330663004 7
VALUES: .035353627832455939574 .0902876325 10
VALUES: .0480140383001449607080 .02886243991760 20
VALUES: .074831769283588 .069 7
VALUES: .0389 .04127565423056382085908 4
VALUES: .0156527046616311 .08551003280 0
VALUES: .09632 .04542458228427557 2
VALUES: .0169726100556 .0132524605172 17
VALUES: .0222018768596932936598764 .03099 13
VALUES: .0734767 .05 13
VALUES: .0491813534752422369726100 .00981918059052414740215 9
VALUES: .028317 .06940871290150301 5
VALUES: .0420050354772259098191 .0588921950102998 8
VALUES: .055109483482108 .03894560158693 6
VALUES: .0004089417868314641031 .028949416342412451361 17
VALUES: .0958098725 .060601205462729839017318 4
VALUES: .027612 .009608606088 24
VALUES: .0401297016 .0821667811093 17
VALUES: .091519035629 .01413290608072022 20
VALUES: .02513618677042801556 .0823376821545738918 4
VALUES: .085925078 .0749217975127794308 18
VALUES: .004 .086648355 18
VALUES: .0012359807736324101625085 .000964370183871213855 13
VALUES: .005026321812771801327 .0528450 16
VALUES: .03045853360799572 .0764766918440527962157 7
VALUES: .00653 .0774090180819409475 23
VALUES: .0158495460440985732814 .0676752880140383 11
VALUES: .08733806363012130 .040643 4
VALUES: .067525749599450 .0063462272068360418 9
VALUES: 0 .059122606240939 19
VALUES: .08723735408560 .049008926 10
VALUES: .064 .0403524834058136873 1
VALUES: .00290 .0930113679713130388 25
VALUES: 0 .0975249 20
VALUES: .08508583199816 .00714579995422 25
VALUES: .07227283131 .03123826 11
VALUES: .0070954451 .050527199206530 2
VALUES: .0355596246280613412680 .0265613794155794 19
VALUES: .0255176623178 .08 5
VALUES: .071 .0421972991531242 25
VALUES: 0 .0078477149614709697108415 15
VALUES: .09362325474 .0782803082322423132 4
VALUES: .0792278934920271610589 .096765 14
VALUES: .065407797360 .02065613794 19
VALUES: .0239749752040894178683 .0520149538414 6
VALUES: .04114442664225223 .024486152437 20
VALUES: .070084 .012 7
VALUES: .025101091020065613 .075033188372625314 12
VALUES: .0090074006256198977645532 .0979949645227 18
VALUES: 0 .07856412 4
VALUES: .0099946593423 .08362554 2
VALUES: .062742046234836346990157 .05378500038147 6
VALUES: .05 .092007324330510414 6
VALUES: .064638742656595712214847 .08764934767 24
VALUES: .01579461356527046 .0302510109102006561379 21
VALUES: .020965896086060883497367 .0838193331807431143663691 10
VALUES: .004194 .039624628061 23
VALUES: .03129320210 .0740093080 14
VALUES: .087280079346 .047405203326466 9
VALUES: .06196231021 .096968032349126420996414 6
VALUES: .06247959105821 .08017242694743266 5
VALUES: .01986419470 .079705500877 11
VALUES: .02321049820 .05847562371252002746623 7
VALUES: .019 .09024 25
VALUES: .08571755 .009951934081025406 5
VALUES: .088471808 .019424734874494544899 19
VALUES: .07163042648966201266 .0375692378118 3
VALUES: .05049668116273 .069417868314641031509 9
VALUES: .0183794918745 .03436 23
VALUES: .043982604715 .0610803387502861066605 21
VALUES: .0472419317921721217669947 .059420 21
VALUES: .00546883344777 .074450 16
VALUES: .075889 .06428168154421301594 8
VALUES: .08818646 .02916914 18
VALUES: .0537148088807507 .0603753719386587319 7
VALUES: 0 .06265506981002517738612 2
VALUES: 251316090638590066376744.999313344014648661 268146791790646219577324.82531471732661936369 20
VALUES: 299565117875944151979857.79153124284733348592355 772823682001983672846569.762005035 23
VALUES: 615213244831006332494086.513801785305561 313023575188830395971617.9062485694 17
VALUES: 764690623331044480048828.10 923949034866865033951322.796200503547722590 11
VALUES: 925871671625848783093002.8125886930647745479514 677119096665903715571831.1684596017395284962233 16
VALUES: 525505455100328068970778.4475 857618066681925688563362.23 9
VALUES: 113679713130388342107270.810254 394476234073395895323109.394186312657358 5
VALUES: 944640268558785381857022.02018768596 474586099031052109559776.7436942092011 20
VALUES: 19714656290531776913099.8505836575875 935988403143358510719461.94644083314259555962 21
VALUES: 498390173189898527504386.47040512703135 447074082551308461127641.271091 2
VALUES: 316624704356450751506828.0956740672922865 781567101548790722514686.0 22
VALUES: 478843366140230411230639.6371 700419623102159151598381.84325932707713435568780 11
VALUES: 467032883192187380788890.9650 469153887235828183413442.7291 1
VALUES: 829907682917524986648355.01048294804303 802563515678644998855572.5 12
VALUES: 831860837720302128633553.7572899977111467154955 957686732280460822461279.27425040 2
VALUES: 6851300831616693369954.979034103913939116502632 769695582513160906385899.8940718 10
VALUES: 613153276874952315556572.2105287251087 756466010528725108720530.257 2
VALUES: 894132906080720225833523.1769741 695109483482108796826122.750377660 21
VALUES: 990936140993362325474936.0 529350728618295567254138.480 22
VALUES: 751400015259021896696421.0079 609231708247501335164415.351705195696955825 9
VALUES: 134798199435416189822232.2601052872510 711039902342259861142900.0290226596475 5
VALUES: 20508125429159990844586.8414740 887388418402380407415883.75440604 18
VALUES: 727183947508964675364308.42 394399938963912413214312.5681 8
VALUES: 726802471961547264820324.29036392 397238117036697947661554.4970931563286793316548409 14
VALUES: 448126955062180514229037.4705424 2319371328297856107423.5118333714808 2
VALUES: 593377584496833752956434.89910734721 945250629434653238727396.628564888990615701 9
VALUES: 333760585946440833142595.2258 952468146791790646219576.372625314 17
VALUES: 751216906996261539635308.625 352071412222476539253833.47 17
VALUES: 550743877317463950560768.50395971618219272144 18677042801556420233463.0163424124513618 15
VALUES: 318440527962157625696192.555596 809979400320439459830624.046967269398031 15
VALUES: 205020218204013122758830.953902494 531792172121766994735636.913847562371252002746623 4
VALUES: 32303349355306324864576.1483634699015793087 8972304875257495994506.74314488441290913252460 7
VALUES: 7965209430075532158388.63932249942 734203097581445029373616.4169375143053330281528 0
VALUES: 614663920042725261310749.366262 959090562294956893263140.873517967498283360036621 2
VALUES: 269413290608072022583352.1376974135957885 629190508888380254825665.04563973449301 0
VALUES: 664255741206988632028686.296910048065 706279087510490577553978.08368047608148317 6
VALUES: 881498435950255588616768.78356603341725795376 220614938582436865796902.19794003204394598 24
VALUES: 68177309834439612420843.75573357747 231784542610818646524757.5312428473334859235523 23
VALUES: 876386663614862287327381.4 166948958571755550469214.75637445639734493 7
VALUES: 704829480430304417486838.3887846189059281300068665 213336385137712672617684.9930418860151064316777 6
VALUES: 393957427328908216983290.97706569008926527 826962691691462577248797.5250629434653238727397573 25
VALUES: 415640497444113832303348.9396658274204 93720912489509422446021.11 19
VALUES: 573815518425268940260928.7006179903868162050812542 118669413290608072022583.23373769741359578850 5
VALUES: 512458991378652628366521.193 436591134508278019378957.372213321126115815 9
VALUES: 36118104829480430304417.4507209887846 840939955748836499580376.056900892652780956740 22
VALUES: 573693446250095368886853.778942549782558937 596108949416342412451361.271595330739 19
VALUES: 712413214312962539101242.897871366445 84687571526665140764476.91233691920347905 6
VALUES: 165316243228809033340962.6789 403097581445029373617150.737514305333028152895 3
VALUES: 362035553521019302662698.9589 867429617761501487754634.06047150377660791943236 18
VALUES: 812542915999084458686197 713908598458838788433660.688395513847562371252002 16
VALUES: 982497901884489204242007.1047837033646 245029373617151140611886.5330281528953 21
VALUES: 735790035858701457236590.398718242160677500572 30777447165636682688639.62 21
VALUES: 120515754940108339055466.42407873655298 376409552147707331960020.98622110322728 21
VALUES: 89509422446021210040436.31851682307164110 964858472571908140688180.92268253604 25
VALUES: 893766689555199511711298.4119 839948119325551232166017.3 3
VALUES: 30334935530632486457618.036346990157930876630 822964827954528114747843.84019 15
VALUES: 790249485008010986495764.8311741817349507 371816586556801709010452.0581826504921 7
VALUES: 433112077515831235217822.10446326390478 742061493858243686579689.4997940032043945983 25
VALUES: 168566414892805371175707.4 717753871976806286717020.7211718928816662 22
VALUES: 791241321431296253910123.569787136644541084 382330052643625543602654.6874 3
VALUES: 607339589532310978866254.06573586633096818493934 75562676432440680552376.517097734035248340 5
VALUES: 880323491264209964141297.662439 367071030746929121843289.478049897 5
VALUES: 186404211490043488212405.39839780270084687 616617074845502403295948.11306935225452048 5
VALUES: 151537346456092164492255.8 693308918898298619058517.65 14
VALUES: 822903791866941329060806.3793545433737697413595 626214999618524452582588.829 3
VALUES: 12527656977187762264438.836942 163851377126726176852063.61886015 17
VALUES: 893095292591744869153886.34273289082 651743343251697566186006.8251773861295490959029 21
VALUES: 204226749065384908827343.9630 588448920424200808728159.93646143282215609979 19
VALUES: 959441519798580910963606.273334859235523002975 472709239337758449683374.8229343099107347219043259 3
VALUES: 993911650263218127718012 469047074082551308461127.172671091783016708628976 0
VALUES: 491218432898451209277484.8219729915312 489326314183260852979323.53600366216525520 2
VALUES: 518181124589913786526283.1470359349965667 29770351720454718852521.523598077363241016 10
VALUES: 511253528648813611047531.341954 330220492866407263294422.4972762645914 18
VALUES: 951705195696955825131608.11 750835431448844129091324.4952162966353856717 18
VALUES: 296116578927290760662241.25420004577706569 688151369497215228503852.21487754634927 9
VALUES: 975173571374074921797511.8042572671091783016 982085908293278400854504.2441290913252460517 10
VALUES: 861509117265583276112000.35921263447013046463 824261844815747310597389.882993 2
VALUES: 988784618905928130006865.57106889448386358434424 121568627450980392156862.623529411764 20
VALUES: 507789730678263523308155.439 39383535515373464560921.605539 18
VALUES: 87174792095826657511253.44 899275196459906919966429.2525 4
VALUES: 846173800259403372243838.323735408560311 420340276188296330205233.42417029068436713206683 19
VALUES: 930983443961242084382390.15774776 27954528114747844663157.0636758983749141680018310 6
VALUES: 305867093919279774166475.623025864042114 386938277256427862973982.9807278553 4
VALUES: 854520485236896314946211.0932936598764019226 646692607003891050583656.940856031128404669260700 4
VALUES: 486732280460822461280231.4504005493247882810 815915159838254367895017.1134355687800411993 5
VALUES: 275455863279163805600060.760 919417105363546196688791.32899977111467 19
VALUES: 73975738155184252689402.53531 177904936293583581292438.9767452506294346 10
VALUES: 134676127260242618448157.338 121736476691844052796215.640833142595559 8
VALUES: 946410315098802166781108.384481574731059739070 762203402761882963302051.576 16
VALUES: 750865949492637521934843.225635156786449988555733 228747997253376058594643.854566262 3
VALUES: 318501564049744411383230.01643396658274204623483 650766765850308995193407.45177386129549095 17
VALUES: 509544518196383611810482.4384985122453650 59616998550392919813839.873243305104142824444953 9
VALUES: 108049134050507362478065.047974364843213 128084229800869764248111.5679560540 11
VALUES: 652063782711528191042953.494575417 991165026321812771801326.543739986266880292973 4
VALUES: 727687495231555657282367.47251087205310 721492332341496910048065.19748226138704 0
VALUES: 460578316929884794384679.48143739 61081864652475776302738.933348592355 0
VALUES: 643915465018692301823452.4727397573 389242389562829022659647.1273 12
VALUES: 589761196307316700999465.34447241931792172121766 519340810254062714579994.902952620737010757 18
VALUES: 49729152361333638513771.21753261615930418860 301228351262684061951628.5 11
VALUES: 759426260776684214541847.10812542915999084 391775387197680628671701.7521171892881 22
VALUES: .6031586175326161593 .075608453498130769817 23
VALUES: .339986266880292973220416 .838086518 19
VALUES: .22627603570611123826 .108262760357 5
VALUES: .40 .05436789501792935072 3
VALUES: .75 .554 24
VALUES: .41219195849546 .7076523994 17
VALUES: .769481 .9497367 10
VALUES: .99839780 .9569848172732127 9
VALUES: .34569314106965743495841 .7955901426718 5
VALUES: .1856565194171 .37715724422064545662 16
VALUES: .0836194399 .321950 21
VALUES: .58496986343 .127 22
VALUES: .3 .20849927 19
VALUES: .98904402227817196 .8546883344 7
VALUES: .146 .642847333485923552300297 25
VALUES: .65328450446 .88880 2
VALUES: .30450 .989562 23
VALUES: 0 .66665 4
VALUES: .8799572747386892500190737 .5430380712596322 7
VALUES: .2563973449301899748226138 .7876401922636 16
VALUES: .5364309147783627 .583093003738460364690 20
VALUES: .7714961470969710841535057 .6102235446707866025787747 22
VALUES: .5530022125581 .9289234760051880674448767 13
VALUES: .98381017776 .14932 1
VALUES: .9648 .826 12
VALUES: .72108033875028610666 .38924 10
VALUES: .16 .249073014 9
VALUES: .793148699168 .05178912031 8
VALUES: .91 .012008 19
VALUES: .2724040588998245212 .972823 2
VALUES: .6423590447852292 .9952849622339208056763 8
VALUES: .4296482795452 .6783093003738460364 2
VALUES: .7840085450522621499961852 .095887 5
VALUES: .958770 .20421149004 12
VALUES: .958068207827878233 .575066758220798046845197 25
VALUES: .93420309758144 .1327534905012 21
VALUES: .6898451209277485 .19969 5
VALUES: 0 .861127641718165865 0
VALUES: .358754863813229571 .36090638 3
VALUES: .7736476691844052796 .369 12
VALUES: .6291905088883802 .63131151293202105 25
VALUES: .682 .63996337834744 6
VALUES: .477256427 .3807888914320592050049591 1
VALUES: .861554894331273 .40700389 6
VALUES: .13 .03967345693141069657434 1
VALUES: .744594491 .8903639276722362096 5
VALUES: .050568398565651941710536 .4010681315327687495 10
VALUES: .97367818722819 .818890669108110 25
VALUES: .9779507133 .90565346761 15
VALUES: .717112993057145037003128 .936 3
VALUES: .7046921492332341496910 .39334706645 9
VALUES: .833310444800488288700694 .2100 8
VALUES: .797772 .1445487144274052033 0
VALUES: .3094682230869001297016861 .48125429159990 14
VALUES: .313267719539177538719 .3315632867933 18
VALUES: .007 .73551537 1
VALUES: .83732356 .85259784847 10
VALUES: .859464408331425 .8222476 24
VALUES: .646143282215609979 .63675898374 14
VALUES: .80364690623331044480 .22738994 20
VALUES: .386587319752803845 .277607385366598001068 23
VALUES: .7923094529640 .502784771496 16
VALUES: .402731364919 .995056076905470359349965 11
VALUES: .4196993972686350804 .492698558 11
VALUES: 0 .2519 0
VALUES: .273792629892423 .4 9
VALUES: .35268177309834 .8795300221255817502098 13
VALUES: .826733806 .384786755168993667505912 14
VALUES: .3682001983672846570534 .188006408789196612497 2
VALUES: .05 .653513 19
VALUES: .2057221332112611581 .73369954985885404745555 22
VALUES: .1335317 .98551918 5
VALUES: .590280003 .41 23
VALUES: .6429 .7111009384298 15
VALUES: .860349431601434 .56348 18
VALUES: .79728389 .98416113 8
VALUES: .1006637674525062943465 .8478217746 12
VALUES: .866 .43262378881 15
VALUES: .5765011062790 .372716868848706797894254 14
VALUES: .43105210955977721828030 .892179751277943083848 19
VALUES: .6659037155718318 .3721522850385290 0
VALUES: .67 .177004 6
VALUES: .87103074 .93208209353780422 9
VALUES: .352010376134 .32176699473563744563 14
VALUES: .4859235 .93 14
VALUES: .13075455863279163 .73858 7
VALUES: .256473 .9816281376363 24
VALUES: .787335011825741969939726 .2 25
VALUES: .9734645609216449225604 .67455558098 0
VALUES: .1004501411459525444419012 .12568856 6
VALUES: .37685206 .30705729762722209506 23
VALUES: .1560 .820645456626230258 18
VALUES: .2872358 .9 3
VALUES: .197 .33971160448 11
VALUES: .047740901 .062067 13
VALUES: .04281986724650 .06575875486381322957 1
VALUES: .0657953765163 .0874052033264667734798199 22
VALUES: .08518959334706645304 .02177615 15
VALUES: .01575951 .09 2
VALUES: .07469748 .00931868 12
VALUES: .0162386511024643320 .032823682001983672846 0
VALUES: 0 .0436194399938963912 18
VALUES: .072788 .0384740978 12
VALUES: .03034409094377050 .003588921950 6
VALUES: .0792751964599069199664301 .095432974746318760967421 20
VALUES: .0932265201800564583 .0690852216372930495155 22
VALUES: .055133897 .0466849774929 5
VALUES: .08465705348287174792 .01018081 19
VALUES: .0864057 .0171831845578698405 13
VALUES: .058068207 .07160 18
VALUES: .01414358739604 .01960631723506 19
VALUES: .0056549935149156939040207 .086230258 17
VALUES: .025 .00086060883497367818 10
VALUES: .0483299 .07374074921797 7
VALUES: .023859006637674525062 .0797497520408941786 24
VALUES: .079949645227740901808194 .01969176 13
VALUES: .0459067673762111848630 .022020294499 11
VALUES: .060747692 .014062714 14
VALUES: .0285542076 .020076295 2
VALUES: .08540321965362020294499 .00800 22
VALUES: .0285725185015 .052039368 5
VALUES: .03633325703822 .0161364156557564660 16
VALUES: .092349126 .056749828336003 16
VALUES: .084 .05335927 0
VALUES: .07101 .04336308842603189135 5
VALUES: .07555 .011798275730525 15
VALUES: .073174639 .0131273365377279316395 25
VALUES: .0135713740749217975127794 .07176470 4
VALUES: 0 .0279865720607309071 3
VALUES: .07980926222629 .0036041809719996 20
VALUES: .03288929579613946746 .0685633630884260318913 6
VALUES: .0788509956511 .009851224536507209887 10
VALUES: .0595925841153582 .0511253528648813611047 22
VALUES: 0 .06045319 15
VALUES: .05326314183 .08276951247 22
VALUES: .046 .069970244907301441977569 24
VALUES: .03477683680 .094438086518654154268 4
VALUES: .04092164492256 .03 22
VALUES: 0 .0623758297 9
VALUES: .0204455634393 .07494468604 9
VALUES: .0089585 .0168093385 0
VALUES: .04606851300831616 .01994201 12
VALUES: .04465705 .0298725871671625848 9
VALUES: .02428778 .005317769130998702983 10
VALUES: .08554665445944914930952 .0387502861066605 12
VALUES: .090568398565651941710536 .0243 7
VALUES: .0926848 .00207064 19
VALUES: .0182 .04262302586404211 22
VALUES: .050916304264 .096940566109712367437247 13
VALUES: .079424734874494 .0870740825513084611276 22
VALUES: .013525 .087 2
VALUES: .045746547646295872434 .08973067826352 11
VALUES: .0723979552910658426794 .0499671931029221026 17
VALUES: .0650873579003585870145 .0107606622415503166247043 3
VALUES: .0461539635 .0249118791 6
VALUES: .02669108110170138094 .030577553978789 4
VALUES: .066164644846265354390 .08478217746 10
VALUES: .021886015106431677729457 .01328755626764 14
VALUES: .0266788738841840238040 .07662470435645075150 5
VALUES: .01542992294 .0645960173952849622 23
VALUES: .00606393530174715800717 .009 18
VALUES: .0741130693522545204 .08800793469138628213931 25
VALUES: .0712855725947966 .00217898832 5
VALUES: .097474631 .0903944457160296025 16
VALUES: .07144 .03986114290074006256 7
VALUES: .0831296253 .0737 1
VALUES: .076455329213397 .020070 22
VALUES: .0129625391012436102 .0149202716105897611 3
VALUES: .01615625238422217135 .0557488364 19
VALUES: .009188982986 .01561 23
VALUES: .0392965590905622949568 .08444953078 0
VALUES: .0724 .030312046997 13
VALUES: .010168 .050453955901426718 1
VALUES: .0630762188143739986266880 .0595117112993057145037003 4
VALUES: .0324 .0769481 22
VALUES: .046897077897306782635 .04797741664759288929 4
VALUES: .026947432669565880 .0944747081712062256809 18
VALUES: .0029602 .0116227969787136644541 11
VALUES: .0715175097276 .08355840390630960555428 3
VALUES: .02252841992 .0742000457770656 14
VALUES: .01251 .01192 23
VALUES: .0150469 .094456 24
VALUES: .085375753414 .071097886625467307 23
VALUES: .067177843900205996795605 .08 18
VALUES: .0750377 .01756466 19
VALUES: .0452079041733424887 .0087129015 16
VALUES: .07017776 .0529365987640192263 1
VALUES: 441977569237811856260013.291142137788967727168 627817196917677576867322.176791027695124742504 8
VALUES: 208606088349736781872281.7781185626001373311970 780651560234988937209124.114442664225 12
VALUES: 639536125734340428778514.6576333257038223849 727229724574654764629586.5162279697871366445410 7
VALUES: 56946669718471046005950.9615930418860151 119920653086137178606851.180910963607232776 20
VALUES: 979156176089112687876706.1239185168230716411 544518196383611810482947.4985122453650720988784 19
VALUES: 710185397116044861524375.57729457541771572442206 343739986266880292973220.07 19
VALUES: 853589684901197833218889.815518425268940260 100328068970778973067826.252002746 5
VALUES: 815793087663080796520942.1917601 902967879758907454032195 16
VALUES: 650324254215304798962385.860700389 331074998092622262912946.94900 12
VALUES: 815625238422217135881589.1744 404974441138323033493552.65827420462348363469901 5
VALUES: 666102082856488899061569.48725108720531013962005 394048981460288395513847.168322270542458228 4
VALUES: 36484321355001144426642.21574 518669413290608072022582.83373 4
VALUES: 335942626077668421454184.4508125 742931258106355382619973.3167315175097276264591 11
VALUES: 868833447775997558556495.6597390 799328603036545357442587.1307850766765 20
VALUES: 369161516746776531624322.51174181 42389562829022659647516.55 7
VALUES: 518699931334401464866101.564156557564660105287 226169222552834363317311.13417257953765163653009 1
VALUES: 727229724574654764629586.5162279697 421499961852445258258945.1 15
VALUES: 336537727931639581902799.693980315861 396612497138933394369420.52350652323186083772030 19
VALUES: 968413824673838406958113.0164797436484321355001144 507225146868085755703058.9266651407644 1
VALUES: 758419165331502250705729.00430304417 184924086366063935301746.9730830853742275 16
VALUES: 622156099794003204394597.68409246967269398 352910658426794842450598.5636987869077592 14
VALUES: 940352483405813687342640.3963378347447928587 258258945601586938277256.16 14
VALUES: 602456702525368123903257.1987 522667277027542534523536.518 23
VALUES: 578500038147554741741053.8199130235751888303959716 862790875104905775539787.036804760814 24
VALUES: 213763637750820172426947.218905 722270542458228427557792.8231631 23
VALUES: 446265354390783550774394.914991989013 761654077973601892118714.42870222018768596932936 15
VALUES: 937575341420614938582435.9282 350057221332112611581597.2695 8
VALUES: 642343785763332570382237.85616845 429922941939421683070114.7756923781 15
VALUES: 521995880064087891966124.449393453879606 7461661707484550240329.58741130693 5
VALUES: 314702067597467002365148.079285877 916395819028000305180437.01753261615930418 15
VALUES: 973678187228198672465094.01373311970702677958 638879987792782482642861.95 25
VALUES: 618707560845349813076981.146761272602426184481 913878080415045395590141.757 8
VALUES: 444342717631799801632714.898603799496452277409 240695811398489356832226.81 19
VALUES: 909925993743801022354466.1 251560234988937209124894.84266422522 16
VALUES: 405294880598153658350499.32767223620965896086 91676203555352101930266.17825589379720759899 18
VALUES: 615625238422217135881589.374456397 644968337529564354924848.6721904325932 6
VALUES: 185671778439002059967955.868345159075 758113984893568322270541.7001144426642 23
VALUES: 630472266727702754253451.72323186083772030212 693278400854505226214998.9252460517280842298008697 21
VALUES: 614099336232547493705652.853 329793240253299763485160.27141222247 11
VALUES: 703562981612878614480811.0764 879835202563515678644997.9757 25
VALUES: 20614938582436865796902.39794003204394598 821194781414511329823757.475898374914 21
VALUES: 155230029755092698558022.2755321583886472 212924391546501869230182.1323872739757 10
VALUES: 825467307545586327916379 670344090943770504310673.0154726482032 18
VALUES: 621835660334172579537651.01469443 403509575036240177004653.59 18
VALUES: 694377050431067368581673.2203250171663996 853498130769817654688333.62426184 21
VALUES: 936797131303883421072708.3025406271457999542 303227283131151293202105.4417944609750514991989 16
VALUES: 906797894254978255893796.300801098649576 2822919050888838025482.563744563973449301899748 9
VALUES: 192980849927519645990691 100068665598535133897917.043442435339 12
VALUES: 977187762264438849469748.01190203707942320 609842069123369192034789.96008239871824216067 20
VALUES: 341435873960479133287555.92620737010757610437170 970504310673685816739146.0501716639963378347447928 15
VALUES: 296742198825055313954375.227786678 265873197528038452735179.40910963607 4
VALUES: 941695277332722972457464.53476768139162279 715266651407644769970244.1 1
VALUES: 63477531090257114518959.271229114213778896772716 652109559777218280308231.59020370794232089 15
VALUES: 200869764248111696040283.616 549507896543831540398259.92199588006408789196612 18
VALUES: 446936751354238193331806.9842069123369 282093537804226749065384.626733806363012 2
VALUES: 715815976195925841153581.3 774837872892347600518805.969649805 15
VALUES: 931975280384527351796748.8963607 886762798504615854123749.7808194094758525978 22
VALUES: 305104142824444953078507.362554360265506 937376974135957885099564.1804989700 15
VALUES: 992599374380102235446706.87 31799801632715342946517.0964522774090180 24
VALUES: 997833218890669108110169.140260929274433 728694590676737621118485.5763332570 2
VALUES: 176928358892195010299839.6033417257953765163 781597619592584115358204.75742732890821698329 9
VALUES: 142915999084458686198214.55152208743419 901991302357518883039596.2598306248569466697 24
VALUES: 980102235446707866025786.766903181 249805447470817120622567.84357 0
VALUES: 67902647440299076829175.181963 543694209201190203707941.77720302128633554 17
VALUES: 545860990310521095597771.636942092 139177538719768062867170.075211718928816662851911 17
VALUES: 522026398107881284809643.1798123140306706340123 800778210116731517509726.8256809338521400778210 22
VALUES: 487190051117723353933012.4 751445792324711985961699.103593 25
VALUES: 463797970550087739375905 16876478217746242465857.921629663538567177843900 18
VALUES: 753810940718699931334400.71105516136415655 161226825360494392309452.80283817807278 2
VALUES: 846204318303196765087357.05 821896696421759365224688.27553 24
VALUES: 791103990234225986114289.2829022659 266453040360112916762035.287067978942549 20
VALUES: 294331273365377279316395.5246967 724315251392385748073547.7612 7
VALUES: 787121385519188220035094.9632410162508583199816 83344777599755855649652.7739 9
VALUES: 202441443503471427481498.233508812085145 619684138246738384069580.520164797436484321 12
VALUES: 127061875333791103990234.098 897550926985580224307620.983 19
VALUES: 386022735942626077668421.06816205081254291 693461509117265583276111.30775 22
VALUES: 462623025864042114900434.419501029983978027 710505836575875486381322.2466926070 15
VALUES: 699244678416113527122910.722133211 153536278324559395742732.737285420004577706569 24
VALUES: 523308155947203784237429.8574044403753719386587 617303730830853742275119.5474937056534676127260 24
VALUES: 333730067902647440299076.4954451819638361181 156664377813382162203402.6052 3
VALUES: 251621271076523994811932.303501945525291828 332082093537804226749065.05282673380636301 23
VALUES: 860196841382467383840694.9512016479743648432135 908079652094300755321582.9783932249942778667887 10
VALUES: 884138246738384069581138.9647974364843213550 937117570763714045929654.9719386587319752803845273 23
VALUES: 79545281147478446631570.836758983749141680018310 972075989929045548180360.666742961776 18
VALUES: 540657663843747615777828.1005264362554360265506981 381918059052414740215151.8268253604943923094529 3
VALUES: 615442130159456778820476.9919432364385442893110551 932402532997634851606011.1222247653925383382 0
VALUES: 617410543984130617227435.103959716182192721446 957228961623559929808498.317967498283360036621 8
VALUES: 343556878004119935912107.69031815060654612039368 618112458991378652628365.90359349965 18
VALUES: 775326161593041886015105.6563515678 691737239642938887617303.039093614099336232547 1
VALUES: 341985198748760204470893.0737468528267 911955443656061646448461.74158846417944609 18
VALUES: 846784161135271229114212.93211261 393530174715800717174028.751201647974364843213 11
VALUES: 601358052948805981536582.90363927672 129152361333638513771267.132616159304188601 4
VALUES: 768261234454871442740519.564385442893110 257816433966582742046234.578530556191 11
VALUES: 378179598687724116884107.35051499198901 443152513923857480735484.4122682536049 14
VALUES: 333791103990234225986113.9562829022659647516 769039444571602960250247.1900663767452506294346 11
VALUES: 140566109712367437247272.309269855802243076218 626688029297322041657129.1512932021057450217441 5
VALUES: 815075913633936064698252 788860914015411612115662.59711604486152437628 20
VALUES: 549217975127794308384831.9830167086289768825818265 635614557106889448386357.79 2
VALUES: 879209582665751125352864.00215152 804180971999694819562065.2673 25
VALUES: 57129777981231403067063.344 412771801327534905012588.2802929732204165712977 2
VALUES: .6191653315 .40 25
VALUES: .5506065 .062409399557488364995803 5
VALUES: .8612954909590295 .312809 23
VALUES: .923720149538 .548714427405203326466773 5
VALUES: .232684824902723735408 .51425955596246280 14
VALUES: .9339 .484611276417181658655 14
VALUES: .614129854276 .6662 13
VALUES: .3 .738857099 15
VALUES: 0 .4997329671168078126192 14
VALUES: .35934996566720073243 .0491950865949492637 12
VALUES: .2350804913405050736247 .4021515220874 20
VALUES: .72338445105668 .37053482871747920958 16
VALUES: .534355687800411 .548104066529335469596398 20
VALUES: .8 .04 21
VALUES: .0259861142 .73292133974212252 23
VALUES: .63390554665445944 .280048828870069 14
VALUES: .5664 .61312275883115892271305 4
VALUES: .38213168535896849011978 .717845426108186465247 13
VALUES: .157000076295109483482108 .073487449 0
VALUES: .957442587930 .5107957 22
VALUES: .83695 .895460440985732814 21
VALUES: .0395 .18683146410315098 23
VALUES: .24711985961699855039 .976028076 21
VALUES: .32372014953 .3273517967 3
VALUES: .9570458533607995727473868 .132372014953841458762493 0
VALUES: .15053025101091020065613 .04629587243457694 6
VALUES: .787533379110399023 .713603418020904859 11
VALUES: .382619974 .75236133363851377126 1
VALUES: .60939955748836 .691 7
VALUES: .5078660257 .5558403 15
VALUES: .822842755779354543373769 .008316166933699549858854 24
VALUES: .14532692 .5457999542229 13
VALUES: .170229 .96343938353 1
VALUES: .2003051 .0091401 21
VALUES: .8453803311207751583123 .95019455 0
VALUES: .2412298771648737315938048 .878843366140 21
VALUES: .648920424200808728160524 .63884946974898908979 6
VALUES: .0019531548 .55 16
VALUES: .97001602197299153 .719996948195620660715648 23
VALUES: .15951781490806439307 .46144808117799649042 10
VALUES: .972869 .9320973525 25
VALUES: .619119554 .09343 13
VALUES: 0 .02145418478 0
VALUES: .625162127 .69858854047455558098725 0
VALUES: .415701533 .417486839 21
VALUES: 0 .713206 0
VALUES: 0 .103395 18
VALUES: .50975814450293 .3197985809109636072327 12
VALUES: .66565957 .630319676508735790035 15
VALUES: .551476310368 .6 15
VALUES: .2841 .002334630350194552 14
VALUES: .66874189364 .0193789578088044556 3
VALUES: .6059662775 .3663233 8
VALUES: .7 .2581063553826 16
VALUES: .5161058976119630 .434958419165331502 25
VALUES: .384 .70585183489738307774471 19
VALUES: .1556420233463035019 .8250858319981689173723964 9
VALUES: .15 .7066758 21
VALUES: .82081330 .881284809643701838 20
VALUES: .471442 .48822766460669871061264 17
VALUES: .08204776073 .52088197146562905317769 21
VALUES: .623575 .51775387 20
VALUES: .671671625848783 .882078278782330052643 22
VALUES: .1 .075410086213473 13
VALUES: .0339208056763561455710 .1417410543984 14
VALUES: .3678492408636606393 .32199588006 6
VALUES: .90 .5190966659037155718 22
VALUES: .19555962462806134126 .612542915999084458686 20
VALUES: .147966735332265201 .0906843671320668 1
VALUES: .8907148851758602 .28963149462119 11
VALUES: 0 .59851 12
VALUES: .23036545357442587930113 .0903486686503395132 9
VALUES: .43750667582207980468451 .331609063859006637674 5
VALUES: .749584191653315 .37196 14
VALUES: .18634317 .4 2
VALUES: .173464560 .4026092927443350881208514 23
VALUES: .9 .02313 23
VALUES: .2400244 .22122529945830472266727 10
VALUES: .616021 .971587701228 10
VALUES: .1095 .64766918440527962157625 21
VALUES: .82645914396887 .23018234531166552224 8
VALUES: .26 .022751201647974364 15
VALUES: .54500648508430609597924 .7641412985427634088654 6
VALUES: .60 .15 14
VALUES: .40981 .3 7
VALUES: .2219882505531 .592690 11
VALUES: .25378805218585488 .6053 9
VALUES: .16729991607537956 .31738765545128557 14
VALUES: .55690852216372930495 .911787594415197985809109 23
VALUES: .87663080796520943 .2022583352407110 2
VALUES: .91726558327611200 .0060578316 3
VALUES: .69277485313191 .34732585 22
VALUES: .2274662394140535591668574 .258 22
VALUES: .58590066376745250629 .36482795 11
VALUES: .21513694972 .7040817883573662 18
VALUES: .97788967727168688487067 .297337300679026474402990 25
VALUES: .2803997863 .8184786755168 6
VALUES: .01296101319905 .062 7
VALUES: .0663096055542839703974975 .03 24
VALUES: .06904097047379 .0062333104448 14
VALUES: .05599603265430 .0989929045 22
VALUES: .000103761 .030969710841 6
VALUES: .0322041657129777 .0369558251316090638 6
VALUES: .016031128404669260700 .083428702220187 12
VALUES: .059 .03957579919127183947508 0
VALUES: .06841 .01406881 24
VALUES: .0313 .0656763561455710688944 21
VALUES: .0160646982528 .0341161211566 12
VALUES: .059848935683 .0925947966735332265201800 10
VALUES: .0053803 .03158 4
VALUES: .0188113221942473487449 .06615 24
VALUES: .0394903486686503 .002252231631952391851 6
VALUES: .0665720607309 .0621179522 9
VALUES: .040654612039368276493476 .060186160067139696 12
VALUES: .0009506370641641870756 .01848 11
VALUES: .0632120241092545967803 .077 16
VALUES: .092513923 .05786678873884184023804 18
VALUES: 0 .09306 15
VALUES: .00074769207 .08 12
VALUES: .0369085221637293049515526 .09364766918440527962157 16
VALUES: .0119584954 .09 1
VALUES: .027484550240 .0718669 22
VALUES: .06445563439 .0732051575494 22
VALUES: .0003875791 .0052033264667734798 23
VALUES: .098893720 .03893 23
VALUES: .09088120851453421835660 .014079499504 6
VALUES: .04601968413824673 .002760357 15
VALUES: .0367360952162966353856 .0711635004196231021591515 15
VALUES: .052205691615 .0280903334096284428 24
VALUES: .01797 .0651819 25
VALUES: .0813488 .08 17
VALUES: 0 .038 1
VALUES: .07084 .002615 13
VALUES: .0981 .09647516594186312 15
VALUES: .05597924773022049286640 .053553063248645 9
VALUES: .031 .0336827649347676813916 25
VALUES: .0125947966 .0019684138246738 0
VALUES: .076317998016327153429 .0029 25
VALUES: .0081086442359044 .006512550545510032806897 19
VALUES: .0198016 .021025 6
VALUES: .0079484245059891 .042391 0
VALUES: .0626077668421454184786755 .00588998 2
VALUES: .0284153505760280766002 .00169069962615396 7
VALUES: 0 .084 14
VALUES: .068894483863584344243533 .064 21
VALUES: .0107743953612573 .030727092 20
VALUES: .037 .04 7
VALUES: .078742656595712214 .0132646677347 21
VALUES: .073965056839856565194 .06284 13
VALUES: .072591744 .0856885633630 25
VALUES: .0807339589532310978866 .0272846570534 11
VALUES: .04790112153810940718699 .06902265 4
VALUES: .03388723582 .020160219 6
VALUES: .0400137331197070267795 .03794613565270466163 5
VALUES: .01956 .02077210650797283894 21
VALUES: .041559 .0332433051041428244449 21
VALUES: .04675516899366750591 .08777599755855649652857 25
VALUES: .0917555504692149233234 .05982604715037766079194 0
VALUES: .077956816968032349126 .062206454566262302586404 23
VALUES: .027129015030136568 .065369649805 17
VALUES: .061915007248035 .01254444190 4
VALUES: .04 .05975280384527351796 14
VALUES: .005244525825894560 .02462043183031967 14
VALUES: .02655 .05544213015945677882 10
VALUES: .0347936217288471808957045 .0698298619 7
VALUES: .032205691615167 .000798046845197 0
VALUES: .076714732 .0151506828412298771648737 20
VALUES: .052 .03034561684596017 1
VALUES: .02272068 .00549477378 14
VALUES: .070188448920424200808728 .025632 8
VALUES: .048351262684061 .0765087 4
VALUES: .03962615396353 .05607385366598 4
VALUES: 0 .058290989547570 16
VALUES: .07743648432135500114 .05222858014801251239 17
VALUES: .0615518425268940260929274 .0324452582589456015869 25
VALUES: .06762340733 .089 1
VALUES: .04664377813382 .022803082322423 13
VALUES: .027 .048967727168 3
VALUES: .02 .019258411535820553902 25
VALUES: 0 .071645685511558 14
VALUES: .0585046158541237506675822 .0638208590829327840085450 23
VALUES: .0174 .0370992599374380102235446 11
VALUES: .08818036163881895170519 .0144029907682917524986 7
VALUES: .08294499122606240939955 .096806286 15
VALUES: .015512321660181582360 .065271 15
VALUES: .0779293507286182 .04 5
VALUES: .05 .02420386053 10
VALUES: 922850385290302891584648.501121 132890821698329137102311.608926527809 5
VALUES: 715968566414892805371174.9916685740444037537193 568001831082627603570610.55582513160 9
VALUES: 923582818341344319829098.03117418173495078965438 948012512397955291065841.731471732661936369878 10
VALUES: 81300068665598535133897.8358434424353398947 498970016021972991531242.3483634699015793087663080 25
VALUES: 288441290913252460517280.5538567177843900205996 749965667200732433051040.6 13
VALUES: 338673990997177080949110.823300526 128297856107423514152742.68088807507438773 21
VALUES: 125383382925154497596703.92 53574425879301136797131.25030 1
VALUES: 688288700694285496299686.5017624170290684 144350347142748149843594.88120851453 25
VALUES: 840024414435034714274814.14433508812085 593377584496833752956434.899 8
VALUES: 923445487144274052033263.74428931105516136 494270237277790493629357.86385900663767452506 14
VALUES: 107515068284122987716487.2656443121995 899214160372320134279391.79171435111009384298466 17
VALUES: 282169832913710231174181.4527809567406729228 428259708552681773098343.96786 2
VALUES: 513618677042801556420232.94941634241245 205065995269703212024109.04953 7
VALUES: 384542610818646524757762.64284733348 471320668345159075303272.588876173 23
VALUES: 423163195239185168230715.9879148 745448996719310292210268.5762874 19
VALUES: 380163271534294651712824.827740 195513847562371252002746.428427557793545433 0
VALUES: 873853665980010681315326.8136415655756466 192156862745098039215686.082352941176 16
VALUES: 913344014648661020828563.97564660105287251087 450598916609445334554054.63447013046 8
VALUES: 200244144350347142748149.643350881208514534 778332188906691081101700.6026092927 4
VALUES: 793896391241321431296253.1162279697871366 20401312275883115892271.285008010986495 18
VALUES: 277225909819180590524147.12492561226825360494392 527504386968795300221255.2899977111467154955367360 18
VALUES: 239932860303654535744258.553078507 137178606851300831616693.2327763790341039139 8
VALUES: 844678416113527122911420.53321126115815 901350423437857633325702.9210345616845960173952849 24
VALUES: 47898069733730067902647.39240100709544518 90867475394827191577019.82 2
VALUES: 2578774700541695277332 485358968490119783321888.5815518 1
VALUES: 30685893034256504158083.436163881895170519 177965972381170366979476.4375829709315632867933165 14
VALUES: 50858319981689173723964.24303044174868390 327855344472419317921720.88 6
VALUES: 713237201495384145876248.6191 698847943846799420157167.22668802929732204 19
VALUES: 320790417334248874647134.797848477912 151644159609369039444571.4513160906385900663 12
VALUES: 902235446707866025787746.10 345342183566033417257953.41982146944380 8
VALUES: 831296253910124361028457.2445410849 348470283054856183718623.287754634927901 2
VALUES: 225833524071107042038605.0995651 358052948805981536583504.6392767223 7
VALUES: 620523384451056687266345.606683451590753032730601 204089417868314641031509.67612726024261844815 10
VALUES: 458411535820553902494849.62169832913710231174 84596017395284962233920.72108033875028610 18
VALUES: 140886549172198062104218.97866 610101472495613031204699.168642710002 10
VALUES: 51865415426871137560082.34685282673380636301 939604791332875562676431.5010757610437170977340352 25
VALUES: 402548256656748302433813.5899748226138704509040 560387579156176089112687.31631952 22
VALUES: 237811856260013733119706.7889677271686884870 574929427023727779049362.36090638590066 17
VALUES: 75410086213473716334782.865003433279926756 65354390783550774395361.19198901350423 4
VALUES: 324361028458075837338826.256855115587090867475394 980941481651026169222551.8534218356603341725795 3
VALUES: 884565499351491569390401.190661478599221789 922514686808575570305942.4665 7
VALUES: 750682841229877164873730.843121995880064087 669138628213931486991683.163927672236209 9
VALUES: 752788586251621271076523.2420233463035019455252918 685999847409781033035781.720347905699244 7
VALUES: 390905622949568932631417.93517967498283360 671931029221026932173646.99 24
VALUES: 208499275196459906919966.2216 59891660944533455405508.4 3
VALUES: 616296635385671778439001.4436713206683451590 27679865720607309071488.48990615701 5
VALUES: 15075913633936064698252.82691691462577248 217120622568093385214007.56498054474708171 22
VALUES: 18493934538796063172350.63382925154497596704051 724376287479972533760585.22206454 12
VALUES: 956038757915617608911267.831631952391851682307164 904310673685816739147019.7 16
VALUES: 696192874036774242771037.680247196 992004272526131074998091.6302586404 0
VALUES: 361669336995498588540474.19391165026321812771801 838208590829327840085449.684 21
VALUES: 553444724193179217212176.1 977981231403067063401235.0027924010070954 23
VALUES: 966750591287098496986342.2086 542717631799801632715342.4037994964 9
VALUES: 516090638590066376745250.11 337682154573891813534752.084687571526 5
VALUES: 856214236667429617761500.63154039826047150 239917601281757839322499.187869077 9
VALUES: 866025787747005416952772.4612039368 841306172274357213702600.82192721446 10
VALUES: 399343862058442053864346.8959945 17029068436713206683451 6
VALUES: 158449683375295643549248.33472 647379262989242389562828.3752803845273517967498 21
VALUES: 215945677882047760738536.4 647714961470969710841534.4098878461890592813 23
VALUES: 362554360265506981002517 398413061722743572137025.61821927 23
VALUES: 873472190432593270771342.6834058136873426413 816540779736018921187151.0870222 7
VALUES: 578408484016174563210497.628656443 981048294804303044174867.40988784618905928130 0
VALUES: 393560692759594110017547.4816205081254291599 830350194552529182879376.6015564202334630350194552 5
VALUES: 763454642557412069886319.5234149691004806591897 748241397726405737392232 21
VALUES: 525581750209811551079575.27360952 412588693064774547951475.8977798123140306706340 4
VALUES: 71625848783093003738460.29306477454795147631 198214694438086518654154.0704 8
VALUES: 939177538719768062867169.27521171 180865186541542687113755.82737468528267338063630 22
VALUES: 441596093690394445716029.16090 751995117112993057145036.2511329823758297093156328 17
VALUES: 806637674525062943465323.0661020 253284504463263904783703.111329823 10
VALUES: 53147173266193636987869.0244449530785076676585 364980544747081712062256.44435 3
VALUES: 728892957961394674601357.32405584802 253879606317235065232318.354497596 13
VALUES: 860852979324025329976347.65520714122224765 709910734721904325932707.003524834058136 19
VALUES: 149675745784695201037613.339299610894 811367971313038834210726.281025406271457 24
VALUES: 628747997253376058594643.4545662 799710078583962767986571.26102082 13
VALUES: 540428778515297169451437.62 476142519264515144579231.995 21
VALUES: 113939116502632181277180.0 593286030365453574425878.7078507667658503089951 5
VALUES: 754802777141985198748759.449668116273 139360646982528419928282.45772 9
VALUES: 30258640421149004348821.21 472892347600518806744487 11
VALUES: 553505760280766002899213.6068665598535133897917143 643198290989547570000762.3078965438315403 24
VALUES: 203982604715037766079194.119661249 41077286945906767376211.1437857633325 3
VALUES: 476386663614862287327381.838406958113984 254779888609140154116120.9018539711604 19
VALUES: 489646753643091477836270.205401693751430 252857251850156404974440 14
VALUES: 438529030289158464942396.7538109407 197177080949111161974517.23625543602655069810 17
VALUES: 832425421530479896238650.27003891050 812466620889600976577400.576104371 24
VALUES: 848920424200808728160524.0614328221560997940032043 155001144426642252231631.79 0
VALUES: 795956359197375448233767 341863126573586633096818.1520714122224765392538338 11
VALUES: 883070115205615320057983.4001373311 853986419470511940184633.3109636072327763790 22
VALUES: 878980697337300679026473.524010070954451819638 456214236667429617761501.031540 13
VALUES: 339909971770809491111619.405264362554360265506981 852368963149462119478140.5987640192263 25
VALUES: 642648966201266498817425.16035706111238 862027924010070954451818.776333257038223849851 14
VALUES: 693217364766918440527961.46440833142595 198809796292057679102769.31366445410849164 17
VALUES: 570916304264896620126649.310826 523796444647898069733729.544106202792401007095 24
VALUES: 580880445563439383535514.792584115358205539024 340413519493400473029678.4571755550469214923323 3
VALUES: 897642481116960402838177 837293049515526054779887.771847104600595101853971 12
VALUES: 71503776607919432364385 892668039978637369344624.116868848706797 2
VALUES: 150286106660563057907987.9476768 384832532234683756771190.5818265049210 23
VALUES: 619256885633630884260318.294300755321583886 645487144274052033264667.0893110551613 1
VALUES: 294316014343480582894636.15 370885786221103227283130.780407415884641 14
VALUES: 41306172274357213702601.62192721 115281910429541466392004.15724422 10
VALUES: 124162661173418783855954.70913252460517280 471519035629816128786144.3 6
VALUES: .377889677271686884870 .3635309376 24
VALUES: .67402151522087434195 .0893110551613 21
VALUES: .1443503471427481 .3058823 2
VALUES: .8031433585107194 .049088273441672388799877 1
VALUES: .164263370717936980 .8806744487678339818417 22
VALUES: .32144655527580682078 .339925 18
VALUES: .537636377508201724269474 .279 17
VALUES: .95815976195925841153582 .330632486457618066681 9
VALUES: .4 .8952010376 20
VALUES: .8825970 .575158312352178225375753 21
VALUES: .00930800335698 .60349431601434348058 25
VALUES: .972289 .707866025787747005416952 19
VALUES: .63569085221637293049515 .1494010833 10
VALUES: 0 .47383840695811398489 16
VALUES: .12434576943 .592416266117341 10
VALUES: .7235217822537575341420614 .30133 17
VALUES: .80796520943007553 .011337453269245 21
VALUES: .38004119935912108033 .345479514763103685053788 18
VALUES: .4732585641260395208667124 .49323262378881513694 14
VALUES: .995178149 .3444876 25
VALUES: .220 .29071488517586022735 24
VALUES: .6 .036179140917067215991 24
VALUES: .33092 .8509956511787594415197985 7
VALUES: .296375982299534599832150 .728572518501564 6
VALUES: .14418249790 .17219806 17
VALUES: .55104 .836865796 11
VALUES: .6686350804913405050736 .786 9
VALUES: .6269016556038 .324803540093080033569 24
VALUES: .80068665 .2710154 17
VALUES: .9573510337987335011825 .73876554512855725947 9
VALUES: .3066300450141145 .8364995803768 1
VALUES: .882200 .30753032730601968413 11
VALUES: .22883 .98001068131532768749 10
VALUES: .891142137788967727 .43518730449378 19
VALUES: .1229114213778896772716868 .5651 4
VALUES: .150118257419699397268635 .18379491874570 20
VALUES: .7147936217 .02227 19
VALUES: .069 .78060578316929884794384 14
VALUES: .89 .065 25
VALUES: .3606775005 .011215381094 10
VALUES: .4266117 .82816815 23
VALUES: .91 .4504005493 19
VALUES: .9437552452 .12 11
VALUES: .2211184 .6952620737010 10
VALUES: 0 .7118791485465781643396658 6
VALUES: .9483482108796826123445 .6852 24
VALUES: .216540779736018921187 .814206149385824368657 22
VALUES: .495445181963836118104829 .510246433203631647 3
VALUES: .504982070649271381704 .8984359502 3
VALUES: .07171740291447318 .068863 4
VALUES: .764629587243 .16098 0
VALUES: .742442969405661097 .16537727931639581902800 22
VALUES: .107 .24 13
VALUES: .6437323567559 .96729991607537956816968 5
VALUES: .9139238574807354848554 .66703288319218738078889 8
VALUES: .210 .8525215533684290836957 25
VALUES: .063721 .916243228 14
VALUES: .421 .597650110627908 6
VALUES: .865629053177691309987 .5504081788357366292820 19
VALUES: .5124589913786526283665 .8936140993362 22
VALUES: .506874 .67272449835965514 24
VALUES: .334 .640238 4
VALUES: .91750972762645914396 .122652018005645 1
VALUES: .4212100404364 .11 7
VALUES: .91296253910124361 .880 5
VALUES: .1029068436713206683451590 .4166 8
VALUES: .1570000762951094834 .55597 21
VALUES: 0 .273167 15
VALUES: .287800411993591 .2518959334706645304036 25
VALUES: .8585030 .85961699855039291981 2
VALUES: 0 .085786 25
VALUES: .7892423895628290226596475 .909 9
VALUES: .1932249942778667887 .9142442969405661097 1
VALUES: .79105821 .5791409170672159914 15
VALUES: .4 .2226443884946974 24
VALUES: .07669184 .444205386434 14
VALUES: .5579919127183947 .6339513237201495 9
VALUES: .48290226596475 .39517814 21
VALUES: .6 .691676203 11
VALUES: .670817120 .78033112077515 18
VALUES: .382528419 .900007629510948348 14
VALUES: .6748149 .875471122301060502 25
VALUES: .8700 .93188372625314 14
VALUES: .7081559472037842374303 .462027924010070954 8
VALUES: .49929045548 .504997 10
VALUES: .4806 .4 24
VALUES: .9668726634622720683604180 .22722209506370641641870 22
VALUES: .94163424124513618677042 .534187838559 24
VALUES: .01554894331273 .959044785229 5
VALUES: .151018539711604486152 .444327458609903 19
VALUES: 0 .8425 25
VALUES: .3930724040588998 .620004577706569 4
VALUES: .8388494697489890 .891325 4
VALUES: .0312626 .047046 13
VALUES: 0 .04561379 21
VALUES: .0195574883649958037689784 .068696116578927 25
VALUES: .008664 .075523 13
VALUES: .099571221484702 .06462348363469901 15
VALUES: .04597695887 .050693522545204852368 13
VALUES: .053838406958 .077326619363698786907759 24
VALUES: .03945830472 .0264 2
VALUES: .07337148088 .02 9
VALUES: .0435996032654306858 .0371709773403524834 23
VALUES: .098948653 .094746 13
VALUES: .0976943617914091706 .0046799 4
VALUES: 0 .0937346456092164 13
VALUES: .0741 .0271 23
VALUES: .05670099 .025998 15
VALUES: .0722362096589608606088349 .085505455100328068970 15
VALUES: .058701457236591134508278 .056 9
VALUES: .04093232 .0419699 10
VALUES: .086448462653543 .089785610742351 25
VALUES: .0458625 .03488 5
VALUES: 0 .00452 7
VALUES: .04941176470588235 .01859922 21
VALUES: .00649 .025676356145571068894 24
VALUES: 0 .01314869916 12
VALUES: .00139620050354772 .0462439917601281757839322 24
VALUES: .007954 .0444754711223 12
VALUES: .0027573052567330 .077 15
VALUES: .04845 .03768368 19
VALUES: .0034378576 .01 13
VALUES: .08809 .02445105 1
VALUES: .04955062180514229037918 .0844464789806973 13
VALUES: .0655298695353627832 .046643778 11
VALUES: .0973891813534752422 .0095002670 10
VALUES: .0590478370 .0074723430228 1
VALUES: .0982330052643625543602655 .044490730 15
VALUES: .0060914015411612115 .03837644007019 17
VALUES: .0152101930266 .04923 0
VALUES: .0733623254 .09334096284428168154421 18
VALUES: .0950438696879530 .014 11
VALUES: .0582345311 .058568703746089875638971 22
VALUES: 0 .034682230869001297016 11
VALUES: .09533531700617990386 .01892 8
VALUES: .0958587014572 .0194 8
VALUES: .06 .0972121766994735 15
VALUES: .08 .036931410 19
VALUES: .08087129015 .037047379262989242 15
VALUES: 0 .097747768368047 10
VALUES: .045148393 .00559395742732890821 9
VALUES: .08 .022020294 17
VALUES: .025944914930952925917 .0589440756847 3
VALUES: .0610208285648889 .088 0
VALUES: .0259464408331425955 .07030441 13
VALUES: .077918669413290608072022 .060006103608 25
VALUES: 0 .0099626153963 22
VALUES: .00976119630731670099946 .09123521782253757 15
VALUES: .0280125123979 .0981902800030518 9
VALUES: .072126344701304646 .0491 5
VALUES: .0957778286 .0842694 24
VALUES: .0163881895170 .076588082703898680094 21
VALUES: .0525764858472571908140688 .0236346 17
VALUES: .09836 .081991302357 11
VALUES: .021289387350270847638666 .0371389333943694209 1
VALUES: .0070435645075150 .07138628213931486991683 5
VALUES: .081911955443656 .0269642175936522468909742 20
VALUES: 0 .036942092 14
VALUES: .0876539253833829251 .029 7
VALUES: .0944930 .031442 1
VALUES: .094312962539101243610 .06991378 11
VALUES: .0054337376974135 .0053528648813611 18
VALUES: 0 .0562447547112230106050 20
VALUES: .033540856031128404 .081765468833447775997 8
VALUES: .06054627298390173189 .07 15
VALUES: 0 .044011596856641 14
VALUES: .0531517509727626459 .017271 24
VALUES: .012 .005032425421 3
VALUES: .0544945 .038458838788433661 9
VALUES: .015338 .02827954528114747844663 8
VALUES: .0371587701228351262684061 .0510780498970 8
VALUES: .098632791638056000610360 .03389486 12
VALUES: .027591363393606 .0854520485236896314946211 3
VALUES: .0084 .083811703669 17
VALUES: .0583779 .044908827 9
VALUES: .0096818493934538796 .045070 6
VALUES: .095721370260166323338673 .07161821927214465 8
VALUES: .0239429 .063462272068360418 6
VALUES: .07388113221 .0975082017242694 3
VALUES: .006498817425 .08000457 25
VALUES: .03914 .054090180819409475852 14
VALUES: .004182497 .02472877088578622 1
VALUES: 577172503242542153047989.046 805844205386434729533836.07521171892881666285 25
VALUES: 560051880674448767833981.28171206 467200732433051041428243.9823 2
VALUES: 530144197756923781185625.471229114 964171816586556801709009.48825 11
VALUES: 133974212252994583047226.53879606 881834134431982909895474.81817349507896543 6
VALUES: 289951934081025406271457.7095902952620737010757610 418799114976729991607537.538017853 7
VALUES: 130830853742275120164797.30565346761272602426 239932860303654535744258.553078507667658503089951 25
VALUES: 442404821850919356069275.5 771999694819562066071564.0406958113984893568 21
VALUES: 394201571679255359731440.82041657129777981231403 395407034409094377050430.671 5
VALUES: 19211108567940794995040.79867246509498741130693 157396810864423590447852.1352 3
VALUES: 631937132829785610742350.78333714 543846799420157167925535.42 4
VALUES: 817517357137407492179750.4604257 983855954833295185778590.608422980086976424 15
VALUES: 165880827038986800946059.19 847837033646143282215609.1315 14
VALUES: 879179064621957732509345.2717326619363698786907759 609399557488364995803768.369008926527809567 19
VALUES: 574380102235446707866025.213366903181506065461203 653681239032578011749446.20677500572 13
VALUES: 359884031433585107194628.4644083314259555962 921522850385290302891583.7279011215381094071869993 9
VALUES: 661676966506446936751353.576 112672617685206378271152 7
VALUES: 198504615854123750667582.009475 502006561379415579461356.02504005493247882810711 7
VALUES: 236057068741893644617379.7898832 24902723735408560311284.021789883268482490272373 15
VALUES: 460883497367818722819866.7 383596551461051346608681.99 1
VALUES: 741954680704966811627373.9433279926756694895857175 731013962005035477225909.08816662851 9
VALUES: 976440070191500724803539.1166399 781475547417410543984129.8357518883039 20
VALUES: 404608224612802319371327.8932478828107118333714 851697566186007476920728.5295490959029 0
VALUES: 920759899290455481803615.4 324956130312046997787441.50002288853284504463263 11
VALUES: 576806286717021438925764 870771343556878004119935.04 4
VALUES: 654169527733272297245745.893 902815289539940489814601.981139848935683222705 9
VALUES: 403234912642099641412985.0243991760128175783 498283360036621652552070.913939116502632181 7
VALUES: 631601434348058289463644.748729686427100022 23834592202639810788128.457129777981 4
VALUES: 925871671625848783093002.812588693 929091325246051728084228 6
VALUES: 540367742427710383764400.1 423971923399710078583962.3440 0
VALUES: 242801556420233463035019.212451361867704280155 512703135728999771114671.036850 15
VALUES: 904005493247882810711832 513633936064698252841992.3146257724879835202563515 12
VALUES: 164492256046387426565956.95765621 702037079423208972304874.555458915 14
VALUES: 833554589150835431448843.295536 56473640039673456931410.640 20
VALUES: 625818265049210345616845.334355687800411 491309987029831387808041.01322957198443579766536 9
VALUES: 218448157473105973907072.33820096131837949187457 798062104219119554436559.8184023804074158846 15
VALUES: 602929732204165712977797.520210574502174410620279 319844357976653696498054.154863813229571984435 16
VALUES: 789639124132143129625390.22279697871 342519264515144579232470.85607690 0
VALUES: 959136339360646982528418.9691462577248798352025635 53482871747920958266575.059052414740 20
VALUES: 460990310521095597772182.342092011902037 600640878919661249713892.73879 6
VALUES: 241458762493324177920195.0740215152208 359594110017547875181200.525429159990844586 0
VALUES: 902586404211490043488211.502998397802700846 310292210269321736476691 17
VALUES: 34134431982909895475699.9734950789654383 89188982986190585183489.64911 11
VALUES: 516075379568169680323490.74 733775844968337529564354.1910734721904325932707713 14
VALUES: 687479972533760585946440.14566262302 227313649195086594949263.52487983 21
VALUES: 47165636682688639658197.8623483634699015793087663 64682993820096131837949.122774090180819409 22
VALUES: 700999465934233615625237.7212 442603189135576409552147.2647287708857862 19
VALUES: 121675440604257267109178.1799954222934309910734 189883268482490272373540.66614785 18
VALUES: 921324483100633249408711.980178530556191348134 394979781795986877241168.4460975051 24
VALUES: 348638132295719844357976.305 511177233539330128938734.5 11
VALUES: 659311818112458991378651.9690547 125215533684290836957350.9085831 0
VALUES: 81361104753185320820935.296 268284122987716487373159.1121995880064087891 4
VALUES: 172762645914396887159532.901167315175097276264 458258945601586938277255.969604028381780727855344 6
VALUES: 164919508659494926375219.183520256351567864 183916990920881971465628.86926070038910505 1
VALUES: 804776073853665980010680.51055161364 18799114976729991607537.93801785 4
VALUES: 891630426489662012664987.2826276035706111238269 503746089875638971541923.658915083543144884 22
VALUES: 717448691538872358281833.4169832913710231174181734 198275730525673304341191.53133440146486 11
VALUES: 207370107576104371709773.1961547264820325017166 970016021972991531242846.36346 9
VALUES: 968047608148317692835888.251453421835660334 761913481345845731288623.637262 12
VALUES: 74982833600366216525520.6391393911650 227038986800946059357594.9511100938429846646829938 9
VALUES: 693812466620889600976576.70757610437 599603265430685893034255.904554818036163881 25
VALUES: 543511100938429846646829.394689860 555336842908369573510337.4319981689173 18
VALUES: 737743190661478599221789.1455252918287937 686396581979095140001525.2157930876630807 22
VALUES: 243610284580758373388265.5685511558709 23559929808499275196459.8833600366216525520714 22
VALUES: 780865186541542687113755.2273746852826733 694880598153658350499732.2722362096 12
VALUES: 838101777676050965133134.12794689860 513176165407797360189211.35 23
VALUES: 113923857480735484855420.6536049439230945296 764583810177767605096512.548912794689860 12
VALUES: 620172426947432669565880.2068665598535 947234302281223773556114.10579079880979 25
VALUES: 498222323949034866865033.453101396200503547722590 495750362401770046540016.28917372396429388876 9
VALUES: 6744487678339818417639.42256809 491935606927595941100174.9868162050812542 22
VALUES: 511757076371404592965590 443381399252307927061874.89040970 2
VALUES: 874494544899671931029220.1524376 705317769130998702983138.07 4
VALUES: 910383764400701915007247.1250171663996 830273899443045700770579.7755092698558022430762 10
VALUES: 543770504310673685816738.6 989578088044556343938352.561959258411535 22
VALUES: 116426337071793698023956 396627756160830090791179.888 3
VALUES: 379446097505149919890134 491721980621042191195543.8738841840 21
VALUES: 517738612954909590295261.5559624628061341268024 479728389410238803692682.8192721446 11
VALUES: 895826657511253528648812.715220874 558129243915465018692301.2 18
VALUES: 474967574578469520103760.87392 284702830548561837186236.0775463492790112 21
VALUES: 914839398794537270160981.766170748455024032959 238010223544670786602578.5366 3
VALUES: 719386587319752803845272.798580910963607232776 281025406271457999542229.062073 3
VALUES: 429770351720454718852521.12359807736 947554741741054398413060.77 1
VALUES: 392813000686655985351338.58635843442435339 393972686350804913405050.342275120164797436484 5
VALUES: 255771725032425421530479.64 831982909895475700007628.6789654383154039826 2
VALUES: 182604715037766079194323.46124971 138307774471656366826886.2582742 15
VALUES: 58274204623483634699015.73481345845731288 983749141680018310826275.0 17
VALUES: 232486457618066681925688.3308766308079652094 83131151293202105745021.660975051499198 11
VALUES: 926802471961547264820324.09 638925764858472571908140.049256122682536049 11
VALUES: 951369497215228503852902.0 668925001907377737087052.05099 19
VALUES: 474219882505531395437551.97866788 125932707713435568780041.073426413366903181506065 12
VALUES: 212420843823910887312123.0804 915785458152132448310062.409155413138017853055619 1
VALUES: 74372472724498359655146.03076218814373998626688 754283970397497520408941.032547493 14
VALUES: 911146715495536736095215.38548867017624170290 427008468757152666514076.020691 19
VALUES: 735759517814908064393071.66829938200961318 274967574578469520103761.07392996108 6
VALUES: 71335927367055771725032.35408560311284 148455024032959487296864 24
VALUES: 857007705806057831692987.6224 847074082551308461127640.87109178 24
VALUES: 195925841153582055390249.28908216983291371023 699244678416113527122910.72 18
VALUES: 612359807736324101625085.21963836118104829 2853437094682230869001.294163 20
VALUES: 433188372625314717326618.930510414282 600991836423285267414358.138612 16
VALUES: 373769741359578850995650.804989700160219729915 648264286259250782024871.55 22
VALUES: 16479743648432135500114.4261844815747310 638071259632257572289615.59752 8
VALUES: .38817425 .29878690775921263 21
VALUES: .10745403 .089494 3
VALUES: .371435111009384298466468 .79633783 25
VALUES: .480735484855420 .0174868390 20
VALUES: .91831845578698405 .7306324864576 9
VALUES: .5698786907759212634 .77 20
VALUES: .9819638361181048294804303 .26761 9
VALUES: .81493 .9652094300755321583 19
VALUES: .533379 .5 3
VALUES: .160723277637903410391393 .14988937209124895094224 7
VALUES: .7966582742046234836346 .035400 19
VALUES: .9272755016403 .45015640497444113832303 17
VALUES: .68778515297169451 .328953994048981460288 0
VALUES: .18719768062867170214389 .0112153810940718 24
VALUES: .28145265 .215609979400320 6
VALUES: .760 .919005111772335393301 8
VALUES: .65874723 .2759288929579613946746013 3
VALUES: .50545510032806 .303913939116502632 19
VALUES: .097108415 .55620660715648126 13
VALUES: .0145876249 .12784008545052 12
VALUES: .949446860456244754711223 .41744 19
VALUES: .9769588769 .1674982833600 3
VALUES: .1487907225146868085755 .872983901731898985275043 17
VALUES: .08577096208133 .9960 22
VALUES: .19023422598611 .59171 0
VALUES: .789623865110246433203 .42662699320973525 13
VALUES: .347035934 .5 2
VALUES: .6797589074540321965362020 .854764629587 19
VALUES: .8780 .6267185 18
VALUES: .8742198825055 .5898069733730067902647 23
VALUES: .291081101701380941481 .633096818 11
VALUES: .2887312123292 .124 23
VALUES: .3821316853589684 .7 5
VALUES: .151 .2402685587853818 13
VALUES: .3794613565 .081681544213015945677 9
VALUES: .845883878843366 .15109483482108796826123 9
VALUES: .3101 .5432211795223926146334019 6
VALUES: .4669718471046005951018539 .40076295109483482108796 14
VALUES: .12413214312962 .89 18
VALUES: .714168001831 .23790341039 21
VALUES: .6905165178912031738765545 .02436865796902 6
VALUES: .56594186312657358663309 .60407415884641 17
VALUES: .5313649195086594 .357137407492179 10
VALUES: .204516670481 .6827191577019913023 20
VALUES: .2458533607995727473868925 .1369649805447470817120622 22
VALUES: .09991607537956816968032 .5673762111 9
VALUES: .445761806668192 .77720302 1
VALUES: .53 .025986114290074 8
VALUES: .3572747 .85224689097428 14
VALUES: .817410 .3 16
VALUES: .3993 .376974 5
VALUES: .6 .2765239948 4
VALUES: .28416876478 .4841382467 0
VALUES: .988570 .91857785915922789 13
VALUES: .20752269 .3157854 18
VALUES: .03489738 .751430533 7
VALUES: .567254139009689478 .4 4
VALUES: .731486991683 .674555 15
VALUES: .2664 .0247 8
VALUES: 0 .35159838254367 25
VALUES: .768581673914702067 .9613 10
VALUES: .0316 .473 3
VALUES: .476951 .67780575265125 5
VALUES: .8247 .92 1
VALUES: .144 .88261234454871442740 22
VALUES: .18548867017624 .2202944991226062409399557 6
VALUES: 0 .075 24
VALUES: .14 .685358968 9
VALUES: .4323338 .53 12
VALUES: .386602578 .57907988097962 6
VALUES: .1392538338292515 .02337682154573891813 1
VALUES: .182711 .0243076218814 15
VALUES: .961211566338597695 .379 23
VALUES: .140337224 .656 1
VALUES: .76220340276188296 .647180895704585336079 24
VALUES: .803860532539864194 .0142366674296177 1
VALUES: .094346532387273 .60354009308003356984 6
VALUES: .9312428473334859 .0821545738918135 25
VALUES: .25 .101853 2
VALUES: .81429770351720454718852 .41280231937132 9
VALUES: .23399710078583962767986 .060700389 20
VALUES: .087830930037384 .7 5
VALUES: .6185244525825894 .63327992 16
VALUES: .01268024719615472648 .27589837491416800 23
VALUES: .1569085221637293 .8560006103608758678568703 8
VALUES: .654703593499656672007324 .899549858854047455 17
VALUES: .404821850919356069 .00338750286106 8
VALUES: .265140764 .7745 1
VALUES: .33 .5787136644541084916456 16
VALUES: .438513 .1603570611123826 8
VALUES: .723582818 .18 1
VALUES: .274341954680704966811 .0643167772 18
VALUES: .901670862897688258182 .71953917753871976806 4
VALUES: .8392919 .811291676203555352101930 23
VALUES: .1698634317540245670252 .732646677347981994354161 23
VALUES: .647028305485618 .96411 14
VALUES: .097486839093614099336 .0247409781033 10
VALUES: .03302815289539 .07887235828183413 6
VALUES: .0403479056992446 .0157595178149080643930 12
VALUES: 0 .0237232013427939269 17
VALUES: .0201815823605706 .09999694819562066071 1
VALUES: .092874036774242771 .0923216601815823605706 13
VALUES: .080975051499198901350423 .04005951 21
VALUES: .0566231784542610 .0852079041733424 2
VALUES: .01703974975204089417 .06421759365 11
VALUES: .087507 .0990783550774395 11
VALUES: .01326 .0076386 19
VALUES: .01997405966277561608300 .00880292973220 0
VALUES: .0422 .027647821774624246585793 19
VALUES: .014065766384374761577 .093385214007782101167 7
VALUES: .08 .044240482185091935606 15
VALUES: 0 .001802090485 22
VALUES: .08592050049591821 .05016 6
VALUES: .02946974898 .002525368123903257801174 7
VALUES: .0983550774395361257343 .090920881971465629 14
VALUES: .0852948805981536583504997 .030978866254673075455 10
VALUES: .0731181811245899137 .014448 6
VALUES: .0732 .0681345845731288624399 21
VALUES: .0560463874265659 .0732295719844357 9
VALUES: .044 .06516060120 5
VALUES: .05545586 .0617151140611886778057 0
VALUES: 0 .08836194399938963912413 23
VALUES: .063529411764705882 .0664347295338368810 0
VALUES: .0806851 .03682459754329747463 15
VALUES: 0 .0000915541313801 8
VALUES: .02921797512779430838 .0677241168 17
VALUES: .0505653467612726024261844 .04242008087281605249 24
VALUES: .04419623102 .0441092545967803463797970 0
VALUES: .06283 .01234302 7
VALUES: .0618112458991378 .0812863355 3
VALUES: .06071259 .0575 5
VALUES: .0549507896543831540 .015007248 23
VALUES: .0852216372930495155260547 .03951018539711604 19
VALUES: .00214999 .034071869993133440146486 7
VALUES: .08836 .08213015945677882047760 24
VALUES: 0 .020968947 2
VALUES: .099827573052567330 .0801709010452429 17
VALUES: .0893400473029678 .04952773327229 5
VALUES: .059066147859922 .04383306630 16
VALUES: .038326085297932402 .08299992370489051 12
VALUES: .061 .006547646295 11
VALUES: .040595101853971160448 .019 6
VALUES: 0 .00177615 5
VALUES: .041470 .019418631265 16
VALUES: .053 .025165178912031738765 0
VALUES: .06076295109483482 .02607309071488 20
VALUES: .013209735255970092 .0433203631647 1
VALUES: .09089799343862058442 .02240634775310 9
VALUES: .066 .070261692225 25
VALUES: .0343 .003741512169069962615396 20
VALUES: .0647165636682688639 .05721065079 13
VALUES: .090685893034256504158 .0586648355840390630 24
VALUES: .058883 .0827298390173189 19
VALUES: .0537895 .037534142 15
VALUES: .03554894331273 .08 21
VALUES: .0469748989089799343 .059932 9
VALUES: 0 .09951476 4
VALUES: .08327153429465171 .072 22
VALUES: .037000 .06511329823758297 12
VALUES: .070882 .0040894178683146410315098 22
VALUES: .0613672083619439993896391 .0436041809719996948195620 24
VALUES: .0515754940108 .086012054627298390173189 20
VALUES: .044950026703288319218738 .09 24
VALUES: .04897688258 .05422293430991073472 22
VALUES: .0554695963 .0446250095368886854 12
VALUES: .057645532921339742122529 .0649881742580300602 3
VALUES: 0 .0619516 12
VALUES: .0648 .04304264 16
VALUES: .019916 .05901731898985275043869 15
VALUES: .0719233997100785839 .048128480964 6
VALUES: .028500801 .0594583047226 9
VALUES: .0716807812619 .002 8
VALUES: .0560097657740138 .0830563820859082 17
VALUES: .0688899 .0889250019073777370870 15
VALUES: .017206 .0376104 23
VALUES: .06247196154726 .023776 20
VALUES: .0422415503166 .055 3
VALUES: .04485847257 .066079194 17
VALUES: .0881361104753 .06277409018 25
VALUES: .011041428244449 .0922529945830472266727702 8
VALUES: .079707026779583428702 .0210849164568551155870908 16
VALUES: .0413992523079270618753337 .01025864042114900 21
VALUES: .089820 .066092927443350 8
VALUES: .09449759 .054132906080720225 24
VALUES: 0 .06878614480 7
VALUES: .084542610818646524757763 .0658991378652628366 8
VALUES: .09080949111161974517 .050583 9
VALUES: 976943617914091706721598.16 940688181887541008621346.4309452964065003433279926 1
VALUES: 175158312352178225375753.23904783703364614328 700709544518196383611809.7822384985122453650720988 3
VALUES: 705973907072556649118790.7794918745708 602807660028992141603722.598535133897917143511 10
VALUES: 800671396963454642557411.269214923323414969100 304509040970473792629892.11 16
VALUES: 254108491645685511558708.8326390478370 75715266651407644769970.16919203479056992 21
VALUES: 543175402456702525368123.360082398718242160677500 657251850156404974441137.6 4
VALUES: 107148851758602273594262.5006179903868162050812 970244907301441977569236.8416113 14
VALUES: 1190203707942320897230.486335545891508354 966018158236057068741892.678599221789883268482490 21
VALUES: 368993667505912870984969.4 555626764324406805523765.3709773403 20
VALUES: 75532158388647287708857.786 22568093385214007782101.1447470 24
VALUES: 41886015106431677729457.49988555733577477 885755703059433890287631.6769970244 7
VALUES: 809933623254749370565345 334035248340581368734263.799 0
VALUES: 602990768291752498664834.9810 333180743114366369115739.34790569924467841611352 0
VALUES: 878217746242465857938505.2635 113618677042801556420233.34941634241 3
VALUES: 136491950865949492637521.7983520256351 251575494010833905546654.20 0
VALUES: 530769817654688334477759.4448157473105 386572060730907148851758.21570153353 23
VALUES: 741054398413061722743571.39597161821927 859739070725566491187913.994918745 10
VALUES: 359929808499275196459906.56003662165 962096589608606088349735.81977 15
VALUES: 607522697795071335927366.44824902723 959838254367895017929349.7687800411993591210803 25
VALUES: 840039673456931410696573.5095445181963836118104 37750820172426947432669.528130006866559853 14
VALUES: 118516823071641107804989.5816433966582742046 23163195239185168230716.38 22
VALUES: 664988174258030060273135.8269626916 426337071793698023956663.95147631 6
VALUES: 106752117189288166628519.0051728084229800869 225711451895933470664530.177889677271 6
VALUES: 144304570077058060578316.78558 24963759822995345998321.482627 7
VALUES: 742565041580834668497748.551705195 918333714808880750743876.399130235751888303959716 5
VALUES: 541893644617380025940336.6824902723735408 752895399404898146028838.7984893568322270542458228 20
VALUES: 942793926909285114824138.82984664682 874769207293812466620888.726207 18
VALUES: 621866178377965972381169.74511329823758 237705043106736858167391.232501716639963378347447 24
VALUES: 898573281452658884565498 955794613565270466163117.98828107118333714 14
VALUES: 59357595178149080643930.664682993820096131837 454917219806210421911954.9887388418402380 3
VALUES: 229724574654764629587243.2279697871366445410 930251010910200656137940 11
VALUES: 329152361333638513771266.932616159304 493232623788815136949721.02961776 4
VALUES: 492149233234149691004806.099748226138704509040 962218661783779659723810.7414511 18
VALUES: 888807507438773174639504.7188830395971618219 519737544823376821545738.398397 2
VALUES: 563515678644998855573357.1842526894026092927 536537727931639581902799.4939 15
VALUES: 324467841611352712291141.8133211261158159761959258 296284428168154421301594.27150377660791943 1
VALUES: 781948577096208133058670.157244220645456626230 502632181277180132753489.99862 17
VALUES: 950896467536430914778361.75605401693 520332646677347981994353.64156 21
VALUES: 918059052414740215152207.82536049439230945296 928328374151216906996260.6113069 11
VALUES: 236987869077592126344701.0676585030899519 433081559472037842374303.374044403753719386587 6
VALUES: 516227969787136644541084.4002288853284504463263 990203707942320897230486.53554589150835431 17
VALUES: 911528191042954146639199 293583581292439154650186.62943465323 15
VALUES: 683176928358892195010299.156603341 209628442816815442130159.2471503776607 19
VALUES: 63965819790951400015258.9579308766308 632471198596169985503928.5656672007324330510414282 9
VALUES: 717494468604562447547111.512 320149538414587624933241.459052414 8
VALUES: 141908903639276722362096.447699 738155184252689402609292.00617990386816205081 12
VALUES: 237613488975356679636835.041245136186770 71595330739299610894941.56264591439688715 25
VALUES: 313542381933318074311436.32336 68741893644617380025940.2 16
VALUES: 161470969710841535057602.64618905928130 673044937819485770962080.657541771572442206454 4
VALUES: 191195544365606164644846.0741588464179446097505 648783093003738460364689.9745 8
VALUES: 509010452429999237048904.656168459601739528 718944075684748607614251.207 7
VALUES: 651102464332036316472113.4863813229 391912718394750896467536.039 18
VALUES: 55924315251392385748073.4925612268253 188876173037308308537422.562325 2
VALUES: 382925154497596704051269.9306477454795147 525947966735332265201800.038 4
VALUES: 88380254825665674830243.293018997 572640573739223315785457.5794918745 18
VALUES: 42862592507820248722056.87328908216983291371 6225680933852140077821.0054474708171206225680 15
VALUES: 638437476157778286411840.3625543602655069 10284580758373388265812.151155870908674753948271 23
VALUES: 76508735790035858701457.160 97642481116960402838177.9751430533302815289 4
VALUES: 813092240787365529869534.54969 148455024032959487296864.12254520485236896314 2
VALUES: 524437323567559319447622.88290 110032806897077897306782.5252002 14
VALUES: 909117265583276112001219.8126344701304646372167544 760189211871519035629815.3685969 5
VALUES: 20798046845197222858014.780 960692759594110017547874.2 4
VALUES: 256748302433813992523079.01387045090409 16800183108262760357061.09558251316090638 24
VALUES: 940032043945983062485693.7269398031586 885618371862363622491797.390112 3
VALUES: 347966735332265201800564.23584344243533989 682413977264057373922330.8961318379491874 0
VALUES: 137621118486305027847714.82384985122453650720988 420386053253986419470511.51979858091 12
VALUES: 281910429541466392004272.24 705592431525139238574806.64925612268 6
VALUES: 849973296711680781261920.260883497367 95429922941939421683070.019775692378118562 8
VALUES: 88624399176012817578393.136369878690775921 844098573281452658884564.6552529182879377431906 4
VALUES: 990005340657663843747614.7878233005264362554 979766536964980544747080.7322957198 25
VALUES: 313939116502632181277179.818814373998 918471046005951018539710.6860151064316777294575 24
VALUES: 414969100480659189745936.87045090409704737 929808499275196459906919.03662165255 24
VALUES: 247867551689936675059128.46198214694 468940260929274433508811 8
VALUES: 433463035019455252918287.5042801556420233 122758831158922713054093.1 4
VALUES: 439948119325551232166017.7182879377431906614 877958342870222018768596.0 3
VALUES: 569436179140917067215990.885 23666742961776150148775.4398260471503776607 1
VALUES: 421866178377965972381169.9451 527580682078278782330052.116044861 18
VALUES: 968505378805218585488669.207736324101 204058899824521248187990.9457084000915541313801 2
VALUES: 314152742809185931181810.931746395056076905470359 315159838254367895017929 10
VALUES: 161120012207217517357137.24637216754406042572671 266971847104600595101853.7041886015106431677729457 11
VALUES: 421667811093308918898298.1973907072 486488136110475318532081.6070496681162737468528267 13
VALUES: 587670710307469291218432.3107 3982604715037766079194.319661249713893 1
VALUES: 96589608606088349736781.775692378118562600 463324940871290150301365.219 8
VALUES: 537651636530098420691233.1542687113756008 486732280460822461280231.4 16
VALUES: 783932249942778667887387.63447013 316914625772487983520256.0346532387273 10
VALUES: 64744029907682917524986.583611810 480384527351796749828335.5232 0
VALUES: 349355306324864576180666.46 306630045014114595254443.88349736 1
VALUES: 769069962615396353093765.9204 6363012130922407873655.2923323414969100480659189 19
VALUES: 657328145265888456549934.491828 532249942778667887388417.8701304646372167544060 16
VALUES: 553337911039902342259860.589562829 54825665674830243381399.1974 11
VALUES: 147722590981918059052414.5924925612268253 508033875028610666056305.2827649347676813916227969 24
VALUES: 787579156176089112687875.9195239185168230716411078 195956359197375448233768.0195010299839 25
VALUES: 5188067444876783398184.17120622568093385214007 580971999694819562066070.983840695811398489 12
VALUES: 638040741588464179446096.867109178301670862897688 193881132219424734874494.3510185397116044861524 14
VALUES: 751750972762645914396886.40778210116731517 824109254596780346379796.2308 1
VALUES: 620340276188296330205233.224170290684367 11123826962691691462577.23767452506294346532 17
VALUES: 539528496223392080567635.07502 355168993667505912870984.614694438 5
VALUES: 899092088197146562905316.870038910505836575 826901655603875791561760.06422522316 17
VALUES: 319478141451132982375829.3898374 829938200961318379491873.7409018 4
VALUES: 687266346227206836041809.032730601968413824 999526970321202410925458.6785076676585030899519340 22
VALUES: .18890669108110 .051316090638590066 21
VALUES: .49822232394903 .872083619439993896391 10
VALUES: .3328450446 .757351033 18
VALUES: .24661631189440 .0650339513 25
VALUES: .4757 .25830472266727 9
VALUES: .59208056763561455710688 .02841229877164873731593 14
VALUES: .6712596322575722896 .9514152742809185931 20
VALUES: .3893 .91583123 3
VALUES: .2113527122911 .29527733272297245 25
VALUES: .2 .880735484855420767 19
VALUES: .6415197985 .583901731898985275043 8
VALUES: .27 .838666 2
VALUES: .9387960631 .240207 17
VALUES: .7346456092164492256046 .54 17
VALUES: .62504005 .255024032959487296864271 17
VALUES: .79456778820477607385 .90055695429 3
VALUES: .466147859922178988 .9429617761501 15
VALUES: .20109864957656 .1 17
VALUES: .768459601739528496223 .2398565651941710536 12
VALUES: .5480125123979552910 .2274662394140535591668 14
VALUES: .043656061646448462653 .1510032806897 0
VALUES: .7742580300 .0624 10
VALUES: .92675669 .7906309605554 0
VALUES: 0 .50957503 25
VALUES: .54699015793 .437079423208972304 23
VALUES: .161974 .276 8
VALUES: .809643701838712138551918 .23228809033340962 11
VALUES: .45 .156466010528725108 15
VALUES: .82337682154573 .89561 9
VALUES: .68293278400854505226 .928542000 18
VALUES: .45215533684290836 .1792629892423895628 9
VALUES: .86321812771 .8606393530174715800717174 21
VALUES: .7136644541084916456855115 .298558 9
VALUES: 0 .418204013122758 19
VALUES: .501701380941481651026169 .334 13
VALUES: .84188601510643167 .3158 23
VALUES: .749874113069352254520485 .099992370489 9
VALUES: .0820325017 .28001831082627603570 17
VALUES: .863721675440604257 .2 7
VALUES: .60268558785 .5391470206759746700236 6
VALUES: .912352178225375753414206 .52162966 15
VALUES: .75 .20743114366369 12
VALUES: .99067673762111848 .6820782787823300526436255 2
VALUES: .3627985046158541237506 .74 20
VALUES: .701976043335622 .866285191119249256122 22
VALUES: .1153887235828 .2825207904173342488746 2
VALUES: .840 .6436865796902418554970626 22
VALUES: .3 .66741435873960479 3
VALUES: .143099 .1770962081330586 8
VALUES: .48798352025 .7507133592736705577 18
VALUES: .1093461509117265 .9 15
VALUES: .66 .16536202 23
VALUES: .90597390707255664911 .3 5
VALUES: .67367 .4208896009765774013885 25
VALUES: .36997024490730144197 .3177538719768062867170 2
VALUES: .97471580 .758815899 0
VALUES: .50850 .79522392614633401998 24
VALUES: .005630 .7 9
VALUES: 0 .0608072022583352 16
VALUES: .3 .36469062333104448 3
VALUES: .629541466392004272526 .6964827 22
VALUES: .359136339360 .23653 4
VALUES: .424 .438986800 8
VALUES: .09845120927748531319142 .48863965 21
VALUES: .23303578240634 .444510566872663462272068 13
VALUES: .06613260090 .7768978408484 21
VALUES: .259464408 .565316243228809033 16
VALUES: .01863126573586633 .889 18
VALUES: .10455481803616388189 .8155489433127336537727 18
VALUES: .75674067292286564431 .99873350118257419 1
VALUES: .78965438315403982604 .41765468 8
VALUES: .5861142900740 .9550 23
VALUES: .861066605630579 .52930495155260 17
VALUES: .374181734950789654 .3196612497138 8
VALUES: .4328526 .3880827038 3
VALUES: .4281681544213 .9127641718165865568 24
VALUES: .7965209430075532158388647 .41620508125429159990844 17
VALUES: .2037 .5809109636072 14
VALUES: .5730220492866407 .55635919737544 12
VALUES: .1550621 .5 12
VALUES: .722560463874265 .5253223468 0
VALUES: .15840390630960555 .69514000 9
VALUES: .36784924 .05 15
VALUES: 0 .360 12
VALUES: .80624 .9124895 3
VALUES: .035385 .01528 17
VALUES: .255954 .8514229037918 13
VALUES: .69394979781795986877241 .9962615396353093 7
VALUES: .6595 .23591973754482337682154 7
VALUES: .6359960326543068589303 .1392080567 6
VALUES: .38049 .788387884336614023 18
VALUES: .347707331960021362630 .207507438773174639505607 18
VALUES: .2956130312046997787441 .8494544899671931029221 13
VALUES: .21177996490424 .987670710307469 15
VALUES: .694 .36662851911192492 14
VALUES: .155886167696650644693 .27234302281223773556115 20
VALUES: .876966 .9987640 19
VALUES: .0462195773250934 .036185244525825894 13
VALUES: .069724574654764629587 .08641 20
VALUES: 0 .0141756313420309758144502 24
VALUES: .0237369344625009 .013058670 24
VALUES: .057990386816 .08286259250782 15
VALUES: .03787899595 .0335225 19
VALUES: .069335 .0710154879072251468 21
VALUES: .0419455252 .030954451819 23
VALUES: .05 .082 16
VALUES: .0604715037 .056330 24
VALUES: .00419317 .09753871976 5
VALUES: .03867704 .0198855573357747 24
VALUES: .06 .037610 18
VALUES: .0051468680857 .0185076 7
VALUES: .03647211413748 .076931410696 14
VALUES: .02 .0776409 0
VALUES: .07068131532768749523155 .002 4
VALUES: .0836331731136034180 .021 2
VALUES: .03635461966887922484 .0033813992 11
VALUES: .043233386739909971770809 .08442969 16
VALUES: .063189135576409552147 .075944151979858091096 4
VALUES: .065366 .044206912336919203479056 17
VALUES: .084 .024718089570458 25
VALUES: .08 .02229648279545281147 21
VALUES: .065203326466773479 .0723552300297 25
VALUES: .005 .0741 16
VALUES: .034851606012054627 .02818 17
VALUES: .070292210269321736476691 .075475700 3
VALUES: .0039459 .04414435034714 14
VALUES: .0124406805523765926 .0788 10
VALUES: .05755550469 .05146257724879835202 13
VALUES: .095924315 .025532921339742122529945 14
VALUES: .091920347905699244 .053841458762493324 5
VALUES: .06345769 .0171969176775768 10
VALUES: 0 .002282749675745784695 12
VALUES: .0489890897993438620 .00529182879377431906614 8
VALUES: .00752117 .0603875791 11
VALUES: .0000106813 .063266956588082703898 0
VALUES: .035332265201800564583 .05684290836957351 4
VALUES: .066053253986419470511940 .0859555962462 1
VALUES: .0881574731059739070 .0439 1
VALUES: .074454 .021805142290 17
VALUES: .0860257877470 .0163546196688792248 12
VALUES: .0817059 .0490 23
VALUES: .08830548561837 .081200885023270008 23
VALUES: .0637 .042105745021 17
VALUES: .06877698939 .007013046 9
VALUES: .08163271534294651712 .0970733196002136263 10
VALUES: 0 .0376943617914 7
VALUES: .0420859082932784008545052 .08017700465400167849240 23
VALUES: .006910 .083010605020 7
VALUES: .061959 .0146349279 10
VALUES: .01018692 .077 23
VALUES: .05 .0609887846189059281300068 14
VALUES: .018214694438086518 .046851300831 23
VALUES: 0 .058750286106660563057 7
VALUES: .033203631647211 .052 3
VALUES: .05304646372167544060 .007891966 2
VALUES: .08103456168459601739528 .0593087663080796 17
VALUES: .0924727244983 .0359426 19
VALUES: .05193408102 .05 7
VALUES: .051160448615243762 .01534752422369 4
VALUES: .01417 .02502632181277180132 6
VALUES: .098977645532921339 .0975 24
VALUES: .062409399557 .0268787670710307469291218 17
VALUES: .063010605 .095379 23
VALUES: 0 .084470893415732051 15
VALUES: .070762 .027904173 5
VALUES: 0 .0301670862897688 15
VALUES: .05390096 .0337 6
VALUES: .0871061264972 .085168230716411 7
VALUES: .006753643091 .098457312 5
VALUES: .04205844 .0879 23
VALUES: .064333562218661783779659 .064592965590905622949568 18
VALUES: .0703 .011496147096971084 18
VALUES: .0640756847486076142519264 .0127931639 18
VALUES: .01 .027048142214084 7
VALUES: .0213366903181506 .0035 25
VALUES: 0 .0177553978789 24
VALUES: .088137 .0389944 23
VALUES: .06 .0251132982375 22
VALUES: .03076371404592965590905 .073005 10
VALUES: .09045700770580 .016580453 24
VALUES: .00981460288395513847 .065296406500343 21
VALUES: .0120134279 .08009765774013 4
VALUES: .02344243533989471274 .0763 9
VALUES: .0863691157396810 .0899320973525597009 13
VALUES: .003 .069524681467917906462 22
VALUES: .01 .03 4
VALUES: 0 .012535286 11
VALUES: .04825360494 .0375722896162355992980 4
VALUES: .01844663157 .07005111 11
VALUES: .01 .0278156710154879072 11
VALUES: 957656214236667429617760.5438 378850995651178759441519.4197299153124 5
VALUES: 807278553444724193179216.40489 698649576562142366674295.478965438315 4
VALUES: 952712291142137788967726.2159761959 697245746547646295872433.8796 1
VALUES: 951201647974364843213549.0602 724086366063935301747157.2830 25
VALUES: 57221332112611581597619.5353 515281910429541466392003.75724422064545662 10
VALUES: 921355001144426642252230.710597390707255664 142534523537041275654230.4212863355458915083 5
VALUES: 935225452048523689631493.68596932936598764019 314717326619363698786907.4444953078507 24
VALUES: 428732738231479362172884.289356832227054245 426245517662317845426107.76 9
VALUES: 526787212939650568398565.125154497596704051270 533669031815060654612038.83460746166170748455 2
VALUES: 498725871671625848783092.50501258869 14633401998931868467231.2 6
VALUES: 374502174410620279240100.33504 376928358892195010299839.4033417257953765163653 4
VALUES: 760830090791180285343708.70739299610894941634241 690791180285343709468222.3961089494163 6
VALUES: 950743877317463950560768.103959716182192721446 523628595407034409094376.526802471 7
VALUES: 588570992599374380102234.8581368734 573220416571297779812313.45745021744106 18
VALUES: 231830319676508735790035 72098878461890592813000.6145571068894483863 9
VALUES: 565331502250705729762721.64 900205996795605401693750.53032730601968413824 19
VALUES: 769771877622644388494696.7201190203707942 57084000915541313801785.24847791256580453192950 9
VALUES: 74082551308461127641718.091783016708628 254352635996032654306858.67598992 22
VALUES: 180361638818951705195696.7754634927901121538109 282719157701991302357518.60032043945 19
VALUES: 789394979781795986877240 587045090409704737926298.337193865873197528 5
VALUES: 355672541390096894789043.66660 38254367895017929350728.5800411993591210803387502 22
VALUES: 88273441672388799877927 15060654612039368276493.46 14
VALUES: 955550469214923323414968.144930189 29495689326314183260852.94 1
VALUES: 166872663462272068360417.930327306019 696574349584191653315021.8104829 20
VALUES: 246402685587853818570229.40187 872602426184481574731058.866 9
VALUES: 448996719310292210269321.28747997253376058594 987380788891432059205003.971 12
VALUES: 566170748455024032959486.7306935225452048 67627985046158541237506.60819409475852597848477 12
VALUES: 101777676050965133134965.9 735408560311284046692606.2684824 7
VALUES: 610498207064927138170442.6640878919661 703639276722362096589607.9024490730144197 14
VALUES: 839749752040894178683145.570565 329320210574502174410619.94991989013504 14
VALUES: 102037079423208972304875.15545891 16708628976882581826504.9043259327 6
VALUES: 430609597924773022049286.210116731517509 448691538872358281834133.9832 6
VALUES: 706080720225833524071106.33595788509956511787594 758236057068741893644616.6217898832684824902 22
VALUES: 22735942626077668421454.162050812542915 301762417029068436713206.3816891737239642938887617 19
VALUES: 90897993438620584420538.5525749 361348897535667963683527.52 2
VALUES: 980544747081712062256808.35797665369649805447 87479972533760585946440.7456626230258640421 19
VALUES: 580605783169298847943846.21881437399862 57343404287785152971694.4570382238498512245365 6
VALUES: 867612726024261844815746.4429846 884885938811322194247347.86005951018539711604 12
VALUES: 752544441901274128328373.3 86594949263752193484397.56351567864499885557 15
VALUES: 810147249561303120469977.06427100 30472266727702754253452.32323186083772030212863 3
VALUES: 591073472190432593270770.75248340581368734264 883161669336995498588539.5 25
VALUES: 886747539482719157701990.4156 255390249485008010986495.5 21
VALUES: 293553063248645761806667.89 647959105821316853589684.253238727397573 10
VALUES: 613275349050125886930647.132204165 545815213244831006332493.5413138017853055 20
VALUES: 455649652857251850156404.518791485465781643396658 714732585641260395208666.4097047379 5
VALUES: 82948043030441748683909.278 846372167544060425726710.07145799954 14
VALUES: 948958571755550469214922.374456 797024490730144197756922.98416 11
VALUES: 909941252765697718776225.53394369420920 948455024032959487296863.3225452048523 11
VALUES: 839932860303654535744257.9530785 543923094529640650034332.255344472419317 11
VALUES: 407812619211108567940794.587228198672465 462211032272831311512931.558846417944609 6
VALUES: 54108491645685511558709.0326390478370336461 144930189974822613870450.759166857404 10
VALUES: 947753109025711451895932.52291142 409353780422674906538490.473380636301213092 24
VALUES: 846143282215609979400319.59 605874723430228122377355.0056305790798809796 22
VALUES: 50476844434271763179980.112794 892347600518806744487677 6
VALUES: 598779278248264286259250.183245593957427 877302204928664072632943.3509727626459143968871595 8
VALUES: 141603723201342793926909.143 182787823300526436255435.84376287479972533 11
VALUES: 880766002899214160372319 850049591821164263370717.0869306477 14
VALUES: 455039291981383993286029.9104142824 591058213168535896849011.38727397573 3
VALUES: 151903562981612878614480.6 532890821698329137102311.208926527 9
VALUES: 73289082169832913710231.1008 469001297016861219195849.077042801556420233 1
VALUES: 600549324788281071183336.54753 493965056839856565194170.5596704051270313 14
VALUES: 680491340505073624780650.87974364843213550011 112397955291065842679484.1326 25
VALUES: 997665369649805447470816.12295719844357976 692530708781567101548790.0299839 12
VALUES: 550072480354009308003356.434744792 855008773937590600442510.7799954222 9
VALUES: 731502250705729762722208.774868390 676081483176928358892194.334 25
VALUES: 923537041275654230563819.93554589150835 84336614023041123064011.5125200274662 25
VALUES: 164156557564660105287250.9230487525749599 168749523155565728236819.85108720531013962005 6
VALUES: 756313420309758144502936.6054016937514 687144274052033264667734.1 18
VALUES: 345296406500343327992675.324 639520866712443732356755.29242389562 5
VALUES: 857618066681925688563362.2308079652094300755 412146181429770351720454.30670634012359807 12
VALUES: 57526512550545510032806.83955138475 231036850537880521858548.635980773632410162508583 24
VALUES: 636606393530174715800716.53742275120 816418707560845349813076.165 21
VALUES: 145906767376211184863050.13257038223849851 422796978713664454108491.22288 18
VALUES: 315449759670405127031356.9745479 591546501869230182345311.0739757 17
VALUES: 828839551384756237125199 697978179598687724116883.4097505149919890 7
VALUES: 184863050278477149614709.512245365072 941969939726863508049133.108537 5
VALUES: 60288395513847562371251.942458228427557793545433 526283665217059586480506.073243305104 0
VALUES: 271732661936369878690775.64953078507 233005264362554360265506.7479972533760585946 23
VALUES: 265232318608377203021286.070313572899 438696879530022125581749.7711146715495 7
VALUES: 342717631799801632715342.603799496452277409 450049591821164263370717.48693 16
VALUES: 175555046921492332341496.7344930189974822613 948424505989166094453344.5 6
VALUES: 461066605630579079880979.16813916227969787136 222507057297627222095063.4839093614099336 3
VALUES: 266758220798046845197222.59125658045319295033 406500343327992675669489.1792172 23
VALUES: 227069504844739452201113.6815289539940489814 882871747920958266575111.65241474 20
VALUES: 417654688334477759975585.1473 349614709697108415350575.67846189059281300068 22
VALUES: 603845273517967498283359.43277 177508201724269474326695.4813000686655985351338979 0
VALUES: 427664606698710612649728.724696726939803158617532 714473182269016556038757.2011 10
VALUES: 113984893568322270542458.1144426642252231631952391 753292133974212252994582.29 15
VALUES: 529289692530708781567101.0 414267185473411154345006.0708171206225 2
VALUES: 666468299382009613183794.252277409018081 669733730067902647440298.40709544518 18
VALUES: 4577706569008926527809.562829022659 513572899977111467154954.8537880521858548 22
VALUES: 492347600518806744487677.84747081712 206134126802471961547264.614190890363 10
VALUES: 700862134737163347829403.434332799267566948958571 347096971084153505760280.4189059281300068665598535 20
VALUES: 310963607232776379034103.602975509269 233401998931868467231250.2434 15
VALUES: 901182574196993972686349.90373083085374 673487449454489967193102.24861524376287 5
VALUES: 114229037918669413290607.957793545433 704707408255130846112763.467109178301 1
VALUES: 915846494239719233997099.8699931334401464866 660898756389715419241625.9508 16
VALUES: 743694209201190203707941.5 120744640268558785381856.902220187685969329365 10
VALUES: 273853665980010681315327.413641565575646 971358815899900816357670.50189974 17
VALUES: 154863813229571984435797.51050583657 139971007858396276798657.0661020828564888 11
VALUES: .123201342 .886182955672541390096 7
VALUES: .124345769436179140 .8405279621576256 8
VALUES: .60381475 .113130388 11
VALUES: 0 .540596627756160 6
VALUES: .456305790798809796 .0983596551461051346608682 21
VALUES: .71058213168 .80956740672922865 0
VALUES: .70093842984664682 .2802777141985198748760 19
VALUES: .58 .1891355764095521477073 24
VALUES: .2113069352254520485236896 .28 17
VALUES: .071641107 .20387579156176 1
VALUES: .2868238345922 .9505607690547035934996566 2
VALUES: .66810101 .2 9
VALUES: .14227512016479743 .8 20
VALUES: .6098115510795757991912718 .396261539635309376 18
VALUES: .87109178301670862 .9889372091 4
VALUES: .04911879148546578 .7235523002975509269855802 14
VALUES: .6 .91982909895475700007629 15
VALUES: .35561150530 .493904 12
VALUES: .83436331731136034180209 .796246280613412680247 7
VALUES: .738002594033722438391699 .953963 21
VALUES: .56574349584191 .083 16
VALUES: .49568932631418 .94250400549 17
VALUES: 0 .8474250400549324788 23
VALUES: 0 .803097581445029373 18
VALUES: .08340581 .8 23
VALUES: .390707255664911879 .2858319981689173723 16
VALUES: .6276340886549172198062104 .59 19
VALUES: .4037079423208972304875257 .22406347 20
VALUES: .723582818341 .6281681544213015945 7
VALUES: .0447241931 .5181048294804303044 21
VALUES: .02835126268406195162 .235 8
VALUES: .76336308842603189135576 .18324559 21
VALUES: .04208438239108873 .02801556 8
VALUES: .40427252613107 .603799496452 12
VALUES: .755245288776989394 .40161745632 6
VALUES: .7615777828 .2859998 20
VALUES: .417669947356 .581536583504997329 20
VALUES: .1942931258106355382 .8766308079652094300755321 8
VALUES: .59224 .1058365758 18
VALUES: .176348516060120546272983 .01986724650 0
VALUES: .99020370794232089723 .6 6
VALUES: .453925383382 .8235904478522926680 3
VALUES: .666269932097352559 .3 16
VALUES: .4725719081406881818 .734691386282139314869916 23
VALUES: .8943312733 .876905470359349 12
VALUES: .5077 .8211490043488212405584 12
VALUES: .580102235446707 .093247882810711833371 4
VALUES: .051529716945143816281 .8577248798352 25
VALUES: .7258716716258487830 .288 23
VALUES: .7438925764858472571908140 .633722438391699092088197 15
VALUES: .492484931715877012283 .6891126878767071030746929 8
VALUES: .202334630 .62952620737010757610 24
VALUES: .1 .0936751354238193331807431 6
VALUES: .5136186 .5385976958 18
VALUES: .80868 .7796444647898069733 19
VALUES: .56221866178377965 .83067063401235980773632 16
VALUES: .93559166857 .5385061 10
VALUES: .34608987 .2455939574273289 22
VALUES: .811215381094071 .7284809643 1
VALUES: .2 .41652552 14
VALUES: .71322194247348744945448 .42394 24
VALUES: .15742732890821 .2905012588693 3
VALUES: .502418 .7527580682 19
VALUES: .8 .6477759 11
VALUES: .44832 .8899977111467154955 17
VALUES: 0 .1 12
VALUES: .245090 .8252231631952 24
VALUES: .928343 .406103608 1
VALUES: .738033112077515 .41504539559014267185473 2
VALUES: .318867780575265 .780956740672922 11
VALUES: .342687 .181246662088960097657740 21
VALUES: .388 .47 19
VALUES: .44681467917906462 .873777370870527 4
VALUES: .6067902647440 .221972991531242847333 12
VALUES: .33977264057373922 .23317311360341802090 9
VALUES: .39093614 .7670252536812 24
VALUES: .49198138399328603036 .566613 16
VALUES: 0 .04 7
VALUES: .5514305333028152 .37845 10
VALUES: .8991378652628 .88824292362859540703 3
VALUES: .853 .5384 9
VALUES: .202105 .978912031738765545128 9
VALUES: .6581979095140001525902189 .6714 14
VALUES: .97822537575341 .078950179293507286182 3
VALUES: .58670939192797741664759 .5602960250247959105 6
VALUES: .829266803 .185992217 4
VALUES: .220401312275883115892 .31567864499 7
VALUES: .4203097581445029373617151 .08795300221255 15
VALUES: .9314717 .9791 20
VALUES: .3121232 .4812542 5
VALUES: .91268787670710307469291 .6474555580987258716716 20
VALUES: .031067368581673 .91952391851682307164110 1
VALUES: .354116121156633859 .49681849393 9
VALUES: .55527580682078 .5226214999618524 25
VALUES: .702647440299076829 .376791 12
VALUES: .02620431830319676508735 .03638971 22
VALUES: .0942351415274280918 .05093156328679331 5
VALUES: 0 .031993591210803 16
VALUES: .067728694590676 .0006118867 24
VALUES: 0 .0157579 25
VALUES: 0 .0970214389257 22
VALUES: .0071 .01236743724727244983 21
VALUES: .089 .0385244525825894560 6
VALUES: 0 .019295033188372625314717 20
VALUES: .0538750286106660563 .008462653543907835507743 23
VALUES: .0251270313572899977 .05775 1
VALUES: .0128511482413977 .01 0
VALUES: .03957732509346 .064162661173418783 7
VALUES: .0289 .02697 25
VALUES: .03558709 .032252994583047226672770 9
VALUES: .07052872510 .0026047150377660791 0
VALUES: .0370016021972 .065403219653620202944991 9
VALUES: .03329823758297093156 .0534599832150759136 20
VALUES: .034991 .00795605401693 11
VALUES: .0636408026245517 .076 21
VALUES: .095158312352 .079737544823376 4
VALUES: 0 .049 8
VALUES: .07276722362096589608606 .097703517204547188525 6
VALUES: .020714122224765392538338 .01529869535362 4
VALUES: .0982406347 .062131685358968490 16
VALUES: .00769512474 .01849240863660 18
VALUES: 0 .07778744 16
VALUES: .02894636 .00420080 24
VALUES: .05666285 .047704280155642 12
VALUES: .085239948119325 .0199465934233615625 18
VALUES: .0232227054245822842 .02342412451361867 16
VALUES: .05463 .039189745937 5
VALUES: .0650202182040131227588 .07408102540627145 21
VALUES: .08729 .0267032 10
VALUES: .03595025558861676 .074 3
VALUES: .0310368505378805218585 .0842069123369 20
VALUES: .0553459983215 .015 2
VALUES: .0057099259937438010223544 .0040817883573 6
VALUES: .0429800869764248111696040 .077888151 8
VALUES: .0558495460440985 .08593881132219424 7
VALUES: .0053284504463263904 .0658 0
VALUES: .0047180895704585336079 .0105424 8
VALUES: .064844739452 .079978637 0
VALUES: .07908903 .0528740367742427710383 21
VALUES: .03209277485313191 .040149 23
VALUES: .049903 .0633585107194628824292362 25
VALUES: .0739 .0860288395 15
VALUES: .0539635309376668 .0787 4
VALUES: .09431296 .0565682 23
VALUES: .062085 .0820 23
VALUES: .04262302586404 .032298771648737315938048 18
VALUES: .0038315403982604715 .0508 4
VALUES: .079369802395666 .06408 21
VALUES: 0 .0901045242 11
VALUES: .04428320744640 .079899290455481803 7
VALUES: .0235934996566720073243 .011641107804 1
VALUES: 0 .0047608148 3
VALUES: .072227054245822842755779 .0268970778973067826 1
VALUES: .04363622491 .0619867246509498 6
VALUES: .0072922865644312199588 .046628519111924 1
VALUES: .055516 .061519798580910963607 2
VALUES: .0366994735637445639 .08633859769588 6
VALUES: .07781185626001373311 .043887 4
VALUES: .077811856260013733119 .0880735484855420 9
VALUES: .01650415808 .064 23
VALUES: .0680 .04 25
VALUES: .036093690394445716029 .0506095979247 10
VALUES: .08959029526207370 .0261005569542992294 9
VALUES: .045136186770428015564202 .028044556343938353 16
VALUES: .0881513694972152285 .052429 11
VALUES: .0140062 .000004577706569 6
VALUES: .0167345693141069657 .02809948882276646066 2
VALUES: .058165865568017090104 .0496406 18
VALUES: .09216 .08887312123292896925307 22
VALUES: .07435873960479 .07163195 3
VALUES: .058246 .08 9
VALUES: .073517967498283360036 .032779430838483253223 12
VALUES: .0466590371557183184557869 .0930403601129167 17
VALUES: .08405737392233 .0656 11
VALUES: .000630197604333562218 .092455939574 22
VALUES: .005844205 .0524071107042038605325 12
VALUES: .0570168612191958 .06955977721828030823224 15
VALUES: .0898435950 .0211367971313 16
VALUES: .09 .0070344090 21
VALUES: .012144655527580682078 .061727321278 16
VALUES: .062119478141451132982375 .081425 8
VALUES: .0528130006866559853513 .06756694 9
VALUES: .0649362935835812924391 .0121828030823224231 6
VALUES: .08 .05987792782 22
VALUES: .09911650 .02746318760967 6
VALUES: .0056397344930189974822 .078289463645 16
VALUES: .00786144808117799 .00324254215304 20
VALUES: .0576287479972533760 .036849011978332188 5
VALUES: 806454566262302586404210.683588921950 762401770046540016784923.323964293888761730 8
VALUES: 31326771953917753871976.774959945067521171 270801861600671396963454.371755550469214923 19
VALUES: 393636987869077592126344.30 338780804150453955901426.379766536964980544747 24
VALUES: 231143663691157396810864.1924467841 534981307698176546883344.2 10
VALUES: 229480430304417486839093.3846189059281 993789578088044556343937.3597619592584115358 19
VALUES: 839200427252613107499808.42302586404 401846341649500267032882.790341 16
VALUES: 803402761882963302052337.6 572442206454566262302585.83176928358892195010 13
VALUES: 572625314717326619363698.214282444495307850766765 502311741817349507896543.329228656 23
VALUES: 468970778973067826352330.346 685252155336842908369572.8 12
VALUES: 63508049134050507362478.0 707042038605325398641946.344151 20
VALUES: 409765774013885709925993.33403524834058136873 663874265659571221484702.166674296177 8
VALUES: 564858472571908140688181.3226 935301747158007171740290.51201 25
VALUES: 591668574044403753719385.9 611856260013733119707026.16772716868848706 20
VALUES: 671335927367055771725031.7540856031128404 823010605020218204013121.9358205539024948500801 16
VALUES: 103150988021667811093308.815747310597390707255 352315556572823682001983.32 2
VALUES: 271046005951018539711604.215 860837720302128633554588.289997 12
VALUES: 700434882124055848020141.20846875715266 265980010681315327687494.96 5
VALUES: 37811856260013733119706.9889677271686884870679789 290684367132066834515907.23964293888761730373083 6
VALUES: 906050202182040131227587 171587701228351262684061 15
VALUES: 976653696498054474708170.22957198443579766536 334813458457312886243991.4253147173266193636 5
VALUES: 878110933089188982986189.7070725566491 688532845044632639047836.34511329823758 0
VALUES: 390875104905775539787899.204760814831 914412146181429770351719.5403067 10
VALUES: 21377889677271686884870.6584115358205539024948 585564965285725185015639.9118791485465 19
VALUES: 633020523384451056687265.7132 639658197909514000152589.579308766308079652 4
VALUES: 762905317769130998702982.3758754863813 289539940489814602883954.8489356832 19
VALUES: 385122453650720988784618.5208056763561455710688944 431403067063401235980773.20100 22
VALUES: 842160677500572213321125.2736552 344991226062409399557488.0200045777065 22
VALUES: 257129777981231403067063.144106202 524666208896009765774013 10
VALUES: 637781338216220340276187.65854886701762417029 205325398641947051194018.25809109636 5
VALUES: 307194628824292362859540.39624628061341268024 825482566567483024338139.099748226138704 2
VALUES: 639551384756237125200274.02284275577 344625009536888685435263.2549782558937972 12
VALUES: 450888838025482566567482 538231479362172884718089.032227054245822842755 0
VALUES: 673197528038452735179674.3096360723277637903 953307392996108949416341 16
VALUES: 277821011673151750972762.368 338750286106660563057907.6493476768139162279697871 22
VALUES: 150179293507286182955672.39121080 650537880521858548867016.9736324101625085831998 22
VALUES: 499183642328526741435873.461295490959029526 382604715037766079194323.261249713893339436942 24
VALUES: 858075837338826581216143.187090867475394827191577 200747692072938124666208 8
VALUES: 844388494697489890897992.5942320 158587014572365911345082.62160 20
VALUES: 305287251087205310139619.7450 793118181124589913786525.490547035934996 22
VALUES: 370504310673685816739146.6501716639963378347447928 920744640268558785381856.1022 4
VALUES: 429678797589074540321964.93 617776760509651331349659.86898 18
VALUES: 339101243610284580758373.049164568551155870908 948912794689860379949644.2788281071 10
VALUES: 860822461280231937132828.924788281071183337148 514702067597467002365147 16
VALUES: 655542839703974975204088.762325474937 345098039215686274509803.57647058 4
VALUES: 652628366521705958648050.00732 781414511329823758297092.3749141680018310826276035 1
VALUES: 889784084840161745632104.09228656 621881437399862668802929.1103 9
VALUES: 705729762722209506370640.936140993362325 891599908445868619821468.552208743 12
VALUES: 587487602044708934157319.9282673380636301 215060654612039368276493.26170748455 16
VALUES: 31433585107194628824292.331425955596246280613412 922804608224612802319370.4054932478828 17
VALUES: 406256198977645532921339.335866330968184 57755397878995956359197 13
VALUES: 798672465094987411306934.4267795 458381017776760509651330.89 12
VALUES: 974303807125963225757227.987319752803845273517 192797741664759288929579.4211490 15
VALUES: 28717479209582665751125.3241474021515220 311772335393301289387349.9590753032730601968413824 21
VALUES: 855970092317082475013350.788189517051 875104905775539787899594.76081 15
VALUES: 767895017929350728618294.799359121080338 257343404287785152971694.257038223849851 6
VALUES: 490592813000686655985350.84838635843 661295490959029526207369.44628061 6
VALUES: 372884718089570458533607.6 873304341191729610131989.6661020828564888990615701 8
VALUES: 910124361028458075837337.91 391927977416647592889295.404211490043488212405584 17
VALUES: 903364614328221560997939 778637369344625009536887.9067978942549782558937 1
VALUES: 935576409552147707331959.0857862211032272831 481666285191119249256122.2008697642 19
VALUES: 511757076371404592965590.3938 648401617456321049820705.8443 3
VALUES: 389333943694209201190203.318608377203021286335545 984893568322270542458227.442664225223163 5
VALUES: 605600061036087586785686.4318608377203 232623788815136949721522.6177615014877 9
VALUES: 708949416342412451361866.9953307 205111772335393301289387.145159075 1
VALUES: 430991073472190432593270.340352483405813687 618142977035172045471884.63401235980773632410162 6
VALUES: 984008545052262149996184.26051728084229800 29999237048905165178912.00173952 6
VALUES: 976592660410467689021132.768734264133669031 797863736934462500953688 18
VALUES: 628076600289921416037231.385351338979171 308934157320515754940108.030 11
VALUES: 98069733730067902647440.2010070954451 336522468909742885481040.3287708857862 2
VALUES: 158190280003051804379339.126 965346761272602426184480.609384298466468299 10
VALUES: 87846189059281300068665.5106889 36514839398794537270160.94616617074 4
VALUES: 280796520943007553215838.58 183672846570534828717479.025 9
VALUES: 822095063706416418707560.02325 374990463111314564736400.0217441062027924 18
VALUES: 908735790035858701457235.682398 572442206454566262302585.831769283588921950102998 6
VALUES: 667536430914778362706949.8169375143053330281528 529823758297093156328678.801831082627603570611123 16
VALUES: 907591363393606469825283.29169146257724879 737727931639581902800029.7803158617532616159 21
VALUES: 978835736629282063019759.45452048523689631494621 51056687266346227206835.9907530327306019684138246 1
VALUES: 836133363851377126726176.0 731380178530556191348133.8531 0
VALUES: 330220492866407263294422.49727 914290074006256198977644.6186 7
VALUES: 536812390325780117494468.0 665461203936827649347676 1
VALUES: 506385900663767452506293.84014648661020828564 253467612726024261844815.493842984 13
VALUES: 266163118944075684748607.34808880750743877 916060120546272983901730.9829251544975967 22
VALUES: 847486076142519264515143.7317 743968871595330739299610.15097 17
VALUES: 742137788967727168688486.325841153582055390249485 944716563668268863965818.8462348363469901579308 8
VALUES: 921385519188220035095749.44 579171435111009384298465.88912794689860379949645 19
VALUES: 246128023193713282978560.828107118333714808880750 185427634088654917219806.02499427 10
VALUES: 524299992370489051651788.59601 538338292515449759670404.588693064774 9
VALUES: 358205539024948500801098.2913710231174181734950789 528053711757076371404592.4375371938658731 14
VALUES: 257312886243991760128175.526619 933928435187304493781947.6431677729 16
VALUES: 7461661707484550240329.5874113069352254520 888014038300144960708017.7 6
VALUES: 31372549019607843137254.87058823529411764705 747463187609674219882504.78 24
VALUES: 208575570305943389028763.04769970244907301 848981460288395513847561.5222705424 5
VALUES: 453315022507057297627221.6417 284504463263904783703364.329823758 13
VALUES: 440207522697795071335926.92684824 188769359884031433585107.0058594644083314259555962 23
VALUES: 446555275806820782787822.85397116044 157610437170977340352483.248203250171 7
VALUES: 156206607156481269550621.6489356832 553200579842832074464026.302677958 1
VALUES: 451956969558251316090638.13810940718699931334401 867383840695811398489355.96484321355 23
VALUES: 591149767299916075379567.578530556191348134 678919661249713893339436.263172350652323186 8
VALUES: 824368657969024185549705.43945983062485694666971 927336537727931639581901.872693980315861753261615 19
VALUES: 791454947737850003814754.68271915770199 504371709773403524834057.632501716639963378 4
VALUES: .2571145189593347066 .66991683833066300 19
VALUES: .78 .9871976806 5
VALUES: .65677882047760738 .542870222018768596932936 7
VALUES: .5069962 .527489127946898603 15
VALUES: .510734 .74288548 15
VALUES: .5 .933852 9
VALUES: .972426947432 .41393148699168383306630 19
VALUES: .4408178835736 .80863660639 2
VALUES: 0 .043366140230411230640 23
VALUES: .2514229037 .253604943923 12
VALUES: .160387579 .2455634393835 14
VALUES: .2728465705348287174792095 .330617227435721370260166 9
VALUES: .01527428091859311818112 .7473 25
VALUES: .4356 .0123903257801174944 15
VALUES: .43450064 .944014648661020828564888 7
VALUES: .8932784008545052262149 .18997482261387045090409 14
VALUES: .9495689326314183260852979 .641886015106431677729457 7
VALUES: .62180514229037918669413 .087617303730830853742 21
VALUES: .5371938658731975280 .3894102388036926832990 24
VALUES: .461 .424582284 3
VALUES: .535347524223697261005 .21 20
VALUES: .1690699626153963530937666 .33 11
VALUES: .3161669 .3696498 9
VALUES: .65381857022 .52063782711528 17
VALUES: .131502250705729762 .0183566033417257953765163 4
VALUES: .02697795071335927367 .8603952 22
VALUES: .77 .97 25
VALUES: .455161364 .8 5
VALUES: .39404898146028839551384 .904142 22
VALUES: 0 .994735637445639734493018 4
VALUES: .5232776379 .882307164 5
VALUES: .79523918516823 .069169146257724879835202 8
VALUES: .89987 .358632791638056000610 8
VALUES: .42508583199816891737239 .14979781795986 21
VALUES: .027618829633020523384451 .5346303501945525291828793 24
VALUES: .1901274128 .90623331 7
VALUES: .3619745 .4 4
VALUES: .22467383 .35484855420 15
VALUES: .77659266041 .9869230182345311 14
VALUES: .62 .9861142900740062 25
VALUES: .9955901426718 .7184252689402609292744 19
VALUES: .971053635461 .18089570458533607 8
VALUES: .20885023270008392462 .123659 8
VALUES: .1168 .5678644998855573357 22
VALUES: .4651712825207904173342 .375097 23
VALUES: 0 .060242618448157473 14
VALUES: .86759746700236514839398 .28 25
VALUES: .19746700236514839398 .66027313649195086 25
VALUES: .68294804303044 .5 21
VALUES: .70 .9 12
VALUES: .5424582284275 .8541542687113756008 10
VALUES: .44364080262455 .7548180361638818951705 11
VALUES: .783016708628 .93643091477836270695048 1
VALUES: .335 .18211642633707179 23
VALUES: .991577019 .1656519 22
VALUES: .4210879682612 .865140764476997024490 20
VALUES: .43923094529 .81 15
VALUES: .5233997100785839627679865 .2611123826962691691462577 15
VALUES: .265079728389410238803 .8592813000 3
VALUES: .1223468375 .4813458457312886 5
VALUES: .83775 .154558 21
VALUES: .797329671168 .4894941634241245 25
VALUES: .566903181506065461203936 .916365300984206912336919 22
VALUES: .0766765850 .0579385061417563134 7
VALUES: .84226749065384908827 .6326237888151369497 0
VALUES: .783443961 .930 25
VALUES: .97994964522774090 .2864271 23
VALUES: .292530708781 .178850995 17
VALUES: .265476462958 .69341573205157549 23
VALUES: 0 .131288624399176 9
VALUES: .4592 .5619 8
VALUES: .648 .1397268635080491340505073 9
VALUES: .829510948348210879682 .78185702296482 14
VALUES: .39337758449683 .4750896467536430914778362 17
VALUES: .059235 .98 12
VALUES: .97914091 .7205157549401083390 8
VALUES: .914610513466 .065888456549935149156 22
VALUES: .934950789654383 .72802319371 11
VALUES: .547920958266575112535 .068833447775997 21
VALUES: 0 .86152 16
VALUES: .6692454413672083 .695170519 13
VALUES: .1507286182955672541390096 .7076676585030899519 18
VALUES: .6608072022583352407110704 .861295490959029526207370 25
VALUES: .929 .627618 10
VALUES: .7028 .66904707408255130 12
VALUES: .6177767605096513313 .348622873273823147936 25
VALUES: .415167467765316243 .4567940 6
VALUES: .52742809185931181811245 .134615091172655832 8
VALUES: .263965819790 .053574425 23
VALUES: .1820859082 .65569542 16
VALUES: .64 .2389715419 19
VALUES: .2621499961852 .09 5
VALUES: .315754940108339055 .384634164950026 2
VALUES: .9779812 .2151369497 11
VALUES: .78252 .0077 12
VALUES: .2126192 .40 22
VALUES: .459281 .22 4
VALUES: .0757671 .06843976501 13
VALUES: .05870603494316 .030585183489 14
VALUES: .012103456168459 .08655680170901045242 0
VALUES: .0738139925230 .0868 5
VALUES: 0 .0129777981231403 20
VALUES: .0925154497596704 .036 23
VALUES: .095423819333180 .05901884489204242 14
VALUES: .04117341878 .06918287937743190 13
VALUES: .042 .0732280460822 13
VALUES: .047389 .024243533989471 9
VALUES: .09907072556649118791485 .0087251087205 2
VALUES: .0723247119859616998550 .0371908 4
VALUES: .0530037 .039583 14
VALUES: .057555 .0534248 25
VALUES: .029314106965743495841916 .066655985351338979 21
VALUES: .04689250019073 .02554 21
VALUES: .0105043106736858167391 .05282 0
VALUES: .0694270237277790493 .07423361562523842 22
VALUES: 0 .095190356298161287 25
VALUES: .027138170443274586099 .022 7
VALUES: .05375 .0125688563363088426031891 19
VALUES: .099232 .09697413595788 3
VALUES: .04 .01456 8
VALUES: .0727504386968795 .09016403448538948653391 3
VALUES: .07847 .0938185702296482795452 15
VALUES: .06599374380102 .02613565270466163 10
VALUES: .074334325169756618600747 .074222934 9
VALUES: .059568169680323491 .08435 21
VALUES: .07571831845578698405 .077909514000 24
VALUES: 0 .068638132 1
VALUES: .0289875638971541924162661 .095204 25
VALUES: .026799420157167925535973 .01214923323414 8
VALUES: .09656519417 .0859 23
VALUES: .078040741 .091146715495536736095 13
VALUES: .0078660257877470054 .031644159609369 2
VALUES: .02 .058719768062867170214 20
VALUES: .0017792019531548027771 .01509880216678110933 25
VALUES: .0358602273 .0403906309605554283 25
VALUES: .03838559548332951857785 .0620767528801403830014 1
VALUES: .065651941710536354619 .09293 7
VALUES: .0376028076600 .057003128099 4
VALUES: .05392233157854581521324 .088300 15
VALUES: .016307316700999465 .067275501640344 11
VALUES: .0376394293125810635538 .073553063248645761806 16
VALUES: .0486915388 .09232166018158 11
VALUES: .05965819790951400015259 .08033 7
VALUES: .0066575112535286488136 .04791943236 12
VALUES: .05173571374074921 .0439398794537 25
VALUES: .058652628366521 .08455634393 0
VALUES: 0 .0390661478599221789883 8
VALUES: .0052399481 .00165102616922255283436 8
VALUES: .0837079423208 .0495185778591592 13
VALUES: .068099488822766 .074700 15
VALUES: .07182116 .034 0
VALUES: .0579598687724116884107728 .05886930 12
VALUES: .077979705500877 .098693 24
VALUES: .0195376516365300984206912 .0380254825665674830243381 21
VALUES: .03291828793774319 .00195010299839780 13
VALUES: .06 .0150 18
VALUES: .023938353551537 .003341725795376 22
VALUES: .02152437628747997253376 .071087205310139620050 1
VALUES: .09375 .05875944151979858091096 12
VALUES: .05291218432898451209277 .05723 11
VALUES: 0 .0313481345 11
VALUES: .0777386129549095902952620 .086414892805 11
VALUES: 0 .05761654077 12
VALUES: .02612344548714427405203 .035112535286 21
VALUES: .0573495078965438315403982 .030925459678034637979705 9
VALUES: .032849622339 .067208361943 7
VALUES: .034666971847104600595101 .0204562447 15
VALUES: .06974288548 .08854657816 24
VALUES: .098355077439536125734 .00214999 10
VALUES: .002465857938506141756313 .0659967956 5
VALUES: .054232089 .07712367437247 15
VALUES: .039439 .055616083 17
VALUES: .0700831616 .040 6
VALUES: .019281300068 .0474326695658808 16
VALUES: .05752651255054551003 .03954833295185778 17
VALUES: .088451972228580148012 .023 4
VALUES: .08526436255 .031981383993286030365453 10
VALUES: .068294804303044 .0046 14
VALUES: .048 .055281910429541466392004 20
VALUES: .0554116121 .089820 11
VALUES: .0736369878690775921263 .0806820782787823300 2
VALUES: .0493675135423819 .0702 11
VALUES: .080 .0468589303425650415808 19
VALUES: .049738 .0822003509575036240177 24
VALUES: .0332799 .085192645151445792324711 16
VALUES: .09477378500038147554 .0576791027695124742 3
VALUES: .096046 .00919356 10
VALUES: .025523765 .071641 22
VALUES: .0042786297398336766613 .043143358510719462882429 2
VALUES: 417822537575341420614938.164614328221560997940032 535210193026626993209734.7207598992904554818036163 21
VALUES: 687479972533760585946440.1 580224307621881437399862.08857862 7
VALUES: 486366063935301747158006.6853742 86778057526512550545509.9460288395513847562371252 5
VALUES: 165041580834668497749294.1051956969558251 387548638132295719844357.58910505 9
VALUES: 309193560692759594110017.238681620 855680170901045242999922.8492103456 22
VALUES: 465445944914930952925916.9832455939574 847074082551308461127640.8710917 2
VALUES: 497764553292133974212252.496818493934 886915388723582818341343 11
VALUES: 912565804531929503318836.34996566 267566948958571755550468.9473563744563 19
VALUES: 231509880216678110933088.957 294834821087968261234454.57660 18
VALUES: 816693369954985885404744.7391165 569680323491264209964140.72886243 19
VALUES: 709895475700007629510947.63 985214007782101167315174.1120622 12
VALUES: 540260929274433508812084.6050812542 862287327382314793621727.98489356832227 14
VALUES: 111085679407949950408178.72465094987411306935 30426489662012664988174.22760357 15
VALUES: 332799267566948958571755.21766994735 515281910429541466392003.75724422064545 23
VALUES: 117769130998702983138780.6863813229571984435 77515831235217822537575.263904 10
VALUES: 233264667734798199435415.95655756466010528725108 440756847486076142519264.074387731746 10
VALUES: 291248950942244602121003.75239 626977950713359273670557.09027237354085603112 11
VALUES: 288822766460669871061264.6840924696726 509712367437247272449835.4558022 1
VALUES: 753368429083695735103379.119981689173723964 847486076142519264515143.731 15
VALUES: 663279163805600061036086.92350652323186083772030 36896314946211947814145.07 23
VALUES: 781216144045166704814220.62719 841672388799877927824825.5869535362783 3
VALUES: 198336766613260090028228.99217 110032806897077897306782.525200274662394 10
VALUES: 148516060120546272983901.58338 285481040665293354695963.7032272831311512932 19
VALUES: 677576867322804608224612.1247425040054932478828107 728007934691386282139314.1419 12
VALUES: 916838330663004501411458.6 609826810101472495613030.594872968642710002 15
VALUES: 405966277561608300907911.396887159533073929961 919676508735790035858700.53756008239871824216 9
VALUES: 834561684596017395284961.3993591210803387502861066 905180437933928435187303.5886 15
VALUES: 340367742427710383764400.36154726482 370534828717479209582665.3 14
VALUES: 666636148622873273823147.26958113984 506477454795147631036850.0314030670634012359807736 23
VALUES: 595635919737544823376820.950102998397802700846875 507240405889982452124818.291874570840009155 7
VALUES: 144197756923781185626001.229114213778896772716 338124666208896009765773.6 12
VALUES: 970855268177309834439611.4499885557 226337071793698023956664.15147631036850 5
VALUES: 929915312428473334859234.59308766308079 617654688334477759975584.94731059739070725566 18
VALUES: 376180666819256885633630.508079652 533028152895399404898145.4958113984 1
VALUES: 493659876401922636758983.25548180361638818951705 996765087357900358587013.57560082 17
VALUES: 728816662851911192492560.49800869764248111696 796917677576867322804607.4276951247425 20
VALUES: 568520637827115281910428.97294575417715724422 401770046540016784924085.96429388876173 17
VALUES: 883192187380788891432058.32181277180132 221515220874341954680704.745296406500343327992 6
VALUES: 669657434958419165331501.581048294804303044174 590447852292668039978636 3
VALUES: 533043411917296101319904.8610208285648 102906843671320668345158.9723964293 21
VALUES: 579583428702220187685968.74978255893797207 621988250553139543755244.6667887388418402 12
VALUES: 971099412527656977187761.293339436942092011 188738841840238040741588 8
VALUES: 275959411001754787518119.81 538033112077515831235217.2845044632 18
VALUES: 629083695735103379873349.489173723964293888761730 161760891126878767071030 6
VALUES: 207461661707484550240329.38741130693522545204 454688334477759975585564.510 11
VALUES: 592202639810788128480963.7779812314030 11429007400625619897764.5418 24
VALUES: 923674372472724498359654.22243 964034485389486533913175.201373311970702677958 7
VALUES: 1922636758983749141680.0163881 916472114137483787289233.843579766536964980544 2
VALUES: 958236057068741893644616.42178988326 643930724040588998245211.8379491874570 5
VALUES: 803631647211413748378728.119844357 816861219195849546044097.7564202334630350 15
VALUES: 356069275959411001754787.16205081254291 300740062561989776455328.91265 22
VALUES: 80903334096284428168154.34 524498359655146105134660.343739986266880292973220 6
VALUES: 562844281681544213015945.1150 724925612268253604943922.3696 16
VALUES: 410376134889753566796367.9424124513618677042801556 458442053864347295338368.3521171892881666 4
VALUES: 180270084687571526665140.5842069123369192034 791302357518883039597161.030624856946669718471 9
VALUES: 321797512779430838483252.90167086289768825 850232700083924620431829.4694438086518654154268711 0
VALUES: 52658884565499351491569.33774319066147859 892545967803463797970549.195193408 0
VALUES: 974792095826657511253527 505806057831692988479437.96218 20
VALUES: 642374303807125963225756.586587319752 356450751506828412298771.292286564431219958800640 24
VALUES: 835156786449988555733576.642526 166536964980544747081711.8957198443579766536964980 10
VALUES: 149767299916075379568169.53055619134813 682001983672846570534828.035477225909 21
VALUES: 289646753643091477836270.405401693751 531120775158312352178224.84463263904783 19
VALUES: 464835584039063096055542.374868390936 438513771267261768520637.388601510643167772945754 3
VALUES: 796795605401693751430532.5 80689707789730678263523.227466239414053559166857 2
VALUES: 666880292973220416571297.112932 605310139620050354772258.492881 8
VALUES: 158129243915465018692301.665323872739 956664377813382162203401.8052185854886701762417029 20
VALUES: 79148546578164339665827.3413138017853055619 853269245441367208361943.1 15
VALUES: 169085221637293049515525.8 781536583504997329671167.29658960860 6
VALUES: 256672007324330510414282.18782330052 13122758831158922713054 19
VALUES: 768093385214007782101166.547081712 68894483863584344243533.9205767910276951247425040 13
VALUES: 874357213702601663233385.86555275806820 378316929884794384679941.6373998626688 9
VALUES: 644693675135423819333180.098420691233691920347905 306797894254978255893796.90 0
VALUES: 993316548409246967269397.0382696269169 838544289311055161364155.71902037079423208972 4
VALUES: 796169985503929198138398.532433051041428244449 492240787365529869535362.291004806591 12
VALUES: 862775616083009079118027.67159533073929961 302098115510795757991912 23
VALUES: 733058670939192797741664.026230 861280231937132829785609.88107118333714808 24
VALUES: 441412985427634088654916.778393224994277866 50125886930647745479514.71297779812 1
VALUES: 437644007019150072480353.5716639963378 221057450217441062027923.7890135 17
VALUES: 220492866407263294422827.2762645914396 4394598306248569466697.1803 8
VALUES: 410070954451819638361180.6382238498512245 246784161135271229114213.53211261158159761 2
VALUES: 543816281376363775082016.69887846189059281300068 443839169909208819714655.846 4
VALUES: 688822766460669871061264.2840 994033722438391699092087.20311 25
VALUES: 388982986190585183489737.9187914854657 520149538414587624933241.2590524147402151522087434 5
VALUES: 422995345998321507591362.97061112382696269169146 413061722743572137026016.219272144655 4
VALUES: 694636453803311207751582.4288853284504463 998718242160677500572212.32240787 24
VALUES: 93232623788815136949721.42961776150148775463492 102723735408560311284046.58988326848 13
VALUES: 12893873502708476386663.60196841382467 238605325398641947051193.77985809 5
VALUES: 872175173571374074921796.640604 667612726024261844815746.64298466468299382 23
VALUES: 299244678416113527122911.12213321 264148928053711757076371.14 2
VALUES: 176775768673228046082245.951247425040054932 978439002059967956054015.95907530327306 8
VALUES: 794125276569771877622643.5943694209201190203707 224429694056610971236743.500297550926985580224307 18
VALUES: 574349584191653315022506.4829480 582818341344319829098954.17418 25
VALUES: 114183260852979324025329.86216525520714122 673624780651560234988936.535500114442 6
VALUES: 507835507743953612573433.535042 803555352101930266269931.293797207598992904554818 6
VALUES: 775295643549248493171586.92593270 118089570458533607995727.355779354 24
VALUES: 9506370641641870756084.525474 737819485770962081330585.9715724422064545662 16
VALUES: 21942473487449454489967.171160448 104524299992370489051651.68459601739528496223392 22
VALUES: 271961547264820325017166.127672236209658960860608 10193026626993209735255.95 22
VALUES: 870206759746700236514838.5285 750209811551079575799190.521629663538567177843900 9
VALUES: 67429617761501487754634.86047150 778393224994277866788738.0634470 7
VALUES: .303273060196841382467383 .54151216906996261 4
VALUES: .4138094148 .0794842450598916609445 23
VALUES: .475181200885023270008 .3896391 0
VALUES: .708827344167238 .5089646753 17
VALUES: .67261768520637 .7165941863126 11
VALUES: .92179751 .80117494468 8
VALUES: .6 .50 3
VALUES: .4203707942320897230487525 .6538490882734416723887 6
VALUES: .31 .08450446326390478 0
VALUES: .00704966811 .038010223544670786 1
VALUES: 0 .215838864728 17
VALUES: .207568 .999359 16
VALUES: .67348744945448996719310 .581811245899 4
VALUES: .555825131609 .610 13
VALUES: .40279240100709544518196 .3462577248 14
VALUES: .7823605706874189364461738 .438040741588464179446097 6
VALUES: .72460517280 .1524986648355840 18
VALUES: .294056610 .773586633096 16
VALUES: .930 .169420 10
VALUES: .438086518654154268711 .197756923781185626001373 16
VALUES: .296467536430914778362706 .069993133440146486610 12
VALUES: .6992294193942168307 .27200732 19
VALUES: .190051117723353933 .9377126726176852063782711 13
VALUES: 0 .6412298771648737315 7
VALUES: .46579 .837384603646906 19
VALUES: .537285420004577 .57344930189974822 3
VALUES: .3515526054 .374975204089417868 13
VALUES: .8491340505073624780651560 .9 13
VALUES: .765743 .5585412375066 14
VALUES: .42012 .537758449683375 19
VALUES: .450202182040131227 .0093080033 7
VALUES: .4675059 .64534 8
VALUES: .29777981231403 .71660944 19
VALUES: 0 .5450827801937895780 19
VALUES: .963286793316548 .976 2
VALUES: .674616617074845 .4380254 0
VALUES: .19 .5239948 22
VALUES: .9344930 .7894560158693827 10
VALUES: .012649729152361 .885435263599603265 24
VALUES: .853955901426718547341115 .3627222095063706 20
VALUES: .6295 .68830395971618 24
VALUES: .93568322270542 .96 4
VALUES: .45172808422980086976 .8 1
VALUES: .224139772640573739 .386099031052109559777218 5
VALUES: .3433279926756694895857175 .696192874036774 5
VALUES: .20427 .125230792706187533379110 0
VALUES: .96668955 .2098725871671625848783 0
VALUES: .09280537117570 .9314869 1
VALUES: .65148393 .35210193026626993 12
VALUES: .43091477836 .41217669947356374 24
VALUES: 0 .5585870145723659113 20
VALUES: .46 .06387 19
VALUES: .1172503242542153047989 .62174410620279240100709 25
VALUES: .729167 .330601968413824673838 21
VALUES: .100434882124055848020 .60766002899214160372320 18
VALUES: .405401693751430 .699961852445258258945601 12
VALUES: .27809567406729228 .44 1
VALUES: .7338826581216144045166704 .787151903562 1
VALUES: .246341649500267032 .868833447775 17
VALUES: .12135500114442664225 .3765468 7
VALUES: .12495613031204699778 .6459296559090562 18
VALUES: .40825 .255359731441 9
VALUES: .434851606012054627298390 .10624856946 11
VALUES: .5150 .401068131532 24
VALUES: .9184405279621576256961 .6226749065384908827344167 17
VALUES: .7657129777 .18690775921263447 16
VALUES: .4579690241855497062638284 .5688715953 11
VALUES: .1094834 .645 15
VALUES: .408224612802319 .443 12
VALUES: .136018921187151 .7703059 22
VALUES: .0197299153124 .726436 14
VALUES: .33684290836957351033 .56226443884946974898908 19
VALUES: .8608987 .541771572 24
VALUES: .7893339436942092011 .08928053711757076371404 11
VALUES: .1643244068055237659 .823 10
VALUES: 0 .581 20
VALUES: 0 .81933318074 4
VALUES: .7623559929808 .717769130998702983138780 0
VALUES: .846860456244754711223010 .689753566796368352788586 24
VALUES: .51451895933470664530403 .88036926832990005 1
VALUES: .7946746013580529488059 .91195544365606 25
VALUES: .5835202563 .2039368276493476768139 3
VALUES: .99867246509498 .802 18
VALUES: .7 .4858319981 2
VALUES: .30794232 .7777828641 23
VALUES: .001403830014 .5 25
VALUES: .814007782101167315 .822 21
VALUES: .89588769359884031433 .020828564 13
VALUES: .2957503624017700465400 .21271076523994 19
VALUES: .49449912260624093995 .082993820096131837949 19
VALUES: 0 .19818 24
VALUES: .11850156404974441138 .2695811398489356832227054 9
VALUES: .3669947356 .70141145952544441901274 0
VALUES: .2614328221560 .1849240863660639353017 12
VALUES: .39169909208819714656290 .72886243991760128 3
VALUES: .601190 .1449454 12
VALUES: .6684824 .1476768139162279 1
VALUES: .002761882 .812848096437018387121 22
VALUES: .08328526741435 .0588052185854886 25
VALUES: .09 .0096726939803158 2
VALUES: .00002 .0376897840848401617456321 12
VALUES: .02022278171969176775768 .05353170061799038 7
VALUES: .0993331807431 .027937743190 1
VALUES: .061786831 .03403219653620202944 19
VALUES: .0256778820477 .079906919966430151827 9
VALUES: 0 .03 23
VALUES: .021210040436408026 .0686442359044785229266 9
VALUES: .074496070 .029680323491264209964 3
VALUES: .068834973678187228198 .009320210 13
VALUES: .0515037766079194 .066532 20
VALUES: .0851636530098420691233691 .07190966 24
VALUES: .04772716868848 .0879530022125581 22
VALUES: .09000076295109483482 .05372854 2
VALUES: 0 .0500679026 15
VALUES: .005104142824444953078 .0366 20
VALUES: .030626382848859388113221 .0511223010605020218 19
VALUES: .02 .021020828 4
VALUES: 0 .0471076523994811932 20
VALUES: .034366369115 .05873 5
VALUES: .09180437933928435187 .049 10
VALUES: .09872434576943617 .01 14
VALUES: .095 .02605020218204 4
VALUES: .0156450751506828412 .03190508888380 23
VALUES: .098699 .011412222476539253833829 21
VALUES: .0884931715877012283 .07047 23
VALUES: .0157289997 .05249866483558 1
VALUES: .02419165331502250705729 .003447013046463721675440 24
VALUES: .061355001144 .0417334248874647135 1
VALUES: .021382467383840695 .020689707789730678 24
VALUES: .045537499046311131456473 .05 20
VALUES: 0 .0285557 24
VALUES: .0835599298084992751964 .0395925841153582 25
VALUES: 0 .09722590981918059052 20
VALUES: 0 .04454566262302586404 17
VALUES: .002638284 .005 7
VALUES: .0168627450 .012639047837033646143282 24
VALUES: .032355230029 .0721736 17
VALUES: .06718394750896 .0462638284 20
VALUES: .02244449530785076676 .00478522926680399786 25
VALUES: .05706569008926527809 .0738536659800106813153276 13
VALUES: .0863050278477 .0248 19
VALUES: .0753459983215075913633936 .0920897 22
VALUES: .090196078431372549019607 .0604287785152971694514 24
VALUES: .0493 .0339528 2
VALUES: .00366063935 .01552758068207827 5
VALUES: .010585183 .057921721 22
VALUES: .0970656900 .092388799877927824 12
VALUES: .071062790875 .054111543 19
VALUES: .0358510719462882429 .078724345 8
VALUES: .038614480811779 .055436026550698100251773 10
VALUES: .08364538033 .07566643778133821 14
VALUES: .0762844281681544213015 .06554818036163881895 14
VALUES: .0891752498664835584039063 .07 19
VALUES: .045188 .021 12
VALUES: .040579842 .09981078812848 4
VALUES: .078005645838101 .068265812161440451 0
VALUES: .0079896238651102464332036 .05838406958 17
VALUES: .0651972228 .015 24
VALUES: .029811551079575799191 .080444037537193 15
VALUES: .08413672083619439993 .0153688 5
VALUES: .05782711528191042 .0668848706797894254 7
VALUES: .05856 .05520408941 10
VALUES: .086166170748455024032959 .09995269703 20
VALUES: .0477225 .0072 4
VALUES: .04 .01494010833905 7
VALUES: .0685526817730983443961 .00440985 8
VALUES: .0599816891737 .03831540398 25
VALUES: 0 .00735484855420767 11
VALUES: .0776852063782711528191042 .077454795147631036850537 17
VALUES: .07750057221332112611 .0265 24
VALUES: .025305561 .02123292896 10
VALUES: .076833752 .056157778 9
VALUES: .071 .003907835507743953612573 6
VALUES: .092 .0455237659266041046768902 18
VALUES: .0946974 .04941329 8
VALUES: .011700617990 .066298924238956282902 3
VALUES: .02142824444953078 .08207522697 13
VALUES: .0801403 .04337529564 21
VALUES: .0104951552605477 .00321965362020294499122 3
VALUES: .0787411306935 .078686198214694438086518 8
VALUES: .081272 .000035 19
VALUES: .044646372167544060425726 .008929579613946746013580 19
VALUES: .0563 .03 21
VALUES: .05 .0357015 4
VALUES: .06475 .089376668955519 6
VALUES: .0308 .015126268406195 2
VALUES: .06522011139085984 .0933028152895399404898 8
VALUES: .071024643 .045204852368963 4
VALUES: .04566414892805371175707 .0828412298771648737 8
VALUES: .0300404364080262455176623 .0713862821 21
VALUES: .0801342793926909 .0680430304417 8
VALUES: 416662851911192492561226.4086976424811169604028 179140917067215991454947.558709086747 0
VALUES: 954665445944914930952924.962783245593 25436789501792935072861.80411993591 22
VALUES: 147081712062256809338521.2 648035400930800335698481.0792 20
VALUES: 903532463569085221637292.1 419211108567940794995040.3986724650949 7
VALUES: 312794689860379949645227.4281071 117189288166628519111924.80842298008697642481 13
VALUES: 771648737315938048371098.640878919661 706630045014114595254443.48349736781872281986 8
VALUES: 705439841306172274357212.9971618219272144 335835812924391546501868.89434653238727397573815 16
VALUES: 665812161440451667048141.54827191577019913023575 458701457236591134508277.56067750057221332112611 1
VALUES: 236285954070344090943770.268024719615472648203 696299687190051117723353.23671320668345159075303 3
VALUES: 878660257877470054169526.8546120393682764 182681010147249561303120.2872968642710002288853284 21
VALUES: 503776607919432364385442.3893339 350606546120393682764934.4170748 11
VALUES: 736446173800259403372243.1027237 438117036697947661554893.893156328679 17
VALUES: 426581216144045166704813.79482719157 789135576409552147707331.17 23
VALUES: 676661326009002822919050.21217669947356374456397 782711528191042954146638.417715724422064545662 2
VALUES: 613336385137712672617684.593041886015106431 515297169451438162813763.1224536507 24
VALUES: 315907530327306019684137.9308308537 511512932021057450217440.5505149919 20
VALUES: 991531242847333485923551.3 517158770122835126268405.67800411 6
VALUES: 287663080796520943007552.92817578 111940184634164950026703.1763790 24
VALUES: 351308461127641718165865.216708628 416296635385671778439001.643671320668345159075303 10
VALUES: 902204928664072632944227.37 224643320363164721141374.6132295719 1
VALUES: 119630731670099946593423.2419317921721217 577782864118410009918363.65506 21
VALUES: 340886549172198062104218.7 679545281147478446631570.23675898374914168001831 4
VALUES: 89539940489814602883955.04893568322270542458 426962691691462577248797.925062943465323872 6
VALUES: 678187228198672465094986.7331197 834180209048599984740977.269 21
VALUES: 905226214999618524452581.68422980086976424 392751964599069199664301.125 25
VALUES: 958983749141680018310825.31 347173266193636987869077.24495307850766765850 11
VALUES: 97337300679026474402990.6709 501945525291828793774318.5642023346303501945 2
VALUES: 214953841458762493324177.705241474021515 398123140306706340123597.679 21
VALUES: 854413672083619439993895.536827649 213138017853055619134813.245319295033188372625314 21
VALUES: 92164492256046387426565.864 612588693064774547951475.69777981231403067063 22
VALUES: 429190508888380254825665.2456397344930 572442206454566262302585.831769283 0
VALUES: 845349813076981765468832.6024 92942702372777904936293.4906385900663767452506294 5
VALUES: 851422903791866941329059.9557793545 459342336156252384222170.899473563744563973449 12
VALUES: 682642862592507820248721 469443808651865415426870.668116273 1
VALUES: 850156404974441138323032.64339665827420462348363469 315831235217822537575341.1047837033 1
VALUES: 140642404821850919356069.1353 843396658274204623483633.8556 4
VALUES: 87449454489967193102922.0152437628747997 445654993514915693904020.3066147859922178988326848 21
VALUES: 970229648279545281147477.476401 358358129243915465018691.94346 5
VALUES: 446356908522163729304951.106248569466697 576775768673228046082245.55124742504005 25
VALUES: 38330663004501411459525.406088349736781872 889097428854810406652932.65786221103227283131 15
VALUES: 927718013275349050125886.002929732204 42008087281605249103532.42156099794003204 14
VALUES: 728267338063630121309223.35046921 206744487678339818417639.222568093385214007 18
VALUES: 622522316319523918516822.4491187914854 453696498054474708171205.77198443579766536964980 7
VALUES: 370778973067826352330815.223941405 273990997177080949111161.70 6
VALUES: 14740215152208743419546.7 919707026779583428702219.267978942549 2
VALUES: 479789425497825589379720.2 935759517814908064393071.4682993820096131837949 5
VALUES: 678965438315403982604714.358800640878919 284641794460975051499198.616708628976882 4
VALUES: 141283283741512169069962.47411 707789730678263523308155.2394140 17
VALUES: 44541084916456855115587.046 293644617380025940337224.09027237 7
VALUES: 663141832608529793240252.636621652552 80933852140077821011673.070817120 14
VALUES: 55252918287937743190661.42334630350194552529182 239337758449683375295643.309 5
VALUES: 339345387960631723506522.8925154497596704051270 826932173647669184405278.79464408331425955596246 24
VALUES: 542763408865491721980620.49942 349111161974517433432516.6265506981002517 0
VALUES: 779522392614633401998931.088944838635843442435 520302128633554589150834.91114671549553 19
VALUES: 95231555657282368200198.2720531013962 113328755626764324406805.410437170977 14
VALUES: 396063172350652323186083.375967040512703135 91935606927595941100175.386 12
VALUES: 692607003891050583657586.8560 146471351186388952468146.6453192950331883726253 23
VALUES: 997055008773937590600441.51 933196002136263065537498.113115 11
VALUES: 960830090791180285343708.50739 177737087052719920653085.95944151979 20
VALUES: 513237201495384145876248.81918059052414740215152 578500038147554741741053.8199130235751888303 4
VALUES: 929930571450370031280993.9582970931563286 825421530479896238651101.6389105058 18
VALUES: 111619745174334325169756.50698100251 478202487220569161516746.298329137102311741817 23
VALUES: 51956969558251316090638.538109407186999 653070878156710154879071.598397802700846 6
VALUES: 106630045014114595254444.08349736 996093690394445716029601.5063859 7
VALUES: 287388418402380407415884.354 444769970244907301441977.12446 25
VALUES: 717372396429388876173036.59093614099 442236972610055695429922.499702449073014419775 23
VALUES: 143389028763256275272754.8730144 373968108644235904478522.5527122911421377889677271 16
VALUES: 167574578469520103761348.729961089494 668680857557030594338902.20764476997024490730144 16
VALUES: 829678797589074540321964.53234149691 666224155031662470435644.40892652780956740 12
VALUES: 805554283970397497520408.1362325474937056534 839887083237964446478979.8574502174 20
VALUES: 922682536049439230945295.483817807278553444724 697444113832303349355305.6274204 15
VALUES: 555214770733196002136262.510322 49897001602197299153124.234836346 8
VALUES: 187640192263675898374913.980361638 455573357747768368047607.6927 11
VALUES: 851163500419623102159150.747219043259 980148012512397955291064.86253147173266193636 3
VALUES: 740367742427710383764399.96154726482032501716 430624856946669718471045.575326161593041886015106 4
VALUES: 294285496299687190051117.42906843671320668345 401831082627603570611123.425 8
VALUES: 667627985046158541237506.00819409 609689478904402227817196.3079 13
VALUES: 481193255512321660181581.879 496742198825055313954375.0277866788738841840238 25
VALUES: 180529488059815365835049.792767 348958571755550469214922.974456397344930189974 11
VALUES: 670572976272220950637063.49361409 690577553978789959563591.283176928358 25
VALUES: 83588921950102998397802.6172579537651636 736110475318532082093537.06811627374685282673 7
VALUES: 408697642481116960402837.76937514 694560158693827725642785.6028381780727855344 0
VALUES: 580117494468604562447546.532112611 1617456321049820706492.71219958800640878919 12
VALUES: 814114595254444190127412.018722819867246509 764782177462424658579384.296635385671778439002059 7
VALUES: 356145571068894483863583.9880979629205767910276951 954131380178530556191347.180453192 7
VALUES: 624795910582131685358967.86532387273975738155184 855893797207598992904553.962142366 9
VALUES: 965667200732433051041427.278782330052643 507484550240329594872968.13522545204852368 6
VALUES: 609460593575951781490805 483161669336995498588539.99139391165026 13
VALUES: 773907072556649118791484.691874570840009155 850782024872205691615166.61698 10
VALUES: 453269245441367208361943.54612039368276493476 206042572671091783016708.422934309910 21
VALUES: 782589456015869382772563.49604028381780727 331929503318837262531471 21
VALUES: 806088349736781872281985.91856260013733119707026 117311360341802090485999.7 1
VALUES: 309544518196383611810482.63849851224536507209887 733958953231097886625466.5735866 7
VALUES: 56366826886396581979095.083634699015793 360601205462729839017318.62925154497 18
VALUES: 517448691538872358281833.616983291371 874433508812085145342182.69159990844586861 11
VALUES: 134462500953688868543526.2254978255893797207 778942549782558937972075.2109864957656214236667429 13
VALUES: 982558937972075989929044.5656214236667429 21820401312275883115892.249485008010986495765621 18
VALUES: 314671549553673609521629.3488 355596246280613412680246.84055848020141908 20
VALUES: 621789883268482490272372.919066 937315938048371099412526.7196612497138933394 10
VALUES: 48859388113221942473487 340718699931334401464865.76136415655 5
VALUES: .1171892881 .1396810864 3
VALUES: .659616998550 .244815747310597390707255 16
VALUES: .37444113832303349 .8078278782330052643625543 21
VALUES: .0548104066 .71383230 18
VALUES: .8087 .042374303807125963225 21
VALUES: .28688487067 .3240405889982452124818 9
VALUES: .02308690 .880 21
VALUES: .8195773250934615 .5522087 12
VALUES: .448615243762874 .483085 0
VALUES: .0777599 .5754 20
VALUES: .5197222858014801251239795 .3257495994 13
VALUES: .73327229724574 .6158846 3
VALUES: .72504768444 .7923552300297550 25
VALUES: .92353704127565423056382 .05909819180590524147 25
VALUES: .759624628061341268024719 .6371557 3
VALUES: .527519645990691996 .3161516746 1
VALUES: .041367208 .95371938658731975280384 0
VALUES: .06280613412680247196 .284428168 14
VALUES: .18379 .843198290989547 20
VALUES: .6 .37137407492179751277 24
VALUES: .737 .4851911192492561226825360 16
VALUES: .921 .435400930800335698 12
VALUES: .096528572518501564049744 .700785839 24
VALUES: .1406576638 .7514763103 1
VALUES: .76729991607537956816 .57016861219195 23
VALUES: .365514610513466086823 .4040131227588311589227 18
VALUES: .2170901045 .19311818112458991378652 23
VALUES: .8334935 .6828717479209582665751125 15
VALUES: .182665751125 .690165 18
VALUES: .9791409170672159 .45593 18
VALUES: .049271 .394308384832532234 8
VALUES: .934050507362478065 .9502250705729762 6
VALUES: .3645990691996643015 .3006637674525062943 1
VALUES: .957976653696498054474 .146288242923628595407 20
VALUES: .28 .18626688 23
VALUES: .576607 .9214160372320 21
VALUES: .7735255970 .7577630273 10
VALUES: .641412985427634 .496040283817807278553444 8
VALUES: .99693293659876 .7106889448386358434424353 14
VALUES: .3637140459 .21768520637 8
VALUES: .30594338902876325627 .3856 11
VALUES: .2641489280537117570 .9931639581902 1
VALUES: .0727 .73101396200 11
VALUES: .78 .311528 17
VALUES: .05517662317845426108186 .36005188067444876783398 10
VALUES: .8995345998321 .7338368810559243152 14
VALUES: .4781 .4829327840 11
VALUES: .0667887 .485191119249256122682 6
VALUES: .3821622034027618829633020 .4942092011902037079423 5
VALUES: .1379415579461 .239642 2
VALUES: .1991454947737 .3 9
VALUES: .153246 .06131074998092 17
VALUES: .34888227664606 .786 23
VALUES: .7186846 .799465934 18
VALUES: .998580910963607 .58 22
VALUES: .72489509422446 .0547646 21
VALUES: .49 .7 10
VALUES: .4383306630 .81194781414511 2
VALUES: .62478065 .73614099336 19
VALUES: 0 .0493018997482261387045090 6
VALUES: .7471732661936369878 .66254673075455863279 5
VALUES: .6650339513 .040405889982452 11
VALUES: .38806744487 .884 24
VALUES: .6 .55559624 21
VALUES: .202960 .70278477 4
VALUES: .512932021057 .5299000 8
VALUES: .89866483558403906309605 .2080567635 2
VALUES: .239 .1055924315251 22
VALUES: .8 .86330968184939345 21
VALUES: .8212710765 .83897154192416266117341 12
VALUES: .83 .729671168078 22
VALUES: .9811 .428 1
VALUES: .838590066376745250629434 .800808728 16
VALUES: .7 .2 0
VALUES: .5375448 .607171740291447318 11
VALUES: .986923018234531166 .836 22
VALUES: .030472266727702754253452 .29001297016861219195849 3
VALUES: .33392843518730449 .860547798886091 25
VALUES: .987 .83802548256656 22
VALUES: .6299229419394216830701 .251041428244449530 18
VALUES: .71047531853 .048477912565 1
VALUES: .43247119859616998550392 .2130617227435721370 1
VALUES: .868329900053406576638437 .23147 25
VALUES: .59 .7958953231 9
VALUES: .314824139772640573739223 .48264286259250782024872 1
VALUES: .280079346913862821393148 .5096208133058 10
VALUES: .7320668 .65288776989394979781795 20
VALUES: .6057373922331578545815 .262165255207141222247 11
VALUES: .2865491721980621042191 .7115892271305409323262 2
VALUES: .0457160296 .1210193026626993209 10
VALUES: 0 .9349965667200 17
VALUES: .841092545 .057938506141756313 0
VALUES: .564126039520866712 .020035095750362401770046 16
VALUES: .094483863584 .4504005493247882810 21
VALUES: .827252 .5721675440604257267109 17
VALUES: .390356298161 .2639505 17
VALUES: .672999160753795 .566109712367437247272449 22
VALUES: .0513923857480735484 .446509498 12
VALUES: .07 .02224765392538338 15
VALUES: .07110093842984664682 .0245 5
VALUES: 0 .074764629587243457 5
VALUES: .037967498 .0220553902494850 4
VALUES: .08 .0031998168917372396429388 15
VALUES: .051071 .07269245441367208 25
VALUES: .0865308613717860685130083 .021 20
VALUES: .0372 .0125246051728 5
VALUES: .0380529488059815365835 .0690897993 10
VALUES: .016 .023228809033340962844 3
VALUES: .0236499580376897840 .0031387808041 23
VALUES: .016185 .02107881284809643 12
VALUES: .00649 .0561745632104982070 16
VALUES: .05687647 .0130235751888303959716 20
VALUES: .054105439841306172274 .044966811627374685282673 5
VALUES: .02684672312504768444342 .062008087281605249 12
VALUES: .09122606240939 .081972991531242847 16
VALUES: .053896391241321431296253 .01087205310139620050354 0
VALUES: .06592813000 .066205844205386434729 25
VALUES: .02880445563439383535 .093983367666132600 16
VALUES: .001551842526894 .017126726176852063782 10
VALUES: .0396 .070 12
VALUES: .0227191577019913023 .0600274662394140535591 9
VALUES: .0168398565651 .087 0
VALUES: .082795452811474784466315 .0637140459296559090562294 24
VALUES: .0500953688868543526359 .008502327000839 0
VALUES: .00663309681849393 .056749828 3
VALUES: .06 .0073319600213 16
VALUES: .0709 .08016937514305333 6
VALUES: .0781 .01794155794 25
VALUES: .06901045242999923704890 .07732967116 12
VALUES: .09763790341039139 .0433844510566872 24
VALUES: .082859540703 .051578545815213 0
VALUES: .0914930 .08471808957045853360 7
VALUES: .0551400015259021896696421 .097807278553444724 13
VALUES: .02443579766536964980 .0803051 16
VALUES: .009387350270847 .0565285725185015640 12
VALUES: .00765850308995193 .011529716945143816 4
VALUES: .06806134126802 .091885252155336842908 21
VALUES: .02336461432822156 .06149538414587624933241 16
VALUES: .0239902342259861 .0258 12
VALUES: .07905394064240482185 .00177309834439612 25
VALUES: .08204623483634699015793 .029581139848935683222705 4
VALUES: .017392233157854581521324 .06112153810940718 15
VALUES: .0942 .065195696 15
VALUES: 0 .017018387121385519 13
VALUES: .038295567 .09819180590 5
VALUES: .07674067292286564431 .02620 2
VALUES: .061321431296 .09790035858701 18
VALUES: .0380727855 .05 18
VALUES: .05634393 .037833218890669108110170 4
VALUES: .0249698 .00062256809338521400 17
VALUES: .0295948729686427 .083257801174944686045624 21
VALUES: .093888761730373083085 .0543587396 3
VALUES: .09390402075226977950 .08873731593804837109941 23
VALUES: .0015625238422 .06932326 7
VALUES: .04399938 .0026794 25
VALUES: .03282368 .0068726634 22
VALUES: .04780 .012077515831235217822 7
VALUES: .022063019760433356221 .0668619821469443808651865 17
VALUES: .04974441 .0066483558403906309605 20
VALUES: .011950 .057943083848 6
VALUES: .083884 .014422827496757 15
VALUES: .04229800869764248111 .08 11
VALUES: .0136842908369 .093849088 0
VALUES: 0 .0234 3
VALUES: .07 .044274052033264 18
VALUES: .064843213550011444266422 .022595 2
VALUES: .0609 .00117341878385595483329 20
VALUES: .077026016632333867399099 .08600442 22
VALUES: .003367666132600900282291 .0050827801937895 13
VALUES: .0305424582284275577 .026865033951 19
VALUES: .0655268177309834439612420 .0858731 19
VALUES: .0490302891584649423971 .01685511558709086747 3
VALUES: .0550926 .099581902800030 13
VALUES: .08957045853360799 .0735027084 25
VALUES: 0 .08868085755703059433890 21
VALUES: .0825 .028116273746 3
VALUES: 0 .07890897993438 23
VALUES: .0966399633783 .08377508201724269474 19
VALUES: .00792095 .0732204165712977798 21
VALUES: .0530083161669336 .0859311818 0
VALUES: .085845731288624 .059652094300 1
VALUES: .0894209201190203707 .028073548 2
VALUES: .0578835736629282063019 .07358052948805981 8
VALUES: .08847486076142519 .0185793 23
VALUES: .071221484702 .0421 2
VALUES: .006326390478370336461 .0843152513923857480735 15
VALUES: .0646250095 .09342793926909285114 5
VALUES: .091 .0472343 8
VALUES: .054055085069047074082 .0061 9
VALUES: 939284351873044937819484.83167772945754 878217746242465857938505.2635385671778439002059 21
VALUES: 257480735484855420767528.54392309452964065003 580987258716716258487830.349050125 22
VALUES: 884687571526665140764476.11233691920347905 855069810025177386129548.2 16
VALUES: 147661554894331273365377.13165484092469672693980 94880598153658350499732.872236209658960860608834 21
VALUES: 128496223392080567635614.428610666056305 564461738002594033722437.827237354085603112840 4
VALUES: 934050507362478065156022.5648432135500114442664225 126405737392233157854581.3949187457084000915 10
VALUES: 160158693827725642786297.2381 960692759594110017547874.22050812542 4
VALUES: 78660257877470054169527.6546120393682764934 580895704585336079957274.15779354543373769741 15
VALUES: 894377050431067368581673.02032 76722362096589608606088.2730144197756923781 22
VALUES: 642801556420233463035018.81245136186770 169848172732127870603494.146166170 1
VALUES: 206179903868162050812542.70981918059052 435019455252918287937742.7 13
VALUES: 264316777294575417715724.157747768 784756237125200274662393.35577935 0
VALUES: 309987029831387808041504.22957198443579766536 284626535439078355077439.25149 20
VALUES: 40344853894865339131761.6137331197070267795 824933241779201953154801.952208743419546 12
VALUES: 530876630807965209430075.001281757839 144518196383611810482947.898512245365072 12
VALUES: 878431372549019607843136.376470588235294 225757228961623559929808.273517967498283360036621 8
VALUES: 369741359578850995651178.38970016021 93354695963988708323796.351293202105745 1
VALUES: 238910505836575875486381 194857709620813305867093.7244220645456626 19
VALUES: 550682841229877164873731.04312199 358831158922713054093232.26495765621423666742 17
VALUES: 676264591439688715953306.7 684214541847867551689935.99084458686198214694438 22
VALUES: 866208896009765774013884.843717097734035248340 786861982146944380865185.7 7
VALUES: 355626764324406805523765.57097734035248 327733272297245746547645 4
VALUES: 726939803158617532616158.577248 676630807965209430075531.4817578393224 5
VALUES: 694361791409170672159913 727763790341039139391164.2985580224307621881437 19
VALUES: 502723735408560311284046.1898832684824902723 808041504539559014267184.665369649805447470 0
VALUES: 950896467536430914778361.7560540169 284290836957351033798733.2 9
VALUES: 173479819943541618982223.06601052872510 415197985809109636072327.34859235523002975509269 24
VALUES: 859571221484702830548560.9776150148 158129243915465018692301.66532387 13
VALUES: 520973525597009231708246.980361638818951705195696 904524299992370489051650.88 16
VALUES: 246189059281300068665598.288944 555001144426642252231631.39739070725566 13
VALUES: 215381094071869993133439.93110 796704051270313572899976.314763103685053788052 16
VALUES: 848966201266498817425802.157061112382696269169 486121919584954604409856 19
VALUES: 220050354772259098191805.6851 873609521629663538567176.970290 23
VALUES: 979354543373769741359577.871641107 938078889143205920500494.9801327534905 7
VALUES: 162340733958953231097886.46312657 540108339055466544594490.9529869535362 23
VALUES: 990127412832837415121689.7094987 132768749523155565728236.68725108720 19
VALUES: 626993209735255970092316.455481 273777370870527199206530.587594 19
VALUES: 758266575112535286488135.352208743419546807049668 926344701304646372167543.13408102540627145 12
VALUES: 52124818799114976729991.5554131380178530556191348 513694972152285038529029.7754634927901121538 7
VALUES: 120073243305104142824444.833005264 452613107499809262226290.842114 13
VALUES: 101945525291828793774318.9642023 161425192645151445792324.550 4
VALUES: 841550316624704356450750.66527 881437399862668802929731.3227283131151293202 12
VALUES: 601037613488975356679636.234241 313954375524528877698939.1840238040741588464 17
VALUES: 485679407949950408178835.25 796154726482032501716639.1672236209658960860608834 20
VALUES: 429541466392004272526130.64545 168368047608148317692835.720851453421835 15
VALUES: 294087129015030136568245.681 72343022812237735561150.457907988097962920 15
VALUES: 567116807812619211108567.37367 812527656977187762264438.0369 3
VALUES: 67643244068055237659265.973403524834058 423941405355916685740443.61359578850 17
VALUES: 630243381399252307927061.245090409704737926298924 984588387884336614023040 23
VALUES: 760860608834973678187227.437811856260013733 574471656366826886396581.40462 15
VALUES: 779873350118257419699396.488761730373 252429999237048905165178.6596017395284962233920805 5
VALUES: 767223620965896086060882.73014419775692378118 777187762264438849469748.21190203707942320897 20
VALUES: 720408941786831464103150.2 647577630273899443045700.12300297550926985580224 19
VALUES: 441901274128328374151216.46509498741130693522 167711909666590371557183.016845 17
VALUES: 768978408484016174563209.72922865644312 612069886320286869611657.280659189745937285420 6
VALUES: 222583352407110704203860.30995651178759441519 757442587930113679713129.6308995193408102540627 10
VALUES: 422064545662623025864041.6928358892195010299839 459433890287632562752727.0907301441977569237 10
VALUES: 880659189745937285420003.697047379262989242 743602655069810025177385.385946440833142595 8
VALUES: 406164644846265354390783.14460975 774715800717174029144731.0479743 20
VALUES: 847989623865110246433202.78365758754863813229571 378545815213244831006332.115541 16
VALUES: 186999313344014648661020.641565575646601052872510 750743877317463950560768.30395971 17
VALUES: 802182040131227588311588.424 206622415503166247043564.3008926527 21
VALUES: 767910276951247425040054.1645685511558709086747 312184328984512092774852.819729915312428473 12
VALUES: 992782482642862592507819.2559395742732890821698 360418097199969481956206.2467383840695811 15
VALUES: 557778286411841000991835.865506981002517738612954 196597238117036697947661.358 23
VALUES: 973250934615091172655831.787869077592126344701 970809491111619745174333.3543602655 18
VALUES: 742168307011520561532005.056260 312443732356755931944762.02829022659647516594186 0
VALUES: 722392614633401998931867.744838635843 234225986114290074006255.9647516594186312657358 22
VALUES: 794201571679255359731440.4204 371099412527656977187761.8933394369420920119 20
VALUES: 274952315556572823682001.7087205310139620050 564583810177767605096512.7489127946898603799 9
VALUES: 423193713282978561074234.71833371480888075074387 544594491493095292591744.3245593957427328908216 17
VALUES: 110505836575875486381322.84669260700389105058365 477592126344701304646371.6899519 17
VALUES: 928694590676737621118485.37633325703822 193698023956664377813381.9685053788 6
VALUES: 416968032349126420996413.71288624399176012817 475898374914168001831082 19
VALUES: 200518806744487678339818.217120622568 821759365224689097428853.98864 14
VALUES: 975204089417868314641030.534676127260242618 481284809643701838712138.07063401235980773 1
VALUES: 724727244983596551461050.62188143739 944625009536888685435262.654978255893797207 18
VALUES: 415487907225146868085755 69459067673762111848630.433 16
VALUES: 424994277866788738841839.8130464637216754406042 642755779354543373769740.716823071641107804989700 25
VALUES: 867292286564431219958799.7735866330968184 593179217212176699473563.15138475 3
VALUES: 706462195773250934615090.4661936 842404821850919356069275.1170 6
VALUES: 371435111009384298466467.927946898603799496452277 185091935606927595941099.9903868162050812542915999 25
VALUES: 983932249942778667887387.43447013046 345204852368963149462119.13293659876401922 2
VALUES: 289890897993438620584420.24875257495994506752 422751201647974364843213 14
VALUES: 100831616693369954985885.3039139 343373769741359578850995.3078 23
VALUES: 688364995803768978408483.327809567 315968566414892805371175.3916685 5
VALUES: 631158922713054093232623.157656214236667 748592355230029755092697.80943007553215838864728 23
VALUES: 40802624551766231784542.57001602197299153124284 228809033340962844281681.3154039826 18
VALUES: 405874723430228122377355.20563057 425101091020065613794155.3695124742504005493247882 9
VALUES: 850385290302891584649423.121 174578469520103761348897.361089494163424124513 7
VALUES: 456366826886396581979094 7858396276798657206073.082856488899061 22
VALUES: 1663233386739909971770.80782787823300526 99443045700770580605783.069 2
VALUES: 504997329671168078126191.606088 713008316166933699549858.14103913 25
VALUES: 775463492790112153810939.943236438544289311055 253742275120164797436484.0676127 12
VALUES: 827771419851987487602043.8811627374685282673380636 880399786373693446250094.4 17
VALUES: 193240253299763485160601.01222247653925 775295643549248493171586.925932707713435 5
VALUES: 167879758907454032196536.03414969100480 278889143205920500495917.9327534905 15
VALUES: 394674601358052948805981.141908903639276 369619287403677424277103.468024719615472648203 10
VALUES: 943465323872739757381550.89906157015335 826855878538185702296481.9685969 0
VALUES: 296772716868848706797893.958205539 934096284428168154421300.660471503776 3
VALUES: .8183566033417257953 .148 19
VALUES: .5802243076218814373998626 .9869077592 20
VALUES: .67640 .6496681162737468528267338 25
VALUES: .531349660 .599847409781033035 20
VALUES: .15600823987182421606775 .85 21
VALUES: .705836575875486381322 .65783169298847943 13
VALUES: .1306935225452048523689631 .214892805371175707637140 14
VALUES: .79031052109559777218280 .19081406881818875410086 24
VALUES: .05445944914930 .5385 17
VALUES: .78899824521248187 .337239642938887 6
VALUES: .0292820630 .8 15
VALUES: .06410315098802166781 .5343709468223086 10
VALUES: .1486228732738231479362 .5427328 11
VALUES: .224856946669718 .51938658731975 12
VALUES: .55617608911268787670 .64060425726710917830167 12
VALUES: .70270847638666 .54500 23
VALUES: .7444724193179217212176699 .747936217 14
VALUES: .534859 .092 9
VALUES: .4796826123445 .26166 0
VALUES: .8216525520714 .3 11
VALUES: 0 .47910276951247425040054 21
VALUES: .7865873197528038452735 .31790 18
VALUES: .5947966 .03570 22
VALUES: .374227512016479743648432 .2309147783627 5
VALUES: .5 .9657 13
VALUES: .7139085984 .25674830243381399252 22
VALUES: .1 .594232 0
VALUES: .7331 .303471427481498435950255 25
VALUES: 0 .957 3
VALUES: .2018921187151 .927138170443 18
VALUES: .8 .96020447 24
VALUES: 0 .891844052796215762569 12
VALUES: .894956893263141832 .00956740672922865644312 23
VALUES: .769146257 .2992294193 6
VALUES: .117479209582665751 .757915 7
VALUES: .24051270 .238635843442435339894712 9
VALUES: .76 .7792324711 5
VALUES: .34552529182 .84422 5
VALUES: .445 .1896086060883497367 6
VALUES: .8330052643625543602655 .484061951628900587472 12
VALUES: .700740062 .393 2
VALUES: .9599755855649652 .516685740444037 14
VALUES: .4668650339 .56267643244 8
VALUES: .850568398565651941710 .91499198901350 5
VALUES: .659052414740215 .0645914396887159 3
VALUES: .13440146486610208 .915 10
VALUES: .0833447775997558556 .672083619439993 4
VALUES: .35487907225146868085755 .4 7
VALUES: .222247 .58970016021972991531 1
VALUES: .7912260 .41719691767757686732280 13
VALUES: .9852140077821011673151750 .302159151598382543678 3
VALUES: .19101243610284580 .99455252918287 3
VALUES: .9021438925764 .58785381 1
VALUES: .48326848249027237354085 .72454413672083 24
VALUES: .08 .9663843747615 20
VALUES: .151750972762645 .81625085831998168917 6
VALUES: .9844357976653696498 .513542381933318074311436 9
VALUES: .369695582513 .53943694 14
VALUES: .74309910734 .4880750 17
VALUES: .22554360 .46305027847714 24
VALUES: 0 .282368200198367284 21
VALUES: .314641031 .2065613794155794613565 11
VALUES: .365682 .481803616388189517051956 7
VALUES: .4 .0313115129320210 0
VALUES: .16865796902418554970 .54 3
VALUES: .140 .8841687647821774624 18
VALUES: .907927061875333791 .334248874647135118638 1
VALUES: .845319295 .89428 2
VALUES: .54297703517204547 .4964522774090180819 22
VALUES: .63036545357442 .2434119172961 24
VALUES: .58878461890592813000686 .911284046692607003891 2
VALUES: .2673380636301213092 .57784 13
VALUES: .6913252460517280842298 .0113679713 7
VALUES: .4742961776150148 .87 18
VALUES: .6460669871061264 .3553368429083695 21
VALUES: .3663233386739909971770809 .5657892729076066 4
VALUES: .6581521 .29 12
VALUES: .9946593423361 .9564354924849317158770122 8
VALUES: .111451 .1 17
VALUES: .07226672 .9214007782101167315175 25
VALUES: .368444342717631799 .9 12
VALUES: .97575341420614938582 .49304951552605477988 5
VALUES: .3998016 .1 3
VALUES: .90 .38715190356298 16
VALUES: .18 .418585488670 14
VALUES: .0962691691462577248 .856870374 7
VALUES: .253467 .2538643472 7
VALUES: .819409475852597 .4519111924925612268253 4
VALUES: .56913099870298 .9181963836118104829480 15
VALUES: .316884107728694590676737 .99262989242389 0
VALUES: .731975 .861173418783855954833295 6
VALUES: .3515220874341954680704 .8433 19
VALUES: .570 .740321965362020294499 24
VALUES: .96594 .80222781719691767757 6
VALUES: .0622 .353871976806286717021438 2
VALUES: .0051056687266 .033 8
VALUES: .00297398 .0209704737926298924238956 16
VALUES: .091371023117418 .0412649729152361333638513 10
VALUES: .066 .0715 0
VALUES: .0283634699015 .0714274814984359 3
VALUES: .0784283207446 .0392919813839932860303 25
VALUES: .06308842603 .029854276340886549172 4
VALUES: .09350 .03163042 2
VALUES: 0 .0613504234 1
VALUES: .05 .0066056305790798809796292 9
VALUES: .0252628 .00273289082169832913 14
VALUES: .0586160067139696345464255 .081525902189669 18
VALUES: .032822156099794003204394 .013481345845731288 0
VALUES: .070170138094148165102 .01 14
VALUES: .07175860 .082969 5
VALUES: .0470771343 .01 20
VALUES: 0 .0333150225070572976 10
VALUES: .0324879835202563515678 .079819943541618982 19
VALUES: .053255512321 .030 2
VALUES: .00879987792 .04256961928740367742 12
VALUES: .00280918593118 .0492820630197604 13
VALUES: .00388189 .06833142595559624628061 24
VALUES: .07691615 .04985885404745 20
VALUES: .024815 .0571328 15
VALUES: .064403753719386587319752 .0038712 15
VALUES: 0 .0069459067673762111848 13
VALUES: .000727855344 .03621576256961928740 15
VALUES: .0553856717784390 .0305912 11
VALUES: .023436331731136 .0560 20
VALUES: .020512703135728999771 .0239 13
VALUES: .057866788738841840238040 .0935362783245593957427328 11
VALUES: .04478217746242465857938 .079868772411688410772869 13
VALUES: .05102922102693 .0307682917524986 8
VALUES: .07162279 .06 19
VALUES: .030806439307 .046886396581979095 22
VALUES: .02458 .093257038223849851 24
VALUES: .023988708323 .062111848630502784771 15
VALUES: .0475318532 .0417608911 4
VALUES: .045787747005416 .08080109864957656214236 18
VALUES: .02184176394293125810 .07795529106584267 0
VALUES: .02633096 .07220416571297 22
VALUES: .097193865873 .046669 0
VALUES: 0 .02854 12
VALUES: .031515983825436 .070006866559853513 21
VALUES: .097402914473182269016 .0908552681773098 2
VALUES: .0445624475471122301 .0200976577401 24
VALUES: .095109483 .0532082093 22
VALUES: .032 .05199664301518272 4
VALUES: .069858854047455558 .023392080567 5
VALUES: .05598992904 .0448 5
VALUES: .04029907 .0239566643778 7
VALUES: .0760418097199 .044245059 17
VALUES: .093415732 .095762569619287403 15
VALUES: .09490501258869306477454 .01318379491 12
VALUES: .0013061722743572137026016 .09176165407797360189 0
VALUES: .087 .0173113603418020 22
VALUES: .0571984435797 .035880064087 20
VALUES: .00857404 .038 13
VALUES: .0745845731288624399176 .035539787899595635 10
VALUES: .022847333485923552300297 .091721980621042 20
VALUES: .07757686732280 .002366 7
VALUES: .000056458381 .0692881 24
VALUES: .09742885481040665293 .074697489890897 7
VALUES: 0 .095661860 24
VALUES: .0876844434271763179980 .046791790646219577325 15
VALUES: .071731136 .09664454108491645 25
VALUES: 0 .071015487 21
VALUES: .0547539482 .006115815976195 8
VALUES: 0 .073 7
VALUES: .064 .064 24
VALUES: .0278263523308155 .045062 3
VALUES: .09159533073929961089494 .058416113527 2
VALUES: .034351 .017418173495078965438 20
VALUES: .097936980239566 .0344670786602578774 18
VALUES: .08516 .037532 0
VALUES: .0962661173 .08955672541 5
VALUES: .0418616006713969634 .04332494087 20
VALUES: .0650293 .0138811322194247348 17
VALUES: .074253452353704 .0080796520943007553 4
VALUES: .07 .062 6
VALUES: .0079911497672999160 .09396963454 14
VALUES: .06436713 .00515907530327306019684 6
VALUES: .063 .00470893 0
VALUES: .068320 .0813580529488059815365 19
VALUES: .08307011520561532 .0843701 20
VALUES: .0581094 .0738155184252689 21
VALUES: .058933 .085574120698863202 13
VALUES: .0348058289463645380 .069 22
VALUES: .01486381322 .026768902113 2
VALUES: 838467994201571679255358.89297 8407721065079728389410.230395971618 23
VALUES: 972579537651636530098419.718654154 737712672617685206378270.4 14
VALUES: 192996108949416342412451.168871595330739299 437293049515526054779888.171 20
VALUES: 94209201190203707942320.803021286335545891508354 727336537727931639581902.072693 6
VALUES: 795681696803234912642098.84573128 40054932478828107118333.6 11
VALUES: 683131151293202105745021.060975051499198901350423 93247882810711833371480.7948271915770 24
VALUES: 418966964217593652246890.5553215838 158449683375295643549248.334721904325932707713 21
VALUES: 378515297169451438162813.3851224536507209887 864850843060959792477301.3400778210116731517509727 10
VALUES: 209628442816815442130159.247150377660791943236 289265278095674067292286.275165941863126573586633 25
VALUES: 744716563668268863965819.046234836346990157 974105439841306172274356.2395971618219272144 13
VALUES: 533379110399023422598610.89562829 699809262226291294728007.23488212405584802 4
VALUES: 161074235141527428091859.150743877317463950560 134096284428168154421301.4604715037766079194 23
VALUES: 425284199282825970855267.7520 100480659189745937285419.904097047379 12
VALUES: 930983443961242084382390.1577477683680476 195864805065995269703211.8282444495307850766 15
VALUES: 448096437018387121385518.7401235980773632 684199282825970855268176.625635 17
VALUES: 224933241779201953154802.55220874341954 926482032501716639963377 8
VALUES: 422583352407110704203860.10995 294544899671931029221026.637628 12
VALUES: 40039673456931410696574.3095445181 690287632562752727550163.344197756923 0
VALUES: 134798199435416189822232.260 470801861600671396963454.1717555504692 4
VALUES: 881651026169222552834362.435660 833142595559624628061340.4348821240558480201419089 10
VALUES: 151598382543678950179293.355687800411993591 733791103990234225986113.556282902265964751659418 3
VALUES: 741329060807202258335239.969741359578850995651178 661264972915236133363850.71586175326161593 4
VALUES: 486579690241855497062637.798306248569466697 289616235599298084992751.6749828336003662165 17
VALUES: 497871366445410849164568.0532845044632639047 346807049668116273746852.479926756694895857 12
VALUES: 570733196002136263065536.928313115129320 779064621957732509346150 25
VALUES: 150514991989013504234378.4258182650 919829098954757000076294.1896543831540398260471 12
VALUES: 130922407873655298695353.496910048065918974593 516472114137483787289234.2435797665369649805447470 8
VALUES: 976241702906843671320667.368917372396 981933318074311436636910.5920347905699244678416113 5
VALUES: 793453879606317235065231.5251544975967040512703 806134126802471961547264.014190890 9
VALUES: 640573739223315785458151.4918745708400091554 990432593270771343556877.01368 15
VALUES: 970138094148165102616921.2851453 754924849317158770122834.371343556878004 13
VALUES: 476295109483482108796825.64715037 23056382085908293278400.831448844129091325246051 1
VALUES: 461295490959029526207369.646280613 437033646143282215609978.9632867 0
VALUES: 354131380178530556191347.780453192950331883 837644007019150072480353.17166399633783474479 4
VALUES: 720668345159075303273059.4761730 977050431067368581673913.7250 17
VALUES: 513908598458838788433660.888395513847562 731197070267795834287021.470 0
VALUES: 308842603189135576409551.8388647 376775768673228046082245.751247425 14
VALUES: 320653086137178606851300.510 890180819409475852597847.58 8
VALUES: 285114824139772640573738.9 753810940718699931334400.7110551613641565 1
VALUES: 88441290913252460517280.753 580651560234988937209124.31444266422522316319 25
VALUES: 242740520332646677347981.75161364 123933775844968337529564.23099107347219 24
VALUES: 801861600671396963454641.755550469214923323414969 172701609826810101472495.44032 5
VALUES: 960006103608758678568702.786083772 690485999847409781033035.091920347905 25
VALUES: 589257648584725719081406.29 662226291294728007934690 9
VALUES: 590844586861982146944380.274341954680704966 154909590295262073701075.60 12
VALUES: 233966582742046234836346.7561 751064316777294575417714.973357747768368 0
VALUES: 831494621194781414511328.99 486213473716334782940413.033279926756694 23
VALUES: 575814450293736171511405.54305333028152895 929137102311741817349506.967406 11
VALUES: 271519035629816128786144.53659876401922636758 186572060730907148851758.41570153353170061799038 15
VALUES: 243579766536964980544746.8381322957198 230136568245975432974746.088624399176 13
VALUES: 585259784847791256580452.6076905470359 612710765239948119325550.61945525 6
VALUES: 17914091706721599145494.7558709086747539 188143739986266880292973.0322728313115129320210574 18
VALUES: 608102540627145799954222.3262073701075761043717 345128557259479667353322.3068894483863584344243 20
VALUES: 588815136949721522850384.7014877546349279011215381 920378423743038071259631.3 18
VALUES: 254810406652933546959639.63 943999389639124132143128.6813916227 17
VALUES: 476691844052796215762569.14259555962462806134 953933012893873502708475.43273060196841382467383 20
VALUES: 462302586404211490043487.7501029983978 816830701152056153200579.026001373311970702677 1
VALUES: 76310368505378805218585.41235980773632410 749324788281071183337147.339482719157701991302 3
VALUES: 541435873960479133287555.726207370107576104 32852674143587396047913.295902952620 0
VALUES: 914152742809185931181810.331746395056076905470359 665644312199588006408788.53096818493934 14
VALUES: 383733882658121614404516.28674753948 291340505073624780651559.9436484321355001144426642 3
VALUES: 115648126955062180514228.922 696620126649881742580299.90611123826962 15
VALUES: 128175783932249942778667.759212634470130464637216 937163347829404135194933.0675669489585717555504 7
VALUES: 421042191195544365606164.22 589394979781795986877240 9
VALUES: 877012283512626840619515.4119935912108033875028 734950789654383154039825.31219 2
VALUES: 43411917296101319905394.0208285648889906157 523262378881513694972151 14
VALUES: 817181658655680170901044.42581826504921 188982986190585183489738.118791485465 2
VALUES: 328816662851911192492560.8980086976 716945143816281376363774.365072098878461890 1
VALUES: 157732509346150911726558.16987869077592126344 789379720759899290455481.01423666742961776 22
VALUES: 171145189593347066453040.1889 969649805447470817120621.59844357976653696 12
VALUES: 987136644541084916456854.128 333119707026779583428701.887067978942549782558 16
VALUES: 397344930189974822613870.053559166857404440375 211627374685282673380636.0 2
VALUES: 211184863050278477149614.4985122453650720988 295567254139009689478904.1 6
VALUES: 960006103608758678568702.78608377203 415243762874799725337605.4442206454566 16
VALUES: 359090562294956893263141.47351796749828336003 810742351415274280918592.3074387731746 19
VALUES: 882200350957503624017699.583199 561379415579461356527046.05493247 25
VALUES: 867673762111848630502783.903822 629983978027008468757152.0365 20
VALUES: 446433203631647211413747.9322 144411383230334935530632.3420462348 0
VALUES: 66529335469596398870832.31311512932021 935439078355077439536124.79890135042 12
VALUES: 395544365606164644846264.95 20416571297779812314030.6 14
VALUES: 448111696040283817807278.10533302 676264591439688715953306.71 23
VALUES: 568856336308842603189135.007553215838864728770 390173189898527504386968.40 17
VALUES: 776897840848401617456320.272922865644312 701518272678721293965056.13833829251544975967040 16
VALUES: 485923552300297550926985.09430075532158 999588006408789196612496.13934 17
VALUES: 165636682688639658197909.34836346990157930876630 335347524223697261005569.2 12
VALUES: 888868543526359960326542.179720759899290455481803 46509498741130693522545.1583428 23
VALUES: 552376592660410467689020.581368734 422491798275730525673303.9186999313344 17
VALUES: 764583810177767605096512 938048371099412527656976.24971389333943694209 13
VALUES: 59616998550392919813839.8732433 324620431830319676508735.46541542687113 1
VALUES: 425055313954375524528877.27388418402380 959868772411688410772868.4991989 2
VALUES: 45670252536812390325780.071824216 179064621957732509346150.732661936369878690775 16
VALUES: 522575722896162355992980.32735179674 376195925841153582055389.87328908216 19
VALUES: 620202944991226062409398.9372854200045777065 119035629816128786144807.9987640 20
VALUES: 409552147707331960021362.221103227 29800869764248111696040.254016937514305333028 6
VALUES: 853452353704127565423055.5286335545891508 156267643244068055237659.1 22
VALUES: 554741741054398413061722.188830395971618219272144 931548027771419851987486.6704966811627374685282673 11
VALUES: 696177615014877546349278.31503776 678294041351949340047302.2895857175 1
VALUES: 848828870069428549629967.87017624 92805371175707637140459.2037537193 11
VALUES: 423804074158846417944609.3267109178301670862897 492835889219501029983977.5341725795 5
VALUES: 573891813534752422369725.5266651407644 291950865949492637521934 23
VALUES: .67640 .6904097047 19
VALUES: .9 .6 22
VALUES: .86904707408255130846112 .235980 21
VALUES: .46506446 .83657587548638132295 24
VALUES: .56 .8925 21
VALUES: .1 .834103 2
VALUES: .782589456015869382772 .04733348592 18
VALUES: .76140993 .48253604 19
VALUES: .8815594720378423 .991 5
VALUES: 0 .7448 1
VALUES: .20204470 .41533531700 24
VALUES: .37012283 .195 11
VALUES: .171892881 .17355611 16
VALUES: .35071335 .667643244068055237 6
VALUES: .3923399710078583962 .40160 11
VALUES: .9 .7948577 2
VALUES: .6 .879804684519722285 24
VALUES: .072175173 .930861371786068513008 2
VALUES: .94650186923018 .132433051041428 24
VALUES: .95899900816357671473258 .8545815213 0
VALUES: .400259 .6928816662851911192 21
VALUES: .257450217441 .46675822079804 16
VALUES: 0 .87 25
VALUES: .598352025635 .572182 16
VALUES: .298390173189898527504 .09761196307316 19
VALUES: .5904936293583 .5216601815823605706874 15
VALUES: .254703593499 .14634927901121538 0
VALUES: .588769359884031433 .5308003 7
VALUES: .65107194628 .81643396658274204 16
VALUES: .2077515831 .415152208743419546807049 2
VALUES: .5880064087891966124971389 .8725719081406881818875410 21
VALUES: .928542000457770 .0724193179217212176 25
VALUES: .2622873273823 .673 10
VALUES: .040588998245212481879911 .94253452353704 9
VALUES: .91851682307164110780 .6428 11
VALUES: .2379644464789806973 .61652552071412222476 16
VALUES: .024856 .9108567940794 5
VALUES: .39499504081788357366292 .1791866941329060807 4
VALUES: .8173 .61533531700 15
VALUES: .23073 .538 7
VALUES: .87 .4094148165102616922255 7
VALUES: .1091935606 .64139772640573 21
VALUES: .2695353627832455 .57628747997253376058 14
VALUES: .45911345 .2123445487 1
VALUES: .492896925307087815 .0665445 6
VALUES: .895780880 .5160143434805828 5
VALUES: .26175326161593041886 .832028686961165789272 3
VALUES: .1394064240482185091935606 .5333333333333333333333 21
VALUES: .589715 .6448615243762874799725 24
VALUES: .1397726405737392233 .9607232776379034 22
VALUES: .660288395 .34665445 4
VALUES: .1286 .410589761196307316700999 20
VALUES: 0 .9796749828336 17
VALUES: .2 .9079880 15
VALUES: .894483863584344243 .6 20
VALUES: .1483329518577 .605813687342641 24
VALUES: .042 .995315480277714198519 1
VALUES: .6549 .9330434119172961013199053 7
VALUES: .408606088349736781 .96057068741893 20
VALUES: .3 .04576180666819256885633 7
VALUES: .4198062104219119554436560 .72004272526 20
VALUES: .56525520714122224765392 .782 16
VALUES: .65648889906157015 .43327992675669489 21
VALUES: .44135 .6480506599526 7
VALUES: .551201647974364 .1884946 19
VALUES: .288883802548256656748 .64390020599679560 20
VALUES: .0586 .134386205844205386434 7
VALUES: .6527351796749828336003 .9468070496681162737468 22
VALUES: .0588387884 .341 4
VALUES: .57869840543221179 .163439383535515373464 8
VALUES: .0968184939345387960 .51073472190432593270 10
VALUES: .045731288 .671869993133440146486 24
VALUES: .086900129701686121919584 .21506065461203936827 8
VALUES: .414 .37135881589990081 10
VALUES: .196017395 .885420 0
VALUES: .0306248569466697184710 .72635 5
VALUES: .1729457541771572442 .981 11
VALUES: .577935454337376 .2548409 19
VALUES: .5376211184 .951049057 15
VALUES: .6195468070496681162737468 .91117 5
VALUES: .0614785992217898832684824 .12722972457465 19
VALUES: .0037232013427 .675944151979858091 16
VALUES: .276783398184176394293 .1658350499732967116807812 10
VALUES: .6990310521095597772182 .365148393 7
VALUES: .689250019073777 .89675745784695201 1
VALUES: .533318074311436 .679652094300755321 14
VALUES: 0 .7 2
VALUES: .08499275 .081696803234912642099641 4
VALUES: .8833600366216525520714122 .2289463645380 23
VALUES: .59470511940184634164950 .7028152895399404898146028 23
VALUES: .0197 .8155794613565270 18
VALUES: .096 .4311741817349507 13
VALUES: .189471274 .446692607003891050 2
VALUES: .2859998474097810330 .4850385290302 12
VALUES: .016571297779812314030670 .5658350499 11
VALUES: .9593652246890 .281834134431982909895475 25
VALUES: 0 .010412756542305638208 5
VALUES: .07559929808 .0146334 16
VALUES: .071773 .0025101091020065613 8
VALUES: .0469 .0759853513389 9
VALUES: .004534981307698 .0432 23
VALUES: .0800991836423285267 .002438391699092088197 0
VALUES: .0583245593957427 .03860685130083161669336 1
VALUES: .0517952 .031563286 12
VALUES: .00757763027389 .0717784390020599 9
VALUES: .016020447 .00681773 8
VALUES: .021736476691844 .097399862668 20
VALUES: .045 .049 24
VALUES: .0127626459143968871595 .09897611963073167009994 22
VALUES: .06784618905928130006866 .0514808880750743877317463 11
VALUES: .036061646448462653 .09444113832303 19
VALUES: .09763485160601205 .0447 16
VALUES: .05 .04780193789578088044556 7
VALUES: .042 .068 24
VALUES: .0561318379491874570 .07938963912 14
VALUES: .03026626993209735 .020411 19
VALUES: .076858167391470206759746 .04975204 9
VALUES: .025641260 .051596856 14
VALUES: .08663462272068 .07913 21
VALUES: .002233920805 .023363088426031891 4
VALUES: .043230334935 .0574105 11
VALUES: .068126955062180514229037 .0355062 10
VALUES: .0993 .031656366826886396581 8
VALUES: .005911 .083274586099031 3
VALUES: .065450522621499961 .0701136797131303883 5
VALUES: .02396276798657206073 .027 3
VALUES: .06432288090333409628442 .03255512321 0
VALUES: 0 .008216983291371023117 13
VALUES: .04941023880 .0813351644159609 19
VALUES: .0641107804989700160219 .035429 1
VALUES: .026 .030350 14
VALUES: .062674906 .00694438086 11
VALUES: .0376195925841153582 .0064393072404058899824 7
VALUES: .0209308003356984817273212 .07529564354924849317158 1
VALUES: .04542763408865491721980 .041536583504997329671168 19
VALUES: .0476554 .04440 11
VALUES: .0630914778 .0332433051041428 16
VALUES: 0 .0899885557335 11
VALUES: .06485 .0862638284 13
VALUES: .07943083848325 .031194 0
VALUES: .0350316624704356450751 .030 7
VALUES: .0107652399 .030644693675 22
VALUES: .06698710612 .071593804837 6
VALUES: .07296101319905394064 .0722987 20
VALUES: .099804684519 .093173113603418 18
VALUES: .07192645151445 .0206 18
VALUES: .0495689326314183260852 .0025421 25
VALUES: .0470786602578774700 .0937422751201647974 9
VALUES: .005647364003967345693141 .042517738612954909590 10
VALUES: .038117036697 .0737651636530098420691233 14
VALUES: .030658426794842450 .043308155947203 13
VALUES: .090975814450293 .098 18
VALUES: .00487983520256351567 .025427634 3
VALUES: .0622598611429007400625 .07427328908216983291 25
VALUES: .073487 .007113756008239 0
VALUES: .08286 .023739986266 25
VALUES: .071995117112 .094322117952239261463 1
VALUES: .03449454489967193102922 .028535896849011 8
VALUES: .055637445639734 .0116 20
VALUES: .02856183718 .032935072861829 1
VALUES: .0873090714885 .045059891660 12
VALUES: .01978789959563591973754 .006814679 19
VALUES: .022453650720988784618905 .0595223926146334019989 25
VALUES: .079549858854047 .05118333714808880 12
VALUES: .044412909132 .0205401693751430 3
VALUES: .09 .0992645151445 1
VALUES: .081803616 .06229343099107347 9
VALUES: .06 .09283 7
VALUES: .070893415732051575 .0640787365529869535 0
VALUES: .05596551461051 .03204 9
VALUES: .05284351873044937819 .07782 0
VALUES: .09969634546425574120 .035 10
VALUES: .072460 .0386953536 15
VALUES: .0179720759899290455481 .0841901274 14
VALUES: .036206607156481269550621 .0980773632410162 4
VALUES: .08 .05 4
VALUES: .001702906 .07716792553597 20
VALUES: .0409430075532158388647 .00123 8
VALUES: .0020920119020370794232 .072773327229724574654 9
VALUES: .087330 .08842 1
VALUES: .09690699626 .0382 19
VALUES: .0662302586 .06242008087281605 24
VALUES: .02842603189135 .0848462653 3
VALUES: .0947615777828641184100 .07326924 8
VALUES: .005897611963073167009 .051 20
VALUES: .036040283817807278553 .08306706340123598077363 8
VALUES: .032443732356755931 .0471488517586022735942626 6
VALUES: .09875791561 .06848554207675288014038 5
VALUES: .077331197070267795834287 .018713664454108491645 21
VALUES: .05776760509651331 .078817425803006027313649 23
VALUES: 296787975890745403219653.323414969 80964370183871213855191.80123598077363241016250 25
VALUES: 664301518272678721293964.39253833 358113984893568322270542.10011444266 6
VALUES: 325627527275501640344853.5692378118562600137331197 658335240711070420386052.59565117875944151979858 6
VALUES: 602151522087434195468069.894529640650034332799267 449454489967193102922102.2437628747997253376058 7
VALUES: 749401083390554665445944.16552986953 295323109788662546730754.2633096818 22
VALUES: 158693827725642786297398.178072785534447 672419317921721217669946.683955138475623 24
VALUES: 248493171587701228351262.43556878004 275272755016403448538948.3781185626001373 22
VALUES: 851071946288242923628594.555962462806134126802 526100556954299229419393.69073 21
VALUES: 162355992980849927519645.8283360036 349492637521934843976500.7567864499885557335774 5
VALUES: 449439230945296406500342.87855344472419317 624414435034714274814983.7 0
VALUES: 344945448996719310292209.92437628747997 497886625467307545586327.418493934538796 23
VALUES: 628702220187685969329365.358937972075989929 214251926451514457923246.9056076905470359349965667 25
VALUES: 998489356832227054245821.8442 765285725185015640497443.348546 12
VALUES: 979858091096360723277636.9235523002975509269 821744106202792401007094.62343785763332570 24
VALUES: 723231860837720302128632.8313572899977 281071183337148088807507.157701991302 13
VALUES: 286259250782024872205691.3 624917982757305256733042.786999313344 3
VALUES: 698008697642481116960402.1401693751430 740291447318226901655603 10
VALUES: 600518806744487678339817.81712062256809338521400 174929427023727779049362.76090638590066376745 5
VALUES: 936751354238193331807430.206912336919203479 904676890211337453269244.536690318150606546120393 10
VALUES: 962691691462577248798351.062943465323 936430914778362706950483.5375143053330281528953 2
VALUES: 951186388952468146791789.6950 382131685358968490119782.939 3
VALUES: 324711985961699855039291.65667200732433 384527351796749828336003.277637903410391393 22
VALUES: 76768139162279697871366.36864271 360097657740138857099259.5773403524834058 4
VALUES: 274372472724498359655145.830762188 930571450370031280994887.29709315632867933165 6
VALUES: 118745708400091554131380.0597848477912565804531929 938185702296482795452810.536598764019 11
VALUES: 706813153276874952315555.8660105287 485130083161669336995498.103410391393911 10
VALUES: 906324864576180666819255 835049973296711680781261.0860608834973678187228 15
VALUES: 623971923399710078583962.144014 973983367666132600900281.31792172 11
VALUES: 112794689860379949645227.6281 927550164034485389486532.98562600 16
VALUES: 537926298924238956282901.7280384527351796749828 317051956969558251316090.3215381094071869 12
VALUES: 689570458533607995727473.17935454337 97001602197299153124284.63634699015793 19
VALUES: 975707637140459296559089.5865873197528038452735 721065079728389410238802.97161821927 13
VALUES: 735408560311284046692606.26 302128633554589150835431.14 8
VALUES: 547554741741054398413061.1751888 46982528419928282597085.4 16
VALUES: 261600671396963454642557.150469214923 971343556878004119935911.1366903181506 7
VALUES: 268192568856336308842602.9209430075532158 271732661936369878690775.64953078507667 8
VALUES: 783382925154497596704050.4869306 897566186007476920729380.349095902952620737010 5
VALUES: 535454337376974135957884 387853818570229648279544 19
VALUES: 706401159685664148928053.005355916685 857648584725719081406880 12
VALUES: 818081940947585259784846.973 449576562142366674296177.165438315403982604715037 11
VALUES: 285587853818570229648279.2596932936598764019226367 462592507820248722056915.68908216983291371023 7
VALUES: 553444724193179217212176.146028839551 191378652628366521705958.456672007 21
VALUES: 595666437781338216220339.68052185 464972915236133363851376.661753261615930 5
VALUES: 503852903028915846494239.215381094071869993133 303654535744258793011367.66765850308995 18
VALUES: 36301213092240787365529.83323414969100 325703822384985122453650.3952849622339208 17
VALUES: 347005416952773327229724.2276 36285954070344090943770.46802471961547264820325 7
VALUES: 425864042114900434882123.6 444602121004043640802624.1071641107804989700 19
VALUES: 901197833218890669108109.2689402609292 540520332646677347981993.813641565575646601 25
VALUES: 987396047913328755626763.33701075 836758983749141680018309.989517051956969 4
VALUES: 848905165178912031738764.696223392080567635614 614282444495307850766765.23602655069 4
VALUES: 670069428549629968719004.4417029068436713206683451 81254291599908445868619.740215152208 18
VALUES: 57953765163653009842069.065415426871137560 852475776302738994430456.155230029755092698 16
VALUES: 139559014267185473411154.20544747081 794750896467536430914777.567956054016937514305333 17
VALUES: 869886320286869611657891.85918974593728542000 766567483024338139925230.0261 23
VALUES: 554146639200427252613106.945662623025864042114 219241626611734187838559.32909132 15
VALUES: 114000152590218966964217.4796520943007553215 185412375066758220798046.6597848477 20
VALUES: 918120088502327000839245.2861982146 716609445334554055085068.330464637216 5
VALUES: 998138399328603036545356.4444 65522240024414435034714.2092 12
VALUES: 853559166857404440375371 753765163653009842069122.61542687113756008239871 13
VALUES: 764217593652246890974287.783886472877088578622110 298893720912489509422445.72231631952391851682307 12
VALUES: 408102540627145799954222.52620737010 742229343099107347219042.5170977340352483405813687 5
VALUES: 614557106889448386358433.80979 784191653315022507057296.8430304417486 5
VALUES: 402609292744335088120851.0508125429159990844 567162584878309300373845.46930647745479514 14
VALUES: 115556572823682001983672.7310139620050 556282902265964751659418.07498283360036621652552 3
VALUES: 241763942931258106355382.37821011 26901655603875791561760.8642252231631 20
VALUES: 715770199130235751888303.2439459 2059967956054016937514.3032730 16
VALUES: 765407797360189211871518.2702220 967803463797970550087738.40810 13
VALUES: 916014343480582894636452.887296 652262149996185244525825.2422980086 13
VALUES: 89951934081025406271457.909 676050965133134966048675.603799496 23
VALUES: 144045166704814221408407.5 145738918135347524223697.1152 11
VALUES: 78751812008850232700083.84586861982146944380865 206790264744029907682917.3 6
VALUES: 217990386816205081254291.3819180590524147402151 291645685511558709086747.24783703 19
VALUES: 508552681773098344396123 955550469214923323414968 21
VALUES: 601846341649500267032882.590341039139391165 31708247501335164415960.905195696955825131609 7
VALUES: 292378118562600137331196.777889677 350179293507286182955672.1912108 21
VALUES: 451789120317387655451285.120805676356 506691081101701380941481.144335088120851453421835 15
VALUES: 12344548714427405203326.45442893110551613641565 256946669718471046005950.761593041 12
VALUES: 592217898832684824902723.14 439169909208819714656290.092607003891050583657 22
VALUES: 873334859235523002975508.39652094 588403143358510719462881.840833142595559 19
VALUES: 501884489204242008087281.103364614328 212542915999084458686198.00215152208743 13
VALUES: 378240634775310902571144.811352712291142137788 905348287174792095826656.605905241474021515220 8
VALUES: 66071564812695506218051.3568 610299839780270084687570.9163653009842069 10
VALUES: 967009994659342336156251.4 145418478675516899366750.445868619821469443808651 22
VALUES: 1373311970702677958342.868848706797894254978 22690165560387579156176.06642252231631952391851 21
VALUES: 890913252460517280842297.11778439002059967956054 596643015182726787212939.053925383382925154 10
VALUES: 410894941634241245136186.359533073929 507988097962920576791027 15
VALUES: 168917372396429388876172.8683909361409933623254749 182253757534142061493858.06143282215609979400 2
VALUES: 669245441367208361943998.7203936827649347 35019455252918287937743.15564202334630350194552 22
VALUES: 386511024643320363164720.75486381322957 924055848020141908903638.352 3
VALUES: 198153658350499732967116.6096589608606088349 457267109178301670862897.23099107347219043 6
VALUES: 544518196383611810482947.49851 789974822613870450904096.257404440375371938658 4
VALUES: 675150682841229877164873 816052491035324635690851.400320439459830 1
VALUES: 508262760357061112382695.76090638590066 708125429159990844586861.2740215 9
VALUES: 182558937972075989929045.3656214236 293446250095368886854352.3425497825589379720759899 4
VALUES: 471335927367055771725031.9540 97703517204547188525215.4359807736324101625085831 5
VALUES: 502876325627527275501639.8419775 449195086594949263752193.0352025635156786449988 16
VALUES: 335912108033875028610665.720393682764934767 712794689860379949645227.0281071183337148088807507 1
VALUES: 372991531242847333485923.17930876630807965 880811779964904249637597.34914168001 24
VALUES: 323445487144274052033264.34 626581216144045166704813 1
VALUES: 95399404898146028839551.289356832227054245 44892042420080872816052.446143282215609 7
VALUES: .8072327763790341039139391 .2150301365682459754329747 0
VALUES: .7 .6407110704203860532 23
VALUES: .9346 .979919 10
VALUES: .61815823605 .354558632791638 0
VALUES: .4330663004501411 .6375 12
VALUES: .074 .878248264286259250782 1
VALUES: .360479133287556267 .2644693675135 9
VALUES: .88802929732204165 .9838864728770885 15
VALUES: .688700694285496299687 .5534752422369726100556 14
VALUES: .3257343404 .4993972686350804913405 0
VALUES: .428564888990615701533531 .448844129 12
VALUES: .17196917677576867322804 .5866178377 17
VALUES: .1496452277409018081940 .8196993972686 1
VALUES: .6654917219806210 .967177843900205996795 24
VALUES: .355519 .7631952391851682307 11
VALUES: .461799 .110536354619 0
VALUES: .958144502937361 .209460593575951781490 1
VALUES: .744792858777 .6814831769283588921950102 12
VALUES: .77572289616235599298084 .96813916227969787136644 10
VALUES: .833264667734798 .442313267719 20
VALUES: .320805676 .5023727 22
VALUES: .191790646219577 .7788967727168688 21
VALUES: .04885938811322194 .3000381475547417410543 12
VALUES: .6504310673685816 .8095826 13
VALUES: .846 .654657816433966582 16
VALUES: .291828793774319066147 .67138170443274586099031 2
VALUES: .27882 .57517357137407 5
VALUES: .23314259555962462 .20126649881742580 13
VALUES: .2794232089723 .504921034561684596017 24
VALUES: .062027924010 .50955977721828030823 23
VALUES: .1449301899748226 .2603341725795376516365300 21
VALUES: 0 .64258793011367 10
VALUES: .93125810635538261997405 .76 20
VALUES: .4664377 .469977874418249790188448 21
VALUES: .97302204928664 .168459601739528 1
VALUES: .510582131685358 .30 11
VALUES: .47226672770275425345235 .8934767681391622 16
VALUES: .485938811322194247348744 .3490501258869306 21
VALUES: .46350 .14584573128 3
VALUES: 0 .638849469748989 19
VALUES: .2914015411612115 .231 17
VALUES: .20907911802 .2205539 4
VALUES: .4605172 .66497291 25
VALUES: .9 .03775082017242694743266 16
VALUES: .01745632104982070 .607232776 17
VALUES: .418280308232 .0878 21
VALUES: .95564202 .6491493095292 22
VALUES: .68 .40099183642328526741 10
VALUES: .7090409 .966338597695887693 19
VALUES: .173022049286640726329442 .328358892195010299839 17
VALUES: .8656595712214847028305 .6 4
VALUES: .57869 .1859 10
VALUES: .325215533 .9808499275196459906919966 10
VALUES: .86 .788509956 20
VALUES: .3894102388036 .7 8
VALUES: .1 .686717021438925 25
VALUES: .51076523994811932555123 .908964675 15
VALUES: .5705500877393759060 .2 15
VALUES: .9806210421911 .560677 9
VALUES: .3166094453345540550850 .3696040 16
VALUES: .2642252231631952 .3368429083695735 22
VALUES: .982742046234836346 .4773327229724574654 22
VALUES: .76641489280537117570763 .65032425421 10
VALUES: .882673380636301213092 .37607385366598 10
VALUES: .36002136263065 .2 20
VALUES: .16011291 .5023117418173 16
VALUES: 0 .051514457 5
VALUES: .32324711 .1906157015335317 2
VALUES: .87815671015487907225146 .15500114442664 25
VALUES: .955031662470 .17 19
VALUES: .2 .7129 10
VALUES: .3037308308537422751201 .9210650797283894102388 8
VALUES: .233508812085145 .784328984512092 13
VALUES: .51465629053177 .334706645304036011 18
VALUES: .54444190127412832 .9966430151827267872129396 11
VALUES: .6019989318 .774196993972 20
VALUES: .62522316319523 .3671473258564126039520 9
VALUES: .426245517662317845426108 .013656824597543 16
VALUES: .1441062027924010070 .664 0
VALUES: .183825436 .13348592 16
VALUES: .3806363012130922407 .05271 1
VALUES: .2318150606546120393682 .89439230 19
VALUES: 0 .3244220645456626230258 23
VALUES: .015274280918593118181 .9 12
VALUES: .4136110475 .363 16
VALUES: .5179674982833600366216 .557213702 18
VALUES: .57 .66004425 22
VALUES: .03 .6895551995117112 6
VALUES: .27399099717708094911 .4543526359960326 21
VALUES: .1281 .308 23
VALUES: .1561150530251010 .695140001525902189669 12
VALUES: .894621194 .48326848249027237354 11
VALUES: .0629892423 .5051499198 9
VALUES: .7618677042 .22406 22
VALUES: .511955 .114839 11
VALUES: .7 .183306630045014114595 20
VALUES: .022078278782330052643 .073473716 14
VALUES: 0 .088583199816891737 15
VALUES: .047647821 .006936751354238193 3
VALUES: .092816052 .00617990 5
VALUES: .07558556496528572518 .04804303044174 11
VALUES: 0 .058 22
VALUES: .0045227740901808194094758 .0476 17
VALUES: .091 .016559090562 9
VALUES: .047022201876859693293659 .09912108033 22
VALUES: .0555870908 .0862714579995422 7
VALUES: .05194934004730296 .014680704966811 17
VALUES: .02 .049352254520 2
VALUES: .088 .048874647135118638895246 9
VALUES: .0843060959 .01347829404135 17
VALUES: .07906614785992217 .088 11
VALUES: .01168383306630045014114 .09404898146028839551384 23
VALUES: .0087 .07232471198596169985503 5
VALUES: .02885481040 .076517891203173876 14
VALUES: .0886778057526512550545 .090988021 1
VALUES: .00013275349050125886 .0202426184481574731059 24
VALUES: .078 .022748149 21
VALUES: .0084290836957351 .04771953 6
VALUES: .045 .01375448233768215 19
VALUES: .0876920729381246 .0128007934691386 6
VALUES: .05374 .0988296 24
VALUES: .07519493400473029678797 .0576012817578393 19
VALUES: .048384832532234 .035 5
VALUES: .0217120622568093385214 .044547188525215533684290 0
VALUES: .0774 .0800915 15
VALUES: .061757839322499427786678 .0732295719844357976 20
VALUES: .0267292 .069489585717555504692149 3
VALUES: .054412 .0118394750896467 24
VALUES: .0785748073548485 .08064240482185 12
VALUES: .074 .06436 25
VALUES: .059 .007522697795071335927 18
VALUES: .0618341344319829098954757 .01316243228809033 13
VALUES: .041428 .02829327840085450 3
VALUES: .03420 .0354589150835431 10
VALUES: .0030716411078049 .001681544213015 20
VALUES: .000263 .05434958419165331 16
VALUES: .0067795834287022201876 .01776 15
VALUES: .047771419851 .056 8
VALUES: .0043778133 .02 10
VALUES: .02986495765621423666742 .087089341573 1
VALUES: .076365300984206912336919 .039696345464255741 23
VALUES: .07748378728923476005188 .052228580148012512 21
VALUES: .082351415274 .072 7
VALUES: .047650873579003585870145 .08937819485770962081 20
VALUES: .03246814679179064 .0055527580682078 24
VALUES: .086155489433127336537 .07 21
VALUES: .029274433508812085 .073550 18
VALUES: .0586617837796597238117 .056011291676203555352101 13
VALUES: 0 .081255817502 8
VALUES: 0 .0142000457 3
VALUES: .02735484855420767528801 .018403 14
VALUES: .0618051422903791 .0417242694 21
VALUES: .09843137254 .0617807278553444724193 19
VALUES: .07889677 .07693 8
VALUES: .0357045853 .0337117570763714 25
VALUES: .0903593 .07342336156252384222 14
VALUES: .0865 .0864499885557335774 17
VALUES: .0875394827191 .0211367971313038834210727 1
VALUES: .079003585870145723659 .0095094224460 8
VALUES: .0077912 .0830411 3
VALUES: .02992 .050702677958342870 16
VALUES: .0288944838 .0307499809262226291294728 9
VALUES: .0657480 .076688792 25
VALUES: .028288 .067978942 1
VALUES: .095202563515678644 .02605783169298 8
VALUES: 0 .048673 23
VALUES: .0928130006866559853 .0622384985122453650720 22
VALUES: .06491187 .03986419470511940 2
VALUES: .020689707 .019826047150377660791943 10
VALUES: .01021896696421 .0961303120469977874418 19
VALUES: .0696650644 .085757228961623559929 5
VALUES: .0145021 .07441519798 14
VALUES: .060111 .0629221026 22
VALUES: .00272373 .004483100633249408712901 25
VALUES: .049074540321965362 .064 8
VALUES: .0975341 .0664942397192339971007 19
VALUES: .04115053025101 .08215152208743419 1
VALUES: .0770656900892652 .0713756 23
VALUES: .071293202105745 .02683146410315098 17
VALUES: .0906080 .01849393453879606317235 18
VALUES: .00276798657 .0598 24
VALUES: .04279087 .0564507515068284122 11
VALUES: 0 .0700923170 1
VALUES: .001 .05291676203555 23
VALUES: 0 .059874876020447 10
VALUES: .0321202410925459678034637 .043222705 9
VALUES: .0435 .0573968108644 4
VALUES: .0404 .064742504005493 13
VALUES: 495353627832455939574272.793728542000457770656 777401388570992599374379.32483 22
VALUES: 549324788281071183337147.53948271915770199130235 211001754787518120088502 0
VALUES: 103273060196841382467383.737422751201647 435614557106889448386357.998809796292057679102769 15
VALUES: 431189440756847486076142.0880750743877317 701838712138551918822002.80773632410162508583 15
VALUES: 780956740672922865644311.418631265735 384954604409857328145265.50350194552529182 14
VALUES: 695933470664530403601128.4716868848706 765011062790875104905774.7747768368047608148 8
VALUES: 401663233386739909971770.40782787823300 413183794918745708400091.14094758525 7
VALUES: 721904325932707713435568 678461890592813000686655.306 3
VALUES: 698725871671625848783092.3050125 219028000305180437933928.21615 0
VALUES: 582742046234836346990157.348134584 971953917753871976806285.745067521171 14
VALUES: 872785534447241931792171.248981460288395513847 418753337911039902342259.4423895628290226 6
VALUES: 84550240329594872968642.6254520485236896314 320378423743038071259631.937193865873197528038452 21
VALUES: 587685969329365987640191.675989929045548 877882047760738536659799.2289311055161364156557564 8
VALUES: 142519264515144579232471.056076905470 660944533455405508506904.04646372167544 24
VALUES: 922941939421683070115204.69237811856260 539681086442359044785228.727122911421377889677271 7
VALUES: 668329900053406576638436.8078278782330052 581322957198443579766536.38365758754863813229571 9
VALUES: 272755016403448538948653.1185626 116212710765239948119325.435019 15
VALUES: 412634470130464637216753.993408102540 961593041886015106431676.7 9
VALUES: 54840924696726939803158.5626 951125352864881361104752.23419546 16
VALUES: 376424811169604028381780.3514305333028152895 413107499809262226291294.3149004348821240558480201 7
VALUES: 580025940337224383916990.340856031128404669260 214160372320134279392690.71435111009384298466 20
VALUES: 63599603265430685893034.19290455481803616388 222964827954528114747844.440192263675898374914168 13
VALUES: 664545662623025864042114.2358892195010299839 106706340123598077363240.90954451 19
VALUES: 347600518806744487678339.470817120622568 251789120317387655451285.3208056763561 17
VALUES: 352269779507133592736705.22490272373540856031 910093842984664682993819.18603799496452277409 4
VALUES: 465766384374761577782863.65 827374685282673380636300.3857175555046921 16
VALUES: 473182269016556038757915.14442 26520180056458381017776.7339894712748912794689 2
VALUES: 994766155489433127336536.73316548409246967 385732814526588845654993.12918287937743190661478 25
VALUES: 160646982528419928282596.924 417380025940337224383916.5735408560311284046692 13
VALUES: 877683680476081483176927.4812085145342183566033 920241092545967803463797.050308995193408102 18
VALUES: 16693369954985885404745.5391165026321812771 147051194018463416495002.5232776379034103 16
VALUES: 823743038071259632257571.465873197528038452735 245441367208361943999389.39368276 19
VALUES: 708201724269474326695658.10006866559853 421530479896238651102463.9105058 8
VALUES: 110658426794842450598916.4 819470511940184634164949.20723277637 0
VALUES: 359182116426337071793697.664774547951 476371404592965590905622.47319752 9
VALUES: 670603494316014343480582.22403295948729686 53574425879301136797131.2503 14
VALUES: 121339742122529945830472.14538796063172350 523872739757381551842526.37015335317 8
VALUES: 767818722819867246509497.973311970702 85465781643396658274204.538017853055619134813458 15
VALUES: 408300907911802853437094.2739299 829236285954070344090942.9412 11
VALUES: 790646219577325093461508.326619363698 75516899366750591287098.421 13
VALUES: 217578393224994277866788.52126344 489799343862058442053863.8574 23
VALUES: 39841306172274357213702.5 636942092011902037079422.5720302128 18
VALUES: 175097276264591439688715.7 31937132829785610742351.38333714 6
VALUES: 96849011978332188906690.984252689 144625009536888685435263.4 23
VALUES: 865674830243381399252307.0613870450904097047 106782635233081559472037.7355916685740444037 3
VALUES: 1907377737087052719920.6511787594415 190676737621118486305027.6570382238 20
VALUES: 585183489738307774471655.78164339665827420462 11367971313038834210727.0810254 5
VALUES: 453330281528953994048981.006958113984893 580376897840848401617455.7406729 4
VALUES: 500129701686121919584954.1042801556420 755733577477683680476080.7274433508 7
VALUES: 630106050202182040131226.95820553 451255054551003280689707.338475623712520027466239 10
VALUES: 274464026855878538185702.02201 292103456168459601739528.204119935912 2
VALUES: 591805905241474021515220.2825360494392309452964065 913374532692454413672082.706 22
VALUES: 428610666056305790798809.367681391622796 118806744487678339818417.520622568093385214007782 25
VALUES: 507057297627222095063705.9 318684672312504768444342.3989 2
VALUES: 576592660410467689021133.16873426413 855695429922941939421682.21441977 4
VALUES: 164141298542763408865491.5578393224994277866 271366445410849164568550.88 12
VALUES: 965560387579156176089111.7223163195239185 121919584954604409857328.0233463035019455252918 15
VALUES: 528221560997940032043945.45484 517677576867322804608224.0 10
VALUES: 359166857404440375371938.2 65094987411306935225451.983428702220187685969 23
VALUES: 889936675059128709849697.744380865186541542 990386816205081254291598.9 14
VALUES: 862104219119554436560615.60238040 454520485236896314946211.49329365987640 10
VALUES: 599633783474479285877774.634973678187228198672465 695323109788662546730753.863 1
VALUES: 87953002212558175020981.0671549553673609521629663 931441214618142977035171.1140306706340123598077363 16
VALUES: 162539101243610284580758.21084916 645761806668192568856335.663080 12
VALUES: 595834287022201876859692.6 922499427786678873884183.1013046463721675440604 22
VALUES: 189639124132143129625390.822796978 857572289616235599298084.135 23
VALUES: 604455634393835355153734.041153 220019836728465705348286.95477225909819180 2
VALUES: 89723048752574959945067.4314488441290913252460517 338872358281834134431982.57102311741817349 10
VALUES: 902113374532692454413671.181506065461 781078812848096437018386.3403067063401 15
VALUES: 709132524605172808422979.3 562111848630502784771495.58 10
VALUES: 972991531242847333485922 48096437018387121385519.14 14
VALUES: 891340505073624780651559.3436484 344853894865339131761653 12
VALUES: 105912870984969863431753.918654 807186999313344014648660.213641 19
VALUES: 195239185168230716411077.854657816433966582742046 132875562676432440680552.24371709773 24
VALUES: 552285038529030289158464.3901121538 526680399786373693446249.56868848706797894 0
VALUES: 443839169909208819714655.84669260 853574425879301136797130.450308995193408102540627 14
VALUES: 179018844892042420080872.63703364 509452964065003433279926.24724193 25
VALUES: 96971084153505760280765.90592813000686 992568856336308842603188.1430075 3
VALUES: 373907072556649118791485.091874570840009155 791317616540779736018920.3958342870222 0
VALUES: 222552834363317311360341.57953765163653009842069 497962920576791027695124.244541084916 8
VALUES: 431754024567025253681238.6008239871824 400839246204318303196764.6865186541 5
VALUES: 923445487144274052033263.74428931105516136 266590371557183184557869.57395284962 19
VALUES: 220462348363469901579308.545845 63462272068360418097199.90601968 13
VALUES: 780117494468604562447546.332112611581597619592584 472175173571374074921797.040604257267109178 12
VALUES: 947508964675364309147782.679560 276646066987106126497291.2469672693980315861 9
VALUES: 599572747386892500190737.1741359578850995651178759 55817502098115510795757.9360952 17
VALUES: 973189898527504386968794.327031357289997711146715 464682993820096131837948.72277409018081 14
VALUES: 440924696726939803158617.0916914625 583916990920881971465628.4692607003891050 25
VALUES: 643564507515068284122987.0 631052109559777218280307.601 22
VALUES: 189379720759899290455481.61423666 831647211413748378728922.64435 14
VALUES: 139406424048218509193560.553353 716960402838178072785533 15
VALUES: 675196459906919966430151.1 647760738536659800106812.505516136415 18
VALUES: 180056458381017776760509.471274891 300022888532845044632638.7478141451 1
VALUES: 150576028076600289921415.8866559853513389791714 181673914702067597467002.1834744792858777752 24
VALUES: 486747539482719157701990.815 948302433813992523079269.67045090409704737 17
VALUES: 299259937438010223544670.487342641336690318150 535820553902494850080109.329137102311741817349 20
VALUES: 565438315403982604715037.200640878919661249 756191348134584573128861.68 21
VALUES: 244724193179217212176699.228839551 372274357213702601663233.01446555275806 23
VALUES: 267490653849088273441672.12130922 295567254139009689478904.10666056 8
VALUES: 362157625696192874036773.88061 59342336156252384222171.2994735637 19
VALUES: .859464408331425955 .51226062409399557488 13
VALUES: .182772564278629739833676 .38870832379644464 9
VALUES: 0 .79273670557717 4
VALUES: .9884489204242008 .3160753795681 25
VALUES: .8275577935454337376 .68249 21
VALUES: .326 .64798 0
VALUES: .46514076447699 .3087510490 12
VALUES: 0 .027 15
VALUES: .6 .012970168 0
VALUES: .359685664148928 .2 9
VALUES: .071213855191882200350 .79 6
VALUES: .24321355001144426 .299153124 21
VALUES: .1580682078278782330052 .8012 1
VALUES: .31204 .853 19
VALUES: .555413138017853055 .86 11
VALUES: .11993591210803387 .302265964 2
VALUES: .728 .400 21
VALUES: .9648432135500114442664 .6023041123064011596 17
VALUES: .20938429846646829938200 .5655909056229495 12
VALUES: .8973 .1 25
VALUES: .32744335088120851453 .153170 18
VALUES: .627924010070954451 .73 23
VALUES: .73 .211230640115968 15
VALUES: .25970855 .595010299839780270084687 7
VALUES: .748241397726405737 .5121232928 15
VALUES: .5061570153353170061799038 .269977874418249790188 1
VALUES: .94845502403295 .246784161135271229114213 12
VALUES: 0 .714106965743495841916 4
VALUES: 0 .420889600976577401388570 1
VALUES: .471519035629816128786144 .1195 14
VALUES: .178 .1 13
VALUES: 0 .4811 4
VALUES: .857 .53206683 9
VALUES: .2515602349889372 .3420614938582436865 5
VALUES: .308003 .202944991226062409399 13
VALUES: .9962005035477225 .8295262073701075761043717 16
VALUES: .84005493247882810711 .8341039139391 3
VALUES: .79942015716 .4162661173418783855954 9
VALUES: .54375524528877 .532341496910 19
VALUES: .0897077897306782635 .2581521 9
VALUES: .3 .9 16
VALUES: .33 .58721293965 19
VALUES: .5477378500038147 .6873579003585870145723659 16
VALUES: .18178072785534447241 .5158464942397192339971007 6
VALUES: .328404669260700389 .993728542 17
VALUES: .5869077592 .4690623331044480048828870 19
VALUES: .142565041580834 .373373006790264744 1
VALUES: .302983 .68834973 19
VALUES: .9869687953002212558 .64689097428 1
VALUES: 0 .22911421 3
VALUES: .7107042038605 .76330205233844510 24
VALUES: .35204089417868 .05876249 10
VALUES: .83988708323796 .196 24
VALUES: .2016479743648 .351995117112 12
VALUES: .8946211947814 .873334859 14
VALUES: .214480811779 .594888227664606698 15
VALUES: .950865949492637 .762 23
VALUES: .166842145418 .609338521400778 23
VALUES: .779705500877 .209491111619745174334 10
VALUES: .09550 .6368505378805 3
VALUES: .8786144808117 .84 12
VALUES: .68860914 .09210345616845960 7
VALUES: .89285114 .95622186617837 21
VALUES: .01715114061188677805 .338735027084763866 10
VALUES: .776104371709773403 .8910658426794842 22
VALUES: .7907377737 .88482490272373540856031 15
VALUES: .35498588540 .02 17
VALUES: .31042954146639200427252 .0678416113527122911421377 9
VALUES: .4933 .7944151979858 16
VALUES: .306340 .78 8
VALUES: .11998168917372396 .759258 5
VALUES: .33134966048 .755596246 4
VALUES: .360112916762035 .22786297398336766613260 2
VALUES: .32991531 .0862 6
VALUES: .52265 .680933852140077821 19
VALUES: .923750667582 .45027847714961470969 18
VALUES: .757045853 .0378728923476005188067444 9
VALUES: .3112993057145 .6457923247119 24
VALUES: .10791 .86132600900 22
VALUES: .71728084229800869 .811779964904249637598 12
VALUES: .32222476539253 .436606393530174715800717 24
VALUES: 0 .82 18
VALUES: .315388723582818341344 .911024643320363164 7
VALUES: .63401235980773 .47075 16
VALUES: .4 .89605 15
VALUES: .43147936217288471808957 .5762722209506370 6
VALUES: .1904020 .35100328 8
VALUES: .13583581 .689662012664 6
VALUES: .682 .9114671549553673609 22
VALUES: .5846646829938200961 .3459 16
VALUES: .11 .01863126573586633096 21
VALUES: .00817 .16441596093690394445716 19
VALUES: .48566 .9631036850537880521858 14
VALUES: .6467841611352712291142 .993728 3
VALUES: .28664072632944 .30673685816 10
VALUES: .23215075913633936064698 .52008 21
VALUES: .0400457770656900892 .01051041428244449530 3
VALUES: .00007019 .03296559090 16
VALUES: .0786 .077953765163653009842 5
VALUES: .08707713435568 .010066376745 0
VALUES: .09335774776836804 .005334554055 18
VALUES: .074 .0652536812390325780 23
VALUES: .0557167925535973 .03534294651712825 6
VALUES: .0141680018 .025452 22
VALUES: .00864 .000233 24
VALUES: .0144304570077058060578316 .08 6
VALUES: .043886 .0099 16
VALUES: .0696894789044 .09568474860 13
VALUES: 0 .05273823147936 5
VALUES: .0841092545967 .002432288090333409628442 1
VALUES: .09092698558022430762 .053606469825284199 19
VALUES: .0999389639124 .010754558632791638 24
VALUES: .01270008 .0566872663462 4
VALUES: .014021515220874341954680 .089933 6
VALUES: .0024277 .0170565346 17
VALUES: 0 .09171282520790417334 14
VALUES: .0248523689631494621194781 .04932021057450217441 10
VALUES: .051557183 .070193026 10
VALUES: .028 .09993591210 12
VALUES: .01057755 .010807965209430 13
VALUES: .064 .01285877 14
VALUES: .012535 .024168764782177462424658 6
VALUES: .077 .075770 10
VALUES: .08 .018051 5
VALUES: .0544502937361715114061188 .0605600061036087586785687 21
VALUES: 0 .0388891432059205004 21
VALUES: .08566567483024338139 .0783978 24
VALUES: .09531853208209 .072040894178683146 15
VALUES: .097906 .01562676432 25
VALUES: .09395742732890821 .003956 13
VALUES: .03623712520027 .058585488670176241702906 16
VALUES: .00786297 .0792019531548027771 10
VALUES: .0870969710 .0118013275349050125886 12
VALUES: .04900892 .0759700923170824 24
VALUES: .05206378271152819104 .087937743190 8
VALUES: .06584878309300373846036 .027017624170 16
VALUES: .004315251392385748073 .040062561989 4
VALUES: .05480582 .013 12
VALUES: .01 .0203845273517967498283360 1
VALUES: .0739772640573 .062 9
VALUES: .0897550926985580224 .07 3
VALUES: .057526512 .0959807736324101 12
VALUES: .0289890897993438620584420 .0133302815289539940489814 23
VALUES: .0552 .0293110551 6
VALUES: 0 .0737163347829404135194 22
VALUES: .037026016632333867 .00212100 21
VALUES: .0691538 .05133745326 20
VALUES: .0115938048371099412527 .083643854 15
VALUES: .0509407186999313344014648 .036101319905394064240482 10
VALUES: 0 .0178774700541 11
VALUES: .013725490196078 .012884718 10
VALUES: .0610 .06176089112687876707103 8
VALUES: .065799954222934 .0126 24
VALUES: .0711497 .0672648203250 10
VALUES: .05562523 .059513237201 8
VALUES: .02 .05822842 7
VALUES: .090855268177309834 .044823376821545738918 16
VALUES: .0119035629816128 .07761 20
VALUES: .065047 .069825284199282825970 20
VALUES: .09184252689402609292 .0916304264896620126649881 17
VALUES: .0731807431143663691157396 .09385976958876935988403 4
VALUES: 0 .01 17
VALUES: .0480628671702143892576 .09595788 3
VALUES: .0643137254901960 .015625238 9
VALUES: .07562371252002746623 .053377584496833752 10
VALUES: 0 .071039902342259 17
VALUES: .06 .095503166247043564507 2
VALUES: .0115327687495 .0153566796368352788 24
VALUES: .010472266 .0801647974364843 15
VALUES: .00101014724956130 .002215 11
VALUES: .01280079 .09911039902342259861142 7
VALUES: .0930907148851758602273 .0696131837 25
VALUES: .074569314106965743 .0853284504463263904783703 11
VALUES: .05679 .0241 25
VALUES: .005273517967 .056151674677653162 0
VALUES: .013434042 .09421988250553 9
VALUES: .003781185 .0689646753643091 9
VALUES: .027792782482642 .0067917906 1
VALUES: 0 .0252597848477 12
VALUES: .02804 .085996 21
VALUES: .024203 .03818417639429312581 16
VALUES: .0591378652628366 .063604180971999694819 15
VALUES: .0607 .06535286488136110475 3
VALUES: .01411154345006485 .032246890974288548104 15
VALUES: .04739452 .003521782 18
VALUES: .0642221713 .09051499198901350423437 21
VALUES: .0193 .08279850461585412375 14
VALUES: .00012359807736324101 .04464026 21
VALUES: 990173189898527504386967.8051270313572899977 287067978942549782558937.685008010986495765621423 6
VALUES: 766140230411230640115967.8002746623941405 123338673990997177080948.987823300526436255 20
VALUES: 844434271763179980163270.68986037 606271457999542229343098.5 19
VALUES: 918333714808880750743876.3 88685435263599603265430.5972075989929045548 4
VALUES: 8438239108873121232928.96081483 940856031128404669260699.44824902723 3
VALUES: 538490882734416723887998.2407873655298 595513847562371252002746.02842755779354543373769 3
VALUES: 224994277866788738841840.0130464637216754406042 385473411154345006485083.92062256809338521400 14
VALUES: 268619821469443808651865.146807049668116273746852 316136415655756466010528.408972304875257495994506 21
VALUES: 732204165712977798123139.574502174410620279240100 899610894941634241245135.2871595330739299610 0
VALUES: 797848477912565804531928.7054 958678568703746089875638.01286335545891508354 5
VALUES: 997146562905317769130997.70583657587548638132 679835202563515678644998.1757381551842526894026 20
VALUES: 486259250782024872205691.128908216 661112382696269169146257.063 3
VALUES: 611566338597695887693598.2 377172503242542153047989.246 3
VALUES: 782406347753109025711451.113527 218463416495002670328831.70341039139391165026321 23
VALUES: 874097810330357824063476.656992446784161135 840695811398489356832226.2135500114442664225223163 10
VALUES: 454200045777065690089264.823 378271152819104295414663.5417715 9
VALUES: 214465552758068207827878.0185397116044861 856504158083466849774928.5 12
VALUES: 861585412375066758220797.18525978484779125 773907072556649118791484 19
VALUES: 308003356984817273212786.752346074616617074845 54291599908445868619821.4151522087434195 13
VALUES: 536018921187151903562981.076859693293659876401 741847867551689936675058.3868 16
VALUES: 53528648813611047531853.154680704966811627374 227878233005264362554360.03762 3
VALUES: 688990615701533531700617.30139620050354772 883482108796826123445486.2607919 3
VALUES: 551140611886778057526511.999404898146028839551384 414740215152208743419546.3923094529640650034332799 16
VALUES: 137438010223544670786602.44133669031 245761806668192568856336.063080 15
VALUES: 137651636530098420691233.5542687113756 513359273670557717250323.74085603112840466 9
VALUES: 252796215762569619287403.42462806134126802471 999023422598611429007399.62659647516594186 9
VALUES: 209414816510261692225528.1342183566033417257 799237048905165178912030.9395284 6
VALUES: 957305256733043411917295.1440146486610208285648 811413748378728923476004.3766536 3
VALUES: 212664988174258030060272.923826962691691462577 155687800411993591210803.2318150606546120393682764 16
VALUES: 203814755474174105439841.10235751888303959 915220874341954680704965.8964065003433279 10
VALUES: 683649958037689784084839.478095674067292286564431 688761730373083085374226.8 3
VALUES: 460975051499198901350422.9768825818265049210345 272617685206378271152818.83167 11
VALUES: 919172961013199053940641.485648889906157015335317 697825589379720759899289.7576562142366674296 20
VALUES: 371648737315938048371099.04087891966 950148775463492790112152.860791 17
VALUES: 94056610971236743724727.150926985580 820843823910887312123292.076081 25
VALUES: 664972915236133363851376.461753261615 640390630960555428397039.10936140993 1
VALUES: 997329671168078126192110.08834973678 331090257114518959334706.31421377889 16
VALUES: 179125658045319295033188.1934996566720 169207293812466620889600.807370107576104371709 15
VALUES: 548043030441748683909360.8618905928130006866 191882200350957503624017.50858319981689173 17
VALUES: 596047913328755626764323.8 408361943999389639124131.7347676813916227969 16
VALUES: 733348592355230029755091.965209430 873624780651560234988936.335500114442664 10
VALUES: 556557564660105287251086.6487525749599 301609826810101472495612.729594872968642710002288 22
VALUES: 910719462882429236285953.1596246280613412 333226520180056458381017 0
VALUES: 636469062333104448004882 18020904859998474097810.312336919 21
VALUES: 80750743877317463950560.68830395971618219 629617761501487754634927.2715037766079194 9
VALUES: 820309758144502937361714.2937514305333028152895399 410284580758373388265811.7511558709086747539 17
VALUES: 626352330815594720378423.1166857404440 552941176470588235294117.0941176 23
VALUES: 259662775616083009079117.76887159533073929961089 24750133516441596093690.36969558251316090 18
VALUES: 115724422064545662623025.7483176928358 921660181582360570687418.01478599221789883 5
VALUES: 523277637903410391393911.1 486717021438925764858472.0851911192492561226825360 5
VALUES: 109376668955519951171129.821194 769268329900053406576637.66820782787 11
VALUES: 142137788967727168688486.925841153582055390249485 249164568551155870908674.504783703364614328 14
VALUES: 376714732585641260395208.2904097047379262989242389 253025101091020065613793.902769 2
VALUES: 888792248416876478217745.35367360952162966353856 949462119478141451132981.4263675898374914168 8
VALUES: 562493324177920195315479.71522087434195 988815136949721522850384.301487754634927901 7
VALUES: 73823147936217288471808.88322270 395361257343404287785152.576333257 18
VALUES: 614267185473411154345005.870817120622568093385 789745937285420004577705.779262989242389562 12
VALUES: 61493858243686579690241.794003204394598306248569 954512855725947966735331 21
VALUES: 518974593728542000457770.1379262989242 954528114747844663157090.6758 7
VALUES: 981780727855344472419316.939940489814602883955138 343556878004119935912107.69031815060654612039 6
VALUES: 71457999542229343099107.2757610 843045700770580605783168.455802243076218814373 14
VALUES: 706065461203936827649346.9707 437613488975356679636834.84124513618677042801556 19
VALUES: 864438849469748989089798.4794232089723 793621728847180895704584.54245822842755779354 5
VALUES: 789410238803692683298999.744655527580682078278 646234836346990157930875.984573128 13
VALUES: 86701762417029068436713.11998 896986343175402456702524.4711375600823987182421 6
VALUES: 837201495384145876249331.58059052 868070496681162737468527.39926756 8
VALUES: 201022354467078660257877.269031815060654612039 278782330052643625543602.37628747997 11
VALUES: 344441901274128328374150.8724650949874113 634760051880674448767833.3470817120622568093 22
VALUES: 678492408636606393530174.037308308537422751201 909346150911726558327610.29077592126344701304646 9
VALUES: 255436026550698100251773.605859464408331425955596 142153047989623865110246.2910 8
VALUES: 138918135347524223697260.86665140764476 405630579079880979629205.362279697871366 3
VALUES: 290791180285343709468222.796108949416 863691157396810864423589.58416113527 12
VALUES: 70328831921873807888914.25026321812771801327534 135378042267490653849088.138063630121309224078 20
VALUES: 956679636835278858625161 292698558022430762188143.447287708857862211032 24
VALUES: 664332036316472114137483.12295 317936980239566643778133.503685053788 12
VALUES: 945906767376211184863049.332570 34393835355153734645609.182055390249485 10
VALUES: 116517891203173876554512 804531929503318837262530.6672 22
VALUES: 718867780575265125505454.3814602883955138475623712 915938048371099412527656.061249713 9
VALUES: 153200579842832074464026.70267795 714732585641260395208666.40970473792629892423895 10
VALUES: 268757152666514076447699.433691 993087663080796520943006.560128175783932249942778 1
VALUES: 657495994506752117189287.5091325246051728084229800 385641260395208667124436.9379 13
VALUES: 344304570077058060578316.5855 481513694972152285038528.5487754634927901121 16
VALUES: 910948348210879682612343.637766079194323643854 262439917601281757839322.2369878690775921263 15
VALUES: 831174181734950789654382.3228 950835431448844129091324.295216296635385671778 13
VALUES: 559609369039444571602959.69063859006637674525 5310139620050354772259.092881666285191119 15
VALUES: 825406271457999542229342.2737010757610437170977 40238040741588464179446.057 7
VALUES: 183398184176394293125810.452140077821011 552559700923170824750132.9 4
VALUES: 902418554970626382848858.485694666971847104 323796444647898069733729.74410620 3
VALUES: 421362630655374990463110.89320210 606088349736781872281986.11 24
VALUES: 443106736858167391470206.3166399633783474479285 479896238651102464332035.8365758754 10
VALUES: 805584802014190890363926.866651407 97718776226443884946974.80119020370 4
VALUES: 913618677042801556420232.5494163424124513618677042 57755397878995956359197.31769 2
VALUES: 120820935378042267490653.7282673380636 908674753948271915770198.221560997940032 11
VALUES: 174792095826657511253528.47 622049286640726329442282.1276264591439688715 20
VALUES: 76585030899519340810253.986129549095902952620737 200595101853971160448615.043167772945754177157 24
VALUES: 156603341725795376516365.144 988387884336614023041122.075623712520 14
VALUES: 814816510261692225528342.8183566033417 971679255359731441214617.17129777981 10
VALUES: 23483634699015793087663.05731288624 269672693980315861753261.34 1
VALUES: 436697947661554894331272.928679331 375890745403219653620202.56910048 4
VALUES: 722178988326848249027236.6319066147859922178988326 180636301213092240787365.349233 16
VALUES: .9179674 .31731136034180209048 20
VALUES: .5980163 .14897383 10
VALUES: .837262531471732661936 .61431296253910 10
VALUES: .48 .960646982528419928 25
VALUES: .6106660563 .55086594 21
VALUES: 0 .569726100556 2
VALUES: .0804150453955901 .6 1
VALUES: .6791180285343709468223086 .1083 12
VALUES: .70086213 .229068 12
VALUES: .72599374380102235446 .178561074235 25
VALUES: .41011673151 .6253147173266193636987869 12
VALUES: .25552758068207827878233 .21969 2
VALUES: .024673838406958 .2184176394293 11
VALUES: .6187991149767299916075379 .907972838941 10
VALUES: .9628 .8419470511 3
VALUES: .066193636987869 .863279163805600061036 23
VALUES: .260914015411612115663385 .17851529716945143816281 20
VALUES: .4459449149309529259174486 .1 1
VALUES: .8680399786373693 .3407186999313344 19
VALUES: .6574502174410620279240100 .1605 13
VALUES: .672999 .80689707789730678263 25
VALUES: .6516823071 .25278095674067292 19
VALUES: .0483710994125 .6 3
VALUES: .8 .69 25
VALUES: .5737239642938 .5238879987792782 22
VALUES: .892790112153 .34699015793087663080 11
VALUES: .665 .6139162279697871366445410 7
VALUES: .022842755779354 .00631723506523 23
VALUES: .6986495765621 .90064850843060959 3
VALUES: .633997100785839 .04289311055161 0
VALUES: .144808117799649042 .57326619363698786 12
VALUES: .63108 .6882276646066987106 2
VALUES: .7566643778133821622034 .88674753948271 12
VALUES: .6903028915846494239719233 .5992370489051651 25
VALUES: .43 .32117189 21
VALUES: .7652704661631189 .10438696 2
VALUES: .937132 .81895170519 2
VALUES: .6965133134966048676279 .425406 6
VALUES: .549 .20221255817 0
VALUES: .2854047455558098725 .438162813763637750820 5
VALUES: .67545586327916 .81365682459 18
VALUES: .2215609979400 .37567711909666 0
VALUES: .24820325017 .1 21
VALUES: 0 .55524528877 19
VALUES: .74847028305485 .16592660410467689021 12
VALUES: .3607995727473 .40 25
VALUES: .9919279774166475928 .131090257114 23
VALUES: .701808 .3401846341649500267 1
VALUES: .4236209658960860608834 .45398641947051194 12
VALUES: .614663920042 .1599755855649652857251850 6
VALUES: 0 .96 21
VALUES: .93064774547951 .228839551384756 8
VALUES: .5544213 .08 9
VALUES: .85871671625848 .5318379491874570840009155 2
VALUES: .84136720836194399938963 .0874799725337605 15
VALUES: .194781414511329 .8605020218204 20
VALUES: 0 .491508 13
VALUES: .4 .99719233997100 10
VALUES: .7090 .030579079880 21
VALUES: .02 .371 4
VALUES: .821469 .50060273 13
VALUES: .89297322041657129777981 .9897764553292133974212 23
VALUES: .9689326314183260852979324 .9055313954375524 3
VALUES: .27788204776 .878629739833676 20
VALUES: .226 .099259937438010223 25
VALUES: .47 .45741969939 18
VALUES: .3555657282368200198 .941939421683070115 11
VALUES: .0695048447 .2057221332 21
VALUES: .332 .02078278782 10
VALUES: .27464713511863889524681 .51879148 15
VALUES: .75767147325 .317296101 18
VALUES: .9593194476234073395895323 .643381399252307927 5
VALUES: .69504844739452201113 .763179 23
VALUES: .2222629129 .12802319 17
VALUES: .897459372854200045777065 .5395895 3
VALUES: .7 .5069047074082 23
VALUES: .2402075226977950713359273 .34876020447 1
VALUES: .298130 .6688487067978942 14
VALUES: .351110093 .07525749599450675 5
VALUES: .230823224231326 .72 10
VALUES: .8546883344777599755 .8361943999389639124132143 12
VALUES: .9 .6227817196917677576867 5
VALUES: .287357 .72962539101243610 24
VALUES: .978942549782558937972075 .988052185854886701 14
VALUES: .7 .26941329060807 0
VALUES: 0 .6889 11
VALUES: .95848020141908 .7428854 21
VALUES: .8941 .6052338445105 18
VALUES: .42511635004196231021591 .798504615 5
VALUES: .23556878004119935912108 .69404135194934004730 14
VALUES: .670 .698 17
VALUES: .9168993667505912870984969 .99266041046 25
VALUES: .086533913176165407797360 .115190356 3
VALUES: .8023346303501945 .638071259632257572289 8
VALUES: .368612191958495460 .48293278400 7
VALUES: .9985656519417105 .79815365835049973296 7
VALUES: .0046173800259403372243 .028279545281147 4
VALUES: .0539131761 .002519264515144579 0
VALUES: .0847074082551308461 .006138704509040970473 15
VALUES: .04742961776150148775 .0959990844586861982146 16
VALUES: .0709025711451895933 .088 25
VALUES: .018347447928587777523 .097467002365148 15
VALUES: .050992599374380102 .028613717 16
VALUES: .08739909971770809491111 .0660578316929884794384 12
VALUES: .016 .0405020218204013122 16
VALUES: .09013199053940642404821 .010453955901 9
VALUES: .01079575799 .07209887 10
VALUES: .092143129625391012436102 .0688 11
VALUES: .024057373 .0944335 1
VALUES: .01274128328374151216 .071482413977264 9
VALUES: .09423819333180743114366 .0460334172579 7
VALUES: .07472495613031 .041506065461 10
VALUES: .0767391470206 .027595941100175478751 5
VALUES: .09317921 .07005264 9
VALUES: .024910353246356908 .02936293583581292439 16
VALUES: .0764812695506218051422 .02579842832 17
VALUES: .059528496223 .0557198443579766536964980 6
VALUES: .09559472037842374 .0549202 12
VALUES: .0644190127412832837415 .029918364232 20
VALUES: .043952 .023945983062485694 4
VALUES: .013353170061799038681620 .0534721904 23
VALUES: .05580376897840848 .0979491 12
VALUES: .008 .07376211184863050278477 1
VALUES: .0305378805218585488670176 .04417334248874647135118 0
VALUES: 0 .01041733424887464713511 7
VALUES: .0750 .04 16
VALUES: .07963378347447928587777 .059211108 14
VALUES: .0444281681544213 .088 6
VALUES: 0 .00124208438 20
VALUES: .0112382 .0441062027924 6
VALUES: .086898603 .0196017 7
VALUES: .06235294117647058823 .092530708781567101548 8
VALUES: .013998626688029 .035126268406195162 6
VALUES: .004385442893110551613641 .0732173647669184405279621 11
VALUES: .05816433966 .03832455939574273 1
VALUES: .0665232318608 .026269 18
VALUES: .048047608148317 .0921507591363393606469 10
VALUES: .009 .01 16
VALUES: .05667505912870984969 .09426 5
VALUES: .007661554894331273 .07418478675516899 16
VALUES: .05947051194018 .08599984 5
VALUES: .095 .0758 17
VALUES: .00442511635004196231 .07955748836499 8
VALUES: 0 .076618600747692 11
VALUES: .03442130159456 .0476249332 2
VALUES: .01129320210574 .0977782864 18
VALUES: .099476615 .0141161211566338 23
VALUES: .07468986037994964522 .00731975280384527 4
VALUES: .0855359731441214618142 .0505882352941176470588235 5
VALUES: .09011673151750972 .02715190356298161287861 8
VALUES: .042305638208590829327840 .0433340962 12
VALUES: .050536 .03559 3
VALUES: .080746166170748 .0671152819104295414663 18
VALUES: .013319600213626306553 .031190 16
VALUES: .07312 .02494544899671931029 8
VALUES: .01811398489356 .02456092164 4
VALUES: .09634393835 .0150484473945220111390 5
VALUES: .08810559243152513923 .01944914 20
VALUES: .006097505149919890 .0618585488670176241 24
VALUES: .066 .0620813305867093919 18
VALUES: .072922 .061750209811 21
VALUES: .05161058976119630731 .08693 13
VALUES: .025575646601052872 .0624994277 24
VALUES: .0327229724574654764629 .0069993133440146486610208 19
VALUES: .0102616922255283436331731 .07 8
VALUES: .064022278171969176775 .0140154 7
VALUES: .04659647 .08203402761882963302052 11
VALUES: .05923094529640650034332 .005 18
VALUES: 0 .08569771877 13
VALUES: .034871 .0135088120851453421 8
VALUES: .02497444113 .073333333 11
VALUES: .093835 .062124055848020141 21
VALUES: .0650522621499961852445 .06383459220263981078812 3
VALUES: .064478522 .09183337 20
VALUES: .0881544213015945 .006489662012664 5
VALUES: .0921263 .002705 13
VALUES: .0014892805371175707637 .00446173800259 14
VALUES: .01279316395819 .017 13
VALUES: .044733348592355230 .096092164492256 0
VALUES: .02877 .02495460440985 13
VALUES: .0469916838 .0228686961 22
VALUES: 0 .055007248 21
VALUES: .04749 .059797055008773937590 4
VALUES: .08 .0157045853 21
VALUES: .03147783627069504 .04 25
VALUES: .0380209048599984 .0445731288624399176 9
VALUES: .09 .084609750514991 12
VALUES: 492423895628290226596474 736186770428015564202333.894163424 17
VALUES: 282093537804226749065384 476005188067444876783397.7081712062256809338 9
VALUES: 687006942854962996871899.824170290684367132066834 460532539864194705119401.3858091096360723 19
VALUES: 822796978713664454108490.82288853284 619989318684672312504767.82 22
VALUES: 806149385824368657969023.379400320439459830624 751857785915922789349201.9642481116960402838 18
VALUES: 739040207522697795071335.1 861509117265583276112000.35921263447013 1
VALUES: 479758907454032196536201.5496910048065918974 674982833600366216525520.03913939116 0
VALUES: 920149538414587624933240.859052 633051041428244449530784.4436255436026550698 14
VALUES: 603280689707789730678262.9200274662 687129015030136568245974.74584573128 12
VALUES: 686823834592202639810787.4416571297779812314 344701304646372167544060.0810 6
VALUES: 38696879530022125581750.17111 955642023346303501945524.33618677042801 18
VALUES: 25329976348516060120546.24765392538338292515449 201510643167772945754176.9557335774 2
VALUES: 526298924238956282902265.438452735179674 945769436179140917067215.0456855115587090867475 8
VALUES: 728389410238803692683298.272144655527580682 478583962767986572060730.428564888990615701533531 20
VALUES: 12390325780117494468604.5500 122804608224612802319371.20 3
VALUES: 166292820630197604333562.052368963149462 957152666514076447699701.49192034790569924467841 4
VALUES: 831265735866330968184938.51412222476 617746242465857938506141.138567177843900 9
VALUES: 589456015869382772564278.0402838 99977111467154955367360.852185854 10
VALUES: 38681620508125429159990.80590524147402 768230716411078049897000 20
VALUES: 340413519493400473029678.45717 37811856260013733119706.9 1
VALUES: 921538109407186999313343.0931105 444663157091630426489661.568001 16
VALUES: 513252460517280842298008.184390020599 804791332875562676432439.87576104371709773403 20
VALUES: 653055619134813458457312.23 107698176546883344777599.648157473105 23
VALUES: 138796063172350652323185.94497596704051270313 219699397268635080491340 22
VALUES: 290363927672236209658960.570244907301441977 533440146486610208285648.3564660105287 11
VALUES: 916853589684901197833217.97381551842 311604486152437628747996.941771572442206 5
VALUES: 243991760128175783932249.6 886564431219958800640878.033096818493934 19
VALUES: 357061112382696269169145.90 198504615854123750667582.0094758 0
VALUES: 630487525749599450675211.088441290913 858396276798657206073089.856488899061 19
VALUES: 381872281986724650949873.731 95170519569695582513160.811215381 2
VALUES: 557595178149080643930723.48299382009613183 617135881589990081635766.53018997482261387 13
VALUES: 254703593499656672007324.0758 23620965896086060883497.34419775692378118 24
VALUES: 817380025940337224383916 323140306706340123598077.0401007095445181963836118 16
VALUES: 893507286182955672541389.203387 450797283894102388036926.382192721446555275806 10
VALUES: 719386587319752803845272.7985809109636072327 913588158999008163576713.81899748226138704509 18
VALUES: 34744792858777752346074.581872281 749324788281071183337147.33948271915 2
VALUES: 624750133516441596093689.7696955825131609 208300907911802853437094.47 4
VALUES: 903852903028915846494238.815381 103410391393911650263218.024307621 10
VALUES: 353643091477836270695048.093 214663920042725261310749.766262302586404 23
VALUES: 57984283207446402685587.79583428702220187685969 695857175555046921492331.645639734493018997 2
VALUES: 561486228732738231479361.6113984893568322270542458 590508888380254825665674.23973449301899 12
VALUES: 8773937590600442511634.99542229343099 679789425497825589379720.0801 2
VALUES: 225864042114900434882123 686625467307545586327915 18
VALUES: 365194171053635461966887.557289997711 63492790112153810940718.63643854428931105516136 22
VALUES: 664255741206988632028686.296910048065918974593728 376180666819256885633630.508079652094 20
VALUES: 342015716792553597314411.80416571297779 308644235904478522926680.0 23
VALUES: 401739528496223392080567.2338750286106660563057 9246967269398031586175.316914 14
VALUES: 127092393377584496833752.8293430991073472190 440390630960555428397039.309361409933623254749370 19
VALUES: 677119096665903715571831.168459601739528 649637598229953459983214.426276035 11
VALUES: 748455024032959487296863.522545204852368963 267124437323567559319447.35628290 4
VALUES: 955809872587167162584877.3 228442816815442130159456.5503776607919432364385442 25
VALUES: 220508125429159990844586.6414740215152208743419 993469138628213931486990.6903639276722362096 19
VALUES: 330083161669336995498588.21039139391165026321812 29999237048905165178912.001739528496223 19
VALUES: 15243762874799725337605.84422064545662 369237811856260013733119.3377889677271686884 19
VALUES: 123994811932555123216601.691 353566796368352788586251.26770428 12
VALUES: 592599374380102235446707.273426 435294117647058823529411.329411764705 2
VALUES: 776943617914091706721598.36855115 545571068894483863584343 12
VALUES: 467566948958571755550468.747356374456397 51728084229800869764248.059967956054016 19
VALUES: 112916762035553521019302.5497825589379720 773830777447165636682687.86582742046234 15
VALUES: 897108415350576028076599.39281300068665598535133 130540932326237888151369.3666742 3
VALUES: 432578011749446860456244.32213321126115 347920958266575112535286.14021515220 10
VALUES: 132005798428320744640268.4267795834287022201876859 435828183413443198290989.111741817349507 20
VALUES: 904463263904783703364613.42375 327626459143968871595330.41167315175097276264591 8
VALUES: 144960708018616006713969.489585717 402197299153124284733348.19015793087663 16
VALUES: 760967421988250553139542.994277866788738841840 49683375295643549248493.1219043259 9
VALUES: 455924315251392385748073.092561226 523811703669794766155488.90 18
VALUES: 603845273517967498283359.4327763790341039139391165 274525062943465323872739.4828564888990615701533531 3
VALUES: 298817425803006027313648.89626916914 172106507972838941023880.197161821927 3
VALUES: 704936293583581292439153.945250629434653238727 313008316166933699549858.54103913939116502632 2
VALUES: 810086213473716334782939.60343 507804989700160219729914.80462348363469901579 12
VALUES: 117402914473182269016555.921355001144426642252231 761028458075837338826580.4551155 8
VALUES: 518791485465781643396657.755413138 596002136263065537499045.7151293 25
VALUES: 71671625848783093003738.388693064 516716258487830930037384.08693064774547951476310 8
VALUES: 523704890516517891203173.35284962 303364614328221560997939.728679331654840924696726 3
VALUES: 16754406042572671091782.9999542229343099107347219 253437094682230869001296.763424124513618677042801 10
VALUES: 242771038376440070191500.482032501716639963378347 2227817196917677576867.32057 22
VALUES: 821530479896238651102463.51050583 217135881589990081635766.9 3
VALUES: 44068055237659266041046.72483405813687342 221347371633478294041351 3
VALUES: 141298542763408865491721.8393224994277866788738841 873456931410696574349583.31819638 24
VALUES: 568291752498664835584038.494804303044174868 263157091630426489662012.401831082627603570611 22
VALUES: 1434348058289463645380.32968642710002288853284 104310673685816739147020.57 24
VALUES: 546242465857938506141755.7 938994430457007705806056.892 16
VALUES: 542824444953078507667657.96026550698100 648065918974593728541999.809 8
VALUES: 514213778896772716868848.19258 878995956359197375448232.8892195010299839780270 5
VALUES: 611337453269245441367207.7506 917998016327153429465170.3645227740901808194 14
VALUES: 168139162279697871366445.242710002288853 339452201113908598458838.448981460288395513847 12
VALUES: 786694132906080720225832.7373 5355916685740444037537 11
VALUES: 799023422598611429007399.82 5630579079880979629205.762279697871366445 0
VALUES: 20065613794155794613565.25040054932478828107 931990539406424048218508.2615 14
VALUES: 803997863736934462500952.884870679789425497 536675059128709849698633.78086518654154268711375 0
VALUES: 893354695963988708323795.5512 793575951781490806439306.44682993 8
VALUES: 422308690012970168612191.536186770428 810254062714579995422292.620737010 12
VALUES: 151384756237125200274662.2427557 249851224536507209887845.9392080567635614557106889 8
VALUES: 66910811017013809414816.443350 743724727244983596551460.307621 13
VALUES: 824414435034714274814983.535088120851453421835660 458640421149004348821240.0 4
VALUES: 362966353856717784390020.23671320668345159075 931227588311589227130540.00109864957656214236667 19
VALUES: 808010986495765621423665.93 585885404745555809872586.58127 3
VALUES: 193942168307011520561531.81185626001373 13916227969787136644541.071 3
VALUES: 699794003204394598306247.869672693980315861 661326009002822919050888.1766994735 25
VALUES: 44586861982146944380865.14195468070 871808957045853360799571.87557793545433 16
VALUES: .7077286945906 .98222 20
VALUES: .95474174 .159243152513923857480 8
VALUES: .518272678721293 .7913 15
VALUES: .98785381 .224139772640573739223315 0
VALUES: .0593423361562523 .6082093537 18
VALUES: .3304036011291 .12 6
VALUES: .984222171358 .21763942931258 20
VALUES: .026230258 .918791485465781643 19
VALUES: .326848249027237354085 .8399481193255512321 25
VALUES: .8904097047379262989242 .6082 19
VALUES: .106 .83091477836270695 4
VALUES: .3767147325856412603952 .323308155947 14
VALUES: .8438544 .621759365224689097 6
VALUES: .446570 .4 18
VALUES: 0 .235126268406195 21
VALUES: .213076981765468 .55721370260166323 21
VALUES: .6207 .726741435873960 7
VALUES: .238208590 .179583428 22
VALUES: .122255283436331 .849485008010986495765621 3
VALUES: .937727931 .8281681544213015945 23
VALUES: .802 .365758754 18
VALUES: .1896086060883 .063355458915083543144884 14
VALUES: .113740749217975127 .284962233920805676356145 8
VALUES: .3608911268787 .73437094 5
VALUES: 0 .84997329671168078126 3
VALUES: .0561837186236362249179 .6370489051651789120 12
VALUES: .870084687571526665 .41074235141527428 7
VALUES: .731166552224002441443503 .91833 9
VALUES: .466132600900282 .91912 12
VALUES: .177965972 .446265354390783550774395 7
VALUES: .61504539559014 .378286411841000 23
VALUES: .396765 .0205539024948 22
VALUES: 0 .1326771953 9
VALUES: .559182116426337071793698 .10 17
VALUES: .05583 .945952544441901274 5
VALUES: .574105439841306172274 .6811932555123 19
VALUES: .1160143434805828946364538 .8314030670634 24
VALUES: .13226 .619882505531395 10
VALUES: .972930495155 .063599 5
VALUES: .966582742046234836 .8721293 22
VALUES: .266193 .207446402685587 4
VALUES: .389120 .29631494621194781414 23
VALUES: .30576028076600289921 .3762569619287403677424277 4
VALUES: .8491798275730 .87325856412603952086 1
VALUES: .81615 .73365 3
VALUES: 0 .3100633249408712901503 5
VALUES: 0 .90574502174410 20
VALUES: .593 .3 20
VALUES: 0 .833035 12
VALUES: .136079957274 .627054245822842755779 22
VALUES: .415671015487 .6 22
VALUES: .97338826581 .27937743190661478 21
VALUES: .0051270 .28615243762874799725 0
VALUES: .82659647516594186312 .4567940794 3
VALUES: .49060807202258335240 .750972 24
VALUES: .01403830014496070801 .005111 21
VALUES: .75927367055 .3453421835 1
VALUES: .28282597085526817730983 .892790112153 12
VALUES: .7122 .20 20
VALUES: .2230716 .4024872 21
VALUES: .232303349 .507637140459296559090 0
VALUES: .121416037232 .909712367437247272 4
VALUES: .5457541771572442206 .0390325780117 24
VALUES: .2313725 .8355 8
VALUES: .8797131303883421072 .1329976348516 13
VALUES: .431311512932021057450217 .12129396 3
VALUES: .050904097047379262989 .8779888609140154116121 0
VALUES: .203707 .495 2
VALUES: .524498359655146105 .348485542076752880140 15
VALUES: .226550698100 .010833905546 15
VALUES: .3666 .96200503547722590981918 12
VALUES: .434 .682154573891813534752422 25
VALUES: .39102769512474250 .3911802 21
VALUES: .07203784237 .20755321583886472877 23
VALUES: .99723811703669794766155 .22534523537041275654 18
VALUES: .534340 .2 21
VALUES: .364705882352941 .99041733424887464 13
VALUES: .48241397726405737392 .47911802853437 0
VALUES: .85090409704737926298924 .7719996948195 13
VALUES: .32646677347981994354 .913557640955214770733 2
VALUES: .344243533 .4756694 17
VALUES: .4592355230029755092698 .794094758525978484779125 21
VALUES: .02 .838941 24
VALUES: 0 .4479591058213168535 4
VALUES: 0 .627313 3
VALUES: .056366826886 .04541084916456855115587 7
VALUES: 0 .8439307240405 17
VALUES: .6193331807431143663 .578866254673075455863 5
VALUES: .23404287785152971694514 .740962 5
VALUES: .078782330052643625543602 .62668 22
VALUES: .059754329747463 .405935759517 7
VALUES: .045780117494468604562447 .0510170138094148165 19
VALUES: .031046005951018539 .040 25
VALUES: .09090409704 .0250080 14
VALUES: .03112 .07864805065 4
VALUES: .01403372243839169 .093839932860303 17
VALUES: .040952162 .046758220798046845 0
VALUES: .090815 .0515266651407644769970 13
VALUES: .0441550 .026900129701686121919 3
VALUES: 0 .08560921644922560463874 21
VALUES: .0109925993743801 .002384985122453 11
VALUES: .064118 .071485465781643 24
VALUES: .048 .023958 24
VALUES: 0 .09389944 18
VALUES: .04230563820859 .024121461814297703 2
VALUES: .0818249790188448920424200 .0064103150988021 18
VALUES: .0902 .0416952773327 4
VALUES: .031772335393301 .048670176241702906 2
VALUES: .07398184176394293 .0939 14
VALUES: .05059586480506599 .045548180361638818 24
VALUES: .055565728 .015272755016403448538948 17
VALUES: .0066269932097352559700923 .079845 0
VALUES: .0177172503242542153047989 .005 13
VALUES: .02048218509 .07711604486152437 20
VALUES: .0275761043717097734 .0393408102540627 5
VALUES: .056205081254291599908 .0526359960326543 15
VALUES: .0840833142595559624 .08743724727 10
VALUES: .03287556267643 .08667429617 0
VALUES: .0744457160296025024795910 .0430182345311665 18
VALUES: .0470527199206530861371 .07 9
VALUES: .09272602426184481574731 .0404898146028839551 14
VALUES: .0400305180437933928435187 .0234332799 3
VALUES: .03657434958419165331502 .0409323262378881 10
VALUES: .05589379720759899 .04272983901731898985275 21
VALUES: .09098496986343 .0061 11
VALUES: .082104219119 .0914656290531776913099870 8
VALUES: .0538 .06072632 10
VALUES: .04374608987563897154192 .03414 18
VALUES: 0 .077094682230869001 20
VALUES: .02306858930342565041 .0280384 10
VALUES: .084876783398184 .017294575417715 12
VALUES: 0 .0297138933394369420920 5
VALUES: .069240863660 .0497337300 24
VALUES: .03 .04140993362 18
VALUES: .04820 .0179125658045 7
VALUES: .0892607003891050583657 .04826276035 18
VALUES: .05667658503 .01130998702983138 17
VALUES: .012921339742122529945830 .0906996261 2
VALUES: .05259479667 .051299305714503700312809 5
VALUES: .085745021744106202792 .05155718318455 14
VALUES: .09307698176546883344777 .041709010452429 9
VALUES: .018011 .0031006332494087129015 0
VALUES: .04 .0016205081254291599908445 14
VALUES: 0 .0900251 23
VALUES: .01617761501487754 .0718272678721293965 11
VALUES: .05135881589990081635 .0817441062027924 8
VALUES: .0482612344548 .02942 4
VALUES: .043416495002670 .03168383306630045 24
VALUES: .0324650949874 .0486182955672 4
VALUES: .0676 .06223544670786 22
VALUES: .070397497520408941786 .084005 6
VALUES: .065839627679865720607309 .02034332 19
VALUES: .001 .006 0
VALUES: 0 .0132433051041428 0
VALUES: .016 .0114229037918669413290608 14
VALUES: .041705958648050659952 .061405355916 13
VALUES: .0072922865644312 .05819333 1
VALUES: .040964 .097140 4
VALUES: .043231860837720302128 .024779125658045319295 16
VALUES: .05365835 .06897230487525749599 1
VALUES: .069752040894178683146 .0427 15
VALUES: .0570763714045929655 .04259555962 18
VALUES: .09847409781033035 .073752 0
VALUES: .02708476386663 .0862 22
VALUES: 0 .0821835660334172 13
VALUES: .065815213244831006 .0567788204776073 6
VALUES: .06493 .0033127336537727931639 10
VALUES: .084 .07 2
VALUES: .0187045090409 .0986526283665217 7
VALUES: .0317982757305 .020 7
VALUES: .0686289768825818 .093461509117 8
VALUES: .06229343 .048473334859 16
VALUES: .077672999160753795681696 .07417257953765163653 4
VALUES: .02195620660715648126 .0106614785992217 4
VALUES: .01502861066605630 .03 11
VALUES: .0947173266193 .04369420920119020370 4
VALUES: .057885099565117875944151 .046189059281300068 6
VALUES: .02300755 .02 7
VALUES: .06275883 .0772365911345082780193789 0
VALUES: .066099031052109559777 .09447 5
VALUES: .037291523613336 .044766918440527962157 24
VALUES: .04896925 .067916380560006103608758 23
VALUES: .08427 .0043335622186617837796597 14
VALUES: 108644235904478522926680.29 694224460212100404364079.56823071641 12
VALUES: 659693293659876401922636.09929045548180 396368352788586251621270 23
VALUES: 285145342183566033417257.6686198214694 614511329823758297093155.71416800183108 24
VALUES: 412649729152361333638513.35861753 448813611047531853208208.90496 13
VALUES: 493430991073472190432592.777340352483405 712932021057450217441061.31499198901350423437857 16
VALUES: 210681315327687495231555.446601052872 499763485160601205462729.3392538338292515449 1
VALUES: 669474326695658808270389.19853513389 369237811856260013733119.3377889677 7
VALUES: 289036392767223620965895.797024490730144 681605249103532463569084.540032043945983062485 21
VALUES: 796139467460135805294879.80201419 516258487830930037384603.1 14
VALUES: 263843747615777828641183.8362554360265506981002517 571435111009384298466467.72 2
VALUES: 97032120241092545967803.36676585 28824292362859540703440.8806134126802471 21
VALUES: 212115663385976958876935.77628747997253376058 31647211413748378728923.4443579766536964980544 1
VALUES: 173159380483710994125276.396612497138933394369 610681315327687495231555.0466010528725108720 25
VALUES: 989501792935072861829555.73591210803387502861066 386053253986419470511939.79858091096360723277 7
VALUES: 641184100099183642328526.10025177386129549095902 404577706569008926527809.1628290 23
VALUES: 65568017090104524299992.3049 376668955519951171129930.19478 23
VALUES: 326741435873960479133287.229526 40878919661249713893339.3960631723506 3
VALUES: 511085679407949950408178.324650949874113069 821942473487449454489966 17
VALUES: 67307545586327916380559.93879 934081025406271457999541.295262073 4
VALUES: 677500572213321126115815.29869535362783245 838666361486228732738230.64069 7
VALUES: 240985732814526588845654.7525291828793774319066147 557991912718394750896466.97843 20
VALUES: 962996871900511177233538.367132066834515 624780651560234988937208.50011444 21
VALUES: 175555046921492332341496.73449 903028915846494239719233.0940718699931334401 25
VALUES: 607110704203860532539863.587594415197985809109 356237125200274662394140.17 7
VALUES: 324666208896009765774013 276279850461585412375066.4819409475852597 6
VALUES: 117112993057145037003127.9823758297093156 707316700999465934233614.91792172121766994735637 22
VALUES: 617456321049820706492713.199588 757412069886320286869610.9004806591897459372 15
VALUES: 38391699092088197146562.866926 659998474097810330357823.403479 10
VALUES: 972777904936293583581291.466376745250629434653238 921644922560463874265658.64957656214236667429617 24
VALUES: 900358587014572365911344.1824216067750 603067063401235980773631.80709544 4
VALUES: 447058823529411764705881.905882 914686808575570305943388.1140764476 16
VALUES: 357167925535973144121461.4571297779812314 403662165255207141222247.250263218127718 14
VALUES: 459967956054016937514304.87306019684138246 160845349813076981765468.672 20
VALUES: 953322652018005645838100.82435339894712748912794 679270618753337911039901.6629892423895628290 10
VALUES: 841382467383840695811397.647974364 64377813382162203402761.818585488670176241702 15
VALUES: 717708094911116197451742.62554360265506981 900938429846646829938200.060 10
VALUES: 94087129015030136568245.8813 852048523689631494621193.929365987640192 14
VALUES: 998840314335851071946287.2440 606088349736781872281986.118562600137331 6
VALUES: 484443427176317998016326.66 307850766765850308995193.10 22
VALUES: 954970626382848859388112.266971847104600595101853 482490272373540856031127.922178988326848249027237 3
VALUES: 755519951171129930571449.61451132982375829709315 249668116273746852826733.556694895857175555 20
VALUES: 844296940566109712367436.4029755 419577325093461509117265.163698786907759 16
VALUES: 374654764629587243457693.98 338826581216144045166704.47539482719157701 13
VALUES: 992568856336308842603188.14300755321 937300679026474402990767.354451819638361181 21
VALUES: 3143358510719462882429.233142595559624628061341 336049439230945296406500.007278553444 22
VALUES: 805706874189364461738001.788326 47821774624246585793850.566353856717784390020599 25
VALUES: 823163195239185168230715.58791485465781643 410955977721828030823223.8203707942 7
VALUES: 653467612726024261844815.0938429846646 84672312504768444342717.5471274891279468986037 13
VALUES: 487403677424277103837643.5196154726482032501716 494056610971236743724726.750926985580224307621881 20
VALUES: 669825284199282825970854.598352025 492698558022430762188143.24728770885786221103227 6
VALUES: 81788357366292820630197.5225452 918791485465781643396657.355413 8
VALUES: 405676356145571068894483.457 277851529716945143816281.0985122453650720988784 4
VALUES: 118974593728542000457770.5379262989242389562829022 962706950484473945220110.42815289539940489814602 7
VALUES: 262943465323872739757381.28889906157015 899549858854047455558097.826321812 0
VALUES: 515327687495231555657281.85287251087205 250400549324788281071183.086747 18
VALUES: 976607919432364385442892.1339436942092011 394949263752193484397649.7156786 19
VALUES: 50614175631342030975814.3996795605401693751 758937972075989929045547.42142366 5
VALUES: 982070649271381704432744.87891 917952239261463340199892.268894483863584344 17
VALUES: 40360112916762035553520.9 943343251697566186007475.97738612954909590295 10
VALUES: 998794537270160982681009.148455024 987670710307469291218431 18
VALUES: 662897688258182650492102.7932707713 360494392309452964065003.072785534447241931792 10
VALUES: 614816510261692225528343.0 6424048218509193560692.75317006 6
VALUES: 750225070572976272220949.886839093 146196688792248416876478.07154955367 16
VALUES: 17868314641031509880216.66024261 295979247730220492866406.96731517509 6
VALUES: 851255054551003280689706.938475623712 4165712977798123140306.702174410620279240100709 6
VALUES: 574273289082169832913709.65690 580178530556191348134583.9929503318 11
VALUES: 88792248416876478217746.15367360 78812848096437018387121.306706340123598 3
VALUES: 807705806057831692988478.63076 562005035477225909819180.0285191119249256122682 3
VALUES: 527901121538109407186998 332677195391775387197680.295994506752117 13
VALUES: 904737926298924238956281.997528038452735 136430914778362706950484.3375 3
VALUES: 934096284428168154421300.660471503776607919432 651651789120317387655450.633920805 1
VALUES: 576760509651331349660486.1 303807125963225757228961.31975280384527351796749 25
VALUES: 524467841611352712291141.6133211 262745098039215686274509.541176470588235294117 6
VALUES: 786480506599526970321201.62444495307 949553673609521629663537.617624170290684367132 21
VALUES: 549492637521934843976500.5567864499885557335774776 795056076905470359349964.872144655527580682 11
VALUES: 784023804074158846417943.8257 935927367055771725032424.48 3
VALUES: 713542381933318074311435.92336919 793560692759594110017547.08162050 13
VALUES: 815976195925841153582054.5 787014572365911345082779.4 25
VALUES: 454962996871900511177233.084367132 828122377355611505302509.2 23
VALUES: 823666742961776150148774.6 173449301899748226138704.335591668574 12
VALUES: 239459830624856946669718.2 609796292057679102769511.864454108491645685511 9
VALUES: 971892881666285191119248.284229800869764248 284992751964599069199664.016525520714122224 21
VALUES: 629404135194934004730296.1 173373006790264744029907.5095 15
VALUES: 427786678873884184023803.64637216 610086213473716334782939.8034 12
VALUES: 477012283512626840619515.811993591210803387502 798687724116884107728693.791989 21
VALUES: 722148470283054856183717.90148775463 939818417639429312581062.614007782101167315 6
VALUES: 822858014801251239795528.283726 704280155642023346303501.241245136186 1
VALUES: 74876020447089341573205.0826 773723964293888761730372.30936140993362325474 17
VALUES: 7431143663691157396810.85699244678 406820782787823300526435.84861524376287479 16
VALUES: 282017242694743266956587.800686655985351338979171 902372777904936293583580.390066 5
VALUES: 679789425497825589379720.0 718257419699397268635079.773083085 18
VALUES: 212451361867704280155641.8108949 956725413900968947890439 20
VALUES: 687754634927901121538108.71943236438544289 456733043411917296101319.4486610208 8
VALUES: 762584878309300373846035.7064774547951476310368 33051041428244449530785.043625543602655 0
VALUES: 814480811779964904249636.7837491416800183 221164263370717936980239.345479514763103685 11
VALUES: 615167467765316243228808.4181734950789654 806134126802471961547264.01419089036392767223620 21
VALUES: 47852292668039978637369.296772716868848706797 368062867170214389257648.216662851911 2
VALUES: 296025024795910582131685.06 924574654764629587243456.7697871366 1
VALUES: 449042496375982299534599.3831082627603570611123 598641947051194018463415.8963607232 2
VALUES: 740245670252536812390325.03 874174105439841306172273.4830395971618219272144 17
VALUES: .73865873197528038452735 .247 0
VALUES: .54879072251468 .732051575494010833905 16
VALUES: .757061112382 .838193331807 2
VALUES: .77 .7717555504692149233 23
VALUES: .3038529030289158 .16841382467383840 12
VALUES: .22108796826123445487144 .75547417410543984130 7
VALUES: .9413443198290989 .655741206988632028686961 13
VALUES: .5264057373 .5 14
VALUES: .8240939955748836499 .0231174181734950789654 18
VALUES: .765911345082780 .362783 25
VALUES: .422781719691767757 .26 2
VALUES: .3974 .448340581368734264133 23
VALUES: .634 .9939879 10
VALUES: .7736934462500953688 .3 5
VALUES: .93380 .58677042801556420233 10
VALUES: .10853742275120164 .885 4
VALUES: .429510948348 .5935759517814908064 0
VALUES: .98593118181124589913786 .0900434882124055848 15
VALUES: .181506065461203 .8943465 0
VALUES: 0 .0310826276035706 23
VALUES: 0 .921995880 4
VALUES: .24524299 .42619974059662775 23
VALUES: .866041046 .47905699244 13
VALUES: .97763027389944304570 .6181734950789654383154039 5
VALUES: .23984130617227435 .5401388570992599374380102 11
VALUES: .42 .79 18
VALUES: .80961318379491 .6 18
VALUES: .1365987640 .70560769 0
VALUES: .233661402 .275883115892 12
VALUES: .1484397650110627 .42844281681544213 17
VALUES: .27443 .9866788 24
VALUES: .607568474860 .21463340199893186 2
VALUES: .0009765774013885709 .41 21
VALUES: .1941405355916685 .04835584039063096055 22
VALUES: .37 .409 9
VALUES: .778011 .211963073167009994659342 14
VALUES: .795437552452887769893949 .5781185 6
VALUES: .7947356374456397344 .87968261234454871442 5
VALUES: .166933699549 .3382 21
VALUES: .1909514 .7889372091248950942244 23
VALUES: .225558861 .37560082 18
VALUES: .6705424582284275577935454 .08624399176012817578 25
VALUES: .99758907454032196536 .017395284962233 10
VALUES: .946807049668116273746852 .5 15
VALUES: .52 .5963988708323796 0
VALUES: .566964217593652 .21701380941481651026169 3
VALUES: .607 .16906996261539 1
VALUES: .623147 .3684443427 5
VALUES: .3531548027771419851987487 .61380941 12
VALUES: .215 .1304 17
VALUES: .5506981002517 .2 8
VALUES: .15181 .3422140840772106507972838 7
VALUES: .39520866712443732356755 .71625848783093 16
VALUES: .166903181506065461203936 .69839 11
VALUES: .47959105 .52080567635614557 10
VALUES: .02 .125093 18
VALUES: .01156633859 .365087357900 9
VALUES: .893461 .4825055 23
VALUES: .8437 .8856031128404669 15
VALUES: 0 .6 15
VALUES: .1568 .413977264057373922331578 2
VALUES: .54259555962462806 .1953307 4
VALUES: .698359655146105 .2848554207675288 0
VALUES: .4332188906691081101 .903898 14
VALUES: .6315709163042648966201266 .085 15
VALUES: .5343556878 .286991683833 12
VALUES: .75889 .9418 6
VALUES: .000259403372 .4249637598 21
VALUES: .81 .22105745021744106202 25
VALUES: .0325780117 .4844892042420080872816052 13
VALUES: .39169909208819714656290 .3204394598 8
VALUES: .118928816662851 .41736476691844052 12
VALUES: .77856107423514 .77892729076066224155 20
VALUES: .455069810025177386 .5118333714808 1
VALUES: .638117036697947 .854291 4
VALUES: .926695 .357488364995803 20
VALUES: .2602 .947 13
VALUES: .4106813 .3794766155489 5
VALUES: .60302128633554589150 .91 4
VALUES: .3088426031891355764095 .88 6
VALUES: .8870679789425497825 .38228427557793545433737 10
VALUES: .510856794079499504081788 .2 18
VALUES: .44261844815 .8025787747005416952 6
VALUES: .9543297474631876096742 .8 4
VALUES: .80059510185397116 .768551155870 25
VALUES: .57874418 .5996337834744 22
VALUES: .845746 .766598001068131532768749 9
VALUES: .58477 .162600137331197070267 23
VALUES: .06288242923628595 .5153582055390 2
VALUES: .3151903562981612878614 .274113069 24
VALUES: .680994 .708018616006713969634 25
VALUES: 0 .02 21
VALUES: .95638971541924162661 .62946517 19
VALUES: 0 .9493858243686 24
VALUES: .231738765545128557259 .997741 10
VALUES: .20166323338 .555397878 23
VALUES: .721110856794079499504 .9114213778896772716868 11
VALUES: .622583352407 .437476157778286411841000 17
VALUES: .0695 .0377 24
VALUES: .094947 .06564888 18
VALUES: .007 .042 7
VALUES: .054972 .02748302433 15
VALUES: .050061 .0030380712 11
VALUES: .09836575875486381 .04429846646829938200 5
VALUES: .0304982070649271 .018182650492103 2
VALUES: .0636545357442587930 .054129854276340886549172 21
VALUES: .0310490 .0431860837720 20
VALUES: .09170672159 .02129701686 16
VALUES: .08926 .047292286 13
VALUES: .051819 .031673151750972 15
VALUES: .01250476844434271763 .004574654764629587243 0
VALUES: .020903334096284428 .05819638361 23
VALUES: .0681254291599 .02127 21
VALUES: .0668 .09760433356 21
VALUES: .0665323872739757381551 .02269321 7
VALUES: .02872053101396 .05907377737 16
VALUES: .074419775692378118562 .0683085 10
VALUES: .064962233920805676 .0848783093003738460 13
VALUES: .0122362096589608606088349 .09627985046158541237506 4
VALUES: .061405 .012414740215 14
VALUES: .000599 .0965484092 21
VALUES: .044 .026526 14
VALUES: .090264 .05513084611276 10
VALUES: .0546425574120698863202868 .048 3
VALUES: 0 .0900434882124055848 15
VALUES: .09094529 .0048508430609597924 3
VALUES: .072114137 .005020218 12
VALUES: .0227771419851987 .0647638666361486228732738 24
VALUES: 0 .063126 0
VALUES: .01 .05084916 2
VALUES: .0811062790875104905775539 .00999771114671 24
VALUES: .06 .0589639124 14
VALUES: .02601663233386739909971 .0701075761043717097734 8
VALUES: .0755214770733196002 .061428244449530785076676 3
VALUES: .02396 .0396856641489280537117570 12
VALUES: .07223468375677 .02445410849164568551 2
VALUES: .0389806973373006 .03570 2
VALUES: 0 .097045853 0
VALUES: .0140489814602883955138 .03778286411841000991836 12
VALUES: .045084306095979247730220 .0432 14
VALUES: 0 .002561989776455 9
VALUES: .0374715 .00788586251621271076 12
VALUES: 0 .03646601052872 3
VALUES: .0177462424658 .045932707713 0
VALUES: .051058213168535 .069086747539482719157701 20
VALUES: .01363088426031891355764 .0151583123521782253757534 6
VALUES: .028416 .08922255283 14
VALUES: .056174563210498207 .06003509575036240177 25
VALUES: .02734416723887998779 .0980 7
VALUES: .013315022 .0803906309 8
VALUES: .077 .005549706263828 20
VALUES: .04559243152513923857480 .09 13
VALUES: .02 .08461280 12
VALUES: .07747310597390707255 .085670252536812390325780 19
VALUES: .09 .0788494697489890897993438 2
VALUES: .058721 .0331425955596246280613412 15
VALUES: .006004425116350 .06353093766689555 11
VALUES: .07602502479591058213168 .049124895094 10
VALUES: 0 .02712901 13
VALUES: .05653315022507 .036485847257190814 8
VALUES: .075498588540 .006953536278324559395742 14
VALUES: 0 .03295 1
VALUES: .06767 .0752788586251621271076523 11
VALUES: .058605325398641947051194 .055 9
VALUES: .043 .061312275883 16
VALUES: .0903883 .09753261 6
VALUES: .0864148 .041252765697718776226443 13
VALUES: .008294804303044174868 .02144197 9
VALUES: 0 .08759136 5
VALUES: 0 .071140611886778 13
VALUES: .02547035934996566720 .001017776760509651 10
VALUES: .00966964217593652 .000341 18
VALUES: .09203479056992446784161 .06527046616311894 0
VALUES: 0 .042014190890363 4
VALUES: .0957274738689250 .00675211 20
VALUES: .05830777447165 .03346761272 8
VALUES: .080384527351796749828 .06891126878767 6
VALUES: .09480888075 .0409 5
VALUES: .049155413138 .046 23
VALUES: .0854108491645685511 .0814465552758 25
VALUES: .0861661707484 .05286488136110475 9
VALUES: .04 .01275654230563820859 9
VALUES: .070920 .0884 8
VALUES: .048596932936598764019226 .03086137178606 12
VALUES: .0682490 .09565423056 12
VALUES: .06182803082 .0032990 21
VALUES: 107423514152742809185931 304554818036163881895170.215014877546 21
VALUES: 526085297932402532997634.32552071 841992828259708552681772.2563515678644998855573357 21
VALUES: 707530327306019684138246.03085 509498741130693522545204.34287022201 17
VALUES: 439429312581063553826199.301167315175097276264 819516289005874723430227.302861066605 20
VALUES: 414328221560997940032043.531654840 302510109102006561379415.2 24
VALUES: 510414282444495307850766.25543 929198138399328603036544.428244449530785076676585 21
VALUES: 922407873655298695353626.910048065918974593728542 508506904707408255130845.60425726710917830 19
VALUES: 330952925917448691538872.0273289082169832 516334782940413519493399.956694895857175555046921 13
VALUES: 559990844586861982146943.8208743419546807049 986266880292973220416570.3115 18
VALUES: 197848477912565804531929.3054703593499656672007 378820477607385366598000.6893110 21
VALUES: 419531548027771419851987.0680704966811627374 579919127183947508964674.7843900205996795605401 22
VALUES: 576089112687876707103074.116823071641107 375249866483558403906309.2303044174868 18
VALUES: 935118638895246814679178.1295 237521934843976501106278.849988 5
VALUES: 884473945220111390859844.99940489814602883955 463889524681467917906461.7318837262531471732661936 5
VALUES: 901213092240787365529868.634 698298619058518348973830.0791485465 2
VALUES: 951400015259021896696420.8079652094300755 787792782482642862592507.032455939574 13
VALUES: 142595559624628061341267.882124055 16815442130159456778820.460791943236 18
VALUES: 13107499809262226291294.7149004348 543938353551537346456091.6205539024948 3
VALUES: 569680323491264209964140 926955062180514229037917.742458228427557 11
VALUES: 458243686579690241855496.60 392751964599069199664301 5
VALUES: 264255741206988632028686.6969 577782864118410009918363.6550698 1
VALUES: 716014343480582894636453.0872968642710 4592965590905622949568.928038452 5
VALUES: 432593270771343556878003.6873426413366903 921248187991149767299915.15413138017853055619 1
VALUES: 922514686808575570305942.46651407644769970244 76279850461585412375066.681940947585259784847791 2
VALUES: 62928206301976043335622.12368 65033951323720149538414 11
VALUES: 519050888838025482566566.963973449301899 829694056610971236743723.897550926985580224307 23
VALUES: 998687724116884107728693.591989013504 762706950484473945220110 4
VALUES: 392278934920271610589760.804028 956557564660105287251086.248752574 12
VALUES: 773327229724574654764628.813916227 482047760738536659800106.331105516136415655 15
VALUES: 62989242389562829022659.58452735179 688563363088426031891355.075532158388647 12
VALUES: 552971694514381628137635.82453650720 119127183947508964675364.19002059967956 0
VALUES: 614740215152208743419546.1923094529640650034332 985305561913481345845730.303318837 10
VALUES: 11184863050278477149614.6 406591897459372854200045.370473792629892423 12
VALUES: 206652933546959639887083.03131151293202 842923628595407034409093.5341268 17
VALUES: 677256427862973983367665.455344472419317921721217 351766231784542610818646.1729915312428473334859235 20
VALUES: 132661936369878690775921.1 826001373311970702677957.51686884870679789425497 13
VALUES: 848310063324940871290149 221896696421759365224688.875532158 16
VALUES: 700404364080262455176622.47 425864042114900434882123.62998397802700 23
VALUES: 845029373617151140611885.93302815289539940489 471061264972915236133363.3803158617532 5
VALUES: 126558327611200122072175.047013046463 813672083619439993896390.4276493476768139162279 3
VALUES: 607171740291447318226901.048432135500114 884946974898908979934385.3208972304 1
VALUES: 746318760967421988250552.39322499 491630426489662012664987.6826276035706111238 19
VALUES: 632883192187380788891431.4263218127718013 242832074464026855878537.94287022201876859 0
VALUES: 153154802777141985198748.607049668116273 274311436636911573968108.3699244678416113527122 6
VALUES: 894499122606240939955747.94200045 423575188830395971618218.84856946669718471046 15
VALUES: 464484626535439078355076.97505149919890135 196139467460135805294880.402014190890363 16
VALUES: 987380788891432059205003.9718013275 760585946440833142595558.864042114900 12
VALUES: 294117647058823529411764.411764705882352 646463721675440604257266.46271457999542 6
VALUES: 662729839017318989852749.7759670 996414129854276340886548.17578393224994 7
VALUES: 239368276493476768139162 714656290531776913099869.58365758 2
VALUES: 478538185702296482795452.33293659876401922636758 622232394903486686503394.510139620050354772259 18
VALUES: 840665293354695963988707 622934309910734721904325.309773403524834058136873 13
VALUES: 616815442130159456778819.860791943 781673914702067597467001.58347447928 7
VALUES: 442465857938506141756312 933394369420920119020369.86083 12
VALUES: 351369497215228503852902.677546349279011215 668726634622720683604180.303273 17
VALUES: 934554055085069047074081.616754406042572671091 902540627145799954222933.407370107576104371709 7
VALUES: 906202792401007095445181.0576333257038223849851224 814969100480659189745936.4704509040970473792629892 17
VALUES: 78187228198672465094987.333119707026779583428702 546379797055008773937590.054062714579 6
VALUES: 392111085679407949950407.786724 624109254596780346379796.43089 2
VALUES: 311802853437094682230868.68949416342412451361867 437109941252765697718775.7893339436942092011902 15
VALUES: 229907682917524986648355 832593270771343556878003.28734264133669031 12
VALUES: 270542458228427557793545.1631952391851682307164 874021515220874341954679.830945296406500343 22
VALUES: 321766994735637445639734.1712520 639124132143129625391011.796978713664454108 16
VALUES: 601983672846570534828716.877225909819180590524147 76447699702449073014419.6 8
VALUES: 282810711833371480888074.7915770199130235751888303 759273670557717250324253.45603112 23
VALUES: 512657358663309681849392.9412 980773632410162508583198.83611810482948043030 11
VALUES: 284672312504768444342717.34712 687541008621347371633477.606500343327 3
VALUES: 342656595712214847028305.14296177615014 853147173266193636987868 10
VALUES: 166063935301747158007171.57422751201647974 190478370336461432822155.90931 13
VALUES: 701716639963378347447927.886060883497367 376974135957885099565117.4989700 9
VALUES: 898847943846799420157167 378927290760662241550316.2457770656900892652 15
VALUES: 938368810559243152513922.9191119249256122682536 434927901121538109407186.56438544289311 14
VALUES: 438132295719844357976653.25836575875486381322 443350881208514534218356.1599908445868619821469443 1
VALUES: 746349279011215381094071.1236438544289 239520866712443732356755.692 13
VALUES: 258350499732967116807812.360860 908857862211032272831310.6040741588464 15
VALUES: 541435873960479133287555.726207370107576104 871381704432745860990309.64971389333943 4
VALUES: 367605096513313496604867.260379949645227740901 407766842145418478675516.4915999084458 13
VALUES: 37384603646906233310444.763103685053788052185854 747753109025711451895932.72291142 10
VALUES: 281391622796978713664453.8271000228885328450446326 729976348516060120546272.253925 11
VALUES: 704951552605477988860913.3104 844876783398184176394292.28093385214007 14
VALUES: 518532082093537804226748.546852826733806363 763515678644998855573356.98 5
VALUES: 589639124132143129625390.422796978713664 664209964141298542763408.20128175783932249942778 18
VALUES: 451865415426871137560081.94685282673380636301 43259327077134355687800.3687342641336690318 10
VALUES: 894041351949340047302966.98571755550469214923 134431982909895475700007.4950789654 2
VALUES: 482368200198367284657053.000503547722590981918 328786144808117799649042.16758983749141680018 16
VALUES: 11001754787518120088502.3 97627222095063706416418.60993362325 23
VALUES: 518791485465781643396657.75541313801785305561913 741298542763408865491721.2393224994277 0
VALUES: 353963530937666895551994.7631494621194781414 968902113374532692454412.70318150606546120393682 25
VALUES: 207675288014038300144960.50034 129793240253299763485160.4714122224765392538 13
VALUES: 176226443884946974898908.803707942320897230 309315632867933165484092.1603570611123826962691691 3
VALUES: 279438467994201571679255.08029297322041 319768062867170214389257 20
VALUES: 3479056992446784161135 297779812314030670634012.062027924 14
VALUES: 468360418097199969481955.73824673 244708934157320515754939.8636301213092240787 8
VALUES: 214908064393072404058899.60961318379 145326924544136720836194 2
VALUES: 521187151903562981612878.093293659876 708720531013962005035476.51718928816 21
VALUES: 687724116884107728694589.9890135042343785763332570 448523689631494621194780.9659876401922636 21
VALUES: 485023270008392462043182.5469443808651 763744563973449301899747.462394140535591668 11
VALUES: 837323567559319447623406.5022659647516594186312 302449073014419775692377.8161135271229114 8
VALUES: 430640115968566414892804.940535591668 60227359426260776684214.48162050812542 3
VALUES: 284657053482871747920957.9819180590524147 782970931563286793316547 2
VALUES: .2315 .2059510185 6
VALUES: .9969634 .8092622262912 12
VALUES: .560433356221866 .8337682 23
VALUES: .862836 .852 12
VALUES: .9743038071259632257572289 .3513542 8
VALUES: .4 .5549401083390554665 17
VALUES: 0 .2394598306 13
VALUES: .35112535286488136110 .171389333943 16
VALUES: .3132 .280857557 19
VALUES: .663431754024567025253681 .7302204 14
VALUES: .6379034103913939 .14061188677805752651 14
VALUES: .8805065995269 .7412680 25
VALUES: .44 .4128480964370183 9
VALUES: .280 .78358129243915465 12
VALUES: .2204318303196765087357900 .224933241779201 5
VALUES: .2602883955138475 .9745937285420004577 7
VALUES: .3 .378 0
VALUES: .917723353933 .2129 10
VALUES: .7967803463797970 .638086518654154268711 3
VALUES: 0 .181933318074311 16
VALUES: .60622568 .2 15
VALUES: .5003433279 .70133516441596093690394 4
VALUES: .718806744 .484077210650797283 3
VALUES: .826398107 .102891584649423971 16
VALUES: .5129 .1385519188220035095750362 3
VALUES: .4282139314869916 .285252155336 14
VALUES: .65342183 .2618753337911039902342259 12
VALUES: .34406042 .2076447699702449073014419 0
VALUES: .4 .51418326085297932 9
VALUES: .8 .4 3
VALUES: 0 .6083772030212 8
VALUES: .77080949111161974 .5382467383 8
VALUES: .34476234073395895 .00846875715266 7
VALUES: .174227 .16319 8
VALUES: .92 .2077363241016 2
VALUES: .2899 .368 12
VALUES: 0 .90136568245975432974 5
VALUES: .28130 .13505760 24
VALUES: .7121232928969253070878 .1156633 10
VALUES: .1925078202487220569161516 .735866 13
VALUES: .767193102922102693 .035 18
VALUES: .067658503089951 .4592660410467689021 24
VALUES: .8820477607385366598001068 .8721751735713740749 3
VALUES: .3031357289997711146715 .3 5
VALUES: .81672 .6 13
VALUES: .4214236667429617 .22 5
VALUES: .4004119935 .07580682078278782 24
VALUES: .1026016632 .041321431 9
VALUES: .203356984817273212 .43796444647 19
VALUES: .9226062409399557488364995 .5320057984283 13
VALUES: .7018081940947585259784 .29744 1
VALUES: .97810330 .428046 24
VALUES: .430960 .971847 6
VALUES: .329304 .05 3
VALUES: 0 .8916304264896 18
VALUES: .3594872 .5674 18
VALUES: .7600823987182421606775 .455008773937590600442511 24
VALUES: .26878767 .761730373083085374 16
VALUES: .17108415350576028076600 .9762569619287403677 7
VALUES: .19 .301304646372167 15
VALUES: .787197 .95562676432440680 16
VALUES: .334370946822 .4274967574578 12
VALUES: .576928358 .4992904554818036163 0
VALUES: .841733424887464713511 .663920042725261310749980 22
VALUES: .19 .61039139391165026 9
VALUES: .9004654001678492408 .32408636606 13
VALUES: .00178530 .8665293354695963988708 10
VALUES: 0 .11259632 13
VALUES: .664377 .2 15
VALUES: .01750 .8313878080415045395590 23
VALUES: .627573052567 .32181277180132 0
VALUES: .52256046387426565957 .815365835049973296 6
VALUES: .6 .00074769 4
VALUES: .3049668116273746852 .6332 25
VALUES: .15260547798886091401 .337132829785610742351415 4
VALUES: .60547798886091401541 .1249866483558403906 12
VALUES: .15118638895246814679179 .28819714656290 10
VALUES: .547188525215533 .2604715037766079194 14
VALUES: .61876859693293659876 .7380178530556191348134584 0
VALUES: .58597 .91761654077973601892 17
VALUES: .4844129091325 .7700617990386816205 16
VALUES: .13435568780 .02186617837 1
VALUES: .29590 .23933775 14
VALUES: 0 .9805294880598153 1
VALUES: .67544060425726710917 .8705882352 15
VALUES: .4127107652399481193255512 .580 18
VALUES: .52481879911497 .2424048218509193560692 13
VALUES: .4670328831921873807 .119539177 6
VALUES: .3320668345159075303 .9136 22
VALUES: .30368505378805 .29474 10
VALUES: .646051728084229 .1942 23
VALUES: .1657282368200198367284 .95678644998855 24
VALUES: .19205004959182116426337 .7465018 4
VALUES: .59226367589837491416800 .62253757534 13
VALUES: .02200045777065690089 .069436179140 13
VALUES: .0542351415274280918593118 .0698313878080415045395 13
VALUES: .07855191882200350957503 .063956664 3
VALUES: .09287861448081177996490 .0068680857557030594338902 18
VALUES: .0978805218585488670176241 .0066453040360112916 3
VALUES: 0 .0229266803997 7
VALUES: .0779095140001525902189669 .0261 10
VALUES: .0298191805905241474021515 .03671625848783 20
VALUES: .04067902647440299076829 .03414969100 3
VALUES: .065087357900358 .043590447852292668 9
VALUES: .0860486762 .018966964217593 12
VALUES: .06434576 .0730678263523308155947203 5
VALUES: .0738078 .005 14
VALUES: .065412375066758220798 .0135011825 11
VALUES: .0515571831 .02127 11
VALUES: .083 .060132753 17
VALUES: .02185854886701762417 .0608224612 5
VALUES: .07476157 .09017929350728 5
VALUES: .0419 .08284428168154421301 23
VALUES: .00447394522011139085 .0868329900 13
VALUES: .0782513160906385900663767 .044756 21
VALUES: .030339513237201 .07408865491721 3
VALUES: .09735866330968184939 .0634790569924467 8
VALUES: .0803128099488822766460669 .03616388189517051 17
VALUES: .002 .034741741054398 6
VALUES: .06334 .0387106126 24
VALUES: .04114 .0538902876325627 20
VALUES: .0384100099 .0424231326 14
VALUES: .076 .00666514076447699 0
VALUES: .09017 .063585870145723659113 3
VALUES: .0673899 .099795529106 14
VALUES: .052347600518 .0383154039826047 13
VALUES: .04 .039861142900740062561 21
VALUES: .0527382314793621728 .09418020904859998 25
VALUES: .0251651789120317 .080097 20
VALUES: .0227084763866 .0242832074 16
VALUES: .09138017853055 .0376897 11
VALUES: 0 .04513618 23
VALUES: .06854505226214999618524 .087609674219 8
VALUES: .0677531090 .0204074158846417944609 0
VALUES: .095512321660181582360570 .077738 4
VALUES: .09592126344701304 .09614862287 23
VALUES: .0281132 .02407 3
VALUES: .099635309376668955519951 .0516 25
VALUES: .03699244678 .036493476 14
VALUES: .01123216601815 .0786312657358663309 14
VALUES: .076824597543297474 .0468 5
VALUES: .03071335927367055 .0201586938277256 7
VALUES: .060933852140077821011 .0625452048523689631494621 2
VALUES: .01467307545586327916 .0487113756008239871824216 14
VALUES: .0800 .0289951934081 11
VALUES: .06499580376897 .0622583352407 9
VALUES: .0843533989471 .0770 23
VALUES: .0562020294 .06771343556878004 14
VALUES: .0245975432974 .018413061722743572137 16
VALUES: .05821164263370 .0701564049744411 2
VALUES: .05408407721065079 .03827115281910429541466 18
VALUES: .07555657282 .005284199 25
VALUES: .0369 .00334019989318684672 21
VALUES: .058791485465781643 .038902 9
VALUES: .0331242847333 .089 10
VALUES: .0389318684672 .009008926527809567 6
VALUES: .0893247 .0815396353093766689 3
VALUES: .07826352330815 .04 24
VALUES: .0895048447394522 .03514000152590 14
VALUES: .001210040436408026245517 .08609292 7
VALUES: 0 .03265430685 16
VALUES: .074988937 .019122 4
VALUES: .0542534523 .0527565423 16
VALUES: .081626611734187838559548 .0094758 15
VALUES: .050084687571526665 .0452 10
VALUES: .0811978332 .04 15
VALUES: .068613717860 .07490196078 12
VALUES: .01974517433432516975 .092501716639963378347 3
VALUES: .026694132906080720225 .00665 11
VALUES: .04502479591058213 .0764 6
VALUES: .03041886015106431677 .05081101701 2
VALUES: .086 .03006942854 25
VALUES: .0161 .0461539635309376668955519 24
VALUES: .05436 .03681849393453879606317 10
VALUES: .007042038 .0876707103074692 1
VALUES: 0 .0695 17
VALUES: .015 .0750774395 9
VALUES: .040572213321126115 .095411612115663385976958 5
VALUES: 0 .068847180 12
VALUES: .068714427405203326466 .00273746 21
VALUES: .003894 .072312504768444342717 10
VALUES: .09937590600442511635004 .0962371252002 0
VALUES: .0117433432516975661860074 .01067215 18
VALUES: .067846189059281300 .0018600 19
VALUES: 918303196765087357900357.6687113756 423559929808499275196459.4833 2
VALUES: 532997634851606012054626.765392538338292515449 451483939879453727016097.816617074845502403 14
VALUES: 935088120851453421835659.399084 192416266117341878385595.2909132524 1
VALUES: 550240329594872968642709.452048523689631494621194 824002441443503471427480.6744 22
VALUES: 952712291142137788967726.21597 152773327229724574654764.47681391622 8
VALUES: 967940794995040817883572.6949874113069352254520 540123598077363241016250.3181 19
VALUES: 143511100938429846646829.79468986037994964522774 612649729152361333638513.158617532 22
VALUES: 179293507286182955672541.2108033875028610666056 327748531319142442969405.3333485923552 19
VALUES: 976317998016327153429464.194964522774 757991912718394750896466.778439002059967956054016 20
VALUES: 325047684443427176317997.6 295521477073319600213626.01103 20
VALUES: 671076523994811932555122.545525291 882383459220263981078811.96571297779812314030670 23
VALUES: 795544365606164644846264.5588464179446 515785458152132448310062.8091 11
VALUES: 568200198367284657053482.303547722590981918 608834973678187228198671.856260013733119 6
VALUES: 501258869306477454795147.129777981231 480003051804379339284351.39 14
VALUES: 778210116731517509727.6256809338521400778210 806012054627298390173189.0925154497596 22
VALUES: 654291599908445868619820.81 98649576562142366674296.078965438315 18
VALUES: 745372701609826810101471.7502403295 223620965896086060883497.1441977569237811856260 3
VALUES: 819974059662775616083008.259143968871595330739299 833966582742046234836346.15619134813 19
VALUES: 472373540856031128404668.7 803402761882963302052337.64170 3
VALUES: 62821393148699168383306.567223620965896 133699549858854047455557.965 23
VALUES: 290470740825513084611276.1267109 599649042496375982299534.000 23
VALUES: 446311131456473640039673.010620279240100709 703715571831845578698404.728496223392080567 12
VALUES: 202624551766231784542610 130083161669336995498588.410391393911 19
VALUES: 281620508125429159990844.3052414740215152208743419 129442282749675745784695 13
VALUES: 660898756389715419241625.95 144075684748607614251926.30743 22
VALUES: 504142824444953078507667.15436026550698100 846448462653543907835506.8975 14
VALUES: 54551003280689707789730.623712520027 979690241855497062638283.906248 2
VALUES: 451636530098420691233691.4687113756008239871824 785290302891584649423971.1381094071869 8
VALUES: 839780270084687571526664.300984206912 141542687113756008239871.682 6
VALUES: 601922636758983749141679.41638818951705195 664103150988021667811092.644815747310597390 21
VALUES: 633096818493934538796062.539253833 364690623331044480048828.5053788052185 5
VALUES: 644937819485770962081329.94177157244 907942320897230487525748.69150835431448844129091 3
VALUES: 633295185778591592278934.286976 157717250324254215304798.8046692607003891050583657 2
VALUES: 39627679865720607309071.448 978210116731517509727625.4809338521 18
VALUES: 812069886320286869611657.0 377569237811856260013732.7421 3
VALUES: 618524452582589456015868.764248 978500038147554741741053.419913023575188830395971 8
VALUES: 363225757228961623559929.44527351796 749675745784695201037612.7392996108949416342412 16
VALUES: 13977264057373922331578.531837949187457084000 102647440299076829175249.7638361181048294804 20
VALUES: 729655909056229495689325.584527351796749828 527061875333791103990233.6989242389562829 5
VALUES: 586282139314869916838330.076722362096589608606 454825665674830243381398.7974822 5
VALUES: 607843137254901960784313.1 397421225299458304722666.87960631723506 4
VALUES: 829846646829938200961317.54964522 409170672159914549477378.09 19
VALUES: 468390936140993362325474.468665598535133897917 287479972533760585946440.545662623025 23
VALUES: 162615396353093766689555.0368 137026016632333867399099.580682078278 21
VALUES: 457267109178301670862897.230991073472 318577859159227893492026.8424811169 1
VALUES: 336354619668879224841687.31146715495 708430609597924773022048.57821011673151750972762 7
VALUES: 592401007095445181963835.52570382238 825818265049210345616845.134355687800411 3
VALUES: 936858167391470206759745.763378347 973800259403372243839168.935408560311 17
VALUES: 846417944609750514991988.1670 441794460975051499198900.90862897688258182650492 3
VALUES: 880613412680247196154725.6014 601052872510872053101395.599450675211 22
VALUES: 561074235141527428091858.7507438 557793545433737697413595.2307164 24
VALUES: 487693598840314335851071.45859464 848950942244602121004042.79185168230716411078 10
VALUES: 26474402990768291752498.638 684260318913557640955214.0 11
VALUES: 285450522621499961852444.97 63294422827496757457846.888715953307392996 20
VALUES: 800762951094834821087967.460471 526115815976195925841153.055939 4
VALUES: 495872434576943617914091.210849164568551155870 249347676813916227969786.8872968 23
VALUES: 719859616998550392919813.1200 392767223620965896086060.490730144197756923781 8
VALUES: 626031891355764095521476.447287708857862211032 281986724650949874113069.07026779 10
VALUES: 231128404669260700389104.827 94941634241245136186770 11
VALUES: 628686961165789272907605.993728542 493598840314335851071945.794644083314259555962462 1
VALUES: 374700541695277332722972.0827 141985198748760204470893.2737468 0
VALUES: 787350270847638666361485.4413824 543968871595330739299610.3509727626 13
VALUES: 522743572137026016632333.344655527580682 7995727473868925001907.36974135957885099565117 10
VALUES: 106004425116350041962310.109910734721904325932707 910276951247425040054931 17
VALUES: 120393682764934767681391.50240329 617563134203097581445028.756054016937514305333028 25
VALUES: 604470893415732051575493.40636301213092240 479102769512474250400548.845685511558709086747539 17
VALUES: 505683985656519417105363.0405 428061341268024719615472 0
VALUES: 811703669794766155489432.31563286 724483100633249408712900.778530556191348134584 11
VALUES: 691599908445868619821468.75220874341954680704 212207217517357137407491.9675 1
VALUES: 69214923323414969100480.5899748226138704509040 531502250705729762722208.9748 9
VALUES: 469672693980315861753261.14625772487983520 494453345540550850690470.2463721675440604257267 13
VALUES: 478004119935912108033874.550606546 572793163958190280003051.2 3
VALUES: 868497749294270237277789.6251316090638590066376745 350438696879530022125581.3997711146 13
VALUES: 10330357824063477531090.2467841611352 666926070038910505836575.208560311284 6
VALUES: 337270160982681010147249.224032959487 396856641489280537117570.3668574044403753 13
VALUES: 743739986266880292973219.6728 115419241626611734187838.4441290913252460517 14
VALUES: 119569695582513160906385.781094071869993133 500709544518196383611809.98223849851224536507209 14
VALUES: 84748607614251926451514.3 379858091096360723277637.5235523002975509269855 20
VALUES: 175524528877698939497978.004074158846417944609 529564354924849317158769.5932707713435568780 22
VALUES: 277790493629358358129243.6 329655909056229495689325.984527351 18
VALUES: 211261158159761959258411.3245 800503547722590981918058.2519111924925612268253604 1
VALUES: 667704280155642023346302.83 944182497901884489204241.0639047837033 11
VALUES: 339940489814602883955138.13568322270542 239932860303654535744258.55307850766765850308 25
VALUES: 323842221713588158999007.83973449301899748226 313740749217975127794308.07 8
VALUES: 380132753490501258869306.09732204165712977798 131609063859006637674524.93133 5
VALUES: 228610666056305790798809.56768139162 606271457999542229343098.50107576 12
VALUES: 71244373235675593194476.162829022659647 637125200274662394140534.954543373769741359 10
VALUES: 577325093461509117265582.69 81681544213015945677881.966079194 24
VALUES: 746364538033112077515830.48885328450446326390478 889204242008087281605248.21432822156099 6
VALUES: 201541161211566338597695.68615243762874799725337 741512169069962615396352 4
VALUES: 347722590981918059052414.392492561226 966002899214160372320133.3133 0
VALUES: 848386358434424353398946.279102 989745937285420004577705.5792 23
VALUES: 619729915312428473334858.61579308766308 649927519645990691996642.3652552071412222476 4
VALUES: 538368810559243152513923.3191119249256122682 513054093232623788815136.436667429617761501 25
VALUES: 525352864881361104753184.7954680704966811627374685 481208514534218356603341.244586861 25
VALUES: 452216372930495155260547.3 176333257038223849851224.36017 2
VALUES: 796581979095140001525901.393087 525169756618600747692072.41295490959029526207 6
VALUES: 489341573205157549401082.9012130922407873655298 549950408178835736629281.513069352254520485236896 13
VALUES: 527656977187762264438848.94209201 850812542915999084458685.3474021515220874341 18
VALUES: 914091706721599145494772.870908674753 23971923399710078583962.74401464 21
VALUES: .99935912108033875028 .00117494468 0
VALUES: .74564736400396 .0585641260395208667124 11
VALUES: .63843747615777828 .6637 21
VALUES: .618326085297932402532997 .05662623025864042114 24
VALUES: .8578011749446860456244754 .6197146562905317 9
VALUES: .1853665 .02 14
VALUES: .96281376 .102662699320973525597009 19
VALUES: .7123826962691691 .55632867933165484092469 19
VALUES: .77 .31155870908 21
VALUES: .58829 .81835660 0
VALUES: .8149 .784 19
VALUES: .50452429 .53044937819 13
VALUES: .153551537346456092164492 .1022201876 17
VALUES: 0 .69 9
VALUES: .6517280842 .1801785305561913481 15
VALUES: 0 .4128480 8
VALUES: .9099870 .845868619821 22
VALUES: .40392 .9334096 23
VALUES: .94642 .98101777676050965133134 20
VALUES: .246906233 .66 18
VALUES: .772182803082 .0163881895170 20
VALUES: .7168383306630 .970763714045929655909 14
VALUES: .37070267795834287022201 .1688410772869459067 23
VALUES: .06959639887083237964446 .0380560006103 13
VALUES: .964507515068284122 .20177004 11
VALUES: .38699931334 .710948348210879682612 24
VALUES: .10159456778820477607385 .9323414969 2
VALUES: .593591210803 .7090257114518959334706645 20
VALUES: .1615777828 .8985885404 5
VALUES: .483 .2455481803616388189517 25
VALUES: .774807354 .19 15
VALUES: .8735484855420767528801403 .8032806897077897306782635 3
VALUES: .155809 .186190585183489738307774 15
VALUES: .6998550392919813 .068665598535133 5
VALUES: 0 .70312046 13
VALUES: .051438 .00228885328 2
VALUES: .64977492942702372 .503227283131151293 12
VALUES: .08072022583352407 .3158617532616159 19
VALUES: .622873273823147936217 .06 20
VALUES: .533989471274891 .971023117418173 1
VALUES: .68542000 .3045700770580 19
VALUES: .52993057145037003128 .01 5
VALUES: .45 .85918974593728542 25
VALUES: .3108110170138094148165 .2519111924925612268253 11
VALUES: .73 .85529 14
VALUES: .66 .84625009536888685435 14
VALUES: .240207522697 .85050736247806 21
VALUES: .52 .59 9
VALUES: .8405584802014190890363927 .23918516823071 11
VALUES: .567544060 .7595330 9
VALUES: .1786221103227283131 .72173647669184405279 10
VALUES: .5410696 .8529945830472266727 8
VALUES: .0310 .29857328145265888 8
VALUES: .8933546 .08686961165789272907 5
VALUES: .000579842832074 .9605 25
VALUES: .236377508201724269474326 .44037537 7
VALUES: .75866330968184 .42583352407110 2
VALUES: .1132982375829709315632867 .5062180514229037918 22
VALUES: .01760891126878767071030 .500236 15
VALUES: .69 .95295643549 4
VALUES: .1 .7895475700007629 5
VALUES: .867124 .31049057755397878 13
VALUES: .1823453116655222400244144 .4321660181582360570687418 24
VALUES: .29581139848935 .0208285 14
VALUES: .2 .7238574807354848554207 12
VALUES: .77901884 .81953154802777141985198 22
VALUES: .7973144121461 .6620584420 20
VALUES: .8604 .0531929503318837262531471 13
VALUES: .3777 .19530022125581 7
VALUES: .50608072022583352407 .628549629968719005 12
VALUES: .8 .2359807736324101625 16
VALUES: .6623331044 .35257495994506 17
VALUES: .9818112 .7443045 23
VALUES: .63724727244983596551 .651651789120317387655451 16
VALUES: .9127794308384832 .022751201647 19
VALUES: .936705577172503242542 .17984 12
VALUES: .54908064393072404058 .26 8
VALUES: .09974822613870450904 .629083695735103379873 11
VALUES: .45630579079880979 .3998168917372396429388 19
VALUES: .4 .672755016 18
VALUES: .59581902800 .311268787 11
VALUES: .737590600442 .067795834287022201 17
VALUES: .3666742961776150148 .45680933852140077821011 21
VALUES: .9322346837567711909 .688 21
VALUES: .873792629892423895628 .3120012207217517357137407 0
VALUES: .91871519035 .007278553444724193179 23
VALUES: .64553 .0983291371023117418173 10
VALUES: .114 .9495536 17
VALUES: .484458686 .31291676203555352101930 5
VALUES: .83680476081483176928 .5513542381933 11
VALUES: .89013504 .29086747539482719157701 21
VALUES: .322 .7610894941634241245 4
VALUES: .8694438086518654 .40758 7
VALUES: .973189898527504386968 .327183947508964 12
VALUES: 0 .0626718547 7
VALUES: .061287861448081177 .05064316777294575 5
VALUES: .0462653543907835507743 .02355 8
VALUES: .0948195620660715648126955 .018135347524 6
VALUES: .066796368352788 .0055710688944838635 18
VALUES: .05680476081483176 .0203 9
VALUES: .0684321355001 .0179217212176699473 22
VALUES: .0840863660639 .0068635080491 21
VALUES: .0715 .0125978484 15
VALUES: .03327992 .06935378042267490653 21
VALUES: .078208590829327840085 .0610284580758373388 9
VALUES: .016536202029449 .069712367 11
VALUES: .0262455176623 .084940 3
VALUES: .004669260700389 .07284 5
VALUES: .0480994888 .074470130464637216754 1
VALUES: .073095292591744 .076197451743 7
VALUES: .0313801785305 .08922255283 4
VALUES: .02228580148012512397 .08426337071793698 23
VALUES: 0 .0695307850766765 18
VALUES: .07497367818722819867246 .0392095826 20
VALUES: .031216906996261539 .030 12
VALUES: .0684657053482871747920958 .0282719157701991 23
VALUES: .0257434958419165331502250 .08021 2
VALUES: .09000686 .02474250400549 22
VALUES: .040245670252536812 .0929 15
VALUES: .03323720149538414587 .031932555123216 22
VALUES: 0 .06644998855573357 2
VALUES: .086459143968 .029831387 7
VALUES: .0919752803 .0306828412 1
VALUES: .0382543678950179293507286 .056420 5
VALUES: .00302433813 .029639124132143129625 13
VALUES: .00378881513694972152 .0085099 14
VALUES: .012 .06849622339208056763561 6
VALUES: .07 .0716 19
VALUES: 0 .044884412 11
VALUES: .071 .057755397878995956359 14
VALUES: .06956282902265 .051105516136 4
VALUES: .00003662165255207 .01165331502250705729 10
VALUES: .016818493934538796063 .0462149996185244 24
VALUES: .04993972 .0928480964370183871213855 8
VALUES: .013913176165407797 .057 24
VALUES: .0304905775539 .05865110246433203631647 11
VALUES: .05673456931410696 .01246204318303196765087 6
VALUES: .07450675211718 .0759884031 13
VALUES: .0323308 .0796246280613412680 24
VALUES: .0673289082169832 .03273517967498283360036 6
VALUES: .0383459220263981 .02855878538185702296 12
VALUES: .028017090104524299992370 .066636148622873273823147 9
VALUES: .09517509727626459143968 .033586633096818493934 11
VALUES: 0 .056173037 12
VALUES: .0324086366063935301 .069646753643091477 16
VALUES: .023732356755 .0329 22
VALUES: .03256580453192 .0246860456244754711 17
VALUES: .0885908293278400854505226 .0466880292973 19
VALUES: .0287983 .0397055008773937590600 18
VALUES: .090 .0815014877546349 5
VALUES: .085656 .08539406 3
VALUES: .0405233844510566872 .020845 18
VALUES: .0089753566 .02106 12
VALUES: .013849 .041304646372167544060 1
VALUES: .093688868543526359960 .05835049973296 11
VALUES: .077529564354924849317158 .01500114442664225223 21
VALUES: .05106889448 .0032 21
VALUES: .0687357900358587 .0966475 1
VALUES: .058547341 .09012436102 15
VALUES: 0 .03095445181963836 14
VALUES: .031148241397726405737 .0672648203 12
VALUES: 0 .026826886 21
VALUES: .020903334096284428 .098 18
VALUES: .07314869916 .08135042 13
VALUES: .070493629358358129 .078721293965056839856565 13
VALUES: .0770321202410925459 .021867704280155 18
VALUES: .0436331731136034180209048 .0918 20
VALUES: .0297856107423 .06249485 0
VALUES: .0971206225680933 .0822415503166 9
VALUES: .0524010070954451819638 .0898268101014 16
VALUES: .016266117341 .0167 21
VALUES: .003894102388036926 .081 9
VALUES: .04865949492637 .046535439078355077439536 16
VALUES: .0137087052719920653086 .0244129091 19
VALUES: .062 .01029068436713206683 3
VALUES: .096 .05310 8
VALUES: .06406 .06646677347981994354161 5
VALUES: .056768139162279697 .05032730601968 11
VALUES: .00916304264896 .05408407721065079728 6
VALUES: .091380 .01 16
VALUES: .0613595788509956511787594 .019736018921187151903 10
VALUES: .05756923781185626001 .049370565 0
VALUES: .05471427481498435950 .035242236 4
VALUES: .03714 .080750743877317463 5
VALUES: .067423514152742809185931 .075645075 4
VALUES: .05023422598611429007400 .0335790035 21
VALUES: .056075379568169 .0761669336 5
VALUES: .0322667277 .05598840314335851071946 8
VALUES: 764202334630350194552528.418 995254444190127412832836.41986724650949874113069 21
VALUES: 707606622415503166247042.8569008926527809 771953917753871976806285.945 24
VALUES: 626718547341115434500647.88171206 637125200274662394140534.95 1
VALUES: 800045777065690089265277.2956282902265964751659 492988479438467994201571.1862668802929 23
VALUES: 823666742961776150148774.639826047 133562218661783779659723.678141 17
VALUES: 888914320592050049591820.2753490501258869306 161837186236362249179827.411215 21
VALUES: 924696726939803158617531.6914625772487983520256 626810101472495613031204.0729686427100022888532845 8
VALUES: 483909361409933623254748.8866559 2029449912260624093995.572 0
VALUES: 400976577401388570992598.97340352483405 180315861753261615930418.67983520256351567864 22
VALUES: 166201266498817425803005.86111238269626916914625 649439230945296406500342.67855344472419317921 7
VALUES: 14526588845654993514915.679377431906614785992217 379446097505149919890134.6628976882581826 14
VALUES: 857007705806057831692987.6224307621881437399 474494544899671931029220.55243762874 20
VALUES: 500099183642328526741435 805447470817120622568092.5797665369649805447 24
VALUES: 587701228351262684061951.0411993 353215838864728770885785.867887388418402380407415 19
VALUES: 817471580071717402914472.3647974364 944182497901884489204241.06390478370336461432822 9
VALUES: 461860074769207293812466.159029526207370107576104 447089341573205157549400.6 17
VALUES: 542320897230487525749598.90 513572899977111467154954.85378 10
VALUES: 677058060578316929884793.70762188143739 654962996871900511177232.884367 16
VALUES: 130403601129167620355535.0797894254978255893 151964599069199664301518.120714122224765392 15
VALUES: 457755397878995956359196 953353170061799038681619.5547722590981918059052 16
VALUES: 207721065079728389410238.59597161 53238727397573815518425.215 20
VALUES: 98176546883344777599755.757 971572442206454566262301 3
VALUES: 91264209964141298542763.31760128175783 663462272068360418097199.30601968413824673838 19
VALUES: 89356832227054245822842.666422522316 538658731975280384527351.258091096360 13
VALUES: 539650568398565651941709.9967040512703135 419089036392767223620965.4769970244 6
VALUES: 449774929427023727779048.913160906385900663 229022659647516594186312.42833600366216525520714 3
VALUES: 193118181124589913786526.0905470359349965667200732 950484473945220111390858.895399404898 6
VALUES: 330296787975890745403219.323323414969100480 218387121385519188220034.8773632410 4
VALUES: 197497520408941786831463.90565346761272602426 266544594491493095292591.478324 10
VALUES: 35782406347753109025711.41611352712291142 163042648966201266498817.262760357061112382 3
VALUES: 851392385748073548485541.22536049439 836301213092240787365529.03323414 22
VALUES: 746807049668116273746852.0799267 15350576028076600289921 21
VALUES: 12222476539253833829251.53 793286030365453574425878.5 0
VALUES: 644052796215762569619286.759 955245288776989394979780.8407415884641794 25
VALUES: 225131609063859006637674.299 843366140230411230640115.125200 9
VALUES: 584344243533989471274890 685969329365987640192262.98992904 19
VALUES: 332753490501258869306477.1220416571 960784313725490196078430 8
VALUES: 850858319981689173723963 47760738536659800106813.1055161364156557 16
VALUES: 42908369573510337987334.968917372396429388876173 801068131532768749523154.76466010528725108720 24
VALUES: 362188143739986266880292.611032 638437476157778286411840.36255436026550698100 4
VALUES: 877332722972457465476462.08139162279697 413717860685130083161668.9232776379 25
VALUES: 450644693675135423819332.730098420691233 477424277103837644007018.67264820325017166 2
VALUES: 151491569390402075226977.79922 740337224383916990920881.231128404669260 5
VALUES: 897810330357824063477530.19244678416113527122 853742275120164797436483.467 5
VALUES: 875059128709849698634316.665186 9994659342336156252384.21217669947356374456 24
VALUES: 790508888380254825665674.03973 317082475013351644159609.0519569695582513160 12
VALUES: 79987792782482642862592.42783245593957 195010299839780270084687.3 13
VALUES: 60318913557640955214770.67287708857862211032272 667704280155642023346302.834241245136186770428015 2
VALUES: 705012588693064774547950.771297779812 866269932097352559700922.3045548180361638818 12
VALUES: 965545128557259479667352.357106889448386 978561074235141527428090.88075074387731 17
VALUES: 465857938506141756313419.843900205996795605401 147722590981918059052414.592492561226825360 25
VALUES: 214740215152208743419546.5923094529640650034 876981765468833447775996.681 14
VALUES: 906797894254978255893796.300801098649576562 83329518577859159227893.40869 2
VALUES: 980697337300679026474402.0100709544518196383 521232928969253070878156.188921950102998 6
VALUES: 994811932555123216601814 929350728618295567254138.08033 1
VALUES: 946990157930876630807964.26243 272343022812237735561150.257907988097962920576 25
VALUES: 973769741359578850995650.204989700160219 538368810559243152513923.3191119249256122682536049 24
VALUES: 263645380331120775158312 884534981307698176546882.46024261844815747310 8
VALUES: 525505455100328068970778.4475623712520027466239414 672480354009308003356984.144792858777 21
VALUES: 56366826886396581979095.0836346990157 972961013199053940642403.84 22
VALUES: 985992217898832684824901.737 786083772030212863355458.1289997711146 13
VALUES: 318455786984054322117951.920805676356145571068 18356603341725795376516.346944380865 11
VALUES: 870695048447394522011138.2152895399404898146028839 328725108720531013962004.7067521 2
VALUES: 208529793240253299763484.952071412222 596536202029449912260623.49745937 14
VALUES: 133104448004882887006942.7218585488670176 374074921797512779430838.10917 22
VALUES: 41092545967803463797970.5089951934081 515556572823682001983672.3310139620050354772259098 1
VALUES: 469581139848935683222704.9550011 951644159609369039444570.651316090638590066 9
VALUES: 233768215457389181353475.0084687 359899290455481803616387.829617761 24
VALUES: 814770733196002136263064.722728 546974898908979934386205.29723048752574 1
VALUES: 908995193408102540627144.8909590295262073701075761 493858243686579690241855.00320 5
VALUES: 887632562752727550164033.59775692378118 968352788586251621271075.5556420233 2
VALUES: 341359578850995651178759.100160219 488441290913252460517280.353856717784390020599679 9
VALUES: 268329900053406576638437.20782787823300526436255 908735790035858701457235.682398718 5
VALUES: 79957274738689250019073.697413595788 887602044708934157320514.8673380636301213092240787 3
VALUES: 773525597009231708247500.5616388189517051956969 841245136186770428015563.36108949416342412451361 19
VALUES: 24078736552986953536278.3004806591 898176546883344777599754.95747 20
VALUES: 53513389791714351110093.7894712748912 335133897917143511100938.09471 8
VALUES: 428656443121995880064087.4 156130312046997787441824.8228885328450446326390 23
VALUES: 451972228580148012512397.503318 261982146944380865186541.2 17
VALUES: 604684519722285801480124.519295 180270084687571526665140.5842069123369192034790569 20
VALUES: 491599908445868619821468.9522087434195 306157015335317006179903.562 12
VALUES: 252246890974288548104066.277088578622110322728 659205004959182116426336.41258869306477454795147 16
VALUES: 347524223697261005569542.64476997024 200137331197070267795834.08688487067978942549 10
VALUES: 868436713206683451590752.164293888761730373083085 828595407034409094377049.602471961547264820325 21
VALUES: 135484855420767528801403.6945296 622552834363317311360341.179537651636 24
VALUES: 832410162508583199816890.904829 60059510185397116044861.46431677 2
VALUES: 245471885252155336842908.12410162508583199 132784008545052262149996.0524605172808422980 8
VALUES: 520469977874418249790187.928450446326 520668345159075303273059.676 19
VALUES: 386892500190737773708704.885099565 643518730449378194857708.97729457541771572442206 24
VALUES: 219211108567940794995040.598672 115205615320057984283207.331197 1
VALUES: 478568703746089875638971.06335545891 597543297474631876096741.6012817578393224994277 18
VALUES: 315190356298161287861447.7659 908049134050507362478064.2479743648432135500 25
VALUES: 42847333485923552300297.5 105607690547035934996566.6144 13
VALUES: 140062561989776455329213.2573586633 164553292133974212252994.418493934538 0
VALUES: 563164721141374837872891.784435797665369649 806866559853513389791713.54424353398947127 21
VALUES: 277058060578316929884794.1076 539223315785458152132447.77 4
VALUES: 300144960708018616006713.6 588967727168688487067978.35358205539024948 14
VALUES: 252063782711528191042953.89 798397802700846875715265.85300984 0
VALUES: 807064927138170443274585.2919 599435416189822232394902.88725108720531013962 8
VALUES: 685053788052185854886701.0773632 800091554131380178530555.3912565804531929503318 17
VALUES: .9454 .53339436942092 18
VALUES: .94 .9657587548 24
VALUES: .343465323872739757381551 .472877088578 0
VALUES: .6910 .39334 10
VALUES: .521705958648050659952 .184542610818646 11
VALUES: .331303883421 .947 9
VALUES: .0331883726 .380575265125505455100328 5
VALUES: .976 .074494 4
VALUES: .9627222095063706416418 .63649958037 8
VALUES: .96659800106813153276 .2702067597467002365 2
VALUES: .581841763942931258106355 .196734569314 9
VALUES: .7113756008239 .4632944228 21
VALUES: 0 .49831387808041 0
VALUES: .1624933241779201953 .86663614862287327382 10
VALUES: .39615472648 .334691386282 2
VALUES: .075333791103990 .37065690089 1
VALUES: .6044098573281 .609 25
VALUES: .96768139162279 .6377508201724269474 1
VALUES: .81766994 .0320 1
VALUES: .0938887617303730830853742 .9 8
VALUES: .071213855191882200 .3224383916990 19
VALUES: .90592 .3298237582970931563286793 8
VALUES: .7253070878156 .1 19
VALUES: .4803 .5 4
VALUES: .64113832303349 .910353246356908522163 25
VALUES: .322087434195468070 .44242008087281605249103 21
VALUES: .35857175555 .1457541771 4
VALUES: .41333 .018 1
VALUES: .38 .2737773708705271992065 19
VALUES: .59534599832150759136339 .532127870603494316014 4
VALUES: 0 .618265049 5
VALUES: .430350194552529182879 .67141222247653925383 22
VALUES: .96737621 .839139391165026321812771 14
VALUES: .073014419 .0551308461 18
VALUES: .188677805752651 .998382543678950 24
VALUES: .106218051422903791866 .8088502327000839 6
VALUES: .45363546196 .833768215457389181 18
VALUES: .05537499 .2128023193713282978 8
VALUES: .4755168993667505912870984 .8086060883497 6
VALUES: .7236285 .89141680018310 14
VALUES: .25365072098878461890592 .28424505 10
VALUES: .5062638284885 .5448386358434424353 18
VALUES: .7 .707698176546883344777 23
VALUES: .1150225070572976 .01954680704 6
VALUES: .4366979476615548943 .091950865949492637 11
VALUES: .0795910582131685358968490 .959975 19
VALUES: .751995 .7656214236667429 21
VALUES: .548348210879 .172365911345082780193 2
VALUES: .95710 .3506675822 13
VALUES: .4676585030899 .2040741588464179 1
VALUES: .906218051422903791866941 .474891279468986037 0
VALUES: .6252384 .816433966582 13
VALUES: .07640 .5519188220035095750362401 13
VALUES: .5607537956816968032349 .8895 16
VALUES: .6141756313420 .0249027237 5
VALUES: .26352330815 .8315709 6
VALUES: .47267 .96679 23
VALUES: .242 .033920 15
VALUES: .7086289768825818265049 .9221026932173 8
VALUES: .556801709010452429999237 .93215838864728 17
VALUES: .37175555 .90337987 14
VALUES: .4206301976043 .920 17
VALUES: .64107728694590 .83430228122377 5
VALUES: .11259 .7917143511100 23
VALUES: 0 .290 5
VALUES: .2500 .10215915159838254 18
VALUES: .09927519645990 .660898756389715419241 8
VALUES: .0097047379262989 .202136263065537499046 16
VALUES: .354695 .95 12
VALUES: .2990615701 .2027924010070954451 15
VALUES: 0 .8271 14
VALUES: 0 .781063553826199740596627 0
VALUES: .5655909056229495689326 .79664301518272678 2
VALUES: .389852750438696879530 .81037613488975356679636 7
VALUES: .543907835507743953612573 .2719920653086137178606851 6
VALUES: .9322652018005645838 .386373693446250 22
VALUES: .721 .141664759288929 21
VALUES: .2114137483 .123735 8
VALUES: .958388647287708 .5324940871290 12
VALUES: .39714656290531776913 .2279 4
VALUES: .2389105058 .4203707942320897230487 25
VALUES: .86681925688563363088426 .519386587 17
VALUES: .1080033569848172732127 .62996871900511177233 12
VALUES: .945448996719310292210269 .7691 10
VALUES: .856580453192950 .102357518883039597 13
VALUES: .969832913710231174 .18457312886243991760 9
VALUES: .4 .18321507591363393606469 14
VALUES: .3433890287632562 .8757610437170977340352 16
VALUES: .6248416876478217746242 .059815365 25
VALUES: .648111696040283817807278 .454322117952239261463 11
VALUES: .81264972915236133 .7515 25
VALUES: .3758297093156328679331654 .4931410696 17
VALUES: .5409170672 .064 14
VALUES: .3649652 .387167162584878309 17
VALUES: .439276722362096589 .71 18
VALUES: .095185 .0847333 0
VALUES: 0 .0135683222705424582284 8
VALUES: .0434 .029509 10
VALUES: .09227740901808194094 .07747463 8
VALUES: .02220187 .042435339894712748912794 9
VALUES: .070 .0425604638742656595 25
VALUES: .0945 .0798794537270160982681 0
VALUES: .0108583199 .03303120469 2
VALUES: 0 .045691615167467 14
VALUES: .01586022 .069 19
VALUES: .031404592965590905622 .048630 4
VALUES: .0255161364 .049814 20
VALUES: .0510 .0017380025940337224383 12
VALUES: .0349034866 .00448310063 5
VALUES: .09978484779125658045319 .002842755 15
VALUES: 0 .066118867780575265125 23
VALUES: .07738918135347524223697 .06120 12
VALUES: .0647 .092314030 15
VALUES: .081319905394 .0757 20
VALUES: .05291676 .0578652 18
VALUES: 0 .0383230334935 13
VALUES: .04019378957808804 .0780514229037918669413 6
VALUES: .0682978 .037077897306782 11
VALUES: .0922926 .0909208 6
VALUES: .06541390096894789044022 .022366674296177615014 2
VALUES: .01641412 .0882703898680 13
VALUES: .003773556115053025101 .063141832608 5
VALUES: .0067978 .0137224 11
VALUES: .03361867704280155642023 .084281681544213015945 14
VALUES: .0425970855268177309834439 .07052262149996185244 13
VALUES: .065949492637 .060964370183871213855 2
VALUES: .097138933394 .049634546425574120698 8
VALUES: .055251 .0274250400549 5
VALUES: 0 .0171236743724727244983 18
VALUES: .005719 .026738384069581 24
VALUES: .0417532616159304188 .03 9
VALUES: .095489 .0786602578774700541695 11
VALUES: .004953078507667658503 .0620691233691920347905 23
VALUES: .05602807 .037644007019 11
VALUES: .0782757305256733043411 .02136415655756 15
VALUES: .0224811 .0328114747844663157 10
VALUES: .0301228351262684061 .041782253757534142 23
VALUES: .02895399 .07356679636835278 2
VALUES: .0068 .07637140459296559090 16
VALUES: .0512748 .016437018 6
VALUES: .04304875257495994 .01503624017700465400167 6
VALUES: .01019 .03907988 11
VALUES: .01446097505149919890 .04410772 20
VALUES: .03542229343 .038644 24
VALUES: .05806668192568856336308 .053397421225299458 3
VALUES: .045619897764553 .0118 10
VALUES: 0 .070235 10
VALUES: .083306630045014114595 .099 24
VALUES: .0228076600 .076507209887 14
VALUES: .0872312504768444342717 .073632410 16
VALUES: .0289890897993438 .083022812 8
VALUES: .002055390249485008 .0623254 17
VALUES: .0021377 .02411841000991 8
VALUES: 0 .00779736018921187151903 4
VALUES: .009770351720454718852521 .050724 14
VALUES: .0326 .05825589379720 20
VALUES: .0934309910734721904325 .07211566338597695 23
VALUES: .066829 .0946303501945525 22
VALUES: .07 .03 25
VALUES: 0 .010 25
VALUES: .06844129091 .024788 15
VALUES: .0214831769283588921950 .057553978789 22
VALUES: .016289005874723 .0639154650186923 0
VALUES: .03765926604104676890211 .013687342641336690318 24
VALUES: .087664606698710 .0941115434500648508 16
VALUES: .02352 .024522774090 14
VALUES: .08 .0272724498359655 7
VALUES: .071795223926146334019 .0920912489 2
VALUES: .071364919508659494 .07 25
VALUES: .05096055542839 .024 16
VALUES: .01253833 .03630731 21
VALUES: .09916990920881 .036 5
VALUES: .08810 .03892 18
VALUES: .0698054474708171206225680 .0267 2
VALUES: 0 .0392172121766994735 16
VALUES: .0894560158693827725642786 .01432211 16
VALUES: .09203173876 .04249027 8
VALUES: .0131578545815213244831006 .043164721141 25
VALUES: .081432822156099794 .03493858243686 20
VALUES: .06079804684519722285 .0182894636 22
VALUES: .0696787975890 .043245593957427 9
VALUES: .05849698634 .098 19
VALUES: .090 .0106 4
VALUES: .08177767 .00641641 1
VALUES: .053359273670557717 .026411841 19
VALUES: .0952269779507 .0201709010452429 15
VALUES: .03626153963530937666895 .0246005951018539711 5
VALUES: .098478675 .058239108873121232 10
VALUES: .07526359960326543068589 .037676050965133134 20
VALUES: .069163042648966201 .0608 21
VALUES: 384786755168993667505912.486198214694438086 523796444647898069733729.54410620279240100709 8
VALUES: 789868009460593575951780.70093 965362020294499122606239.974593728542000457 11
VALUES: 626428625925078202487219.942732890 722194247348744945448995.99711604486152 5
VALUES: 20477607385366598001068.11105516136 694193942168307011520560.837811856260013 11
VALUES: 28885328450446326390478.341451132982 181536583504997329671167.896589608606 20
VALUES: 766613260090028229190508.1 610421911955443656061645.83 5
VALUES: 218310826276035706111238.05131609 473136491950865949492637.04879835202563515 7
VALUES: 365453574425879301136796.76585 398001068131532768749522.757564660105287 21
VALUES: 679041733424887464713511.1848477912565804 320973525597009231708247.180361 6
VALUES: 358785381857022964827954.16932936598 792294193942168307011519.7692378118 3
VALUES: 469932097352559700923170.354818036163881895170 476203555352101930266269.45589379720759899 24
VALUES: 281910429541466392004272.24 239124132143129625391012.19697871366 18
VALUES: 888334477759975585564964.3973907072556 140978103303578240634775.1699244678416113527 6
VALUES: 144106202792401007095445 600350957503624017700464.79981689173723964 5
VALUES: 533440146486610208285648.356466010528725 779690241855497062638284.1062485694666971847104 10
VALUES: 189028763256275272755016.214419775692 377096208133058670939192.42064545662 11
VALUES: 826489662012664988174257 956023498893720912489508 17
VALUES: 799359121080338750286105.861203 553536278324559395742732.33728542000457770 4
VALUES: 420325017166399633783474.0589608606088349 127275501640344853894865.211 24
VALUES: 211779964904249637598229.741680018310826276 294010833905546654459448.855298695 1
VALUES: 314732585641260395208666.809704737926298924 571267261768520637827114.710643167772 20
VALUES: 525795376516365300984206.386541542687113756008 543801022354467078660257.3336690318150606546120 16
VALUES: 308216983291371023117417.865278095674067292286564 663691157396810864423589.78416113 21
VALUES: 16464484626535439078355.0609750514991 22827496757457846952010.35330 24
VALUES: 574807354848554207675287.43923094529640 74540321965362020294499.048065918974 12
VALUES: 371007858396276798657205.7020828 539299610894941634241244 13
VALUES: 26810101472495613031204.672968642710002288 849927519645990691996642.165255207141222247653 24
VALUES: 611413748378728923476004.5766536964980544 604501411459525444419012.13678187228198672 12
VALUES: 393972686350804913405050.342275 635370412756542305638207.95545891508354314488 23
VALUES: 441977569237811856260013.291142137788967 957824063477531090257113.56113 2
VALUES: 222491798275730525673304.118699931 225879301136797131303883.1951934081025406 3
VALUES: 562066071564812695506217.489356832227054245822842 931990539406424048218508.261570153353170061799 15
VALUES: 635904478522926680399785.73778896772716868 719661249713893339436941.372350652323 12
VALUES: 193835355153734645609216.25539 806591897459372854200044.9704737926298 0
VALUES: 496375982299534599832150.262760357061112382696269 447898069733730067902646.99240100709544518 0
VALUES: 601663233386739909971770.2 488471808957045853360799.084275577935454337376974 18
VALUES: 798992904554818036163881.09617761501487754634927 792065308613717860685129.29109636072 0
VALUES: 12588693064774547951476.29 559105821316853589684900.63 19
VALUES: 812909132524605172808422.167 378896772716868848706797.51535820553902494850080 8
VALUES: 565774013885709925993743.23524 439230945296406500343327.5534 8
VALUES: 335271229114213778896772.38159 163393606469825284199282.662577248798352025 9
VALUES: 757137407492179751277942.32671091783016708628976 443442435339894712748912.3 6
VALUES: 843183031967650873579002.7426 62058442053864347295338.30675211718928816 9
VALUES: 364614328221560997940031.6793316548409246967269398 939024948500801098649575.6231174181734950789 2
VALUES: 672556649118791485465780.97084000915541 677363241016250858319981.01181048294 11
VALUES: 553871976806286717021438.371 527031357289997711146714.968505378805218585488 17
VALUES: 983978027008468757152665.5300984 478263523308155947203783.75916685740444037537193 2
VALUES: 479346913862821393148698.6890363927672236209 56122682536049439230945.24028381 23
VALUES: 759472037842374303807125.203753 401541161211566338597695.4861524376287479972533760 19
VALUES: 933531700617990386816204 167284657053482871747920.7909819180590524 24
VALUES: 313847562371252002746623.6275577935454337 699168383306630045014113.896086060883497 20
VALUES: 536171511406118867780574.728953994048981460288 637750820172426947432668.92813000686655985 4
VALUES: 388250553139543755245288.38873884184023 177492942702372777904936.1160906385 10
VALUES: 165438315403982604715037.600640 420614938582436865796901.9979400320439459830624 12
VALUES: 268375677119096665903715.3 181948577096208133058670.757244 11
VALUES: 278202487220569161516746.49832913710231174181 439124132143129625391011.9969787136644 24
VALUES: 870115205615320057984282.33733119707026779583 2243076218814373998626.68 17
VALUES: 882520790417334248874646.252597848 777828641184100099183641.55069810025177386129 9
VALUES: 936842908369573510337986.39816891737239642938 181216144045166704814221.2 22
VALUES: 220752269779507133592736.4848249027237354085 842771038376440070191499.8820325017166399 11
VALUES: 224551766231784542610818.4219729915312428473334 854596780346379797055007.91934081025406271457 2
VALUES: 529625391012436102845807.054108 728084229800869764248110.967956 25
VALUES: 805951018539711604486151.631677729457541771572 280079346913862821393148.4190890363927 3
VALUES: 989990081635767147325855.4226138704509 146166170748455024032959.3411306935225452 0
VALUES: 981322957198443579766535.98365758754863813229571 163271534294651712825207.740901808194094758 1
VALUES: 661875333791103990234225.3242389562829022659 475822079804684519722285.32565804531929 18
VALUES: 775616083009079118028533.595330739299 80750743877317463950560.688303959716182192 25
VALUES: 408606088349736781872281.57811856 424628061341268024719615.0480201419089036 0
VALUES: 526131074998092622262912.42114900434 255390249485008010986495.510231174181734 11
VALUES: 506248569466697184710459.5532616159304188 299443045700770580605782.8698558022430762188143 3
VALUES: 103349355306324864576180.563469 142702372777904936293583.438590066376745250629 4
VALUES: 801510643167772945754176.35573357747768368 587258716716258487830929.450125886930647745479 6
VALUES: 155947203784237430380712.44037537193865873197528 578255893797207598992903.976 5
VALUES: 543404287785152971694513.83822384 14602883955138475623712.5054245822842755 18
VALUES: 856580453192950331883725.39656672 374441138323033493553062 12
VALUES: 223147936217288471808956.82270 702525368123903257801174.242 20
VALUES: 98435950255588616769664.96603341725795376516 29480430304417486839093.58 12
VALUES: 695445181963836118104828.7849851224536507209887 90547035934996566720073.152758068207827878233005 4
VALUES: 67811093308918898298618.990707255664911879148546 296025024795910582131685.062943465323872739 2
VALUES: 300297550926985580224307.321583886472877 509193560692759594110017.038 16
VALUES: 319890135042343785763332.250492103 773067826352330815594719.6 22
VALUES: 63370717936980239566643.714763103685053788052 959182116426337071793697.0 15
VALUES: 122743572137026016632333.74465552758 30792706187533379110398.99262989242389562829022 6
VALUES: 186144808117799649042496.18983749 389684901197833218890668.71842526894026 3
VALUES: 423224231326771953917753.44875257495994506752117 133272297245746547646295.7391622796978713664454 6
VALUES: 8636606393530174715800 86121919584954604409857.2420233463035 12
VALUES: 797894254978255893797206.801098649576 400564583810177767605096.1127 12
VALUES: 48294804303044174868390.88784618 915815976195925841153581.139574 16
VALUES: 551049057755397878995955.8081483176928358892195 499870298313878080415044.8957198443 24
VALUES: 473838406958113984893567.848432 358937972075989929045547.82142366 13
VALUES: 324788281071183337148088.4827191 350057221332112611581597.269535362783245 19
VALUES: 216922255283436331731135.81725 535332265201800564583809.6 0
VALUES: 681803616388189517051956.2 850705729762722209506369.790 4
VALUES: 207400625619897764553291.9265 139681086442359044785229.12712291142137788967 16
VALUES: 302555886167696650644693.37257953765163653 167986572060730907148851.5906157015335317006179 4
VALUES: 71290150301365682459754.2584573128862439917 608209353780422674906537.882673380636301 25
VALUES: 236850537880521858548866.7807 485252155336842908369573.025085831998 11
VALUES: 705149919890135042343785.058182650492 388433661402304112306400.771252002746623 20
VALUES: 549324788281071183337147.53948271 148104066529335469596398.7227283131151293 3
VALUES: 460379949645227740901807.73371480888075074 189806973373006790264743.840100 0
VALUES: .82375829709 .742 11
VALUES: .61821 .2 4
VALUES: .2042725 .72982375829 24
VALUES: .50666056305790798809796 .49011978332 15
VALUES: .82304112306401 .66626993209735255970 1
VALUES: .090531776913099870298313 .97 9
VALUES: .3198901350423437 .8924086366063935301747 6
VALUES: .2997024490730144197756923 .151506828412 7
VALUES: .6328068 .3781948 12
VALUES: .842984 .3831235217822537575 22
VALUES: .00897230487 .202 14
VALUES: .13142595559 .8436865796902418554 5
VALUES: .793179217212176 .2100099183642 25
VALUES: .1 .2146944380 17
VALUES: .64811169604028 .1952391851682307164 6
VALUES: .093110551613 .370931 20
VALUES: .82444495307850766 .68743419546807 10
VALUES: .3265583276 .6611276417181658655 3
VALUES: .051407644769970244 .437491416800 22
VALUES: .27661 .5537804226749 4
VALUES: .8 .423331044 25
VALUES: .2572671091783016708 .517204547 1
VALUES: .145037 .1 22
VALUES: .0858930342565041 .300877393759060044 14
VALUES: .77541771572442 .38561074235 16
VALUES: .2498359 .78802 9
VALUES: .8318303196765 .917 0
VALUES: .8977645532921339 .071 22
VALUES: .86401159685664148928053 .7812466620889600 24
VALUES: .40259 .541863 11
VALUES: .01136797131303 .2049744411383230334935 14
VALUES: .67725 .553612 18
VALUES: 0 .712581063553826199740596 16
VALUES: .3546044098573281452 .13 20
VALUES: .03849 .564538033112077 1
VALUES: .84785 .176180666819256885 13
VALUES: .663477531090257114518959 .1623254749370 3
VALUES: .4646219577325093461509117 .35153734645609216 6
VALUES: .96914625772487 .72620737010757610437170 5
VALUES: .435278858 .9 15
VALUES: .854 .82192721446555 1
VALUES: .91288624399176012817 .998764019226 19
VALUES: .1192034790 .707 21
VALUES: .7071030746929121843289 .163042648966201266498817 13
VALUES: .2447241931 .12130922407873655298695 14
VALUES: .3144 .71517509 12
VALUES: .25 .5526359960326 0
VALUES: .945555809872587167162584 .7242694 14
VALUES: .1829556 .780605783169298 0
VALUES: .04351873 .66 2
VALUES: .9702296482795 .672 3
VALUES: .882612344548714427 .88183413443198290 11
VALUES: 0 .93267719539 3
VALUES: .8908979934386205844205 .83233386 16
VALUES: .8495002670328831921873 .910215915 1
VALUES: .7669489585 .8057526512 20
VALUES: .716929884794384679942015 .904051270313572 25
VALUES: .9814145113298237 .2685893034256504158083 20
VALUES: .837048905165178912031 .2283817807 23
VALUES: .8251 .44335088 17
VALUES: .7263 .38414587624 8
VALUES: .7163347829404135194934 .183215075913633936064 9
VALUES: .1 .263950560769 3
VALUES: .072098878461890 .002395 1
VALUES: 0 .995407034409 15
VALUES: .4227206836041809719996 .04457160296025024795910 12
VALUES: .95834287022201876 .82873273823147936217 7
VALUES: .54 .936140993362325474937 3
VALUES: .3067673762 .87684443427 24
VALUES: .211688410772869459 .507942320897230 24
VALUES: .548378728923476005188 .71456473640039673456 4
VALUES: .976379034103 .0561074235141527 7
VALUES: .642542153 .56 4
VALUES: .30524147 .9152 24
VALUES: .204928 .2943 18
VALUES: .836362249179827573052567 .21 8
VALUES: .5326924544136 .4090333409 7
VALUES: .07606622415503 .674753948271915770 23
VALUES: .41112382 .0515754940108339055466544 25
VALUES: .03680476081 .9564507515068284 21
VALUES: .363469901579308766308 .90466163 25
VALUES: .545 .56997024490730 2
VALUES: .2542458228427557793 .6434882124 20
VALUES: .1 .17807278553444724 21
VALUES: .9068284122 .26457618066681 15
VALUES: .45 .862 7
VALUES: .866880292973220 .636179140 1
VALUES: .38661 .64759288929579613946746 0
VALUES: .31546501 .7892 0
VALUES: .3073014419 .73792629892423895 18
VALUES: .7459372854200045 .68862439917601281757 15
VALUES: .1916380560006103 .759212634470130464637 9
VALUES: .0825513084611 .9712520027466239414053 25
VALUES: .85058 .2132 5
VALUES: .81397726 .46523231860 21
VALUES: .678522 .5756618600747692072938124 10
VALUES: .063602655069810 .07364461738002 13
VALUES: .0093369954985 .0178957808 21
VALUES: .030765239948119325 .05271686884870679 25
VALUES: .0162661173 .088697642481116960402838 18
VALUES: .0466086823834592 .06575722896162355992 14
VALUES: .0461966887922484168764 .0687464713 12
VALUES: .05382619 .0930434119172961013199053 3
VALUES: .080036621652552 .08040 10
VALUES: .0363485160601 .05195849546044098573 4
VALUES: .0363378347447928 .03844815747310597 25
VALUES: .05216296 .022311741817349507896 25
VALUES: .0698954757000076295 .05084000915541313801785 9
VALUES: .0074326695658808270389 .0728191 16
VALUES: .004269474326695658808270 .0607888914320592050 7
VALUES: .07712825207904 .02023346303501945525291 13
VALUES: 0 .08 3
VALUES: .034192416266117341 .0780987258716716258487 21
VALUES: .01602197299153124 .0039185168230716411078 24
VALUES: .02741283283741512169 .02 9
VALUES: .022 .0107972838941023880 5
VALUES: .0666163118944075684748607 .04728465705348287 13
VALUES: .0536 .06210574 22
VALUES: .08890211 .062484168764782177462424 16
VALUES: .0421377889 .08797589074540321965362 2
VALUES: .0950637064164187 .0585946440833142595559624 13
VALUES: .0178515297169451438 .06035095750362401770 0
VALUES: .06274967574578469 .039502555 7
VALUES: .048291752498 .0072037 23
VALUES: .075915 .071107042038605325398 20
VALUES: .0416937514305 .003814755474174105439 20
VALUES: .05206530861371 .03920195315480 6
VALUES: .04946669718471046005 .014019989318684672312504 11
VALUES: .03569237811 .093035782406347753 3
VALUES: .066832990005340657663843 .0030 21
VALUES: .07980 .07559014267185473 10
VALUES: .0447241931792 .030102998 18
VALUES: .0023 .0165911345082780 25
VALUES: .001995880 .08759441519 16
VALUES: .089146257724879835 .042487220569161 10
VALUES: .08193636987 .059566 1
VALUES: 0 .01318074311436636911573 23
VALUES: .084 .087759212634470130 19
VALUES: .0492652780956 .0349 11
VALUES: .0728114747 .058515297169451438162813 1
VALUES: .04758525978 .0957198443579766536964980 20
VALUES: .03956359197375 .096404 15
VALUES: .02914320 .084675364 8
VALUES: .03237659266041046768 .06064240 6
VALUES: .02076 .015436026 11
VALUES: .08989242389562 .0083100633249408712 25
VALUES: .089324788281 .095396353093766689555199 6
VALUES: .0466 .0191 15
VALUES: .0638620 .0639108873121232928 14
VALUES: .0790325780 .082887006942854962 22
VALUES: .07067826352330815 .037074 4
VALUES: 0 .07910 11
VALUES: .02383459220263 .053267719539177538 22
VALUES: .0856 .02299534599832150759136 2
VALUES: .0323 .0193636987869077592126 11
VALUES: .06921 .0799252307927061875333 11
VALUES: .009011978332188 .09582665 19
VALUES: .0627374685 .0895475 7
VALUES: .0158510719 .03 2
VALUES: 0 .03854886701762417029 6
VALUES: .008195620660715 .0100190737773708 11
VALUES: .06351720454 .033090714 13
VALUES: .068760204470893415 .0609781033035782406347753 22
VALUES: .048813611047 .06337376974135 1
VALUES: .0944457160296 .0829785610742 17
VALUES: .0651941710 .091677729457541 10
VALUES: .0395086594 .021 14
VALUES: .096 .0014 13
VALUES: 0 .012941176 22
VALUES: .0715922789349202716105 .05286945906767 10
VALUES: .078605325398641947051 .065151445792324711985 9
VALUES: .0176028 .0858182650492103456168 17
VALUES: .0999160 .013011367971 19
VALUES: .0932494087129015030136 .03813 0
VALUES: .07 .0670588235294117647058823 0
VALUES: .02676127260242618448 .0256427862973983367666132 2
VALUES: .061589990 .06110017 1
VALUES: .075814450293 .05761 19
VALUES: .061 .0550 12
VALUES: .0290424963759822995345998 .08721 4
VALUES: .008252079041733424 .030705729762722 21
VALUES: .0037064164187075608453498 .05909514000152590 3
VALUES: .058 .034782940413519493400 5
VALUES: .01400625 .045 18
VALUES: .0673 .07 19
VALUES: .032256046387426565 .09454184786755168993667 4
VALUES: .08 .049562829022659 4
VALUES: 0 .054425879301136 2
VALUES: .0058899824521 .05 5
VALUES: 0 .09264667 15
VALUES: 762371252002746623941404.5935454337376 403631647211413748378728.51984435797665369649 0
VALUES: 677637903410391393911649.585580224307621881 3982604715037766079194.319661 9
VALUES: 186617837796597238117036.511329 778881513694972152285037.7501 8
VALUES: 500709544518196383611809.9822384985122 631067368581673914702066 15
VALUES: 189898527504386968795300.031357289997 422919050888838025482566.144563 25
VALUES: 14312962539101243610284.566445410849164568551 439337758449683375295643.109910734721904325932707 15
VALUES: 242084382391088731212329.047608148317 881452658884565499351490.68793 22
VALUES: 235706111238269626916914.39006637674525062943465 22919050888838025482566.54456397344930 21
VALUES: 488364995803768978408483.5278095674067292286564431 351293202105745021744105.85149919 9
VALUES: 825177386129549095902951.795559624628 155809872587167162584878.15349050125886 21
VALUES: 838254367895017929350727.7800411993 331395437552452887769893.6184023804074158 23
VALUES: 725276569771877622644387.769420920 152742809185931181811245.746395056076905 5
VALUES: 327092393377584496833752.629343099107347219043259 184893568322270542458228.2426642 16
VALUES: 724055848020141908903638.5526665140764 752376592660410467689020.381368734264133669 18
VALUES: 159700923170824750133516.281895170519569695582 888456549935149156939039.31 19
VALUES: 494010833905546654459448.6552986 23620965896086060883497.34 7
VALUES: 446601052872510872053100.9495994506 357183184557869840543220.82233920 20
VALUES: 667780575265125505455099.66 825192645151445792324711 9
VALUES: 755428397039749752040893.4232547493705653 356313420309758144502937.0054016937514 3
VALUES: 265842679484245059891660.6786907759212634470130 402853437094682230869000.894 24
VALUES: 574670023651483939879453.1523460746166170 207858396276798657206072.8 15
VALUES: 856107423514152742809185.0750743 456794079499504081788356.909498741130693522 10
VALUES: 103639276722362096589608.50244907 798458838788433661402303.31384756237125200 6
VALUES: 26443884946974898908979.907 640451667048142214084076.570199130235751888303 9
VALUES: 517250324254215304798961.869260700 263477531090257114518959.07122911421 21
VALUES: 16342412451361867704280.139299 11963073167009994659342 5
VALUES: 17349507896543831540398.24312199588006 248737315938048371099412.278919 5
VALUES: 958892195010299839780269 439154650186923018234530.7273975738155184252689 9
VALUES: 767177843900205996795604.63 695353627832455939574272.59372 15
VALUES: 551384756237125200274661.84275577935454337376 58930342565041580834668.43881895170519569695582 20
VALUES: 7507438773174639505607.683039597161821927214 4547188525215533684290.832410162508583 2
VALUES: 339711604486152437628747.6575417715724422 189684901197833218890668.918425268940260929 1
VALUES: 110811017013809414816510.150881208514 685481040665293354695963 15
VALUES: 434531166552224002441443.06894026 567833981841763942931257.5385214007782101167315175 17
VALUES: 841794460975051499198900.508628 963729304951552605477987.89718471046005951 1
VALUES: 917708094911116197451742.4255436026550698100251 754161898222323949034866.1108720531 1
VALUES: 685053788052185854886701.07736324101625085 357854581521324483100632.891554131380178530 21
VALUES: 952178225375753414206148.433646143282 143907835507743953612573.2901350423437857633325 3
VALUES: 185702296482795452811474.59876401922 10070954451819638361181.03822384985122453650 3
VALUES: 556008239871824216067749.501213 991973754482337682154572.89983978027008 23
VALUES: 526741435873960479133287.0295262073701075761043717 616083009079118028534370.330739299610894941634 15
VALUES: 160372320134279392690928.3511100 536781872281986724650949.3 7
VALUES: 571419851987487602044708.3627374685282 488303959716182192721446.06697184710460 5
VALUES: 864484626535439078355076.5750 924406805523765926604103.752483405813687342 23
VALUES: 457038223849851224536506.75284962233920 364599069199664301518272.3141 17
VALUES: 865278095674067292286563.56594186312657358663 436377508201724269474326.25 0
VALUES: 823041123064011596856640.666239414053559166 980178530556191348134583.592950331883726253147 0
VALUES: 46066987106126497291523.5 882047760738536659800105.9311055161364156557 14
VALUES: 933501182574196993972685.417303 849729152361333638513770.4175326161593041886015106 10
VALUES: 931074998092622262912946.34 601800564583810177767604.49471 7
VALUES: 12329289692530708781567.0892195 748836499580376897840847 12
VALUES: 227634088654917219806210.1942778667887388418402380 735347524223697261005568.807644769 11
VALUES: 553032730601968413824673 324650949874113069352254.1958342870222018768596 17
VALUES: 695704585336079957274737.99354543 543495841916533150225070.02948043030441748 22
VALUES: 35767147325856412603952.05090409704737 8438239108873121232928.96081483176928358892 9
VALUES: 350347142748149843595025.208514 416662851911192492561226.40869764 23
VALUES: 712870984969863431754023.85415 771999694819562066071564.0406 12
VALUES: 703059433890287632562752.024490730144197756 608270389868009460593575.3435111 6
VALUES: 291477836270695048447394.230533302 725520714122224765392537.612 15
VALUES: 274753948271915770199129.960997940032043 618905928130006866559852.8944838635843442435 13
VALUES: 105027847714961470969710.73650 955672541390096894789043 11
VALUES: 654932478828107118333714.153948271915770 464866102082856488899061.10528 10
VALUES: 462561989776455329213396.95866330968184 375234607461661707484549.865 21
VALUES: 308720531013962005035476.917189288166 169420920119020370794231.92030212863355458915 6
VALUES: 656214236667429617761500.83154039826047150377660 457236591134508278019378.5005722133211 10
VALUES: 638681620508125429159990.20590524147402151522087 208255130846112764171816.3783016708628 22
VALUES: 462790875104905775539787.436804760 241275654230563820859082.691508354 5
VALUES: 516212710765239948119325.03501945525291828793 173693446250095368886854 6
VALUES: 149431601434348058289463.49594872 880994888227664606698709.7316548409246967269 18
VALUES: 258381017776760509651331.0912794689860379949 323262378881513694972151.9 17
VALUES: 113633936064698252841992.7146257724879835202563515 108827344167238879987792.67365529869535 25
VALUES: 576409552147707331960020.78622 626657511253528648813610.4208743 9
VALUES: 367071030746929121843289.4780498970016021972991 182803082322423132677195.20 12
VALUES: 254047455558098725871671.371801327534905012588 570000762951094834821087.3 24
VALUES: 120042725261310749980926.1025864042114900434882124 204394598306248569466696.980315861 25
VALUES: 439963378347447928587777.083497367818722819867 903776607919432364385441.98933394369420920 25
VALUES: 625726710917830167086289.143099107347 472938124666208896009765.301075761043717097 10
VALUES: 848645761806668192568855.4876630 326176852063782711528190.7167772945754 10
VALUES: 772182803082322423132676.4232089723 196063172350652323186083.5 11
VALUES: 707499809262226291294727.300434882124055848020141 361333638513771267261768.159 20
VALUES: 112504768444342717631799.6891279468 914412146181429770351719.5403067063 10
VALUES: 989883268482490272373539.8661 2929732204165712977798.120210 6
VALUES: 191363393606469825284199.09146257724879 728953994048981460288394.78489 6
VALUES: 533897917143511100938429.31274 171252002746623941405355.745433737 7
VALUES: 21408407721065079728389.38883039 342534523537041275654230.2212863355458915083 23
VALUES: 766750591287098496986342.4086518654154268711375 231403067063401235980773.4010070954451 13
VALUES: 821362630655374990463110.493202105 848401617456321049820705.6443121 4
VALUES: 851331349660486762798503.76452 866819256885633630884259.452094 13
VALUES: 771618219272144655527579.9104600 46738384069581139848935.6364843213550011444 4
VALUES: 391912718394750896467536.039002059967956 54413672083619439993896.336 2
VALUES: 10772869459067673762111.837857633 616067750057221332112610.965 18
VALUES: 639612420843823910887311.483680476 528618295567254139009688.95028610666056305790798 14
VALUES: 126726176852063782711528.064 639154650186923018234530.527397573815 22
VALUES: 940794995040817883573661.98741130693522545204 813199053940642404821850.1061570 25
VALUES: 390402075226977950713358.8832684824 569298847943846799420156.5 17
VALUES: 627115281910429541466391.377157244220645 774746318760967421988249.77839 22
VALUES: 722774090180819409475851.8750743877317463950560769 298939497978179598687723.8179446097505149919 24
VALUES: 339299610894941634241244.796887159 905836575875486381322956.2 9
VALUES: 834180209048599984740977.269123 871107042038605325398641.075944151979858091096360 24
VALUES: 706034943160143434805828.240329594872 933043411917296101319904.46102082856488 21
VALUES: .72840466926070038910 .0980544747081 8
VALUES: .8675 .51612115663385 17
VALUES: .8220950637064164187075 .0201724269 3
VALUES: .034 .11457999 10
VALUES: .5866025787 .223498893720912489 22
VALUES: .5586633096818 .98426 20
VALUES: .7590 .4393072404 1
VALUES: .917662 .7804989700160219 12
VALUES: .1025558861676966506446936 .687602044708934157320515 1
VALUES: .8204776073853 .058762 4
VALUES: .850843060959 .756755931944762340733958 1
VALUES: .79536125734 .6812848 10
VALUES: .103501945525291828793 .44 1
VALUES: .289 .923231860837720 16
VALUES: .1 .805203326466773479819943 6
VALUES: .586907 .065629053177691 11
VALUES: .961882963302052338445 .85285 11
VALUES: .68868543 .4874036 0
VALUES: .0592050049591821164263370 .59719233997100785 20
VALUES: .7834897383 .20663767452506 7
VALUES: .1239948119325551232 .633905 2
VALUES: .541496910 .759609369039444571 14
VALUES: .1301136797131303883421 .087 2
VALUES: .35124742 .707331960021362 14
VALUES: .87911802853437094682 .3228961623559 23
VALUES: .45552758068207827878 .1655146105134660 1
VALUES: .0839 .264957656214236667429 20
VALUES: .90644693675135 .6987106126497291523 7
VALUES: .27690547035934996566 .0256351567864499885 2
VALUES: .75909056229495 .4490 3
VALUES: .1 .4721141374837872892347600 12
VALUES: .821866178377965972381 .85770 13
VALUES: .0951094834821 .5850308995193 8
VALUES: .256 .20737010757 7
VALUES: .5132982375829709315632 .722880903334096284428168 18
VALUES: .325810635538261997405 .60468451972228580 25
VALUES: .984420538643472953383 .9244983596551461051346608 23
VALUES: .8759441 .95057602 2
VALUES: .7171129930571450370031 .4390020 8
VALUES: .4 .93344014648661020 19
VALUES: .05238422217135881 .2929 6
VALUES: .2003814755 .3999084 11
VALUES: .841855497062638284885 .616723887998779278248 0
VALUES: .48079652 .583 22
VALUES: .07052719920653086137 .70066376 2
VALUES: .5556878004119935912108 .595605401693 10
VALUES: .2830243381399252307 .5473258564126039 22
VALUES: .1614099336232547493 .2698100251 6
VALUES: .49646753643091 .6550698100251 6
VALUES: .841031509880216678 .9155565728236820019836728 23
VALUES: .708491 .1642633707 0
VALUES: .97375448233768215457 .2760 25
VALUES: .49076066224155031662 .807400625619 20
VALUES: .42082856488 .7573 25
VALUES: .8530861371786068513 .983504997329671 8
VALUES: .4 .45697718776 14
VALUES: 0 .284885938811322194247 17
VALUES: .22992294193942168307 .093781948577096 10
VALUES: .7456778820477607385366598 .3213702601663233386 11
VALUES: .1753109025711451895933470 .39278248264286259 16
VALUES: .018371862363622491 .42359044785229266803997 7
VALUES: .69144731822690 .9716 20
VALUES: .676569771877622644388 .5587396047913 5
VALUES: .1567559319447623 .687342641336690318 2
VALUES: 0 .39954222 6
VALUES: .21092545967 .247150 1
VALUES: .2398260471 .3485618371862363622491798 24
VALUES: .319600213626306553 .172945 1
VALUES: .9242236972610055 .172274357213702601 21
VALUES: .8978255893797207 .605767910276 24
VALUES: .35091172655832 .14096284428168 22
VALUES: .759426260776684 .7014572365911 12
VALUES: .72642099641412985427 .892408636606393530174 4
VALUES: .202319371328297856107423 .85183489738307774 25
VALUES: .3336079957274 .5 13
VALUES: .93360799 .20988784618905928130 4
VALUES: .0798504615854123750667582 .355489433 11
VALUES: .538033112077515831235 .9654535744258793 22
VALUES: .3 .0469825284 8
VALUES: .6254520485236896314 .54 2
VALUES: .4323338673990997177080949 .291859 14
VALUES: .22 .4384222 20
VALUES: .95642023 .392721446555 25
VALUES: .41800564583810 .692317082475013351644 17
VALUES: .91767 .298512245365072098878461 21
VALUES: .194857 .7160601205462729839017 19
VALUES: .4169222552834363 .78631265735866330 1
VALUES: .168169680323 .9288166628519 19
VALUES: .1910734721904325932 .4090333409628442816815442 7
VALUES: .5971770 .7459067673 5
VALUES: .835065232318608377203021 .6657206073090714885175860 2
VALUES: .24417 .7404592965590905622949568 15
VALUES: .62142366674296177 .0313725490 11
VALUES: .776363775082017 .299061570153 19
VALUES: .4917067215991454947 .39250782 21
VALUES: .52 .1946593423361562523842 4
VALUES: .07414511 .09161058 9
VALUES: .0484534981 .0774013885709 9
VALUES: .089 .08423132677195391 17
VALUES: 0 .0832 17
VALUES: .0203906309605554283970397 .052784008545 1
VALUES: .037299153124284733348592 .049654383 4
VALUES: .0914488 .04 14
VALUES: .04843823 .0270603494316014343480582 20
VALUES: .0449 .078602 2
VALUES: .04295719844357976653696 .02112001220 1
VALUES: .0515266651407644 .0801266498817425 4
VALUES: .02153810940718 .018 22
VALUES: .0329015030136568 .08789959 21
VALUES: .0159151 .026892500190737 22
VALUES: .04298008 .09183184557 19
VALUES: .0838498512245365 .07397421225 5
VALUES: .099 .054085603112840466926 13
VALUES: 0 .064740978103 23
VALUES: .0372289616235599298 .0520 5
VALUES: .021722743 .036751354 2
VALUES: .02376897840848401617 .05593347066453040360 13
VALUES: .099479667353322652 .09131151293202105745 17
VALUES: .03847562371 .070 15
VALUES: .0317769130998702983138780 .0886671244373235675593194 6
VALUES: .0105195696955825 .0597390707255664911879 22
VALUES: .050328831921873 .0750 23
VALUES: 0 .06179293507286 4
VALUES: .06543068 .06536812390325780117 3
VALUES: .008160524 .048056763561455 4
VALUES: .06949263752 .00029449912260624093 24
VALUES: .0722 .0534859235 16
VALUES: .01256275 .05320820935378 18
VALUES: .09333485923552300297550 .065745021744106202792401 10
VALUES: .0647318226901655603 .03288624399176012 1
VALUES: .09148546578 .0881345845731288624399176 1
VALUES: .086662088960097 .0105378805218585488670176 24
VALUES: .0964187075608453498 .0196932936598764019 12
VALUES: .08686 .0798 1
VALUES: 0 .0951583123521 15
VALUES: .018294041351949340 .060933852140 5
VALUES: .08475318532 .035368886 7
VALUES: .010160982681010147249 .052422369 7
VALUES: .0555016 .051 3
VALUES: .038376440070191500724 .05894865339 7
VALUES: .079101243610284580758 .0416983291371023117 22
VALUES: 0 .0093003738460364690623 20
VALUES: .08885633630884260 .043356984817273 22
VALUES: .02764782177462424658 .04414282444495307 10
VALUES: .0079285877775234607461661 .05514763103685053 8
VALUES: .0357091630 .0477851529 0
VALUES: .077 .0998 0
VALUES: .0698146028839551 .015001144426642 10
VALUES: .068358892195010 .0160341802090485999847 1
VALUES: .073885709925993743 .035960936903944457160 20
VALUES: .039150072480354009 .0674 25
VALUES: .01 .03109330891 9
VALUES: .0119539177538719768 .03606775005722133 23
VALUES: .0219333180743 .03381 7
VALUES: .0532341 .021962310 11
VALUES: .026073090 .0984161135271229114 6
VALUES: .0046036469062333104 .0989013504234378 4
VALUES: 0 .0700541695277332 20
VALUES: .0601617 .08389257648584725719 12
VALUES: .01324788 .0836408026245 8
VALUES: .0702067597 .061882963 12
VALUES: 0 .075283436331731136034 24
VALUES: .013400 .0371236743724 23
VALUES: .0209 .02396429388876173 6
VALUES: .0326497291523613336385137 .02897688258182650492103 24
VALUES: .0422 .041301594 12
VALUES: .0852643625 .04136720836194399938 21
VALUES: .00886396581979095 .05274433508812 19
VALUES: .012356755 .02855878538185702 16
VALUES: 0 .09151 12
VALUES: .041120012207217517357 .020675974670 2
VALUES: .0283 .0637796597 21
VALUES: .025 .0747 17
VALUES: .05991 .087885862 24
VALUES: .0668940260929274433 .0998931868467 2
VALUES: .001721217 .0191378652628366 16
VALUES: .091482413977264057 .0428458075837338 20
VALUES: .012138551918 .092019531548027771419 0
VALUES: .090017547 .0205127031357289997 23
VALUES: .0843015182726787 .0472 25
VALUES: .0408117 .09457999542 12
VALUES: .0534111543 .074004730 5
VALUES: .0351277943083848325322346 .085 2
VALUES: .0996 .0746120393682 25
VALUES: .09755092698558022430 .099913023575188830395971 13
VALUES: .060971999694819 .02232242313267719539 21
VALUES: .07118486305 .08495613031 4
VALUES: .01913023575 .085893 10
VALUES: .086153963530937 .0929228656443121 7
VALUES: .0726466773479819 .063 2
VALUES: .037224383 .0269748989089799343 1
VALUES: .0325108720531013962 .0925352864 8
VALUES: 45304036011291676203555.30679 986694132906080720225832.5373769741359578850 6
VALUES: 206073090714885175860227.153353170061799038681 845410849164568551155870.0632639047 24
VALUES: 747051194018463416495001.9232776379034103 628870069428549629968718.376241702 23
VALUES: 396322575722896162355992.58452735179674 350316624704356450751506.478095674067 5
VALUES: 574303807125963225757228.387319752803845273 446463721675440604257266.662714579995422 9
VALUES: 986831464103150988021666.8242618448157473105973907 814633401998931868467230.4358434 6
VALUES: 776653696498054474708170.429571984 387304493781948577096207.74575417715 2
VALUES: 224216067750057221332112.38736552986953536278324 261860074769207293812466.359029526207 13
VALUES: 629495689326314183260852.3498283360036621652 548104066529335469596398.3227283131 23
VALUES: 202334630350194552529182.67704280155642 782085908293278400854504.444129091325246051 24
VALUES: 749309529259174486915387.974273289082169832913710 46997787441824979018844.8450446 5
VALUES: 436316472114137483787288.798443579766536964980 475165941863126573586632.62165255207141222247 17
VALUES: 899351491569390402075226.0785992 417929350728618295567253.721080338 22
VALUES: 699824521248187991149766.6 113633936064698252841992.71462577 10
VALUES: 9460593575951781490806.4298466468 434943160143434805828945.929594872968642 7
VALUES: 847608148317692835889218.6 585091935606927595941099.59038681620 25
VALUES: 64667734798199435416189.757564660105287251 977981231403067063401235.002792 23
VALUES: 582787823300526436255435.443762874799 86961165789272907606622.328 25
VALUES: 903334096284428168154420.3982604715037766 994048981460288395513846.5683222705424582284275577 5
VALUES: 522880903334096284428167.631540398260471503776 396932936598764019226367.1929045548 10
VALUES: 516105897611963073167009.47855344 345937285420004577706568 5
VALUES: 906752117189288166628518.20517280842298008 174654764629587243457694.187136 4
VALUES: 420065613794155794613564.85040 164339665827420462348363.30556191348134584573128 22
VALUES: 706004425116350041962309.5099 616495002670328831921873.191393911650263218 10
VALUES: 909346150911726558327610.2907759212634 966140230411230640115967.6002746623941 21
VALUES: 944487678339818417639428.3680933852140077821011673 241138323033493553063248.404623483634 23
VALUES: 578545815213244831006331.91554131380178 523689631494621194781413.98764019226367 8
VALUES: 245838101777676050965132.8891279468986037 167193102922102693217364.5997253 25
VALUES: 748439765011062790875104.15733577477 359273670557717250324253.856 10
VALUES: 179293507286182955672541.2108033875028610 20874341954680704966811.6065003433279926 16
VALUES: 513252460517280842298008.1843900205 975371938658731975280383.551979858091096360723 25
VALUES: 941435873960479133287555.326207370107576104371 26367589837491416800183.081895170519569 19
VALUES: 982696269169146257724878.852506294346532 641550316624704356450750.8652780956740672922865644 24
VALUES: 903501945525291828793773 767391470206759746700235.74 7
VALUES: 351659418631265735866330.61652552071412 575158312352178225375752.8390478370336461432 2
VALUES: 772915236133363851377125.9532616159304188 215304798962386511024643.105058365 17
VALUES: 653665980010681315327686.841565575 935637445639734493018996.546623941405 20
VALUES: 54764629587243457694361.7366445410849164568551155 171511406118867780575264.9539940 0
VALUES: 997009231708247501335163.41895170519569695582 142702372777904936293583.43859006637674 10
VALUES: 397894254978255893797207.201098649576562 919798580910963607232775.4592 11
VALUES: 53727016098268101014724.90240329 700999465934233615625237.721217669947356374456397 4
VALUES: 421972991531242847333485 373357747768368047608147.94433 5
VALUES: 131548027771419851987487.47049668116273746852826 701579308766308079652093 0
VALUES: 845487144274052033264666.88931105516136 595193408102540627145799.3590295262073 23
VALUES: 941222247653925383382924.2132753490501258869306477 846066987106126497291522.76726939803158617532 24
VALUES: 406301976043335622186617.4314946211947814 955687800411993591210802.431 7
VALUES: 228290226596475165941862.898283360036621652 485709925993743801022353.9813687342641336 13
VALUES: 226703288319218738078888.91650263218127 272816052491035324635690.57940 24
VALUES: 543099107347219043259326.53403524834058 643717097734035248340580.7 6
VALUES: 742961776150148775463492.0471503776607919432364385 92362859540703440909437.6126802471961547264820325 24
VALUES: 998413061722743572137025.018219272144655527580682 449668116273746852826733.356694 4
VALUES: 987014572365911345082779.2 437857633325703822384984.68459601739 22
VALUES: 554207675288014038300144.4065003433 256809338521400778210116.474708 22
VALUES: 923125047684443427176317.0748 774990463111314564736399.62174410620279 20
VALUES: 433554589150835431448843.695536736095216296635 379583428702220187685968.94978255 18
VALUES: 539772640573739223315784.918379491874570 766445410849164568551155.104463 17
VALUES: 289097428854810406652933.2578622110322728313115 114595254444190127412832.722819 9
VALUES: 366079194323643854428930.7394369420 120988784618905928130006.7455710688944 23
VALUES: 727107652399481193255511.594552529182 660059510185397116044860.86431677 17
VALUES: 196246280613412680247195.95848020 517784390020599679560539.65159075303273060196841 14
VALUES: 628641184100099183642327.89810025177 4180971999694819562066.0673838406958113984 0
VALUES: 493919279774166475928892.4640421149004348821240558 468513008316166933699549.3903410 4
VALUES: 463202868696116578927290.2974593 293339436942092011902036.78608377203021286335545 20
VALUES: 333577477683680476081482.8433508812085145342 803311207751583123521781.45044632639047 5
VALUES: 31433585107194628824292.3 441107804989700160219729.47420 2
VALUES: 550713359273670557717249.77 279072251468680857557030.31526665140764476 12
VALUES: 924971389333943694209200.2652323186 633768215457389181353474.608468757152666514 21
VALUES: 155519951171129930571450.2145113298237582970931 124330510414282444495307.7264362554360265506981002 25
VALUES: 543175402456702525368123.360082398 622980086976424811169603.4054016937514305333028152 10
VALUES: 180148012512397955291065.6625314717326619363698 627252613107499809262225.66404211490043488 22
VALUES: 672602426184481574731059.06646829938200961 516472114137483787289234.2435797 2
VALUES: 820019836728465705348286.3547 886823834592202639810787.241657129777 22
VALUES: 390447852292668039978636.9788967727168688487067978 557457846952010376134889.1961 23
VALUES: 559197375448233768215456.829 739665827420462348363469.16191348134584573128862 8
VALUES: 898756389715419241626610.8354 502189669642175936522468.407553215838 7
VALUES: 950820172426947432669564.93000686655985351338 947219043259327077134354.7405813687342641336690 18
VALUES: 58365758754863813229571.926070038910 182177462424658579385061.23538567177843900205 7
VALUES: 969115739681086442359043.8161135271 997634851606012054627297.3925383382 22
VALUES: 150911726558327611200121.9212634470130464637216754 496345464255741206988631 18
VALUES: 20950637064164187075608.43254749370565 987930113679713130388341.11934081025406271457 22
VALUES: 531013962005035477225909 283070115205615320057984.00013733119707026779 20
VALUES: 969207293812466620889600.0073701075761043717097 736873426413366903181505.328587777523460 13
VALUES: 623392080567635614557106.266056305790798809796 282841229877164873731593.52 24
VALUES: 745113298237582970931562.541680018310 224414435034714274814984.1350881208514534 4
VALUES: 765896086060883497367817.956923781185 753673609521629663538566.42417029068436 20
VALUES: 657877470054169527733271.6393682764934767681 762539101243610284580757.610849164568551155870 11
VALUES: 763363088426031891355763.332158388 664377813382162203402761.2185854886701762417 0
VALUES: 619470511940184634164949.40723277 874937056534676127260241.7435111009384298466468299 22
VALUES: 188220035095750362401769.8583199816891 281666285191119249256122.40 1
VALUES: 487846189059281300068665.11068894483863584344243 828458075837338826581215.315587090867 17
VALUES: 416632333867399099717707.67827878233005264 430518043793392843518730.0188601510643167772 2
VALUES: 721873807888914320592049.32771801 960646982528419928282596.124 17
VALUES: 804989700160219729915311.623483634699015793087663 533485923552300297550926.45209430075 15
VALUES: 951140611886778057526511.5994048981460288395513 634241245136186770428014.92996108949 0
VALUES: 852735179674982833600365.36379 760250247959105821316852.82943 21
VALUES: 382146944380865186541542.304966811627374685 572167544060425726710917.25799954222934309 6
VALUES: 511329823758297093156328.16800183 82185091935606927595941.01799 14
VALUES: 655756466010528725108719.875257495 656107423514152742809185.27507438773174639 23
VALUES: 552147707331960021362630.10322728313115129 944930189974822613870449.9591668574044403753719386 13
VALUES: 636346990157930876630807.328 958876935988403143358509.76058 13
VALUES: .0770885786221 .9214007782101 5
VALUES: .922346837567711909666590 .20845349813076981 12
VALUES: .70652323186083772030 .772976 1
VALUES: .5632104982070649 .60564583810177767 20
VALUES: .513313496604867627985046 .702754253452353704 16
VALUES: .198397802700846875715 .8825360 19
VALUES: .15443656061646448462653 .427 19
VALUES: .667750 .5965972381170366979476 13
VALUES: .6549629968719 .8 13
VALUES: .477759 .993072404058899824 18
VALUES: .49 .4791790 19
VALUES: .35202563515 .41553368429083695 2
VALUES: .47162584 .722148 6
VALUES: .02430762 .34787518120088502 19
VALUES: .19211108567940794995 .01 7
VALUES: .67203784237430380712596 .801556 16
VALUES: .737 .899992370 25
VALUES: .66486610208 .3 9
VALUES: .895689326314 .661173418783855954833 4
VALUES: .485435263599603265430685 .9602502 3
VALUES: .9491 .91639581902800030518043 4
VALUES: .1112687876 .160875867856 20
VALUES: .6794079499504081788 .8575722896162355992 4
VALUES: .9766994735 .224429694056610971236743 23
VALUES: .946700236514 .381826504921034 19
VALUES: .46567483024338 .4233920805676356 8
VALUES: .5657892 .4 0
VALUES: 0 .29324788 4
VALUES: .64034485389486533913176 .8085755703059433890 6
VALUES: .1020523384451056687266 .1943389028 7
VALUES: .0833142 .0727244983 15
VALUES: .92 .8 14
VALUES: .66 .5558403906 10
VALUES: .388891432059 .036774 25
VALUES: .331029221 .5165636682688639658 4
VALUES: .48732738 .97680628 7
VALUES: .02804608224612 .0131685358968490 10
VALUES: .2831769283588921950 .0495613031204699 2
VALUES: .94 .225726710917830 11
VALUES: .577218280308232242 .9868925001907377737087 16
VALUES: .03562981612878614480811 .88117799649042496375 2
VALUES: .3572289616 .850278477149614709697108 5
VALUES: .0874189364461738002594 .8 6
VALUES: .93345540550850690 .399526970321202 18
VALUES: .71343556878004119935912 .4831 10
VALUES: 0 .7 25
VALUES: .715846494239719 .96955825131609063 13
VALUES: .532 .4569771877622 20
VALUES: .79635309376668955 .848599984 0
VALUES: .14427405 .9006179903868 15
VALUES: .96580453 .708 23
VALUES: .4613870450904097047379262 .181521324 4
VALUES: .44887464713511863 .24419012 14
VALUES: .04353398947 .20199893186 20
VALUES: .94314 .84158083466849 24
VALUES: .16948195620660715 .7929350 19
VALUES: .90237277790493629 .2212100404 5
VALUES: .01031509880216 .331 17
VALUES: .925307087815671015 .1261768 19
VALUES: .872266 .0821393148699168383306 1
VALUES: .6215762569619287403 .42121004043 16
VALUES: .8107728694 .08601510643167772945 1
VALUES: .8 .4568398565651941710536 0
VALUES: .13667505912 .5763179980163 10
VALUES: .1240253299763485160601 .9104295414663920042 25
VALUES: .868497749 .69156939040207522697 0
VALUES: .19195849546 .4653849088273441672388 15
VALUES: .21786831464103150 .8273441672388799877 22
VALUES: .0162508583 .69286640726 22
VALUES: .831082627603570611 .7481803 16
VALUES: .5553063248645761806668192 .7133134966048676279850461 4
VALUES: .4626 .812008850232700083924 11
VALUES: .290989547570000762951094 .828 1
VALUES: .769588769359884 .010940718699931334401464 21
VALUES: .9547112230106050202 .482 9
VALUES: .37895780880 .3195 19
VALUES: 0 .5 5
VALUES: .4154116121156633859769 .508125429159 17
VALUES: .419775692378118562600137 .75 5
VALUES: .030853742275120164 .67162584878309300 1
VALUES: .752880 .994354161898222 18
VALUES: .546 .2602 5
VALUES: .9360494392309452964065003 .908 2
VALUES: .605 .141 11
VALUES: .5 .87441824979018 6
VALUES: .8023804074 .424582284275577935454337 18
VALUES: .3602044708934157 .4846 16
VALUES: .178286411841000991836 .1017 14
VALUES: .48178835736629282063 .3099107347219 7
VALUES: .1704127565423056382085 .9657892729076066 25
VALUES: .397833218890669108 .2 25
VALUES: .36275 .682 0
VALUES: .60648508430609 .1548180361638 18
VALUES: .66 .07611 8
VALUES: .1164568551155870908 .68572518501 15
VALUES: .285938811 .127901121538109 3
VALUES: .0658762493324177 .005331502250705729762722 8
VALUES: .06792 .03482871747920958 3
VALUES: .0295933470664530 .0168 16
VALUES: .0894743266956588082 .02282444495307850766 6
VALUES: .063790341039139391 .0030502784771496147096 25
VALUES: .046153963530937666895551 .0728328374151216906996261 15
VALUES: .0270862897688258 .07722743572137026 11
VALUES: .01778286411841000 .08603799 23
VALUES: .041 .055504692149233234149691 19
VALUES: .03216296635 .0184954604409857328145265 13
VALUES: .0451071946288242923628595 .05261615930418860 19
VALUES: .057480735484 .02496375982299 19
VALUES: .0005355916685740444037 .0309056229495689326314 11
VALUES: .056 .089875638971 4
VALUES: .01 .099485770962081330586709 15
VALUES: .072045471885252 .0524 18
VALUES: .00995 .013 12
VALUES: .0522072175173 .0471442740520 19
VALUES: .015590142671854734111543 .043848325322346837567 13
VALUES: .03814755474 .07333638513 16
VALUES: .06264286259250 .087692 20
VALUES: 0 .072445 14
VALUES: .0477561608300907911802853 .0308201724269 16
VALUES: .02900434882124055848020 .0861570153353170061799038 23
VALUES: .0593957427328 .08780 5
VALUES: .074639505607690547035 .0396078 3
VALUES: .0306111238269626 .0579232471198596169985 12
VALUES: .0277 .0696116578927290760 9
VALUES: .01505607 .0461051346608682383 18
VALUES: .0496299687190 .055710688 18
VALUES: 0 .010780498970016021972 19
VALUES: .02870984969863431754024 .0777981231403067063 12
VALUES: .04117799649042496 .0087006942854962996871900 5
VALUES: .04583504997329 .0796032654306858 15
VALUES: .06092011902037079423208 .011522087434195468 23
VALUES: .0057602807660028 .01724 24
VALUES: .09719 .03671625 14
VALUES: .0924544136720836194 .09293812466620889600 10
VALUES: .057553978789959563591 .02 13
VALUES: .037 .03622034027618829 8
VALUES: .0872739757 .07250324254215304798 20
VALUES: .062507057 .024435797 3
VALUES: .0503425 .026950484473945220111 1
VALUES: .0432196 .07412527 14
VALUES: .097489890897993438 .084670 7
VALUES: .09636224917982 .093318074311436636 10
VALUES: .0152681773098 .0654 8
VALUES: .06979 .0494422 7
VALUES: .05530327306019684 .01065995269703 7
VALUES: .02355840 .063907835507743953612 0
VALUES: .0702403 .060 15
VALUES: .0066071 .034848554207675288014038 22
VALUES: .03360341802 .0806637674525 9
VALUES: .062 .03392996108949 0
VALUES: 0 .082795452811 1
VALUES: 0 .0359197375448233 7
VALUES: .0733318074311436 .09331 10
VALUES: 0 .0489250019073777 18
VALUES: .074230563820859082932 .022032501716 18
VALUES: .04782024 .06597238117036697947 21
VALUES: .074645609 .05116197451 12
VALUES: .0348638132 .0442236 15
VALUES: .065673304341191729 .04630655374990463 6
VALUES: .04663004501411459 .065883878843 0
VALUES: .018445105 .05309 25
VALUES: .0055451285572594 .0808 25
VALUES: .003353933012893873502708 .01273517967498283360036 2
VALUES: .00773632410162508583 .087716487373159380483710 25
VALUES: .006424048218509193 .01004043640802624551 12
VALUES: .036653696498 .0202532997634 15
VALUES: .03336079 .0609597924773022049286640 21
VALUES: .0048142 .009 21
VALUES: .058170443274586099031052 .010414282444 8
VALUES: .03903 .02112306401159685 11
VALUES: .01630426489662012664988 .05 4
VALUES: .0894316014 .0849652 24
VALUES: .07916838330 .04715190356298161 20
VALUES: .0434821087968261234454871 .0530907148851758602273 2
VALUES: .071470206 .0523292 0
VALUES: .057511253528 .092271305409323 8
VALUES: .00056763561455 .0531181811245899137865262 15
VALUES: .09474174105 .00195315 5
VALUES: .0807812619211108567940 .09916380 19
VALUES: .09 .0162142366 20
VALUES: .0985244525825 .02170138094148165102616 7
