1257602807660028992141602.446189059281300068665598
-132005798428320744640268.446189059281300068665598
391034822753922357074278561860576650975788954560.297316799315205552453866
0.81
7019150072480354009.28858686198214694438086562
835507743953612573434042.042343785762353856717
814175631342030975814449.479560540170353856717
8797807883815173883609479062199163725468521203.996711223605148564620769894920732
77.333333333333333333333333
0.003555352177617456320265427130540932
1069108110170138094148164.03347528038452
58319981689173723964293.83047528038452
284897732741834643531721061782888300352836458205.39377384180522878
1.11
2726634622720683604180.96931028038452
1828549629968719005111770.505
136903944457160296025024.659
831212764812702491350527074619031342691070833557.472186
1.1618588876260576211
73333.3334753657700564665247
1049927519645990691996641.96525520713882124
797665369649805447470816.32295719844117876
116519438642855351253818531610291612155558430915.4653346312411017855088992596
7.3240987
2224765392538338.292515447532504009583612
1796047913328755626764322.452872510872053
34607461661707484550240.452872510872053
806147607642477682603599734418502069889665341987.303124018425173
1.039294500848
841321431296.417999240104053
752529182879377431906614.03345
337209124895094224460211.76319
113147544293147057080156538002187806870330660862.5072699816
2.623851
179156176089112687.87670801437
1116670481422140840772105.373
-449668116273746852826733.373
261187887321593968347418811493489272690485421245.878
0.4
20233463035019455252918.2508
379797055008773937590600.06271457004806591
44464789806973373006790.22027925004806591
35567171365189833286366977704636208167912977265.6122074096231024051359706
1.265198
66773479819943541.61898216905138591
1053467612726024261844814.69365117875944151979858
403463797970550087739375.50234882124055848020142
236752743697461944547139970652490147048622325522.59126108782646304516536084
2.24141978496
2089875638971.5417323567538420691233712338866432
331761654077973601892118.377084000915541313
-149416342412451361867704.137084000915541313
21935137934159526653428980293289623634018707207.79946940668267274856
0.37895604744085
1801327534.89866788738841660135671390116395
678370336461432822156099.115244449530785076676
-553307392996108949416341.858755550469214923324
38509310561661754634194385168510450011397116418.054203102142736537061212
0.101
331746395056076905470.359057449530785076676
1180834668497749294270236.09695572845044632639
341771572442206454566261.96081492845044632639
319390676649142773773637260531020105263268798832.820413533723445298545897856
1.814650469193
116853589684.90119800866129113919
1558007171740291447318225.34364040054932478828
175967040512703135728999.59513959945067521172
599105486961845675500698482130425756549075394839.7530533971143684297307492
1.2546482
24640268558785381.857014908601510643169116904
324589913786526283665215.95715266651
293675135423819333180742.04284733349
4778381741436485159570876842126382732512262443.73780773329
19.9990128331688055281
528.710215915241363184227456266069
1246295872434576943617912.758434424
-513038834210727092393377.158434424
322511139059790341597949267817692732517333649899.9362267472
0.4167808635015351
46083771.9432364386915791833157176
1325169756618600747692071.544
-322072175173571374074921.544
413086099458891473795370674020025934749118402064.8
0.6089558
26538490882734416.6552512448
452506294346532387273975.2624628
-224719615472648203250171.4624628
38565760211263934749921607316592031276349775130.29599932
0.33
2151064316777294575417.690387276
731380178530556191348133.85319295033188368647
-240466926070038910505836.33540856031128408647
119273155753453672147882420238890482954310318795.100727890968648072959510351363863706
0.50513424399434762129
304.4174868390936140595571113612833620850537
1761913481345845731288622.6372625314708191
-135423819333180743114366.2336919203488191
771499876226362973829111114258790623914384908164.7609195193476142733237340151
0.857248556
380315861753261.6159304184789217903037804
1391729610131990539406422.656488812153810940718
-419241626611734187838559.129091412153810940718
440286941558522409082082336697029704161652869205.7861975037189376179301136666
0.53699802834465209551
5204.69977865727473868924519023574517691602382
1398229953459983215075912.2357061111903181
-188311589227130540932326.0495765621903181
479896437028864820101491967332653257722469036416.64731385704081633030976845
0.7626137303556
52228580148.01251239790728739954540988364
881895170519569695582512.279004044403753
521904325932707713435568.258144044403753
126338741589616726304854363747007552063162519679.20910088282354714379
3.8995422177009155
11627374.685310636909516451335
1169146257724879835202562.34653238727397573202
7141222247653925383382.91801327534905013202
341712993724225188586788793045842394141579753177.852736711514535112569356859888178856
1
7141222247653925383382.91801327534905013202
1729335469596398870832377.915129239185
145082780193789578088044.411261239185
742388038323859485468504360286658860717714608547.89368257369133379
1.1831561
8191042954146639.2004273402876
327000839246204318303196.437
-200625619897764553292133.773
16669727377089914528696575921769369680679733020.56986
0.239
136247806515602349889.371905
1039597161821927214465551.718
818493934538796063172349.834
102707484497851836015004068385552385062133539213.230992
8.4037267
892652780956740.6754694486
879606317235065232318607.49759573243305104
62790875104905775539787.83680573243305104
192441144830848584918974028396538849627495980896.6467644913011787783608
1.15374556323556
3610284580.7583745092660181938
1346181429770351720454717.5063401235976669718471
-252079041733424887464713.2597848477916669718471
437165149644326658812233578218586902831546726788.4163560208867821305677402888806313
0.684558
198092622262912947.2800791488208301670862929182
1476508735790035858701455.760082398717375
-416128786144808117799648.626367589836625
501728720051484617437303023193774053171199049767.527478345696866533762733875
0.5602657335891
73018997482.2613870450908219458304193
1153704127565423056382084.7536834515907530327306
-87342641336690318150606.4596834515907530327306
330851119241456058082866048212007332130575013951.0653510664262873027247982
0.859243
368688487067978942.5488764910048065918974610642
1251544975967040512703134.47744494621194781414511
245914396887159533073929.71518494621194781414511
376472734067991149068785915390954647962158324208.1586814423734166953013457743
1.4890750182083
1501487754.63494256692561843514511
1114381628137636377508200.6098878461890504165
862577248798352025635155.9238727397573904165
124451725746538798461400918960638598032307045758.825646437775409616225715986993195
7.8
6442359044785229266803.9914213778897464165
767132066834515907530326.5388876173037308
226413366903181506065460.9775234607461662
134307148813340373648356951339997603750288510888.11351059329392707286509790021155
1.8374534371825262
12030212.86335545891508358553390622615374
1389410238803692683298999.144646971847104600595101
-514366369115739681086441.844686971847104600595101
416472012503806242343966543824811483376179262807.67179419480364469543888174798
0.459635792376
5615320057.984274651712819592584115750721250024
1234439612420843823910886.07767468986037994964522
-466514076447699702449072.54791468986037994964522
326551443297468228837991882914516571304182850415.5911854142124360050539558736
0.451467633127601550165063
0.74206776226443884946975174177966408228071105114
163225757228961623559929.6452735179674982569695
-26047150377660791943236.4124971389333943430305
6491048445042860743776078270369902172461122396.78050656984015729442026073442067048785
0.72476620445017736
202639.810788128480964389108099993844232
1140138857099259937438009.08340581368722
165789272907606622415503.00045777065678
318107632614093451258434718907036321214499991417.33657613079303326157485784
1.34030757665925392301
911.4213778896771510917763700705767878
948516060120546272983900.783382925146
-5661097123674372472724.492698558014
224912667071490019389504909019868384572468990945.27544250421730712887428
0.98813407535341904
4506904.7074082551391764351299083168
1039688715953307392996107.9097276261252002746
414587624933241779201952.7402151518747997254
227267431833212685543090306743233626266981764862.9568119095037833381399434194
2.32646584972904359712
2915.083543144550469215065566168605204230848
1423544670786602578774699.11815060654612032623
-126314183260852979324025.20366216525520707377
502631039208020091615948797340697199693525472428.894065220147015079231118831719828851
0.836999113
706416418707560.8453498123705654032187019
478812848096437018387120.90670634012282558
-84672312504768444342717.54712748912717442
55523085749329126048339485418883463791722762415.5653252086464959052600011075
0.6994692
10547035934996566.72007323275860853
1270160982681010147249560.028981460288
-324589913786526283665216.731018539712
376987577448311198408967679255956540844703450828.70469116265344
0.5929271279853
2490272373.543214711257186
1738826581216144045166703.075389956511787594
138551918822003509575036.101629956511787594
751080311333641133195944753038052288850664747569.61327124068075494576672
1.1
58538185702296482795452.752941956511787594
981857022964827954528113.7659831494621194781414
796215762569619287403676.6280568505378805218586
82520918245258583754261617081930003768653599778.444427789380234167136418628
9.5780042742068058
4861524.37628298924238955796798803528378525988
830899519340810254062713.749095899894
826901655603875791561760.064225220106
1656915800089676294932523478851855686352598928.26463160001608438064
414.671755725190839694656
0.976577398626219847561205464593536
1405142290379186694132904.675577935454337376901
-411596856641489280537117.159166857404440375299
451253220953727985285398426079131806708182415916.8683105442513119345211386158153213397561
0.5468839240718965227
55985.35133897917143511099324322732234886253
851865415426871137560081.5431746395
-117631799801632715342946.4031746395
177959361418956086037948621365579450275386810588.050296141015
0.75733
2144808117799649042.492695650267465
501945525291828793774318.5642023346303492742
-387441824979018844892042.0326390478370327258
25459535654354317084582144063229791725008952882.6632602354936130833046399409560722
0.128
331059739070725566491.1875837949187458262
1075196459906919966430150.7511297779
572472724498359655146104.5631297779
207080601775449539987988300511677139052254431425.0056668908226
3.2774843683603472
8764782.1805486160837417632
1489234760051880674448766.3447470817064087891966
114000152590218966964217.4796520943064087891966
551206033939047349820654748091288621962797428897.41057416968663661837304096656142
1.165
543297474631876096742.1982817578459087891966
1093247882810711833371479.7941728084229800869764
-53589684901197833218890.6161728084229800869764
298079769735573560782285112159506986788535807310.2982811337386910486906996
0.906543548258335
443045700.769926222629129029755115190963751706
642236972610055695429922.299702448978919661249
-49027237354085603112840.417898832778919661249
102516164746188895712781019821011652271468977630.4644678594559626989038236043169
0.8581519579709505099
3892.5764858471630960555395597564561481791349
807263294422827496757457.039685664911879148546
651743343251697566186006.825174335088120851454
56726160262374149086441477227654950870681919469.18732869422633222760474678
9.381475
51880674448767833.98183866102082856489441465
660822461280231937132829.1247882661
-266437781338216220340275.9218585339
91424308502008129541656554015659425613972975186.12427472590799674
0.4253225381779884
6933699.54985886041206850535144
1034561684596017395284961.19935911986266
780071717402914473182268.23648432013734
115451498735554229428154506243003791026629181675.1396254416349686309752
7.130471279529919654
80781.26192110963918690109997956528036
476340886549172198062103.4926985580224307
-465018692301823453116654.5073014419775693
2664564002088345056743105735527552043005851085.0474919296835353
0.01202749140893
2215915159.8412622042679607
1056260013733119707026778.52716113756008239
-474067292286564431219958.32658113756008239
222736354748893830055184022003739094090832089961.0104785728478505628931
0.3804367334729
21812771801.327527354085581303385405167769
1093492027161058976119629.6381780727855344472411
427008468757152666514076.0206912336919203479049
253347145268618479159818911099690652348448979281.1055327254067761338213124346981356663955213
2.2813773524428774211273409
0.03181353475242236972532213327300496419881944471
691523613336385137712671.92616153021
-279316395819028000305180.15861746979
100046814707119594531220836163683139968388014609.434771808934586795
0.4245882057
4144350347142.74814987026447985
1460730907148851758602272.133531700617990386815
-427969787136644541084916.028885328450446326391
487644161099530634605280160897493594182395161236.352409877515178125332185278435151505689836
0.5
44205386434729533836881.0117189288166628519105
990951400015259021896695.430806
762127107652399481193254.750194
100286737243397447594174359597727927853640100094.953147693
7.6612429981328354227
9085.2216414456235352646426538
607797360189211871519035.02201876141
-318028534370946822308689.69494164141
67068870594710511924118695329379113593441680072.5126718491521013696
0.31298414477370867
1193408.1025406199708007771057367753
705180437933928435187303.7886015106431677
-596932936598764019226366.9929045548180361
35237629812065767420502675237704087307769558762.77944448254252117112453420735502
0
54123750667582207980468.3978484779125658
1686427100022888532845042.9462119478141451123476
270695048447394522011138.8152895399404898136524
692690138609418104179279630160658803700948366154.5428477194144929246726254108606900371388
1.38241000215
3990234225986.11429007400226596380120483790266
935591668574044403753718.450995651148
879774166475928892957960.514900434852
25332296576687275194061627438161508734286439525.434709228057907454364
32.5232
1025406271457999542.2293420736809664
834103913939116502632180.41510643
25345235370412756542305.58489357
173771739573142861809590529562355990323728816923.81527249
1.0626768
32397955291065842.651514427308176
916716258487830930037383.686161135271
-543999389639124132143129.082161135271
136108340662047014377131185825404664834832393405.312440479268842
0.25516
332036316472114137.48301744472425164
776073853665980010681313.833325703822384985122
770489051651789120317386.166674296177615014878
2159311907172898077155427000678937413963904640.7155323483842506707
276.923497267759562841529
2.226703288319218738204512742408949291268462
1283405813687342641336689.03474479285874211490043
-209872587167162584878309.09050125886934211490043
400770994940557948749255638381979513057153104712.500734445816991375113613617450837721
0.7
14119172961013199053940.628285648889870519569699
670756084534981307698175.876049553
378362706950484473945219.732950447
76688846732450199541659901413151846070064056982.8316130563885
3.5
12870984969863431754024.5540765645
520881971465629053177690.78904378576333257038223
449866483558403906309605.10435621423666742961777
17234543792179176750796790150378768284697514858.638877746046882148573667141
13.6695315857327030511388
0.189150598916609445334670036554767282047216476
911940184634164950026702.376379034103177615
191012436102845807583733.691645685510822385
198787287401162776585269742732114074701433370666.742655325116882641526159120305
1.52990729373
3299153124284.73334859235119455255194414605
1148485542076752880140381.85295243762874799725337
-345403219653620202944990.88064756237125200274663
299928914053061476168395087914864080760145865627.705552629548755377744356116
0.53757839472
935072861829.55673166452545199725337
1537544823376821545738916.597802698013
407034409094377050431066.961547261987
549591768426513166983450056744997562690388885551.12725087506223141474
1.7200896231508
26929121843.2898451180945948610246396
419028000305180437933928.0161593041886015106431
-168749523155565728236819.8510872053101396200503
36777015868631870822967104897574994259530815976.34658950470224274966388063746842872920026188
0.425804
228274967574578469.5201035330739299610895137532
879652094300755321583885.593224994277866676813916
28076600289921416037231.985351338979171323186084
193249877880966229393298539584439683727356873581.456671544210047312031284835401461670404
1.06594036697247706422
78.12619211108567929602494691272066960507831448
1610605020218204013122757.155
304951552605477988860913.645
625263270428897437177594460038550457183032631239.127
1.4671
16185244525825894560.0932395
1047775997558556496528571.4707255664911839116502
-393072404058899824521247.7949187457083960883498
235832156556796295532782038569822764311431178090.011895969094841475170510280274773458
0.45438756
1979400320439459.8306248549672712170378
1023315785458152132448309.04000915493293659876401
38071259632257572289616.19752803893293659876401
261431443989462019590746502653783243039697049212.06914814012366563057943368271758
1.077282864576880188328583
0.403265431203205794586614609730686
496513313496604867627984.5496452277292
233478294041351949340047.0694895857292
48003339172729456057430825005915093231526777950.7019889867903670730732
2
101960784313725490196078.3294117647292
857511253528648813611046.6743419546807
598168917372396429388875.57486839093614
94379874054452448882378323822533186348014918962.4583056370211201406333485976
5.61296775711932219
448310.0633249408712983211874872501068
454840924696726939803158.162691691462577248796
-39429312581063553826199.701167315175097276264
51331399022089602497007801288184394039379230986.39129596891671928654328308517515123641298
0.84045443319338108174857
2.4457160296025024795914123987194857954579179
1421271076523994811932553.7014699015
-518760967421988250553139.0254699015
437724632910769490401230896320686348475216304668.726206687207
0.46520371244297624665722
8.00440726333131756001254054233617
1266102082856488899061568.8872510871665598
-142732890821698329137102.1690089265665598
395660451522805156557511480290804309485955522630.36509543274079877332055194
0.79737457759292955549779
0.342412451323117460843711317287006197158
1277515831235217822537573.783611810482948
-451972228580148012512397.783611810482948
356941950912225995299738325410990264244575173802.482770299349424
0.47733408621693635192602
7.66324864576180668873245750441383249304
712046997787441824979018.11
-167055771725032425421530.29
119775824047865760003455997772570966894086863580.122
0.6199402902173158369784
3.21244984534150182052272
1069764248111696040283816.7375017624170290684
-535454337376974135957884.5640982375829709316
214421049780541980969250616344287825317483409614.23433967696311865771472
0.33285803912621
7327534905.0125928680751916004
866559853513389791714350.2409063859
683299000534065766384374.0809063859
71007113897573591412091477673743659396181632048.219419380072
8.4571190674437
8873121232.951191209328904
1392553597314412146181428.297138933394
-301747158007171740291447.097138933394
462038543506976217701990659206592679592726954332.7645393560964
0.6438092150293598
40033569.7675135423821711146333388388
335881589990081635767146.989174181
222049286640726329442282.526825819
15877639199152465935997329774912667233887364354.636919263198
4.9013404825737265415549597
0.0040669907083705553240793248644943
994735637445639734493018.002746283
150148775463492790112153.660792283
241738583407799211249317876735547037025463060585.281858672699491
1.3555555555555555555
23460.7461666315262328017872765
1654962996871900511177230.99262989242389562829022
-260044251163500419623101.00737010757610437170978
667819877113009122949732871937504438833403944286.23702118466694268417652
0.72841434262948207171314
7.74499937717657636790898
428015564202334630350194.12262989
233096818493934538796062.93737011
32215799101862143765447010144923374542052531933.3076897617
3.391733208
7690547035934.99468300203361288
956160830090791180285342.753307392995893797207598
-449195086594949263752193.035202563515893797207598
178116826794716718214324568344815057377582540996.58574053309812746235742693097519452
0.3607383
19607843137254901.9607842941174319066147863503966
1110215915159838254367893.907713435568780041199355
-106599526970321202410925.353078507667658503089955
305303979780975233811155948685520831472450384296.2683265395061717399945816389982251302260076285
0.824789325842696629213
293.949797817959868772411391302618309926165193485
55191882200350957503623.962508583199811322
28732738231479362172884.689356832227048678
555143403634675266342663678985803469067884152.55633740725468532076194768055446
3.17185697808535178777393
0.04104676890210780878874777668870248946454
614724956130312046997786.82709124742504
256961928740367742427710.12681124742504
77964334716861060284085531176564344709083242679.4888693283249235056
2.4364923654354687366715
0.08394600178163360552484099
856153200579842832074463.17070131837949187
226504921034561684596017.16877868162050813
170423455902558892103039048041115395220917736662.9229133574962337500138
1.71
2979781795986877241168.8380961455710689023
684534981307698176546881.664911879148546578164339
-66697184710460059510184.335088120851453421835661
116034906546407366208707453736971076237022285989.670023532736687765084687
0.82
913710231174181734951.604911879148546578164339
1.24287784
-0.17224384
0.37876934618628
0.756566742727028251
0.00000000000000000001870916
0.521515220874341954680704
0.078484779125658045319296
0.0664545662623025864042112
1.354308741475511
0.000000000000000103959717491554159760256
1.380063
-0.481917
0.41808247227
0.4823
0.000056523
1.286030364
-0.069001296
0.41227822957007322
0
0.608514534
0.542927443350881208514
0.442927443350881208514
0.0246463721675440604257
9.85854886701762
0.000000000000000208514
1.023392080567635604827954
0.305821316853589675172046
0.23845116818162256815930383761291153773856
1.852379534725470988
0.000000000000000000328924454274138961601448
0.8369567788204776
0.6819567788204776
0.058857900358587014
9.79944230736100129032258
0.00000000000000000000000005
0.266256198977
0.146256198977
0.01237537193862
3.43
0.000456198977
0.9319523
0.3319523
0.18958569
2.106507666666666666666
0.0000000000000000000002
0.43164721141374792
-0.29306477454795192
0.02510808826010572628142652866816
0.19
0.0004435797665365152
1.0355077429947356374
-0.6912642090052643626
0.1486075197875944151585811024
0.199
0.0003079577707356374
1.12905152208743419546
-0.32474847791256580454
0.292323941405355916679874
0.55324187933
0.00000000000245719546
1.81756313136
-0.10907149136
0.8229097865629185152
0.88677511545389529
0.0000000000000000031982325056
0.868637
-0.511363
0.12325953
0.258894202898
0.00000000000038
0.4577096208133056108
-0.2458228427557796108
0.0372673067411318141278788003144404
0.30117555198889442
0.000000000000000002153170619127648264
1.1741817349503878080415
-0.2457923247123878080415
0.3295722199508957198443558694144385
0.65380730297177
0.000000000000002726329445250746511545
0.867123885328
-0.466666114672
0.13353164248081656
0.3002404956222493795874
0.000000000000000000000060877
1.05
0.45
0.225
2.5
0
1.492960631
0.082960631
0.555512244855
1.11767465390070921
0.00000000000000000695
0.9212024109254596762058
0.6285954070344090962058
0.113370424037531255086130711204011044682
5.29
0.0009533836881056021058
0.915632859
0.873487441
0.01885080572394635
42.451122444674
0.000000000000016198134
1.28390936140993362325474
-0.67208361943999389639124
0.2991817141991252530240489139150934678539459325
0.3
0.012513923857480735484853
1.3682917524515678644998
-0.6012512397484321355002
0.37767981663198901350415012415078
0.3894510126160503362
0.00000000000000000004721801118
0.9901579308765561303120469
0.4539559014266438696879531
0.19358419190941652552071405161666671004
2.6932
0.00000726329434814984359528892
0.7426389639
-0.4572389639
0.08561129014853
0.237857529826627084
0.0000000000000000005933617324
0.29680323491
-0.29680323491
0
0
0
1.0791027695124742503624399
0.9035934996566720073624399
0.08699539363692500284751659264171860243634785
11.2968
0.0000015747310597395012399
1.469733730067902613
-0.008010986495765587
0.5400132653486687706919556658996933
0.989157820825244769557011
0.0000000000000000000000005500902544061249
1.1649493923094
0.3560393923094
0.307585759441498377
1.880294204075607
0.000000000000000370815
1.0805065995261506065461
-0.1978332188898493934539
0.2820891322808115358205408674664888
0.69048
0.0000026514082107665461
0.990676
0.209324
0.2344056
1.5357
0.0000388668
1.45307087815661575494
0.03520256351558424506
0.527543939117192431525058619505334
1.04
0.0068451972227636148624
0.78231479362172884718
-0.78231479362172884718
0
0
0
0.62041
0.27163
0.0777814278
2.5
0.010045
0.690188540474555580987258
0.306988540474555580987258
0.0955295643549248493171586328
2.602
0.000045340474555580987258
0.8688178017853055619134
0.1861901982146944380866
0.1800443956969558251315661536
1.5455
0.0000035193408102540628403
0.539741062027
-0.295141062027
0.0510530418859021
0.29297549073428157
0.00000000000000000336234705761
0.969222552834266216525
0.819256885633533783475
0.0670526280661537285415348145201975
11.92592592592463
0.00000000000000007141843247458948925
1.86048676279774509
-0.10029755092774509
0.86283784895588234586590610915
0.8
0.095780880444803928
0.95625238
-0.36374456
0.1955271273315177
0.448870601169726954063999
0.00000000000000000000000037791847
0.75660334098466468299382
0.53641565501533531700618
0.07117671516090638590066370530236
5.872349265617463617463
0.00000000000000000000006854346227776592692134
1.0357057
0.2657057
0.2505216945
1.6901
0.0000172
1.159288929579611528191042
0.394415197985811528191042
0.2970968684609136476691840403787713698
2.031321070901341498
0.0000000000000000000002391902438
0.5217184054322
0.1643215945678
0.061297127031353244
1.919
0.0000977599756082
1.1027695058869306477454795
-0.8046692541130693522545205
0.14215199364980544747081710654271
0.1
0.0536781878869306477454795
0.526878766982
-0.345021744018
0.039640307812812583651
0.2085754
0.0000000125609853
1.4197543297474631876096742
-0.2997543297474631876096742
0.481462424658579385061417552
0.6513488570211557
0.00000000000000004942702374072949661552706
1.289215556572823
-0.615415556572823
0.3208351110093840687
0.3537692917801636886992228
0.0000000000000000000000000177983682980356
1.89418501564049744
-0.04381498435950256
0.89650428015564201936
0.9547832978746103611971
0.0000000000000000000000101
1.253025029694
0.470176170306
0.3372515234790082164
2.2011927070407050688
0.0000000000000000000013049670528
1.33478294041351949339977
-0.64165712977798123140377
0.34248040645601102053594984272500402503706646
0.35069406914
0.0000000000043668268856936151616222
0.9355283436331731136
-0.7155283436331731136
0.090808117799649042496
0.133247
0.0000008247959105821321408
0.99723811703610582
-0.67673762111789418
0.13412751355835284852014872814
0.191460657770134
0.000000000000000600847253682
0.381124589913777778286
0.372152285038537778286
0.00168965744438505317768946240551932
83.95578231308888384344
0.0000000000000000000000266095537872
1.1972075725566491187914
-0.0493934274433508812086
0.3577165652780956740672390157
0.92
0.0004706125566491187914
1.5161821927214457105363
-0.4206149385824377105363
0.5304728787417258236972310858092149952
0.565659271397957025
0.0000000000000000000824296143642628974925
0.996932929559014267185
0.913923850440985732815
0.03965461540856031128359438215
23.01985277156250000026257
0.00000000000000000000000000812142712386523455
0.435080490729381246662
0.379873350729381246662
0.01124781770473792629892178334
14.761747148263114034235426
0.00000000000000000000000002192918
1.06923017321583886472877
0.78321506678416113527123
0.1324568306193636987869069387774
6.47673915
0.0000000013412680247196212096545
0.2912413214
0.0912413214
0.01912413214
1.912413214
0
0.673716334
-0.024231326
0.11332663538467032
0.9305640597749
0.000000000000004209133
1.597604333562218061
-0.112413214312961939
0.63492571896615174976543417671299
0.868523905555655313012879
0.00000000000000000000000052808478777839
0.546288242923628595406
0.41899748226138704509
0.030717988553801024158762925163694687799184
7.58331335411172380726634
0.00000000000000000000000009589316650623841828
1.38718242
-0.32542916
0.4545927320446877
0.61996150931082
0.0000000000000059243522
1.385274969863431754024
-0.443305030136568245976
0.43061684809643701838660296
0.5151
0.000034190863431754024
0.631204699777149
0.505104142822851
0.0358222944809884353688737
9.011132623
0.000000000025327886068173
1.02978408484016
0.74978408484016
0.1245697718776224
6.355600606
0.00000000000016
0.84180971999694819562066
0.44180971999694819562066
0.128361943999389639124132
3.209048599
0.00000000019694819562066
0.6147704655
-0.0396584655
0.094092482841318
0.8787997791008417383063
0.00000000000000000000001317021735
0.59545281147478420965
0.38527504386968820965
0.0515317978161086828097701465321882
4
0.07000839246204420965
1.8584723698786907759
-0.1345996301213092241
0.8589506222934309910522824
0.8649324960449906234
0.0000000000000000000194576
1.02689708552681773
0.73829708552681773
0.127358759441519798439
6.1164
0.00000056552681773
0.64756929121843
0.03263070878157
0.104570305943388043
1.1061267
0.000000007553219044919
1.17703517204453
-0.41795986877147
0.30268033608160797827330424
0.4759107607536
0.0000000000000490785405312
0.8193636987869
0.1648737315938
0.1610433808800213470608532925
1.503
0.00026950484473535
0.31241319098
-0.22601660902
0.011629623586351602
0.16
0.00012390698
0.64538185702296482795452
0.52538185702296482795452
0.0351229114213778896772712
9.756
0.00002185702296482795452
0.632974746318752178988326
0.394842450598907821011674
0.06118911717058442801556376641216161858
4.31616045110847418
0.00000000000000000035798031487540210757732
0.9443350880948653391317616
-0.3363546196948653391317616
0.19465858210426489662012663344256672
0.4747289407434052
0.00000000000000001193255514888898094139968
0.747425803006027
-0.087425803006027
0.13775051499198891
0.79055
0.00000403143358535515
1.121324483100630807202
0.462409399557490807202
0.26088653590044442130150945729484714
2.40354777453570398257
0.0000000000000000000020678177984651
1.284840161745632104130922
-0.420813305867093920130922
0.368432600709937431172350476116290092062824
0.506566469851494
0.000000000000000004336919410094174702532
1.44051270312622186
-0.20099183641377814
0.5086697823907579105466911722
0.755112664
0.00000000044615049272
1.09098954757000069341
-0.90650797283894109341
0.092125372021607110694519718443978618
0.0923563473
0.000000000002641267155484758707
1.14148164
0.63863584
0.223781149581146
3.54
0.000021674
0.778103303511512932021
-0.313557640888487067979
0.1267815891939940489814289303162
0.425540242147
0.0000000000003135802076
0.96109254596780346379797
-0.32109254596780346379797
0.2051496147096971084153504
0.499147903079925739039
0.00000000000000000000023608749953316596204917
1.1207964141298
0.2788035858702
0.29461329060803404
1.6
0.02620573739232
0.72127870603494
0.10872053101396
0.1271057044788699884376964805
1.3549721004
0.000000000011765957666804
1.84646304119935912108
-0.09109704119935912108
0.85028177289997711146685764
0.9059
0.000065160677500572213628
0.8037231980018310826
-0.3461051380018310826
0.131545553113756008233555878
0.3979881567282426945011535
0.0000000000000000000000000023807338221462209
0.98519874876020438
0.56630807965209422
0.162477933369857404960627386903444
3.703846714
0.00000000005548173656699288
0.923796444647897
-0.311726558327611
0.189056605994329390720775388822
0.495393355563
0.000000000000487329187724498
1.196835660334172
-0.446835660334172
0.3081883726253145
0.456
0.000242938887617568
0.17365835049973294735
-0.01781490806439305265
0.00745996293723633044571612150938305
0.81391753398893
0.00000000000000084444351043741
0.04285343709
-0.04285343709
0
0
0
0.12391660944533455
0.07391660944533455
0.00247291523613336375
3.956664
0.00000000944533455
0.049616235590454
-0.030075532149546
0.00038930830002226478767698
0.245203538521832
0.00000000000000001066835016
0.12635385671778439001
-0.05871976806286717021
0.003129321486525368030227371002953669089
0.365
0.00004110780498970015985
0.085207903799496
0.031410696200504
0.0015684387585259521128
2.167744483492207
0.000000000000000026739093472328
0.13435172045471885252155
0.03364827954528114747845
0.0042295445181963836118102
1.668264
0.0000000374273289082169889108
0.048840314335851071946
-0.028840314335851071946
0.00038840314335851071946
0.257464445
0.00000000002589456015876804003
0.12213303654
-0.01507303654
0.0036723205459862
0.78028616
0.0000000000538637136
0.1298427413595
-0.0576967413595
0.0033825558800612435
0.3846976591
0.00000000000458789845355
0.068162050715571831845
-0.045169756715571831845
0.000651439559002059967949401215
0.20287
0.00000033511322194247360485
0.0488578622110322728
-0.0088578622110322728
0.000577157244220645456
0.69305203
0.000000000013183794940446216
0.11000122072175
-0.04599877927825
0.0024960952162965
0.410272060535256410256
0.000000000000000000000032
0.17957878
0.01765018
0.007984252343064
1.2179995380680126920136
0.00000000000000000000000328552
0.0819592584115277729
-0.0552437628748077729
0.000916361675699899106736046285444
0.1947150673961191
0.00000000000000000535292367634984761
0.1316876478217746
-0.0483123521782254
0.003751888303959714
0.4631960869086066666666666
0.000000000000000000000000006
0.0914595254444190126
-0.0450202182040131228
0.00158450618684534355399584842143776973
0.3402651997
0.00000000000643366132811078031
0.08191
0.03991
0.00127911
2.90047619047619047619047
0.00000000000000000000000013
0.10058899430533302
0.02671396569466698
0.0023511274530556186158696
1.723220449374148354078029
0.00000000000000000000000001984142008978242
0.1058707459
-0.0125087459
0.0027630365283579
0.7886670113243381908149
0.00000000000000000000000035506609
0.07349202716018738
0.02057373922418738
0.00124444982761221330025272384
1.77756632070446051703497
0.00000000000000000000000001227943904
0.028316166933658
-0.007264820325058
0.0001872569238648527193476394
0
0.0105256733043
0.037370870527199112909
-0.032796215762569712909
0.0000802475489039133018994450989804623
0.0651965
0.0000000031616692433737783815
0.0710109101452277409018
-0.0702510108547722590982
0.0000268362083840695811392701789
0.0053793639
0.0000000000060917149518
0.143909361021591515983825
0.015516898978408484016175
0.00511728250893415732051572012225
1.241710435822775783794
0.00000000000000000000000454938523270659886795
0.09868765453574425
0.01808034546425575
0.002353088566414892292
1.448603127247
0.00000000000003814350740142025
0.037299148741
-0.034814988741
0.00004478576394182128
0.03444761438934296
0.00000000000000000015345558664
0.119626146044
-0.028831913956
0.00336978388874355732
0.61158169578667537
0.0000000000000000003600089
0.12524147247653925
-0.05758297247653925
0.0030924069272144654230625
0.3700735972006
0.00000000000000557981202397645
0.0606210421911955443460975
-0.0554604409857328145460975
0.00014976256050368951964797435155487215347775
0.04445671320030496588
0.0000000000000000000000571300069297429633467
0.0387762264369726
-0.0118257419630274
0.00034093689092881640843292
0.53259755
0.00000000003946389
0.08238955871671
-0.08041504128329
0.000080365130235242433
0.01212814277618691363
0.000000000000000000000616651
0.1370595792
-0.0277683608
0.004503561597240524
0.663062454096071333
0.00000000000000000004427799
0.05944605935759517
-0.01755394064240483
0.000806423285267414045
0.544053489807666
0.000000000000000029
0.115112535286
-0.075112535286
0.00190225070572
0.21027
0.00000068720541278
0.1169130998639139391165026
-0.0041550316560860608834974
0.003412852157931609063859004689610976
0.931360439714
0.0000000000000041475238626
0.1015375448
-0.0179375448
0.00249702937264
0.699727451
0.0000000000480976952
0.13925535973144102998
0.00641641870756102998
0.0048377211962255772027570678879612
1
0.00641641870756102998
0.1070878156710154879
0.0129121843289845121
0.002825268940260929274
1.27421497780226
0.000000000000000089518628836377346
0.0835477225908836881
-0.0337392233158836881
0.00146047169004104676876283806375
0.42467214
0.000000000481354428933480466
0.12861219195849545735027
0.02394140535591668264973
0.0039919762574881418919050242286386601389
1.45
0.0003904783703364583421085
0.070833905546654424
-0.044176394293125776
0.0007664720905626611858840726807924
0.2317836862495357
0.00000000000000000406822667997343
0.0284534981307697413
-0.0102555886167697413
0.0001761061145003250166242943641
0.47011983
0.000000000116395742760900021
0.125955596246
0.034044403754
0.00367644769968
1.7
0.0018754863818
0.09150530251010062485
0.01086442359043937515
0.0020637961718781330277973310612095
1.26945201332101288
0.000000000000000000251253803754701932
0.067611200122054955
-0.012343022812254955
0.0011047310424501794359458200295
0.69124775754756
0.0000000000000002910298586978402
0.145448134584
0.042751865416
0.0048318594643544
1.8325884817891
0.0000000000000050600957656
0.13817502098115437918
0.00306858930342637918
0.00477073004570733752606034034045152
1.045424770165582419
0.000000000000000000028891784667984
0.1146623941405355404
0.0480567635614556596
0.00270950302650946664410036650466224
2.44302405498
0.000000000000093792025324476808
0.1589013504234373757534142
-0.0377233539330133757534142
0.0059566469336091614373998622962178028104
0
0.060588998245212
0.066976424811169604028381
-0.066976424811169604028381
0
0
0
0.1538276962005
0.0323750962005
0.00565370331609042315
1.5
0.0020119462005
0.0067338826
-0.0007338826
0.0000112016478
0.80345322051
0.000000000000023747874
0.118750202
-0.019969398
0.0034257084046396
0.71208
0.000000675616
0.0717677576
-0.0717677576
0
0
0
0.125119831387808041
0.048939831387808041
0.00331496627756160828169
2.284
0.000032271387808041
0.0879346913
-0.0320653087
0.001676081478
0.46557818833333333333333
0.0000000000000000000000002
0.0425
-0.0425
0
0
0
0.13807430870145723
0.03800259129854277
0.0044050794444953072704935
1.75950712
0.0000000003594720494395224
0.1551689936675059058
-0.0260074769207293742
0.005850256935001054210724058540788712
0.712
0.00008193484397650612
0.049
-0.049
0
0
0
0.0989440756847478492408636
-0.0164568551155878492408636
0.002379775508203415152208740918560963288
0.7147881736922701380441113
0.00000000000000000000000000565725493634060469348132
0.11936
-0.02864
0.00335664
0.6129729729
0.0000000000054
0.04195773250934615091172
-0.00195773250934615091172
0.0004391546501869230182344
0.9
0.000238040741588464179452
0.090846112764171275272755
-0.044068055237658724727245
0.001577755677982795635919736438294570825
0.34672457473760683587
0.00000000000000000000061328666517895
0.034910801861
0.002769198139
0.00030277390706124
1.1723123813579074030498
0.0000000000000000000000015970843222
0.05991911744487678339818
0.00954298255512321660182
0.000874808029831387808041359489
1.3788691838311
0.000000000000000049286646485030832602
0.18381017776759809262226
0.00124208438239809262226
0.008446159669335753719386321414137276
1
0.00124208438239809262226
0.06564888990615701533531
0.05435111009384298466469
0.0003389333943694209201186
10.62155591572
0.0000000000000069581140593100999268
0.0903053
-0.0781053
0.00051365233
0.07244199593137249
0.000000000000000000067803
0.14027178606
-0.02247178606
0.004792798198934
0.7238381
0.000000000984723114
0.1226886396581970894941634
-0.0363775082017250894941634
0.0034322947995530888715953296981925777624
0.542611565174
0.0000000000000003579766537095882945684
0.1038223849850267
-0.0763561455709733
0.0012372066643808580169289226
0.152
0.0000395513847707
0.0326553
-0.0019847
0.000265607396
0.88540993071593533487297
0.0000000000000000000000001596
0.148624399175083
-0.003492790113083
0.005519253111845090493740073
0.95407764067391
0.00000000000000000387928602547
0.0880019378957808804455634
0.0076019378957808804455634
0.00192163790341039139391164868
1.189102932730867672775208
0.0000000000000000000000000384
0.09766
0.00654
0.002373676
1.143
0.00002492
0.10560455939574273289
-0.05104455939574273289
0.0021366939803158617532392
0.3482943
0.000000002412451361867990473
0.13576714732585641256
-0.00027924010070954456
0.00460816007949173893986161327024757504
0.995
0.0000608758678568703328
0.156913099848485542076
0.014583047248485542076
0.0061022639092523079270082965988
1.2049187361641647011
0.00000000000000000000468686107
0.07745
-0.02371
0.0013590846
0.53123764333
0.0000000000003686
0.0162965339131761654
0.0026765339131761654
0.000064603295948729686374
1.3930299431
0.0000000000006651654
0.077470054169527698786
-0.071964599069199698786
0.000205676443459724458683699400900904
0.03
0.00051120775158308903642
0.14064995
0.01396055
0.004896877869675
1.22039018260406948
0.000000000000000000010244
0.1749
-0.0149
0.007592
0.84299262381
0.000000000000431
0.061742580252117189288166
-0.029753566747882810711834
0.000731717870492103456168430848201
0.3496214272742477186
0.0000000000000000000004458829
0.0033264667734798199
-0.0033264667734798199
0
0
0
0.115303217456321049820706
-0.021500017456321049820706
0.0032081453012893873502708245296
0.68567969214982042072858
0.00000000000000000000000025291214251190511002252
0.06314335851071945555
-0.02404364080262454445
0.0008522467652419038128765201809296
0.448458118940109984503
0.000000000000000000000038550259445984
0.168747473868925001907377
0.022707473868925001907377
0.00699002014190890363927666854
1.310976086947754066110339
0.00000000000000000000000004622
0.101142900714198519
0.030182345285801481
0.002329728099482719100255337
1.8506
0.0000028210621042207386
0.09026
-0.09026
0
0
0
0.06934462500953688
-0.06934462500953688
0
0
0
0.0788677805752
-0.0788677805752
0
0
0
0.08688181887541
-0.004083314259556
0.001882944248939313998141337741
0.91022243097258945
0.00000000000000000035385332114565
0.1258
0.0142
0.003906
1.2544
0.00000448
480888075074387731746394.575188827264820325
-223407339589532310978866.031265732735179675
45335625341569340050911862321787664610563811205.034880948861157656838466
0.365586272640610104861773
0.04129091439716644761925979723256
504753185320820935378040.9841153582055390249485
210528725108720531013961.0158846417944609750515
52613358498902947108303077637652411297709029638.1411894384866794309485
2.431075
90409704737926298.1456167555504692149233253625
1121461814297703517204545.196154726482032501716639
-40054932478828107118332.803845273517967498283361
314018050828003342548875721153994643881909606460.248246282080290500483521
0.9310299527062532842879677
0.0377894949372000640991187
810055695429922941939420.870164797436484
-295979247730220492866406.970164797436484
142146628652877211866210049077907854332593379460.1486264318495638
0.464792230009
210910200656.135091935606716835103751644
674143587396047913328754.95262073700701
-231204699778744182497901.65328450446701
100253490806858415189044639031690199715308836927.8692512481095330257721527
0.489246949
167330434119172.96101319888286372611751
1692622262912947280079344.7867246509498741
241733424887464713511863.2132753490501259
701633769050180720220592956228441982092098450531.3394594272334564
1.33322
835584039063096055.108322960860608852398
1563546196688792248416874.9145782101167315175
-266529335469596398870832.1130217898832684825
593409705628530689782005576369801505062046914669.8571393074482135811915
0.708723131055
378652628366.5217721104656725175
1441184100099183642328525.3002314030670634012
-297428854810406652933546.6622314030670634012
497136921676215953962248171565756282126916239193.5006084463558328117828
0.657
743266956588082703898.6793309681849393454116
938673990997177080949110.2233005263
-570595864805065995269702.6414282445
138882305110481832168116912780880175123816624695.76391746005087630286
0
184039063096055542839703.7909361409
1105119401846341649500265.927185
771831845578698405432211.022815
156391123621949053482242773118640960383768766409.869817875
5
105256733043411917296101.214075
427603570611123826962691.26385900662829709315632
54367895017929350728618.24119935911170290684368
44972236397675443375026393166649792911266016899.4476826622201445985289017587762384
1.29133278822567457072771
1.6281376363681307698176642681023871635568143728
1736934462500953688868541.7894254977
-63935301747158007171740.2275120165
753213401053494187662532703477790827467461812237.84264979754174910826
0.9289950855787154719539061
0.01585412372667164931525040684289169
1117128252079041733424886.3475846
702113374532692454413671.3815066
188753085223872535442256212847891603616154187579.2506304420784
4
79591058213168535896848.9323896
930403601129167620355534.25081254291
-525185015640497444113831.74918745709
147457890085203423560114613723158205234779959508.38812774753
0.27838812479033881247903
2.83281695351466702380251
1000549324788281071183336.147539482552
-874265659571221484702829.674296177448
59189626957195556391675794711005995205648047732.07718991753768180216
0.06735793466
491645685511.5587090867582310122
989242389562829022659646.472373
566659037155718318455786.472373
164374510229432555370606338867917645238032330324.97989
3.68188055
368505378805218.7879115
1031219958800640878919659.6978713664454108491
-793606469825284199282825.6978713664454108491
108400843620061437849122414144361232307525292668.4175738214557878747
0.13021
1419851987487602044.188310169375143053338689
601190203707942320897229.88633554589095674
-321278706034943160143434.48455024032904326
64552413520727440544022012274964454475427841719.2909939293436809849793540614
0.3
1585412375066758220798.04525978484795674
324132143129625391012435.778709995422
-69977874418249790188448.850449995422
25041185825426905539337483096066329872648999555.29911990932121286
0.6448815239
5423056382085.9082896093638056164142
1382665751125352864881359.7209819180590524147
-514763103685053788052185.3390180819409475853
411695881604891697587373418786608667481843230504.602821447877212128191
0.45740984977
6103913939116.5031378552409524147
1188555733577477683680474.8841748683909361409933
191226062409399557488364.7958251316090638590067
344024331218823134518941295881062845417347666107.297923661338215521827072
1.38347613219094
1232928969.244318303196763854429017331323139298
603830014496070801861600.067566
384710460059510185397115.660152
54152137081781273277771967858652516776702003345.944251125313
4.51142061281337
51880674.44877207855008683741
343327992675669489585717.15234
-139345387960631723506523.15234
24614243352201398552746845790264121095793355892.20698
0.42261001517450682852807
0.6249968450606094601536338162
1381002517738612954909588.91347722590981918059052
383001449607080186160066.75747722590981918059052
440119460899815801474477927631450826742526136719.68476537485198285995178056
1.767
268039978637369344625.01065122590981918059052
1602517738612954909590293.659555944357976653
-336110475318532082093537.468116255642023347
613773212737582327717279773081241244259435550525.4815753718842190549185733
0.65324916
5495689326314183.260852985655300653
1212619211108567940794993.828198672465094987411167
-256977187762264438849469.492011902037079423208833
351102019029840887588209951858795267565761485984.01797827459648941561218379584230246171959677
0.6502751531512823175
12016.479743648432135500102516660756104894075
1652307927061875333791102.337923186083772
86213473716334782940413.433276813916228
680672180695318597393080839360400368235202543804.3154686317911924832
1
86213473716334782940413.433276813916228
474357213702601663233386.26555275806820778
247180895704585336079957.02755779354543378
40979092747593652421519204263258257304078870880.89744295010923264512259342322186
3.1761149919398173025255239
0.0013488975356681041080308399139410843507
604989700160219729915311.823483254062714
-588570992599374380102234.858137254062714
4899180992634940346299225395181256544882465365.724403648383344354522
0.0137560726156993
5752651.2550541703669794788413568340998
1488807507438773174639504.036324101625085831
478049897001602197299152.563675898374914169
497004022545702543057970866328547836535954472646.0387314629209173173
1.94592391304347826086956
2.55420004577706569203162340690835630479564
1866468299382009613183793.052277402034790569924
-39383535515373464560921.605539017965209430076
870538212432070095990678322631935191184653379440.33519440602162841494658267604
0
913542381933318074311435.723369192034790569924
1301029983978027008468755.85163653009842065284
-240772106507972838941023.63959716182192725284
408676952984394649414133711140250988266699946752.439902544130189766923530082966085628
0.6876744324142435818
59238.574807354848554169238596894744494117688
1501457236591134508278017.877500572213321126096
-166231784542610818646524.591531242847333485904
556685206779916270264763173421453573587663390608.141159513480633362231853723698160341376
0.8006441459576181239248
82.0813305867093919279929627183685866694112
1177569237811856260013731.942137788967723
615487907225146868085755.087571526665143
251960986475101271178273587309526802733089964307.33098121151290547667277114857
3.19
8850232700083924620.4318214694438179
1158266575112535286488134.952208733804074158846
152361333638513771267261.616159313804074158846
329591870758703959660300473719172129218524508253.77252962260800105363759308466
1.3
1475547417410543984130.615751900804074158846
366643778133821622034027.251822613870450904
-70130464637216754406042.502177386129549096
32377344493502776115752754147901558225308092854.185443749110596178808
0.678870877
127809567406729.228903036741450904
716563668268863965819790.234836346990156
283451590753032730601968.130373083085376
108279671595626443241150381680290498154199103766.86483393345225964933116396074
2.308906426155
125734340428.77851529716932989998923955
329442282749675745784694.871594970016021972
-188021667811093308918898.110597029983978028
18295017524213044933977626318377821785276317072.881766105888650038361312
0.27
852674143587396047913.327903050016021972
931914244296940566109711.4355222
-791470206759746700236514.0479278
60509767633805407795264528449079102705947768706.88704312817
0.08149315577907244426342
6.2436866369089913021156748005
1554573891813534752422368.171526637170977340352483
392080567635614557106889.056305762829022659647517
565743203397703482860978043569314957373956675146.7300383983379100794466270239246
1.67455108684
1384298466468.29938198164201235980773700365737628
1415045395590142671854732.69649805395490959
-289921416037232013427.93897917195490959
500588346881608972179141871727615508823620882767.15369861806076959451393919
0.9995903141643487
5189593.347066452520561527111346190265967
1690928511482413977264055.68295445181963
103746089875638971541924.05895445181963
712118994944912014660115213818046330735580543913.07053534458348956
1.130729887709583141055222
0.217088842345460330731729736
929701686121919584954603.4801496
-27405203326466773479819.9161304
215898545002143824471443761628071714569744740383.185917782144
0.9427
15909056229495689326.314173022
1137193865873197528038451.597985809109636063
471076523994811932555122.745525291828793783
267824199280148336738963241718921191226556826319.49144022901595043512056228989267222
2.4143950153479
21159685664.148928053711735938102380385394
1474570840009155413138016.378477
-508430609597924773022048.778203
478964369357297204039484855056630100653023154567.91535523258
0.48721105
5998321507591363.393609761343
194125276569771877622644.1942872968642710002288
5493247882810711833371.4753127031357289997712
9413611807747104489415057755058368494598417420.08758231220842419899260224
1.058243
259403372243839.1698270845044632639048740016
592370489051651789120316.7950217441062
-81620508125429159990844.5049782558938
86060222238159966157964326214134975541694478699.32919345626503
0.757
269398031586175326161.5929717441062
1189288166628519111924924.4229800869763551842526
807171740291447318226900.8484321355000448157474
190720031239375140550324095717387221195580438371.08810599617219563088773735252756932
5.224742432713042089289
189.6849011978331492637524709051028193440695986
1011917296101319905394063.2201876859693
189303425650415808346684.7798123140307
247035206796505959898388875876214581366079856863.7098086435182
1.46024856
994888227664606.690333408633597470792
699702449073014419775691.678416113526941176
68925001907377737087052.650995651178941176
121208215337710578242130515433363701709029452588.395397878996026202581783420624
1.21853984227587
655680170.90104524300014450001802862
1737071793698023956664375.446
149919890135042343785762.554
748735610750791783684368877138857261082173162494.774
1.18891687657430730478
4676.87207851055034525938812
1050629434653238727397572.764888990615693
80338750286106660563057.827649347676807
274341973540562655564356855887399524758814370342.18417812800301088539277303875
1.1
31824216067750057221332.0807873655298627
619058518348973830777446.54657816433908010986495
-590981918059052414740214.56122682536108010986495
8493455416917556617656573631978248129364874675.65189124295456038378972191462551055
0.0232030264817150063051
42.496375982298948882276603748258465510040503755
1468101014724956130312045.5288159
-378728923476005188067444.4971841
502971247989788015723462348696462225018603590641.4946511067
0.58986053275
1541161211566.33911106432425
1209124895094224460212099.1952385401693751430533302
-380773632410162508583199.4361174598306248569466698
329248613199447436438626288214543190267982802999.9294596494967884369094889708756
0.52100888726798
700999465.9342339516753737526133302
597985809109636072327763.192355230020146486
-366292820630197604333561.852368963139853514
55854149362819999032675459058081311405376426533.28646645286335235836927961788
0.24027597556
3519951171129.9305714503688200464152
633310444800488288700693.6521858539688
-531929503318837262531471.2007324339688
29533280748091855353576316246794650088691839698.759838183654293566648
0.08700434759834476978681
0.314030669716188421826488301726708472
1136964980544747081712060.35
-187457084000915541313802.35
314387302160747701153609208261075019222648006794.15
0.716922438
544380865186540.7880313687
1203707942320897230487524.545887674525
595819028000305180437933.332612325475
273478124069795001321615622469396339090151278120.31401703999760625
2.96028917114312967518449
2.19256502250724362848601238605188275
1297322041657129777981230.105745021744106202
-146791790646219577325093.314717326619363698
415374162492075003395501171193553486431254556280.3582723343542628338428650093636574
0.79
4840161745632104982070.6444312199588006415
978469520103761348897534.6894941611696
-678568703746089875638970.8633554611696
124236779017109086621806849653912932993307718503.40662911471609941176
0.1809860581615927
17824063.47753108800259474497931417808
1037155718318455786984053.28496215
-652903028915846494239718.58109415
162352404718296330379861831738584059364859715925.6514553789421
0.2273
51168078126192111085.679356701505
870801861600671396963453.486701762
196841382467383840695811.486701762
179887338078880993884696453423106581076739427939.752492602
1.5841333
3094529640650034.784362462
1019394216830701152056152.1093614099336232547493705
128053711757076371404592.9093614099336232547493705
255691704053278539160127724477671089774791121400.9447015662395834430217418
1.2873283801828328825
12550.6379713845352955577493705
1054901960784313725490194.95484092469672693
931792172121766994735636.44515907530327307
61145373709797281036018889549674737597231237181.280589673009009801
16.1375
4959182116426337071.725004577706569167125
1016403448538948653391316.600137331196323414969
40131227588311589227130.500801098650323414969
257866363693530595570031959719814461215112830010.288307047145131704271263720690537
1.08221319162238199437324
0.79957274738770075417192828392026548
1010193026626993209735254.9598990352483405813687342
951506828412298771648736.3644309647516594186312658
28781176632643308767844751234743028606405125494.594020667729227556284756881543
33.42693707748309932
116578.927290505455100327952393995474426438719256
1101884489204242008087280.49902265964751
720195315480277714198519.15902265964751
173867033777289144477214259677637009312175832723.5781195574576317
4.773726
136079957274738689.27074623964751
1261051346608682383459218.3008010986495765
552544441901274128328374.3008010986495765
321236284626895173400935563313955702699677553558.893652856343783
2.5597432804
34082551308462.9249107698495765
1534233615625238422217134.3473563221
438422217135881589990081.1973448779
540414686709037432504191788597184688738676292598.86877122916736826
1.8
97657740138857099259.93734030022
1449805447470817120622566.64357976653696497992
-464652475776302738994429.99235523002975509208
471508478067752164402961826535449788891542347962.76438962279638497771305586619894918112
0.5145858572977108
92994583.0472266727702753326674514049944112
399221789883268482490271.974319066110276
44510566872663462272068.315907530289724
39349211738568680811571496420252898321319476250.8479583339708438720323032
1.25096790845
1306935225452.0485236895926059050177678
1507850766765850308995191.82030212
164324406805523765926604.02030212
561652856041093860336896755241927203224332494774.628873068
1.244616572778
325444419012.8407899285458
973052567330434119172960.033479
-480277714198519874876019.973479
179041154008148471365750027240360903623280768989.22723437
0.339065977909
268589303425.643748398052854589
905485618371862363622490.892428473
-803128099488822766460669.067571527
43722365222436392204920369078733141067628253973.80265877054
0.0599067640702305
76241702.90686533559721461
1063279163805600061036086.5235065168574044403
531410696574349584191652.7836118168574044403
212041312937375161494079597560103510324540934949.226075025440372525517218205
2.998
74097810330357824063.4774570115574044403
1234988937209124895094223.22522315975967
422964827954528114747844.24019226024033
336574607335580066268998909017621972117774436940.5949892354721378560557
2.041754359591
40772106507.97283893758827164429050503
528023193713282978561072.84637216754406
-72449835965514610513465.15362783245594
68389878591936296709427743191719027656159587226.43394786957214
0.7586907908111404757064
13.9833217184537360981784
1427466239414053559166855.976078278
357900358587014572365910.988078278
477391799497546614830463272421093957579327719301.346293885332
1.669244157
451987487602044.710429560442
954619668879224841687646.8671549553673609521629645
745357442587930113679712.3850308995193408102540645
88935248747465335537910816628483662377603234450.162039299996823511005942178407238916310481664525
8.1236692431092314423
2272.068360418097199969479698886168570088896765
1310856794079499504081787.04650949874113068764934
-150774395361257343404287.63437857633325703235066
423903154071957656546029612295811349593426084314.5480182360155072070603176016266836810524
0.7936902325969850085
44266.42252231631952392313404848442175219
674113069352254520485236.2221155
-248172732127870603494315.7660845
98209681324926423707809523361261831268664965216.55418270855
0.46183117
3226214999618524.452622383903
1651987487602044708934155.66303
316395819028000305180437.62303
657239086223829175232402332475732839428586127286.5756306
1.47379124
2634317540245670.2606390152
697505149919890135042343.08819
-19302662699320973525596.98999
121535210344371164001719054129403737729254157997.729489319
0.9461427111716621253405994
0.019665714410637689908817969454
1297550926985580224307620.5838864728770884831
-327534905012588693064774.2204165712977797169
394089823529883261148100383012276562419979343581.21363550946578881457847379849740371
0.5969014084507
3433279926.75669489585717217869798065113
1402914473182269016556037.354904165712
309697108415350576028076.290495834288
468064180025863500767132506724244479288371132243.1184175510032624
1.566579197141
230380712596.322478744183799319370608
712535286488136110475317.819546807049611009384298
-354711223010605020218203.658411535820611009384298
95471620690262758506000814950761015309523480723.657070701223334978033417411261881121
0.33527780160704583798004
0.32288090333403917753871960157842977229558658808
619211108567940794995040.1986724650344
-92439154650186923018234.4387273976344
93719349915374246895758916856365554989294951287.78804813659514798996928
0.74
75379568169680323491.264134584512544
1077637903410391393911649.1799130235751
79362172884718089570458.4599130235751
288751274095440042070520979095220144234853312363.791990682671536
1.1
29448386358434424353398.9239130235751
946318760967421988250551.9204394598306248569466697
-625329976348516060120545.9204394598306248569466697
126120404509720274607211127362467238200683659363.8560879154361700951705091
0.2042369754752519466397402
0.02385290302891584649423942636803019474772993678806
366613260090028229190508.521766957
40344853894865339131761.613733157
33194393809510163568576986860773034675971841045.0313654318539633
1.24
1192645151445792324711.984769101
699626153963530937666894.852272831311512932021057
-209994659342336156252384.012272831311512932021057
111344749589374621613190627169326858325080835882.16568537995881321411737894
0.538280883
19867246509498.741034561664728770885786463446669
905149919890135042343784.857981002517738612954909
-148577096208133058670939.044018997482261387045091
199305305989869264456061601674948835796410374181.269413964921328286505267459
0.71799698
4189517051956969.558396094537738612954909
1049790188448920424200807.67837032
-636789501792935072861828.91993592
174139642542481349216057360649988952364208020528.360869288537664
0.2448746946530353750113
7.713435557652564496201599569744
768108644235904478522925.9122101625085831
759014267185473411154344.2473898374914169
3472057889704513703546395456459696318146022748.51933696295625343138
167.919463087248
1464866102.0827755092698710985758416912
1526878767071030746929120.11618219272144655527
-94422827496757457846952.11618219272144655527
580610774744967137833060052394489617587222428287.34053707950179171268
0.8835221925234348529910022
0.061048294804303044179998584688560206505008406
1661249713893339436942090.3506523156786
328923476005188067444876.4544747156786
662889989710841651476476103810474383123946829195.52933685453510505968
1.4937581602034038069496
20.03204395719731541649612207552
1328038452735179674982832.27232776378975715
577141985198748760204470.31627374685224285
357648315216024331637930367861261112246131985092.99060430179754794287511929515
2.5372
2960250247959105821.31685062943406935902
1219592584115358205539023.72890821577019913023575
512031738765545128557258.96763561577019913023575
306307392431477407499979203262826509546472869288.152284861458462132627654007725
2.44731507440155272805693
1.189440759816305003660993975441
173128862439917601281757.6656079194323
116792553597314412146181.3123920805677
4083275608489587981902607905646341604077056512.2113842324010947
5.14626
61646448462653543.907249728542331802
0.4557640955214770733196
0.1442359044785229266804
0.04672922865644312199588
1.9259894200626959247648929
0.00000000000000000000000000367211231979465852916
0.629692225528343633173113
0.506307774471656366826887
0.035041184100099183642328184
9.206994
0.000000049713893339436947647678
0.9857480735484
-0.2142519264516
0.23144884412904
0.642913455914
0
1.36528572440817883
0.54938582359182117
0.39054508152727549614846442
2.346699081694034070777
0.00000000000000000000028114386010694909
1.4820935378042259
-0.2434882124055841
0.5343286863051448870472597590145
0.71779
0.00000000045777114005
1.1014
-0.3386
0.274608
0.529722222
0.00000000016
0.9749904631113145618
-0.7592278934920271582
0.093544852225418676707105272215589548
0.12441488
0.0000000004443427179536032
1.5878834959945067
-0.1626314959945067
0.6237312483405813315942
0.8141901
0.00000001181048299047633
1.0330815594720378423743028
0.0085603112840466926070048
0.2667960573979744710754361184108884151921299397162
1.01671085162789312203
0.00000000000000000000504967753400197539131253
0.82256783688105592
-0.56350016311894408
0.08977135310902570846128
0.186908343430561732901
0.000000000000000000000688366
0.3254434445
-0.0126354445
0.026438445277578
0.9252515024681118139855221
0.00000000000000000000000001317352655
1.206301975179064621
0.312672616820935379
0.339350072502815288812554816
1.699
0.000349156074769208921
1.018722787953002212
0.669016587953002212
0.1475532309346150910750572
4.826163722
0.000000000053764012
1.522224765
0.077775235
0.577779812
1.107688407777044
0.00000000000000022470534
0.251270313554779888609
-0.152239261445220111391
0.0099899944371328297855824655875
0.2454242928673000565
0.00000000000000000001110450625
1.7024494544
-0.0724494544
0.723271305336
0.918362162441146912
0.0000000000000000008353551872
1.147661554894331273365288
-0.538490882734416723888088
0.2567886534485957028546942552101343515141837568
0.361278528895404608
0.000000000000000000051669362839013893021696
0.970356244
0.750556244
0.0945641412156
7.82944717015468607825
0.000000000000000000000325
1.487212939
0.487212939
0.4936064695
1.974425878
0
0.60947051
0.57052949
0.0114876009
30.3022365618568
0.000000000000001557032
1.11497672999160753792076
-0.33273823147936217292076
0.2831145944336911240167056843177297173887
0.540326320671191
0.00000000000000063080243788200208467484
1.129976348510913252
-0.699000534070913252
0.19706120039065873187604447944
0.235637649958
0.000000000000454749479080556584
0.9315785375844968337529564
0.3467917824155031662470436
0.186893507834287022201876837007024
2.18
0.001767596865796902418555048
0.948668064545662623025864
0.500176064545662623025864
0.162448750286106660563057898544
3.2304793153307645
0.000000000000000006958864
1.5849698634317540245670251
-0.0816510261692225528343633
0.62636564447809648434265953411691885876276923691078
0.9020160773470546226950614
0.00000000000000000000000003769125019265349890837612
0.81664759288922592
0.16099794003197408
0.160248238569306938846719818752
1.49110966300481388457648
0.0000000000000000000000030446021524496384
1.3061112382696269169145
0.1438010223544670786603
0.42131195817600704902307054327991284463937854
1.2474
0.00002324864576180666825546
1.555870908674753948256
-0.069733730067902647456
0.6039678728378053577455034530728817255424
0.91420579345561041543489
0.00000000000000000000000229463318726630540416
1.114733463
-0.674266537
0.1969988326535
0.246208455002794857462269
0.0000000000000000000000003795
1.11418326085297922
-0.77558556496528582
0.159967842545614086411926568864684
0.17917413
0.0000000053102921116742924
0.383321889066910811011
0.210986495765621423671
0.02560509231059212275157732137853521993147
3.4
0.004184023804074158863
0.40402227
-0.08402227
0.0390435632
0.65567786
0.0000000002140578
0.769893949797817959156176
-0.724513618677042800843824
0.01695417757169541428335997003631494702688
0.030366
0.000000575448233768237096
1.3781490806439306488
-0.5787899595635920488
0.39107426779702168597917522314835184
0.408474206225438136705616
0.0000000000000000000000007132401464953051392
1.047287708793240253
0.617929350793240253
0.178743715604409857263792287
3.8783851031
0.0000000000139018981
0.707377736172884718
0.644419011827115282
0.021276849707209887785648532
21
0.014831768369420922
0.94497596704051270313569
0.01402304112306401159689
0.223195733150453251567216595051130267487673526
1.03012620881822652
0.000000000000000000112951210486627115512
1.2703918516823071
0.1656081483176929
0.3966173495078964978
1.2998019391729
0.00000000000002826827066220241
1.6008697642481116959959411
-0.1635004196231021591959411
0.63401290371671855772148622860662434223554124
0.8146642681703
0.00000000000003472643768978422779643067
0.74562
0.33462
0.11099466
2.628
0.000066
1.71810482948039667
0.01553368429080333
0.737910727434054142050629450952
1.018247324
0.00000000063114055444838892
0.6950794384679
-0.0818794384679
0.11910779583425814
0.7892309
0.00000002314648466189
1.15500036667429
0.76928436667429
0.18555685255207022082
4.98886417
0.00000000057643
1.28860914015411612115618
0.23384451056687266346182
0.40145756524161756598739014749348212922833862
1.443406052890457728
0.00000000000000000007376821130594803799296
0.304737
-0.304737
0
0
0
0.9364309147782
-0.2619516289006
0.20207105056716470349762872
0.56282469186098165
0.00000000000000000348071485299
0.934386204992
0.139971007008
0.213371424319129565152
1.35238753579540430767
0.00000000000000000000250525013136
0.7766842144284733348592355
0.6831464104284733348592355
0.034137337715266651407644768894421
15.60685158758855050433
0.00000000000000000000017515434
1.10933089188
-0.19638361182
0.2980121261719519515555
0.6
0.06475928892
0.84520576
-0.78679424
0.02383190016
0.03579137
0.00000000208
0.76256198977645
-0.16256198977645
0.138768596932935
0.6485617206571295939
0.000000000000000000010625459716345
1.588113219314106965743495
-0.394644080685893034256505
0.59158991173495078965438231938175
0.6019239665027151489932681
0.000000000000000000000000011933935
0.8644388199511711
-0.4734722199511711
0.13076963259327076549263
0.2922216712
0.00000000000140383876085768
1.692545967803463797965726
0.283253223468375677114274
0.69611986613063458548652802279328357858395404
1.401979254639554775
0.00000000000000000068602983624343440385835
1.085555235370412756542305
-0.165135235370412756542305
0.28779013076981765468833418405
0.73592948
0.0000000061133745326924548833486
0.92611581597619588
0.24876783398184172
0.198951267344309486983461028249104
1.7345348
0.000000001739528452977616
1.264652475114518959
0.202471960885481041
0.389587746967116807567091062
1.3
0.0431448837511253533
0.347320225
-0.214120225
0.018695966985
0.2372468887840197477
0.0000000000000000000212127675
0.857099259603494316014
-0.607156481603494316014
0.091495036914930952925874523446
0.1706
0.0000703742750438696880116
1.594087129
0.194087129
0.6258609903
1.27726732714285714285
0.000000000000000000005
0.836804692309452964065003
-0.115815907690547035934997
0.1717071921492332341496907984309
0.75684
0.000003704857452964065003
1.021988250552544747
0.688914320591455253
0.142464260787866147790021490284
5.1367051493458878
0.0000000000000000088244000316586134
1.5493530174715800717174
-0.2706469825284199282826
0.581811245899137865262834
0.702585733485252826063
0.00000000000000000000007
1.26201257564660105287
-0.42111857564660105287
0.35383372158388647287603289
0.499600996
0.00000000020764476997149934148
1.02909894644235
-0.85026322644235
0.084024271832149950371
0.095157667
0.00000000009012064400255
1.3055981574731059739
-0.0687018425268940261
0.424966651407644769965385
0.9
0.0000131574731059739
0.6414022354467078
-0.2811977645532922
0.08308116121156630814
0
0.1801022354467078
1.31058
0.17792
0.4214911025
1.3
0.008021
1.043366140230411230628
0.442343785763332570372
0.223236219443967272578031579502196268264
2.47
0.00059235523002975508384
1.042984664682983
0.061219195849537
0.27101730520585262944118666598
1.124712
0.000000228274958641224
1.1457502479
-0.3747502479
0.29307647056545
0.5070698
0.00000005884739658
1.2101
-0.6541
0.2591238
0.2982512605943568286664
0.00000000000000000000004856
0.94431982909892410925
-0.64621957732512410925
0.118535049377789794765470338743825
0.1874208526
0.00000000006395348287260945345
0.7948882275936522
0.0609597924063478
0.157032799519188199969322
1.166119173161046346354
0.0000000000000000000002574673669859212
0.3475013351644
-0.1475013351644
0.02475013351644
0.4040382
0.00000000604257911992
0.5353860227
-0.3002139773
0.04912744028406
0.2814409351364
0.00000000000001208
1.281486
-0.558514
0.33256712
0.3929195652173913
0.000000000000000004
1.03791866
-0.78739604
0.1143206552421285
0.1
0.033995575
0.487983519
0.485938811
0.00049784669488241
476.31364
0.00000000989144
0.2805371175707637140459
-0.2805371175707637140459
0
0
0
0.561409736
0.422766264
0.034112394424768
7.0986104560335880797907311
0.0000000000000000000000000034388104
0.996719
0.196719
0.2386876
1.4917975
0
1.2779362935835812924391546
0.6680637064164187075608454
0.2967030136568245975432974258
3.1908304143314651721377
0.00000000000000000000000326077120977700753721158
1.05587853818569
0.66195162890059
0.169174882099251299336204607
4.3607840099
0.000000000003244039838755
1.77181606240939955748
0.18936393759060044252
0.7758683645380331120693132
1.2393297523769116541
0.000000000000000000009645236442405172332
1.4815442130159456777853055
0.2864576180666819257853055
0.528228822043150201759487259868285198698118
1.4793
0.0000551155870908676185055
0.171374074921797
-0.171374074921797
0
0
0
0.431311
-0.431311
0
0
0
1.76171511406116
-0.13980315861756
0.771023804988019836964470048
0.852956281697
0.00000000000032842245130608
0.8939497978178790417334
-0.6009155413137209582666
0.10951168830656613412678387025735772
0.196027193107834112978793
0.0000000000000000000000006664880819206
1.745654
0.054346
0.7610886
1.0642650540291
0.0000000000000754686
0.6216372930495153506523231
-0.3525597009231706493476769
0.0655336453487233727168688067755219234233
0.276204498465008
0.000000000000000271594883714256
1.686137177655
0.060135804345
0.709860566726537227605
1.0739677165494435335
0.0000000000000000000063505045575
1.939214884412909
-0.052925115587091
0.93943832501716626763
0.9468660680603863182
0.000000000000000000030526
1.23710002288
0.41710002288
0.3391110093808
2
0.00710002288
0.938432745860990310521
0.729567254139009689479
0.087096910048065918974514
7.98600087
0.00000000069764248111772384673
0.7862973983367666132444
0.7848325322346837567556
0.000575373744315477361371023973795415214
1072.541666666666666717
0.0000000000000000000006175364309147783652
1.199328603018165865568
-0.277073319581834134432
0.3404048683983520256351441705184
0.62466410353368
0.000000000000000562641416
0.1158388647287707309071488
-0.0496971084153507309071488
0.002737209999200829816128784433105688448
0.39956122561852251944
0.000000000000000000000817171821342447517027328
0.123085374227511359884
0.055365835049972640116
0.003021158414486434699012988407025928
2.6351
0.0000017257953758597696716
0.009
-0.009
0
0
0
0.17481193255512316
-0.00450293736171516
0.00763473382969334955439106644864
0.94977619
0.0000000006167238417921996
0.1110856787149614709
0.0210299832850385291
0.0029744419546486610162236179
1.46
0.000317173336156252486
0.05589074540321957
-0.04247806515602343
0.000329847350582034416969027730505
0.1363509446
0.0000000000041324513445311
0.0315281910429541466392004
-0.0315281910429541466392004
0
0
0
0.13931917296
0.03108082704
0.004610953536192
1.57
0.0002328984528
0.15457647821774624246
0.03917647821774624246
0.005589772793163958189942
1.6789684266507147740034662
0.00000000000000000000000000026
0.100620279
0.080620279
0.00090620279
9.0620279
0
0.07907530327306019652
-0.07631647211413748348
0.0001071749179446301228369579470984368
0.01775403
0.0000000004584725719066748
0.1830228044029907682917524
-0.0150301444029907682917524
0.008317860422690165560387570868692
0.848
0.0000218797062638284885939648
0.03102647440299076829175
-0.00702647440299076829175
0.000228317692835889219501
0
0.012
0.0461753261615452658884
0.0373556115052547341116
0.00018417975879839169908972636259256
9.470934256044529411886
0.0000000000000000000000006909644144506904776
0.1422125581658
0.0322346837658
0.00479633421564497954776
1.58620306932937049017925
0.0000000000000000000000000050069
0.03485
-0.03485
0
0
0
0.041716639817425803006027
0.000816357817425803006027
0.000434902899392690928511475999807
1.039919422
0.000000000008887301006027
0.09396581979
0.03396581979
0.0019189745937
2
0.00396581979
0.149501792929166094
-0.027347219049166094
0.00540072892482804605455701236
0.69072805391169822093
0.00000000000000000000082816024592285258
0.127360952162905470359
0.034570840009094529641
0.003756417289226871137531747114874
1.7451406018733793784048
0.0000000000000000000000035156741278088966768
0.1250492103448519
-0.0689936675051481
0.0027192947130150216483952075
0.2888822484
0.00000000000019462103
0.1321797512778682764934767
0.0508705271991317235065233
0.00372091902759037994964522150445549295
2.2512855158935170588
0.00000000000000000000364950107752302162967004
0.16092871
-0.02872871
0.006268177731
0
0.0661
0.057566186007476920729
-0.057566186007476920729
0
0
0
0.086074769207
0.045925230793
0.001324934767662
3.287709
0.000000000605223237
0.0388006406
0.0100709546
0.0003510163961037768
1
0.0100709546
0.1098985275042996643015182
-0.0859693293659003356984818
0.00117174018899766399633782762708016882
0.122170112
0.0000000000636835125703182
0.0614450293246
0.0422827497246
0.00049691517610694813908
5.4131231364143126269799
0.00000000000000000000000032630998
0.11801785305561471
-0.06087891966124529
0.0025554926951840770016499756053
0.3193961
0.000000000943008965877
0.10992599367606622
-0.04585946447606622
0.002495158400909742752381812
0.41124845643446
0.0000000000000001853968559500588
0.0974807354848554207675213
0.0515907530327306019684213
0.001710221998046037250232423367567025212934632915
3.2
0.0011117723353933012894113
0.15669755855
-0.03529755855
0.005827051803985
0.632307747372
0.0000000000000378213694
0.063663691157394858
-0.010379186694134858
0.00098633451383811253795513005854
0.7196438875
0.000000000002248753677994525
0.1000664
0.0635516
0.0014936196366
4.48
0.000015848
0.1343976
0.0456024
0.003995784
2.027136601978485323531001
0.0000000000000000000000000300024
0.091741855497
0.048741855497
0.0015101998931855
3.26706304637209302325
0.000000000000000000000125
0.093054856183718623636224
-0.046945143816281376363776
0.00161383993286030365453568
0.32935508833883
0.000000000000000523636224
0.1339421683022606240939
-0.0498832684777393759061
0.003863040993872220950628279616821
0.4572756703
0.0000000000013782372769
0.05123063948661020828564
0.02435034651338979171436
0.00050790976172121766994702042052
2.8117619876
0.000000000001173723964318885061936
0.1179977111467154955
0.0219977111467154955
0.003359890135042343784
1.45828564888990615625
0
0.055587090829221026
0.016243228770778974
0.0007065205464890516183099548
1.82
0.00011224532681773268
0.1087641
0.0032359
0.0029547896
1.0613276
0.00000000438084
0.042201876859693293652887
-0.015922789349202716112887
0.00038186579745540820922166771986736234627899
0.4521159
0.0000000008676279850391691493967
0.095069810025177386129547
0.051856260013733119707027
0.00158729926890285554485830191738219307768831162
3.4
0.000000000000000000000003
0.096054016937513722667
-0.013603418020904277333
0.002260330296995177466987176083530403
0.75189246
0.00000000019421726880286
0.17656519416897
0.00438544289103
0.0077890089206438980311141
1.050940286049
0.00000000000005803154827047
0.0455603875791561
-0.0455603875791561
0
0
0
0.11045606
0.06227606
0.0020805583854
3.58514155251141
0.0000000000000001331
0.12105745021293202105745
-0.05539482718706797894255
0.002896579843242847333485904368315
0.372126809545298
0.0000000000000000757766174
0.0948226138704508204
0.0375402456702526204
0.00189551451406042292541836749549164
2.31070857751732161
0.000000000000000000009049632428449
0.158365753868162050812542
0.013994053868162050812542
0.0062209696136415655756465349307
1.193861454400856273252
0.0000000000000000000000141158
0.12463263904780831
-0.06106050202179169
0.002951227452217011405753544188
0.3423504
0.00000000795179131608
0.11522697795071335672
0.02854657816433966328
0.0031155873306903570052380802297065472
1
0.02854657816433966328
0.0441565573080033569848
0.0365514613080033569848
0.0001534480573861295490958372704
10.6123602668
0.0000000000002035505848
0.0172
-0.0172
0
0
0
0.08848706797893564507
-0.02157625696193564507
0.001841106583755325398469628868095
0.607930126160972
0.00000000000000003024651265452179196
0.109886320261234
-0.067710383738766
0.001872576828625884686368
0.237481527
0.000000000033190496
0.008667124437323567559
-0.008667124437323567559
0
0
0
0.043158541237506675822
0.030841458762493324178
0.000227866025787747005414
6.007916253716551
0.000000000000000000250727418967070078
0.07087663080787355611
-0.04227206836032644389
0.000809142257803874723144356513851
0.252805049
0.0000000000050220259891
0.07223773556115050991
-0.04332799267566950991
0.000835243872424959569574678602558355
0.25015844
0.0000000002961470766405298596
0.161775539
-0.009775539
0.006518940964
0.8860334879
0.0000000000033275219
0.123471427280842298
0.058550392719157702
0.00295426121680018310747118
2.803741826188
0.000000000000004083338645499976
0.166214999618524452582563
0.002870222018768596932963
0.0069047969809372649593851263202572992175039224
1.0351431133697033
0.00000000000000000087101229988360961816
0.1007415597924773
-0.0946196402075227
0.00029899638910505815038
0.0313
0.0000035570124773
0.0568261234454871442737
-0.0259723811703669794763
0.0006386609305457276196776609017145933195625
0.372636467509490988171
0.000000000000000000000003293243713589919375
0.108310059589
0.058504619589
0.00207706962372978208
3.349326482769753665463
0.00000000000000000000000124064
0.10246662088
0.08246662088
0.0009246662088
9.246662088
0
0.084811724879835202563
0.007703724879835202563
0.001783420325017166399613902
1.1
0.003848324879835202563
0.00509417
-0.00330583
0.000003755514
0.21289761904761904761904
0.000000000000000000000000032
0.088943577477
-0.017476422523
0.00190138365755117
0.6715
0.000003062477
0.07059510185
-0.06940489815
0.0000416571295
0.008501455
0
0.0520546272983901731898983
0.0214847028305485618371863
0.0005620229418643315089389634718455067515409158588
2.405610462214235
0.00000000000000001221484729655945387234
0.05936675059126547646295
-0.03392080567633452353705
0.00059344750450846784161094577584271
0.27276890866278
0.000000000000000009301030036
0.094758525978484779
-0.025241474021515221
0.00208551155870908674
0.57930876630807965
0
0.08917982757303479
-0.03093308918896521
0.00174904640979593496233907499
0.4849331
0.0000000046543154789
0.03497978179591
-0.00652170595871
0.000295263121469400776166966
0.685
0.00001477836264265
0.0274479285877775234605
0.0254428931105516136415
0.0000265119934811949668672344439047847511345
26.3789954337899543401199
0.00000000000000000000000008049865647447635095
0.091570916304264
-0.091570916304264
0
0
0
0.04804608224612802
-0.04804608224612802
0
0
0
0.041287816273746852
0.021951583726253148
0.0003057029361409933361844
3.27
0.00000495978484779396
0.128442
-0.054092
0.003392850725
0.407321375743697064656447
0.000000000000000000000000051651
0.13269134050507362478065
-0.02829134050507362478065
0.00420164797436484321354993
0.6485169
0.000000005378805218585489682015
0.062851911192492561
-0.062851911192492561
0
0
0
0.109724574652
0.033484397652
0.002729569349111264452
1.8783924426618
0.0000000000000010084307
0.054807330952925917
-0.044977469047074083
0.0002452177010757610213308
0
0.004914930952925917
0.070128938656580453192
-0.019566643856580453192
0.0011338036213220416571057525008
0.563709977496
0.000000000000007727169224198632768
0.154064239868925001
0.002609292131074999
0.005932245400241092474886766
1.034456347
0.000000000014013886648568653
0.08619211108567940794995
0.03380788891432059205005
0.001571526665140764476997
2
0.0076157778286411841001
0.175
-0.019
0.007566
0.804123711
0.000000000033
0.1479087510490517
-0.0008575570305883
0.005469065808207410235689406294
0.9884710854002074364763
0.000000000000000000000001899629313734
0.143
-0.043
0.00465
0.5376344086021505
0.0000000000000000035
0.08635233078
-0.01773250938
0.001785570785556686856
0.6592681633032927165135
0.00000000000000000000000008000892
0.1159991
-0.0015991
0.00336330852
0.97280400550348559756867
0.000000000000000000000000015803
0.1251995300221
0.0685595300221
0.002743628290225872
3.420887359
0.00000000001522
0.04518043793392843
-0.04518043793392843
0
0
0
0.103228198
0.071228198
0.001395651168
5.45
0.000028198
367574578469520103761348.529477454795147
-357595178149080643930723.683477454795147
1809189825393167349472093946147017515199075353.567998581969211181
0.0137614
24615854123750667.5817243211535820640742
996963454642557412069885.32332341496909633
-176089112687876707103074.51682307164110367
240732188571404722190541254501352260525994202959.376851517545353507057883470283
0.69977626307300067641396
3.136034180209051491200201705953820804
957839322499427786678872.92208743419546807049668
-725841153582055390249484.27791256580453192950332
97652696873208477233610731937598388865223842149.235287615187235690227048
0.137792278412180532898314
0.2541915624578774451617996
588632028686961165789272.3189745937266651407644
-220065613794155794613565.0504005493266651407644
74514697705382234918631701711315894645231320768.08807451627640571486519510776968
0.4557530472848032
48828.87006942854775310897691767345504843392
996704051270313572899976.114716
753933012893873502708475.632684
106250994471855559521364307043719951938330314330.0781756792
7
25619897764553292133974.186588
843717097734035248340580.525017166399633783474479
305287251087205310139619.745067521171892881666285
154664558833090311843031609775085195477971921967.821158444755364332897234141370161326698784655054
2.133990817888114266281
65.873197528038452735179608972244472259748146743
923186083772030212863354.5357289997704504463263
-424063477531090257114518.5352712291135495536737
168110678073644123647578332508904923211144529670.3853476578145216545830596284744246
0.3704752412449599057672
18.1399252307929522665330628641900976
1641260395208667124437321.91822842
-268863965819790951400014.99822842
655361963191041120549362586591186425591583530057.1555033332
0.718485381051286147946956
0.35753567339384770328377210831048
1573586633096818493934537.19940489814
71305409323262378881513.60059510186
617772607615555817847278825889557634692928273418.092365532756
1.09492950879616462
6345922.0033264667800809679262281932
1287052719920653086137177.318861066605
85313191424429694056610.886861066605
412306590806032423273601417865134226014102353810.19064403960168
1
85313191424429694056610.886861066605
1887037460898756389715417.30732433051041
-48447394522011139085984.49267566948959
889640807199813538873648708610508890820906889494.722810658746369
0
919295033188372625314716.40732433051041
1480720225833524071107040.55788509786449988555733
336598764019226367589837.15481803786449988555733
519808414813302921696390305317398537883467256074.0181429192068286724949597322749
1.58839690584155774
4995803.7689784111852725235163078
1490211337453269245441365.71815060654562577
-342885481040665293354695.62110322728362577
525789844291443266850063760845143751215555252083.56651161244267167498799439087
0.6258948
44910353246356908.522163684394103686611004
633112077515831235217821.90445932
165606164644846265354390.61794068
93351375232008992380145810598004714237130194644.477027254384
1.708466610092042561524
211.24589521312866123080301359632
1514702067597467002365146.8792854866102
-431403067063401235980773.2010074866102
527053436828083007984779552980970603056167788796.7110107505247966178
0.556649
761715114061188677.8057514983749187802
1543358510719462882429234.742595514
301029983978027008468756.851636486
572834110339096806886971593321349825411710547822.451653278281624
1.48462
1358663309681849393.45387820392532
964110780498970016021972.02742046234836275
146623941405355916685740.29741359578850925
227002754220272974436876938216822458695437683860.919502152145510803032570817063
1.3
24000915541313801785305.537912565804531225
1092790112153810940718698.8285626
-652719920653086137178606.2085626
192036733600941907860525767324828892682630756193.936634006
0.2521155325547241065808797
0.06141222251116258171957751248078
1897703517204547188525213.6359806952391851
-80170901045242999923704.8103456952391851
898712816459025745504414962959605529224745629351.64304773762621769501925
0.9189322635395772257
36362.24917974917982763571561175581322293
661295490959029526207369.4462806134126665140764476
-460425726710917830167085.8293430991073334859235524
56329969136366777291955880376792714603238730016.998905304706934645406647663302621976
0.17907280444009
792858777.7523460746166187412149842
1168978408484016174563209.3292286564431219958800636
-518181124589913786526283.1470359349965667200732436
274499710405138906082500885615818796443163557418.217044446205862017474252246462296708415231828776
0.3857354
63270008392462043.18303190438086518654154233294256
1188998245212481879911496.298786907759
765651941710536354619668.298786907759
206873482818311657506799911933261669321673303154.107096246726
4.6171424452133794694
7374.0145399404896019684
989822232394903486686502.4053101396144289311
-301396200503547722590981.6166628519055710689
222227095516313896230117154500353501067350428410.314861070169983109708751482136
0.5331
38742656595712214847.0282667429647729311
974898908979934386205843.22878
643564507515068284122987.07122
134063151849288502264134378539677635996469225086.825517
4.88468269319
551918822003.5078812221104918
1169207293812466620889599.2644998855573357747768368
550209811551079575799191.2644998855573357747768368
266078714794299286697479531952871381026874895562.0865100540591626401307072
2.777744909530148400138051
0.1585539123575812868194328
1222171358815899900816356.44924
593835355153734645609215.85544
285265600319835245871336467419321168201239152024.062429746
2.8901840788770702802467
10.58533876002826843307575477
503288319218738078889142.7025910963607232
225970855268177309834439.3864089036392768
50559076207847716009240740184366227492150394431.4470727969953033824
2.629690767029822823
112901.5029725719081408922326638078544064
675623712520027466239413.3775058
99229419394216830701151.9564942
111655230811507835784820651778477456418026743266.6725429686
1.34431090167840313443109
0.047941530820374323996830854678
1362539101243610284580757.0108485097276264591
166689555199511711299305.5478134902723735409
457181848651283553891509814895441880493359174740.7970190636604018585468621
1.2787801454
38162813763637.75081951754785992223521484686
806805523765926604104676.0834058129935912108033
-789959563591973754482336.8921950109935912108033
6724760267197383062028155040186572231929519034.6550263965836834045982750286233
0.010550055426015
658731975.2803845266580446605630588311481321505
1270725566491187914854656.5457081194781414511329823
-143663691157396810864423.4467838805218585488670177
398526052294345635961938589821563880217574536268.0229531588625570931985887844458
0.7968540974409873559746256
0.0296393477400908207790870445024
736873426413366903181505.328584161135271229
350453955901426718547340.764984161135271229
105041117836804126331964869678531205692249628267.3458969537477532103322
2.813852471963354920233
148.8365097563597444923723406
505333028152895399404897.640695811398489356
-52780956740672922865644.259418631265735866
63143909986928546966886835740633159999016990319.004816709163339517298028689091631195
0.81
239871824216067750057.22109224078736553009
1856015869382772564278627.8837889219501029983978027
23559929808499275196459.8833889219501029983978027
861059959277026913872598856469876688487696640866.36851806740942723607580636054
1.02571404779748521
8629739.8337062894131758613558027
86717021438925764858472.48519111924878942
-86442359044785229266803.91142137788921058
11890092502886998909952590303487067128547063.00239680641140170072709633998
0.00158618258
626840619516.28900587472280412227198
983566033417257953765162.669443803664454108491645
505317769130998702983138.275486376335545891508355
178014023573157321033818576147881140201952636738.45276489143007224914612481917305
3.1132027311594665305341075
0.0208667074563210498207086059835614151069487181625
1977279316395819028000303.203158610059510185397
-14663920042725261310749.966262310059510185397
977354616123924492603904030087654397934056262998.74101207246068440013693166555
0.985276769162415161
402365.148393980472266727300503441364606396083
975906004425116350041961.33426514076447699
305210955977721828030822.91906514076447699
214809700456040090329637227256987573257229356374.112425124985062733124
1.9101333211994357
24736400.39682008592606083868
1153566796368352788586250.46770428015564202
709254596780346379797054.29951934081025406
206918567657373244773727832342962041585181946036.9501473504964674186510907991607992
4.1925956453053
2095063706.416418707560843253043209427906
682734416723887998779277.5655298695353627832451165
524956130312046997787441.3000228885328450446331165
47636836256777171986342643558004356731903088752.112900553035639909645504175205615669314608149
7.6543520309477
5966277561.6083009079117968871631876783787038
961120012207217517357136.0735179674982833600366
-557061112382696269169146.0735179674982833600366
153358648734038746727763167996352410387895524463.936144206523265040217
0.2661
35451285572594796673.16033686884870679789426074
686732280460822461280231.250400547436484321355
-247364003967345693141069.410070952563515678645
102603068642041175854150088964858309206249185904.20640856399166390797590944125
0.470367224
119142442969405.661097124443426321355
887235828183413443198290.097615014877546
831906614785992217898831.857615014877546
23779699771904573613863419995992606213979323607.41403332687033952
31.0711
1460288395513847562.517183014877546
1116182192721446555275805.7046005947
397512779430838483253223.0708628973
271961569384406503183947989527633121381616827542.9799492297594608302
2.10624
2353551537346456092.164489902114112
1298603799496452277409016.78333714808880750743842
111879148546578164339665.71554131380178530556158
418463721046778681298841937921324112888611951459.69454463842797637760934755072654720378773
1.188551
88715953307392996.10894932762645914396853997058
1417868314641031509880215.26024261844
-285191119249256122682535.7642481117
482254145791088925631848943808061033278971306991.3559282636038729377859
0.6650837738
47165636682688.639658197857685698834
705210955977721828030822.5190203698432135500114442
-622446021210040436408025.6230716401567864499885558
27470860777700551317297265283801090919270152146.471804040948971319622321614690421
0.06233909525560867966164
0.2050812543508855437827999262518
502418554970626382848858.8856946612
-31403067063401235980773.6010071012
62859562939445962226417483487845310017479886558.484537215296338936
0.882346215412760118911502
0.1070572918714022917250372034844376
845960173952849622339207.21080338749653696498054
560006103608758678568703.18608377203653696498054
100510444958817958186519472380626104294882280405.8184241705326246081711772175915742
4.91675560298826040554
1376.3637750820483367568408937731758
1797772182803082322423130.8788372625314717
-13351644159609369039444.5588372625314717
807951638714698602971756637281595434992372693519.407087252180378572
0.98525
5394064240482185091.935015587090867507575
917036697947661554894330.3563286
-711100938429846646829937.4898604
83822940186735525636952379945107955248049068506.76477331492245
0.126485473289597
762951.0948347751460751020835
1440817883573662928206300.535223192
-334111543450064850843060.625683192
491081412539776182035904240274705039184137923676.49807714212584
0.62352132049
4602121004043.64080036604152449592
295506218051422903791866.645819434653238727
-156252384222171358815899.744560565346761273
15727279332985508661625360326004713707098252461.97893078173104260812313
0.3082483280416131865162467
0.001525426829389914827957706627
784649423971923399710077.7993133440146484367
-341405355916685740444037.1957885099565115633
124779275372718083097568855070112947089102673586.887915976819348964472966654042786
0.3
52713817044327458609903.0524971389333944367
654871442740520332646676.69311054526665
-98771648737315938048371.00064088526665
104775191980690718887656560178941335094347868992.4782853158206019674195
0.73788216
897230487525749.599450667967499322036
640894178683146410315098.1612726024261844
-540978103303578240634774.7699244678416114
29522010004001957024566110530932759839947749556.76611212293665520789517334854835
0.0845405014589304619516
5.90218966964217587354056407399265085836
1156160830090791180285342.4717097
618951705195696955825131.0717097
238401662917891589684539750096066659856977433406.40071529
3.304323
34042877851529717.2147686
1842359044785229266803996.0213724513618677
45059891660944533455405.4634524513618677
848064114016361590132576642171029952510001351801.754051406212678113592
1.0501417825548
2496375982.299540310834380692
791699092088197146562904.52606908766308
-581094071869993133440145.90551708766308
72279283012706730161753578657549336419606959005.82575310825506981008
0.1534135117711
9288166628.519110973678178062229119012
1206576638437476157778285.20526432
-217090104524299992370488.83456172
352174767735177142872309869029749379061852352705.605795964143926
0.69502679528403001
511177.2335392936346193347302698
348897535667963683527885.51361867704242343785763
-162493324177920195315480.11522087434157656214237
23831352498196831708058855095571892231733180930.88640734048017194328289052563072996
0.364504386226651548606552
0.124147402151659913308773484998466016
373922331578545815213244.45631197070267795834287
-361715114061188677805752.29031197070267795834287
2245021578209306456150136317807444450341060444.04639471263540439193347821
0.01659406
2803082322423132.6764233587594415197985809146478
908445868619821469443807.74134126802471961547264
189745937285420004577706.38134126802471961547264
197317593874024847129065625827290538884285395536.4018258710202622452733952
1.528
9155413138017853055.62230126802471961547264
1814114595254444190127411.0187227472877088
154604409857328145265888.3019454527122912
816777310291965789685028789229368426276314035253.69769484950475783151008
1.18632535
1795986877241168.84107721257038230714192
1002548256656748302433812.9899748226138676012817578
399542229343099107347218.6437170977340323987182422
211367253474257915387681211155968118434204090460.00104290961642051670858534737144976931
2.325
50736247806515602349.889321355001141577019913115
1225528343633173113603416.795376
-626947432669565880827038.359854
277214159429327249841755635005420477467682717051.961764020015
0.323
115617608911268787670.710191355
1125688563363088426031890.230075532158333783474479
-371587701228351262684061.580041199359066216525521
282274330495570875930198613185991742889137802920.5975474536284765654376031344889222173
0.50364
6322117952239261463.340193571068922115474479
1053864347295338368810558.1892501716639963378347447
766323338673990997177080.1827498283360036621652553
130844650775944314384187926994549651308298723311.6669128239645505923802718142
6.3301
12173647669184405279.62152608834973678187228257453
221805142290379186694132.68427557793004577706569
216067750057221332112611.36552986952995422293431
628062132916372148742410918160680255825913361.7880299088704055616463000481318237
76.31914893617021
7934691.3862821393094613485923620426798089051
676508735790035858701456.141268024
84702830548561837186235.858731976
112622375024323540998352853456819025430502882563.587380304
1.286
74586099031052109559.358329321136
719539177538719768062866.4506752117189282
-408499275196459906919966.0216525520714118
87716242544266050564011727023702283315685167210.625529008617785089635907827894
0.27
3234760051880674448767.8307470817120623
1361150530251010910200654.776791027695
622308690012970168612191.336186770428
366365665084237292424345436603683298693463466701.00871670141516137042746025
2.684551
309605554283970397.4975200993363089415
1690791180285343709468221.39610894941634241243
-291142137788967727168688.19592584115358205537
693502767733593846177450932494726734312203007252.414061681478902027297886399114089618167
0.7
6147859922178988326848.2428793774319066148
662958724345769436179140.2541084907578
480430304417486839093613.6189059272422
52175248195872707579204501990458938140060304162.1742128586866198919802
6.26416987125898679
137483.787289233872452014293861820538
386587319752803845273517.04
216449225604638742656594.96
25649872132202200562374082066066209544462897418.24
3.544394618834080717488
66.61047661452255170533248
1348226138704509040970472.4444037537193860151064
-168154421301594567788204.6079194323643860151064
447359452920698972636609946012279432144851274258.227755258350975155822171141058586
0.778216
51758602273594262.6077667903868156328679578176
826962691691462577248797.5250629434587045090409
-242664225223163195239184.9255664911812954909591
156245341811607729000189910129504878080529182422.735395842482516439797459767818388
0.5
24742504005493247882810.6870908674787045090409
1593255512321660181582358.9774319066147842
-115358205539024948500800.9832913710231158
631288902989542983097101584457996882056723592269.62403728188727516169981801809
0.864968653437405
95597772.18280308232242442499804717525
1084977492942702372777903.851304348
-110505836575875486381322.846704348
291241155068724419171536045778725510766962947464.0213698040004
0.8
9042496375982299534599.8230965216
698588540474555580987258.018127717304188601
40283817807278553444724.152895398695811399
121600790726309942121250259196795565259448092174.785373913065195954197350358
1.122386
176913099870298313.878080237423208972878014
290852216372930495155260.2558525978484779125658045
214953841458762493324177.7041474021515220874341955
9597464452791794173711459133137515622030500126.93015244391536722683761941
6.664254
4608224612802319.370234221377889677271687097657
626962691691462577248796.78910505836
-251865415426871137560081.21089494164
82411507321213395046279916810282559524609625830.63521806004
0.426815293259714553599334
0.076020393035583600956374
509941252765697718776225.9339432945754
390920881971465629053177.3003887054246
26805236327725162558439529263237007126093251902.7812577887393213164
7.56897435897435897
259403.372243439536259823944926668662
1656122682536049439230943.6402838178072785527
154299229419394216830700.9977569237811856253
679733521852745386117719578774320783326260033086.9107457416493221467172782721185136693
1.2
4116884107728694590676.73350423437857633256
823407339589532310978865.43067
-565835049973296711680780.69667
89457585777907049296157790004140287794093941265.56850689
0.1854048591889635
54215304.798373642606978193955
1112855725947966735332264.08894483855529869
-48752574959945067521171.84412909124470131
309017763302487745036191070507847319823993671748.863294707863755794635545981
0.9160602159577542495336678
0.03858396284177040511303888422313978
900267032883192187380787.9911650206889
-380819409475852597848477.5317464006889
166364326965692387955957172961795185512873378891.348646840077406843659
0
259723811703669794766155.22970931
1024734874494544899671930.0044861524376287479971219
-828076600289921416037231.1853513389791714351108781
91092676764409101536811038130736638275421084291.6430193507553364272930001805421234659535824326
0.1061404664646198445117
86.5125505455100328068970052336296064755758182
931242847333485923552299.366308079652094300755
-26047150377660791943236.412497138933394369421
216633696666745424035347969336712949979833049245.869496746176858001145468023326081543423696
0.945581484315225707727
297.001602197299153124284349889453815161175024
810849164568551155870907.8576333257038223
334889753566796368352788.2576333257038223
136331305159371938565596599327503111017909219129.44444134211427354
2.4072197999487047961
372.33523105726373559322
1324757763027389944304568.75230023121995
23254749370565346761272.57917136878005
438610586833261610575149750321047600241269822984.20093092662375838921
1.0357352
14123750667582207.98046837151751884276
963042648966201266498816.46276035706111238269527
861203936827649347676813.05502403295948729686527
46444730730099027233570379288438641219666064469.39600174439713356008212253823959259354528705
17.9130955948456697632
3076.218814373998626688044117713955482112272
990188448920424200808727.170336432822156
186709391927977416647592.702586432822156
236403191835330112034713959174064592532821857457.6764712522437337345
1.464752
142580300602731364.919508558822156
785198748760204470893414.9468528266523
311711299305714503700312.4982375830523
129843285234933492720085941039279049133494946597.30771355436071323326014
2.3166612955204
15167467765.31624322899761208261528
1541939421683070115205613.7781185626001367354
-399435416189822232394903.0872510872053107354
554507132108396054147558382616874756382012254814.2623336744348156101877044582765202
0.588502
515327687495231555.6572818528725102762696292
1246952010376134889753565.54941294804303
-412863355458915083543144.47155294804303
346108291475072486611523126712717756635576661028.9048892723751301579
0.50251
7417715724422064545.6626122137788969947
702449073014419775692377.41611352704699
546349279011215381094071.32364385435301
48734291375685693346781711423326735712697398141.231638186628513432085993
7.9999999999999999999999999
0.007804989624240219729915304623483634699
1549629968719005111772333.8436649
-214496070801861600671396.7489649
588836118890656884128333657720867120993303999619.340311160515
0.756
727306019684138246738.3833359356
1106782635233081559472036.73556365300984
139909971770809491111619.60523634699016
301348250363143940372254220580685320077475271924.087000442060396736
1.2894072343917
32968642710.002260837720271827933485672
1045136186770428015564201.1900892652780956740672922
-209521629663538567177843.7900892652780956740672922
262102583900041496925764027428201176635088105135.19364277574984829601971614
0.66600992
2578164339665827.321057447639276722362096647261376
0.987319717097
0.934767717097
0.025252384710440772
36.57496259312680773329273
0.00000000000000000000000022652
0.3935912051346608682
-0.1167010051346608682
0.03532372803997863736403582
0.54261106563602655351
0.000000000000000000001874900556089642618
0.882810711833365459
-0.657831692988485459
0.08665305415690910986498098189996
0.146
0.000022613870444882986
0.997833190493629
0.276722390493629
0.2297739486625466015466
1.76748924158015384043617
0.000000000000000000000000551182
0.92391844242008
0.36586564242008
0.179941904985122210112
2.3112223159531857917387
0.00000000000000000000000079832
0.6995956311367971313038834
0.2478370288632028686961166
0.107002713557488364995803758995922
2.097210003820171
0.0000000000000001325551232607957124479386
1.502646578088044556343
-0.315067421911955443657
0.539669814572365911344229951
0.6533366394
0.000000000012878756343
1.33064774547943636224917
-0.63352407110696363775083
0.342317668469391433585097543107816644
0.354919
0.00000088870072211144917
0.11188029297322
0.02188029297322
0.0030096131837949
1.48622873273822222222222
0.0000000000000000000000001
0.715068284122987716398
0.068787670710307469202
0.1266477268292110486415444102411611748944
1.21287
0.00000079362172884709169374
0.7
-0.7
0
0
0
1.5870450359426260776
0.0149995640573739224
0.62962173979705500871913048
1.01908286
0.000000002230563820928810064
0.896261
0.696261
0.0796261
7.96261
0
1.260618753337911039902
-0.080618753337911039902
0.39566506446936751354218
0.879784522969
0.000000000000540459296860205490962
1.246494239719233950667582
0.049485008010986449332418
0.3878247809088459201129166272663679975364
1.082681079978583916503072
0.000000000000000000000000331135166248693046188096
1.039130781261921110856794
-0.784230781261921110856794
0.1161937155718318455786983953
0.1397
0.0000881948577096208133058782
1.17922741283
-0.39897258717
0.307849541464153
0.4943
0.00007528283
1.38316929884794348531
-0.11737239642938851469
0.47484525745798351540158817200299646
0.843559966645651
0.000000000000000091015891658434
1.8429498779278248
0.1346498779278248
0.84458341573205155292
1.1
0.0492348779278248
1.01258869306477
-0.21258869306477
0.245035477225908
0.6
0.032446784161138
0.4940566102453
-0.3829404142453
0.0243621433161785774394
0.1267
0.00000033649852049
0.75284725719081406881
-0.58115274280918593119
0.05726012054627298389627
0.128706
0.00000035519081406881
1.0018921187151902
-0.4192111085679408
0.20701246599921273114945366746785
0.4100201864020958799805
0.00000000000000000000004747216587052725
0.411276417181658655586099
-0.281422140840772106413901
0.022487467493594589855115576335991717588719
0.18746145034804
0.00000000000000286993447314879676
0.19557488364995624017
0.15156786449988375983
0.0038191793914096992434626086935364
7.88834
0.0000002093537786252173822
1.29126420988853
0.36293583588853
0.38391020969173591907511
1.78191262
0.00000000032119006
1.489143053
0.067398947
0.553251103560363
1.094811642567132963
0.000000000000000000268216961
0.88586875867856870374608
-0.67865124132143129625392
0.0810489875638971541924085408
0.13244798235697684113476
0.0000000000000000000000026424
1.4683517
0.1491483
0.533452874875
1.22611873195596675994
0.000000000000000000000084102
0.7748531318196688792248
0.1537804225803311207752
0.14418723938044098573279517031456
1.495209080330303179
0.0000000000000000000637077120806815043608
1.6726634622713694209
0.2783855954826305791
0.6800761295613565117679678173293
1.3993258
0.00000003319377729460357078
1.80354009307312962539
0.12529182878687037461
0.8092647062403686579680477760127
1.1493126272830148
0.000000000000000001807831798166174228
1.13484386480506
-0.39365213519494
0.28322714848553749488
0.4849157
0.00000001091146
1.159974760433
0.633935239567
0.235916889219181515
3.4102190592956785
0.0000000000000000192178112095
1.068215457389181353475
-0.868215457389181353475
0.0968215457389181353475
0
0.1
0.89071046540016784924086
0.85530953459983215075914
0.0154526832990005340657631886
49.32130202586206896552
0.0000000000000000000001317186290685024848528
1.837369337
-0.088776997
0.84201118133787039
0.907819052547645115731897
0.000000000000000000000000433292201
1.5862973983367663
0.0930800335698483
0.6269188858301573321247178639507
1.1246704408428
0.0000000000000404202352607548
0.428229190508420767528801
0.266758220797579232471199
0.028055072810101823453116514894012053
4.3
0.0003311207746906996261557
0.9259631962767986572
0.1102464037232013428
0.21131339283131151292887456
1.2703055882374948557
0.00000000000000000003815185205033223396
1.644998
-0.058884
0.675637773637
0.9308825376
0.0000000000345184
1.0018612323186
0.9317307676814
0.0339009263446932056
27.571355900789876707741311
0.0000000000000000000000000147144663154
1.208300653
0.436194653
0.317431173183609
2.12988282178871812937
0.00000000000000000000232339
1.101350423437854
-0.510246433203634
0.23815533315242744302492232984
0.3667
0.0000657114518931752
0.56208132594796673533226
0.33636987405203326466774
0.050697681202410925459675697856
3.9805299751216873
0.000000000000000011126899472994102677702
0.812970168612191958455
-0.778973067826352330855
0.013530363663634228535326348899369265239
0.02135
0.00000455634393835351161575
0.18417639429286
-0.16995498588514
0.00125906174687522423754354
0.04
0.0000280766003
1.119737135881589990081
-0.675302864118410009919
0.19944432379644464789749912
0.24759017724
0.000000000005145190081
1.14656245685511
0.17672954314489
0.32084303401235611106
1.36445358
0.0000000044431296192062
1.2172426947432576585
0.4726634622720776585
0.314567257334699941404205559666015
2.269612263300327198460125
0.00000000000000000000000018775277915125
0.567761074235141527428
-0.189361074235141527428
0.0716237552452887769893776
0.49978725462
0.00000000000202059967960645028264
0.85814831769283
-0.75814831769283
0.0404074158846415
0
0.05
0.96127260242618443751
0.75866330968184943751
0.087118749679447867017188020050752925
8.488929055580663429959
0.0000000000000000000000411534167338675
1.044449530785076676585026
-0.239932860303654535744254
0.25832676122591845746108548773560277027792835104
0.6263840707123509005370003
0.000000000000000000000000012570090154003906470608
1.37654901960784
0.56854901960784
0.39290980392156736
2.4072995534
0.00000000003424
1.3497177080949111161974517
-0.0497177080949111161974517
0.454816510261692225528343605
0.928946048499651081
0.0000000000000000004526436658071450486497123
0.84208437166
0.36441597166
0.144076772148278772
2.52581
0.000000360958
1.5400320439456345
0.3080186160063655
0.569205807143222967706613772
1.50002477
0.000000000535243222153435
0.706187533379110399013
-0.012970168612191958487
0.12463315175656086862414176970741183501125
0.9639295565
0.000000000016441596101810275625
1.3426412
0.3422598
0.42138590531035
1.684258623760897593657
0.0000000000000000000003896101
0.3
0
0.0225
1
0
1.232913709
0.341634241
0.35084056480412265
1.7
0.0296864272
0.9431296253910124360623636
-0.4490730144197756923376364
0.17195672950253184566008696076824070282214312
0.35487406563054867
0.000000000000000003421247873992795386
0.72823681692072938124
0.35622186307927061876
0.1008587114457923247083735816
2.915094322961443806503
0.00000000000000000000001770323346252179628
1.0423590447337
0.8059357594663
0.10924498243790745691077
7.817735897331506162997
0.0000000000000000000000295334348011
1.441725795376
-0.041725795376
0.5192080567632
0.943744985497169995
0.00000000000000000066154305688
1.4775920294193942168307011
-0.3689935705806057831692989
0.51178048756847486076142514458208
0.60035042991713378121
0.000000000000000000002732812
0.582055390241883726
0.075669489578116274
0.08326565141415472639878190466
1.298860965437344062047134
0.000000000000000000000000136638521980458716
0.912090485999847409
0.907909514000152591
0.00190234225986114219
435.3054
0.0000001556420236862914
1.594415197985809063912413
-0.152742809185931136087587
0.6297073644525292366521704086455007955513
0.82515283842794
0.000000000000006675403531949406
0.09723048752574183794
-0.06875715266652183794
0.0011815554154215120163489448774034
0.1715
0.00000322728312338979329
1.2851264209964141298
0.5868735790035858702
0.3267823300526436254928
2.680977272727
0.0000000000000952164421490220354
1.1275043869687953002
-0.0008392462043183032
0.31781635957492185862070423616677024745
0.99851242798799123
0.000000000000000003860488618123550909
0.447516500038147
0.292759499961853
0.028640723247119654286
4.78347344310790256422343
0.00000000000000000000000016262756881579
1.878095674060415
-0.081467917899585
0.8801515848193877635637317
0.916850957801171495899096
0.00000000000000000000000051626156592
0.84490730144197699
-0.25722133211261101
0.16192638358404441016313494002906
0.533228110981891
0.000000000000000126400886017046
1.4070496681162713
0.3686427100022913
0.460972830227068942514131141287
1.710015870216901
0.00000000000000001175775981201
1.04071974059662775616083
0.61167974059662775616083
0.1772363683527885862516212516
3.85138
0.00000170299662775616083
0.32722972457465476462958
-0.07277027542534523537042
0.025445944914930952925916
0.6361486228
0.00000000001465476462958
0.919468339
0.639251661
0.10919483508304
5.5625525615573816
0.0000000000000000108348376
0.669871061264972901915
-0.185549706263828501915
0.103574636306417010238801937494135763
0.566179
0.000000040131227574990467215
1.67936217280039673
0.25023269999960327
0.689410225820944529046942972
1.350188985339725392477
0.00000000000000000000013212268224259979
1.096504768444342717631799
-0.071495231555657282368201
0.299302784771496147096970616
0.8775766582
0.000000000055542717631799
1.32939650568121538109
-0.56330205234121538109
0.3624964667864000915525716616703
0.404763056
0.00000000045402380407580698896
0.98095674
-0.98095674
0
0
0
1.401632715287251
-0.527687495287251
0.42153004397024486919511
0.45298090758079
0.00000000000000060393356049171
1.2683604130464637
0.4585336130464637
0.34962126577248797474358
2.13
0.0009814710464637
0.9518876903181506065461203
-0.8692143096818493934538797
0.0376391647058823529411763852853
0.0453974
0.0000000423507506065461203
0.978057276722
-0.429221276722
0.193091283039497796
0.389998
0.000000089356973444
1.2737621063485160601
0.0231021536514839399
0.405484048516517891189851013
1.0369439
0.00000002553826199742727161
1.843554894331273365377279
0.120445105668726634622721
0.846046906233310444800487978
1.13979968828592
0.00000000000000587411306971288237638832
0.5322804608223945601
-0.1617914091706054399
0.06428650722297261003532656253965
0.53379
0.0000002140841128251
0.8907739681086442359044785
-0.5323739681086442359044785
0.1275140550850690470740825472
0.25183608
0.00000000124147402151522088011572
1.433020522625
-0.435446708625
0.465983495553020621875
0.53389
0.00000892195396875
1.21098649576562027847714
-0.34143587396048027847714
0.3374774592248849214923281612585122498
0.56012502703021339
0.0000000000000000002150050039639815630954
0.04724650949874
-0.04724650949874
0
0
0
0.09935301747137
0.04157015335337
0.00203573610771091335316983
2.4388401817008734381753
0.0000000000000000000000005831180573
0.05329365987640192255
-0.00681162737468528275
0.000698453978882512566343605284972187735
0.7733434881
0.000000000002854199968008596535
0.1076935988403137949187457
-0.0289295796139462050812543
0.002690247663634696223392079993812010841
0.5765
0.0000003784237433499187457
0.0979186691239795529106584
-0.0549584188760204470893416
0.0016419094894148165102616901773696
0.281
0.0000008942599795529106584
0.0823926141297779812314
0.0416907001297779812314
0.0012626070964568551155870284498
3.04858671411
0.0000000000001540779614
0.11689018420691233691
-0.06628821579308766309
0.002317296902723735407717372
0.276244188254
0.00000000000007908011
0.119571984435797
0.020428015564203
0.00347003891050579
1.412087
0.000000045214008721661
0.1053924695201037613488975
-0.0437644695201037613488975
0.002298060959792477302204927565
0.413175547826
0.000000000000006485084306110716378165
0.0858869306441603723201342
-0.0338811322158396276798658
0.001557158433811902037079418454617906
0.43
0.0002527656992603723201342
0.1311811551
0.0092188449
0.00428087708802
1.151175307927218
0.0000000000000000596304882
0.070408178835164415960936
0.066086823835164415960936
0.00014746084056610971236743529414
31.58
0.000013305885164415960936
0.0338841840205
-0.0229983977995
0.000154802906347765275555
0.191372
0.00000002638647148
0.034562447547112230106
-0.014562447547112230106
0.00024562447547112230106
0.407125551344971112630514
0.000000000000000000000000016132813381474945516
0.092973
-0.092973
0
0
0
0.11425345235369974517
-0.05263447013046025483
0.0025708659822062062710963262807536
0.36922373
0.0000000004958435346116
0.15737850003814755474173
-0.01249713893339436942093
0.006152953448184162132980053019849435585870332
0.852867203219315895372
0.00000000000000000000000985721742525036539524
0.147144268004882887006942
-0.040935371995117112993058
0.00499393273157854581521316443044
0.5647017189
0.000000000005836289006942
0.0647029831
0.0127029831
0.0010062775606
1.48857
0.0000001631
0.129521629657464713511
-0.046054779882535286489
0.00366370244977416647585305364747
0.4753876104
0.000000000000548531903
0.0244476566720073243305
-0.0025516566720073243305
0.000147794241245136186770314
0.81098358765683282468695
0.000000000000000000000000134756978344219163025
0.14555275806
0.02555275806
0.0051331654836
1.425879301
0
0.02196231021591515
-0.02196231021591515
0
0
0
0.1163149462119478054551
0.0207537956816967945449
0.00327461166927267365514608265066032873
1.4343563376233511418
0.00000000000000000000277242448556128636682
0.03734340428775
0.02846875715265
0.00014601492749544613734951
7.415
0.00000332646681675
0.078672465
-0.078672465
0
0
0
0.102030975814450279
0.008377203021286321
0.0025850356237972722773449683753657
1.1788972
0.0000000041602197153864412
0.167693598840278591
-0.021972991531278591
0.0069095826837926611302651608095
0.76829876586
0.00000000000082922911149029674
0.06600442511635004196
-0.06507667658503089952
0.0000304025748967878279410834577283561028
0.007077668094617247
0.00000000000000000000898272528944714722
0.0454474708166092164492256
-0.0151400015253907835507744
0.0004590632393594277866788737436591776
0.5002266660035083346149
0.0000000000000000000000022325144521
0.0900587472343022737048905
-0.0282566567483024262951095
0.001828034825705140596398869855219159142675
0.52235033145038568376489
0.0000000000000000000000003463596176955085
0.148926527437552452887769
-0.022136263437552452887769
0.005422274103907835507743896940508
0.74119136810161811
0.00000000000000000012233224113368887210341
0.160407415884640779736
-0.026375219348440779736
0.0062587217187774355687787731752216
0.717583818051
0.000000000000009050125900508185464
0.012845044632638962
0.001373311970702762
0.0000407772964614028756017240215022
1.23942537909
0.000000000000001157250802971
0.10564431219940421149
0.05311970702659578851
0.00208475435637345387960286505337
3
0.00059510185378736553
0.100471503776607919333096
-0.071412222476539253933096
0.0012487043880235502957646939899301980950392
0.1690635985937999349267
0.0000000000000000000000053304123205702514459368
0.10344853005416
-0.09230641005416
0.0005452812583199286096
0.0569187168090601677548602
0.000000000000000000000000004734702771568
0.0922865644312199588006107
0.0233493553063248645762107
0.00199290439532417793183545976035979113499258054
1.6774093585
0.0000000000012870984970367704763
0.091350423437
-0.088649576563
0.00012153810933
0.01500470485555
0.0000000000000005
0.0692561226825360494344
0.0423208972304875257544
0.000751338046656249389077753662283129317696
4.142420122365737594
0.00000000000000000001284736080901238704
0.1522911421377889677
0.0322911421377889677
0.005537468528267338062
1
0.0322911421377889677
0.1717465705348
0.0260534294652
0.00720452582589172
1.3576479891
0.00000000000059746842932
0.087835507743
-0.087835507743
0
0
0
0.072551
0.013369
0.00127122936
1.451792774830184
0.000000000000000025256
0.0379827573052567330431
-0.0239291981383993286029
0.0002175208322408149567988649038532313301423
0.22699
0.00000008220035095750358723
0.0915678
-0.0915678
0
0
0
0.0062485694666971847
-0.0062485694666971847
0
0
0
0.0695857175547
0.0313588159007
0.0009646991882271221488079
2.64
0.00001275654442
0.1347234302273586633096818
0.0263508049126413366903182
0.004364009433170473792629888445889226
1
0.0263508049126413366903182
0.07544518196383611655985
-0.04236667429617761655985
0.0009742600976594863309681268304998056125
0.28077
0.0000002363927672220759909155
0.191795223926053
0.005311665522147
0.0091892985325564119962661673
1.05696658265864
0.00000000000000028441177967608
0.131821163330052
0.024736401330052
0.004191232387731711933812
1.4619966626073651823
0.0000000000000000000031589437
0.07233104448004882887
-0.01433104448004882887
0.00125660028992141603723
0.66926611966
0.0000000000000228580148477174158
0.1695811398489356832202449
0.0190478370336461432797551
0.007098735724200985102570381549866747247154925
1.253071402505777
0.0000000000000000666764133760524096452127
0.06158640421149
0.01641359578851
0.00088086976424811
1.72
0.0001513847562372
0.10673380636301213015
-0.08585336079957274815
0.00100532646503883851409809021297430265
0.10842
0.000000072449835964747357
0.150859845883866796368
-0.001409933623266796368
0.0056891762968205058365495133747504
0.981481110331538330498
0.000000000000000000000044569211426949968736
0.105267414358739604786
-0.085961699855039291986
0.0009229536709516787215657778955238275704
0.10095
0.0000005677119096665854333
0.0982299533
0.0760738537
0.0009654731271377943
7.8670799
0.00000000058722098
0.171081057
-0.006997743
0.0073049399142858
0.921408466364328600597039
0.0000000000000000000000000056634
0.083068588924773
-0.021849393075227
0.001605748622049285484043
0.5834957428893933548
0.0000000000000000000050869932
0.098777752345433432
-0.043546196689433432
0.001965193278075239170891545696
0.38806930267561111869
0.00000000000000000000038306209887395592
0.10717097734
0.04717097734
0.0023151293202
2.5723659113333333333
0.000000000000000000001
0.0409094377050431067367776
-0.0043945983062485694667776
0.000413567399767379954049857465553066578225576
0.8059952846076119905656
0.00000000000000000000000146207492940389621058944
0.0777828641146662088960097
-0.0263630121346662088960097
0.001338791385267017624170288993322103
0.4937291214190499912
0.00000000000000000000047123107071607349988536
0.08950713359273
0.01049286640727
0.0019753566796365
1.26559422193
0.0000000000000243101454311
0.0032776379
-0.0032776379
0
0
0
0.175123216510643167772945
-0.006746013489356832227055
0.007655658065758754863813160991175
0.925814
0.000000061859033167772945
0.0633
0.0065
0.00099116
1.22
0.000252
0.116
-0.064
0.00234
0.2888888888888
0.000000000000008
0.03961547264820324
0.01444419012741284
0.000340187761175922118548192137408
2.14767216294
0.000000000000108173056806112
0.174906537795681
0.016585030204319
0.007579308434198453158904
1.2095107
0.0000000052640582167133
0.0824856945801556420233
0.0412497139801556420233
0.00127558772673151750972667177399
3
0.0000137333801556420233
0.1238193331807431143663618
-0.0214740215152208743419618
0.00371752341732192593676787442742983756033677396
0.7044
0.00000033630884260318912842808
0.04283360036621652552
-0.04283360036621652552
0
0
0
0.073508812
-0.073508812
0
0
0
0.1823498892806057831692
-0.0109483481193942168308
0.00828290394852643625542647298404
0.886720662674865996
0.0000000000000000000152022748
0.148873884
0.031126116
0.00529864956
1.528691
0.000000023394156
0.055988403143358510714063
-0.019040207522697795065937
0.00069304294600895986425454834805546048499207
0.49245474883058
0.0000000000000002909922060550526238
0.097864475089646753
-0.045814475089646753
0.001869622339208056746825
0.362266009983
0.000000000000000549557758464801
0.1653196337834744792858
0.0325203662165255207142
0.006568251773861295490951336
1.4
0.00596051270313572899988
0.17912718342
0.01393301342
0.0079731047442551057
1.168686
0.00000004153969
0.085369589
-0.027830989
0.0016283506943277
0.5082889241077903
0.0000000000000000018686033
0.1553002211852674143587
0.0283726253852674143587
0.00582828820723506523231609490673
1.44
0.0004485543092674143587
0.099250782024872205326237
-0.036072327763790340673763
0.002137376225562594054544839578228387509701
0.466871137973
0.000000000000001883133885270371
0.06037773174639505
-0.00839773174639505
0.0008937371480888073495
0.7557927981
0.000000000003079885572510595
0.133620202944991226036
0.009304951552605477964
0.004441944127916076705094590506300388672
1.149699275807
0.000000000000002830523816826752948
0.130513771267
-0.026513771267
0.004082716105884
0.66230419403960077
0.00000000000000000040422292441
0.165476387670710307469291
-0.022938812329289692530709
0.0067140614413672083619439788116
0.756
0.000047842070710307469291
0.084872205684187
0.001618982215813
0.00180016754857095633536865
1.0388929616984263535053
0.0000000000000000000000038412607043089
0.05765545128557
-0.03765545128557
0.0004765545128557
0.20983958246615083
0.0000000000000000003974669774769
1082993820096131837949186.374089509727626459
-687144274052033264667734.111054490272373541
175177090250979244266758622509663575220496202446.566482865936192945412548
0.22362
5632715342946517128.252073559087626459
1288487067978942549782557.649485008010959
-119462882429236285954070.224628061341241
411481886017667646919411104088230977871770706990.5249407525429142867404041699
0.83030237346916657635
1415.274280918593140579844319106829765
774608987563897154192415.491508354314488434637216
281742580300602731364919.226916914625772494637216
130160050515081049452589750839171987285728201793.08712990563452742952810394963454048821152
2.14328173374613
7629510.9483482108796826189757831778439
1066742961776150148775462.4
320088502327000839246204
258870974294252628923003394730991866866820981049.44
1.85739
1468833447775997558.570212
1576058594644083314259554.3857605859464408331425
111192492561226825360494.2817605859464408331425
617899230837376109725812580924664790914116870591.97609054479370747134841
1.1518125
0.0007413359464408331425
1126466773479819943541617.85575640304417486839
-123216601815823605706874.06614779695582513161
313436265197749187746966371851586109186037704496.898483611363914348096594119
0.802803487264
403814755474.17410549039051081399
1043671320668345159075302.14081025406271457999542
-783443961242084382391087.85918974593728542000458
118866346294729783322529121463248578238859387470.9533422837328331419669
0.1424252547185568732
23132.68981122459206870599542
600213626306553749904630.512932021006431677
327443350881208514534218.029159990793568323
63259312291937278702635385502558475350429816883.5731770857059594174520888943
3.400872
92530708781567101.548790629932959489777656
908812085145342183566032.508445868619812346
-569481956206607156481268.981139848935692346
125407426915330164888883259522027525035844101279.70097494462667874194210325447276
0.2295417
793469138628213.9314869908903548043201718
1068635080491340505073623.712016
-584893568322270542458227.842664
199970112247993810287841251111133571576410925890.62784104184
0.292551031707947
238742656.59571219070616947902
1022201876859693293659875.3797207598992595
98329137102311741817349.4095674067292595
258807014463048588075089586665791429549921207711.1535338558806336004002638075
1.2128629471806560301258
25.278095674067329707484037296535607
1042221713588158999008162.36754406
84473945220111390859845.63245594
269772563213397037043012586441673214200362203567.26221624
1.176401236338144855495012
0.41905851884979925984335397977128
1265949492637521934843974.6008239871824216067750057
264225223163195239185168.6008239871824216067750057
383203287338389719389123999492981830756538335755.4414206069056800879525971
1.5275408237874
36353093767.6585244462602216067750057
525139238574807354848553.6825360494392309452963983
-513756008239871824216067.2363012130922407873655217
2956495972090297808736577517497305732536983991.695342251845703383020152353875286362054469259768
0.01095705
1585412375066758.220798045259784847791256654732
1015854123750667582207979.452597749599450675
-381963836118104829480429.922453749599450675
221515807159794550722361502213388170944748821429.9315626196673983768236
0.453
339375906004425116350.041622835431448844225
1691386282139314869916836.547058823529411764
-5111772335393301289387.252941176470588236
715190356298161287861446573044937819485770363318.1043030441748683916
0
843137254901960784313724.647058823529411764
1100495918211642633707177
-594232089723048752574959
214494872385966242519526016522644003730316864412
0.2987286
51648737315938048.1538552
1070801861600671396963453.5712
-105516136415655756466010.4228
283870742940844036491751803750910714878307146624.9496774
0.82
352483405813687342641.33666
766155489433127336537727.1654840924408560311284
-45532921339742122529945.7849393453591439688716
146230246765695937567444435888839499440249202981.53845271737797013447235887060676
0.88780689551453171410309
1.758907454057780168187667229298599
273746852826733806363011.8571755550469207633325
-252597848477912565804531.6769054703593492366675
2782916594217745753506578960565137731175509921.9086438321638213417807694289407973875
0.04018090102626543746
1943.6942092011902037372321744721115629
626733806363012130922407.246921492213778
-166887922484168764782177.295536736213778
91235921341796915667022720130223312051966417797.547528914260766657184084
0.57942703326283407037
429.54146639188571044560766910592444214
1720790417334248874647133.39188601510643
-18646524757763027389944.29188601510643
740192991875959135089020447971347789866857504852.4001120095679565
0.978
487281605249103532463.56263547722591146
672404058899824521248187.318745708341428244
386602578774700541695276.946120393741428244
75666416127427536541279720171464714371502076102.4304191867370700485269127812
3.705392
59815365835049973.296711621183266644
1075593194476234073395893.634
-827359426260776684214541.634
118094274945257080204495219967821115227740727180.584
0.13044663619597466
1155107.34407729704395084556
1127000839246204318303195.6380865186541501
487281605249103532463568.5979400320439501
258171882211876426091194614152742459925955191450.42807911773166959278546948551
2.52342
1067521171892881666.285190051728094658
888532845044632639047836.14511329807
-633554589150835431448843.49553673593
97024799822256318982221299157629673066501796584.90160602692014852819
0.1675187969924812030075
14.3053330281795871287281921113725
712870984969863431754023.85415426871137481277
480537117570763714045929.17537193865873118723
69317279962171316555848274421050828311761019944.11962853484593592231284706211352681
5.136608432943649
2487220.56916151674677574109416917106140227
1474891279468986037994963.04788281071183337
-75608453498130769817654.612726024261844816
542396912003320918249914253945314992773675617559.550715092983551428606875067744870761
0.90247214895878
3407644769.97024490730143856961188665041346
1631921873807888914320589.672281
257663843747615777828641.672281
649194586459463887939054392507642377069919586981.646694
1.374986
82917524986648356.865917
747508964675364309147782.879560540085534
-506141756313420309758143.996795605485534
75647543696500324642763147554567758702184898147.1522569667311839806680382
0
120683604180971999694819.4413824673
1044159609369039444571601.916090638582808422
718837262531471732661935.651041428237191578
143385569958491257719611594354781245454724478928.82011293457530395881638137902
5.4192307692307
11261158159.7619592584042666109418965790446
1391332875562676432440679.16044884412909132524
-11886778057526512550545.49755115587090867476
483916468782229292107639294570278757253427045816.26092253168163589288396
0.9830578512396694
15075913.63452085924056729264
657557030594338902876324.9699677
293568322270542458228427.2642277
86549722160825818218481487396200080138445791375.984708715399
2.613062798692043263184371
0.10808617912540664951123750523
1016723887998779278248263.269535357273975738155184
145098039215686274509803.776470582726024261844816
253168505860779359520280153491871436390091917882.26031321609055047262017555289648
1.3329365218304
29687953002.2125581695116816113527126279610712064
96375982299534599832150.662719157701991302357518
19867246509498741130693.502719157701991302357518
2223405620082754145066376981904519537296209705.84611276005058842494046444
1.519
13229571984435797665.369699157701991302357518
460639353017471580071716.9422751201563515678644998
-202090485999847409781032.8336919203563515678644998
42837012254175070435892961679603041901835034466.33438867578984802988616872055523002
0.39012709522932400073
2247.959105821308407721062831802661823803323715146
1115678644998855573357746.6526894026000549
837872892347600518806743.6498054474800549
135676963793887158060374894639741928982754266552.988923422577947891266968044
7.0320773
5159075303273060.196841377373269512
1265583276112001220721750.4701304646331219
660959792477302204928663.4116731517468781
291208295375686880819302370165728029520625815065.451230782613909089598588361
3.1863517060367
13727016098.26810101472084795027757602627
858289463645380331120773.89
-617593652246890974288547.89
88809721027255236024744563168366227981137976920.57
0.163085957693182
386022735.53638075602494802
1243045700770580605783167.5233234
-315785458152132448310062.4766766
361360539655967905970616105565518715792474717706.520291
0.5
73922331578545815213245.0233234
1130861371786068513008315.03607232776379034102444
-575524528877698939497977.60407415884641794462444
236904739714492838431807248963465190107452804245.155755818838004701809986034740172193644008
0.325446220982222699145
98.7258716716258487830782121864628569593268962
229816128786144808117799.0417486839093614099336232
123186083772030212863354.9582513160906385900663768
9410160453790062739819568494775839793518552619.5670819261565672390685864
3.3105323411562678878076632
0.00062867170214389257648565040039734597831969869376
875410086213473716334782.06348821240558
224551766231784542610818.42348821240558
178979830831616867998266559988048927289023318485.3916677884265556
1.6900173489004548225254372
0.015311188261928747446048296
1508339055466544594491491.5869534163
474021515220874341954680.2309454163
512597577338353571328554116625064403655388745353.6604933415490652
1.91658798536
2729533836881.05592454507397856
1170763714045929655909055.05750972762645914396
-121217669947356374456397.22249027237354085604
338998487654788280081622224223302228480202402918.8423122476806435151144
0.812353844
217593652246890.97528144546645914396
381567101548790722514686.4270084687571468596
253665980010681315327687.2415655756466068596
20311755892391449687933053961486040132316995655.943373176005100851354087145430092
4.9665950847
340276188296.330205233844199130718631
1367559319447623407339588.16452346074616
-285267414358739604791332.59052346074616
447210248628281512643708819839923035711485915484.91968508620954792
0.654812681
148332951857785.91569459052840870994504
1095780880445563439383534.4195925841153582050379
869001297016861219195848.6770428015564202329621
111393120933266785976221722673389716973433545909.6390251088095914531046867940007421354001
8.6638406674740950074014
2.99992370489051651739099294746920004623908694
106736858167391470206759.6399633783474478
-33829251544975967040512.6693064774547952
2562084657838146086699726947686346293674265121.83500169066400198607754932494545
0.518671298306556665
15411.6121156633859768881494097432002025
586022735942626077668420.86816200704966811627
94285496299687190051117.62906839295033188373
83633223057300630829060142245112451969224971908.342928965169581990290089304
1.38347
2256656748302433813.9925207788509956511839431
1055207141222247653925382.23639
38620584420538643472953.43639
277992640336361137961668700792860861685127469558.262016
1
38620584420538643472953.43639
889753566796368352788585.361350652323186083772
383764400701915007248035.016649347676813916228
161096573595189884103205498987656205679880144886.797643887643236035152908
2.5168878166465
15716792553.596797360189196154726558074889402
1343648432135500114442662.338338292515
-340611886778057526512549.661661707485
422343662941419844245631322556008989230620598344.93083491909
0.5955353421
73900968947890.763739279915
1998504615854123750667580.20947577667658503089
-152590218966964217593.65209437667658503089
998505169076615954080994420961263115342541369934.069270941024176189638255723
0.9998473
7258716716258487.830929954204623483644216903
253574425879301136797131.0503058525978484
-10101472495613031204699.7686458525978484
16049487428359389885699276492989110894434458751.001368323284085190172
0.92337962
1269550621805142.290376042829022731590392
1205645838101777676050963.9235156786
-499122606240939955748835.9964843214
301114627717847378452713271388004425073487173542.059631512856
0.41
3784084840161745632104.9799156786
544533455405508506904706.863721669654383154039826
261844815747310597390706.993820090345616845960174
56988494130529971489192119424180950571729891749.28622783107696489637390074906688
2.8
7425040054932478828107.1109086689677271686884872
1605386434729533836881054.2633096818493934538796063
-318593118181124589913786.2633096818493934538796063
618941007465307946637707810081652182208647548604.2172470202865535344132942
0.6688186
2771038376440070.13588158721904325932707714588282
1253910124361028458075836.08491645684
70481422140840772106507.90235751888
391830742277023613397504263227701531217008140980.2029992112307475065828
1.1191139305791943
52408636.606393530172395360459757186
447913328755626764324406.3571876859693293659876
108033875028610666056305.6831876859693293659876
47238757980812178699549735154299164224824428542.8761673982073670341178212
1.6357187752
9118791485465.7823348987269293659876
786755168993667505912870.19821469443761730373
-338719768062867170214388.91892881666238269627
126063153665422946366249138442712562234793772140.2822224260717767976710236632015
0.3980856313
50160982681010.147249561253146275015
1181872281986724650949872.9311968027008
-257602807660028992141603.4655988027008
332615721103544524564495388398442808847026852112.7202075965285435392
0.64208785617367706919945
5.22468882986193595016241433029612544
792690928511482413977263.2646829938200942252231
21225299458304722667277.0063172350652342252231
156977098701825353072688738350701603294935322800.575757095370965707177019233830854633
1.0550259108350805016
817.883573662928208313503163459881112
1154604409857328145265887.3019455252918287251087205
-101670862897688258182650.3904325932707712748912795
330693594724907117965830503688261128047983888140.30658572260226294316007360296209257665
0.838139195918863
70267795.8342870222018768469768273381
767605096513313496604866.860326596475165941863
-653192950331883726253146.520126596475165941863
40639138457485651853930623573505168057950801131.9050346854737167538908963
0.08052667
5363241016250858.31992833064042114900435901379
1670069428549629968719003.34579995
-128969253070878156710154.65420005
693124706984606846096906460945633307725837671494.28247105
0.8
50934615091172655832761.14579995
1305806057831692988479437.16218808459601
-328374151216906996261539.30693528459601
399324969370630657749934706748708316098008517147.057228137157212210664
0.5981175767
43768978408484.016174504022764780311033
693766689555199511711298.61187031357289997
-490302891584649423971922.90932968642710003
60228823510028022081330815500484493328958525706.369328854837299417182
0.171834
192782482642862592.50783337317289997
640482185091935606927595.30061799038681620453536
27405203326466773479819.91613641565575646546464
102366596062693869077626847273895758388318819144.8377810413480900545209236626535159673056
1.089402160386281
15121690.69962615396353092199931637608841160384
1398718242160677500572210.974502174
67643244068055237659265.025497826
487959278121251294046723073618504441808234492109.138614412
1.1016
24634164950026703287.3712884051216
404852368963149462119477.648
39368276493476768139162.152
40588894865251817605687532775581932696397520955.5852
1.215430861723
81666285191.030948654920196
1320302128633554589150834.111146715490991073
30579079880979629205767.879697871370991073
435565657686981998946885630926164125574649867407.97681596462113908541594427038
1.04
4784618905928130006866.555068894488591073
1364156557564660105287249.723048752574868253
173464560921644922560463.700801098649668253
457708289912731189185216502274359018124664578382.7637763169887351779060653983378
1.2913676440434693459093705
0.0087281605250287600294202584161069567
1140199893186846723125046.54424353398947127488
617059586480506599526969.7041428244449530785
229823315788950718371105763385190782216614088129.4408388068394854800353783739565063391911
3.359
15594720378423743038.07124403753719386586979
892881666285191119249255.22980086976424321126115
785519188220035095750361.61625085831997678873885
45049318731589118977406318454228833836119139623.4867683915001907039670015379098070265
15.63303013075611142694
382.696269169146252824444697944043067396514619
568017090104524299992369.92103456168459532845044
-518944075684748607614251.40750743877317532845044
13335115240628296600529834046402549377396082768.9979250223912791012438549194449900124
0.04514698037454
134584573.1288624399176004582284278434109722024
111757076371404592965590.7938658722819867246
-102754253452353704127565.3203021277180132754
482801879133353915026176778810694300688957360.6898301587781033489870664
0.04196898
603952086671244.3732356750276667246
1201617456321049820706491.4546349279011215
272281986724650949874112.8546349279011215
342436757760186769403528740233571071735086696147.91956507072629995
1.58597136477078
3165331502.3420016323124675
1553978789959563591973752.92835889219474982833
-228000305180437933928434.95930418860125017167
590716485120454156549355948011470914530233465893.94059620026622590817254595987534
0.744104399650631090407768
0.285526817731177261947181926614988336
1446509498741130693522543.75658503089951934081025
-226581216144045166704813.99658503089951934081025
510262670609750666336525000017942802929580859626.73809120896105881196902
0.72914
5459372854200045777.063926790569924467841614315
436270695048447394522010.702729526207370107
87449454489967193102922.015329526207370107
45671178066865634672716677945754869733129246030.9231574210726743137759
1.5
244144350347142748149.843479526207370107
356237125200274662394140.1783772030212863355
-88349736781872281986724.5616227969787136645
29774803345382512228391140498485736787320675117.680055456573317880135
0.602553542
2197299153124.2853222484812863355
1349599450675211718928815.31322
-566353856717784390020599.11322
375165496560931144702728863040871563268981228731.629082
0.4088020260906962297510393
0.026023597184877801079498300454
1029343099107347219043258.29773403524834058115518
691050583657587548638131.60466926070038910484482
145499076626606408024324315232902740080618521105.61881544272389571738679052567484107033674
5.0855
3547722590981918059.05241119249256122661183211
66071564812695506218051.35683219
-58258945601586938277256.36960401
242836733547389225534437675585415902349105290.970913086903029
0.0628375
381475547417410.54398412264125
533623254749370565346760.7389791714351106317235065
-490775921263447013046463.2308995193408106317235065
10973193279331623407828526859336528018404058410.875723317715101192428647265155632331475
0.041
423483634699015793087.6626573128862436140993362335
1541298542763408865491720.43928658
1052872510872053101396.19948658
593900022346020889306435636780159702839658338776.946220410942
1.00136714880126
6222629129.472836747354608926
1096543831540398260471502.680064087891246738384
-702952620737010757610436.468024719614753261616
177066496872066408073569436063138821874859951087.396835860720302094654440258755152
0.2187229712
48706797894254.9782558937486581474704
999084458686198214694437.087434195468034332799
-605218585488670176241702.301625085832034332799
157970054841846734213945176242191167574826783942.005086704790500966897806750875582
0.245505906
419409475852597.848477912146358892195075989106
1527809567406729228656441.59418626921492332341
-324086366063935301747157.68308533078507667659
557292525397752506849081355375695543729144172486.181398043482838743174604078
0.6499950561945881810091
88.40772109331709658938980861422
718410009918364232852673.3915
-102525368123903257801174.8085
126400372810490579300261646116225479587408481449.27515
0.750223048327137
224307621.9066883292306983
391927977416647592889295.40421149004348129
159380483710994125276569.61249713893340129
32051350223488440470160122273207286266615500558.0306278850016005429264202036016
2.3707349081
4242008087281.605249103528237969108176
960173952849622339208055.79782101167315175097276
-458487830930037384603646.44217898832684824902724
177930732154984559393763254764468882628929581591.3701128152331349957354912
0.35363335197693929355
529.49002831230336747469676
1536705577172503242542151.5112840466926070007827878
-364415960936903944457159.9316090638590066407827878
557166259581877304296974726696203648603617547840.449790651563203673194661004484903495941804
0.6
15808346684977492942702.35696955825131608753032732
1030884260318913557640954.18388647287708311970702
-690333409628442816815441.43982604715038311970702
146540535431010527066139464087434439943009212183.794371320876157548266000517387295717
0.197854609929078
12207217.51735713740748670862897822395366127244
541588464179446097505149.37820370794232089723
-437369344625009536888684.99779629205767910277
25506530228635202498321057838552551558587079528.32764147934418616858924
0.1
3161669336995498588540.47140370794232089723
1314366369115739681086441.04467841018768
-208941786831464103150987.81272603018768
420975570494541965916289714622987891813169186352.8062752030514282113392
0.72567364519
5205615320057.9842832015153602484707408
1243762874799725337605858.22064545662623025864041
-285923552300297550926985.29430075532158388647287
366298452742514064084014485003155620910783390809.3079661178465542070815576734295147657231097328
0.62616710557816614795
2352.941176470588235294115297797321466293005112
906141756313420309758143.590029755
845410849164568551155870.070029755
26593344662403279417249431000917942548728968122.6761242938
28.84120603015
22888532845.239767921686
239597161821927214465552.51847104600595101853921
-70374608987563897154192.34589150835431448844079
13113553590742566673773430640855228420264151007.9171911881226623490166222539268188276492429
0
84611276417181658655680.08628976882581826504921
1.14900434882120199893
-0.50421911955439800107
0.266493518271455533682746340019054
0.39001698294323609
0.000000000000000001606980202298
0.8787518120088502327
0.0787518120088502327
0.19150072480354009308
1.19687953
0.0000000000088502327
1.58878461890592809159
-0.01515220874341950841
0.631001743960562750021808832081833342
0.98110622752440212
0.000000000000000003783551150971544
0.589127107652399481193
-0.264872892347600518807
0.069228274967574578469411
0.37968877
0.000000002862399481193
1.1461890592813000686655
0.5461890592813000686655
0.25385671778439002059965
2.820630197604
0.0000000000001000686655
1.8061036087586785
0.1894102388036927
0.80653350175186243027050047758224
1.23431807456347336
0.000000000000000007694195951260856
1.55457389181353443205
-0.37019913023575156795
0.56991314727024292647317372911000815
0.6153321706040908977056
0.0000000000000000000000530988462408992
0.77840843431754
-0.12098883431754
0.147820348146791709892
0.7309557443927
0.000000000000041963353742042
0.82601663233376888685435
0.56087586785696888685435
0.09193043443692817578393190048777704
5.230778084718435762352
0.0000000000000000000000090557912832
1.4063019760432
0.0320744640268
0.494164119145100644864287
1.0466799911
0.00000000001164965247298
1.4472724419485770962
0.0382848780514229038
0.523282947334096284422127092
1.0543438125820355
0.0000000000000000457932702411246849
1.371465619942778667887
-0.603601120057221332113
0.37914590863767452506255988919
0.388779014
0.000000000062081487887
1.19744255
-0.70212255
0.235223146333
0.2607544
0.00000002104428
0.84817
0.70817
0.0544719
11.1167142857142857142
0.000000000000000000006
0.8535133897916252613
0.4241855497061747387
0.13713793149351530021438819788757
2.9760449246512767
0.00000000000000001352707139161389829
0.70316624704349847409781
-0.66712443732350152590219
0.012346939026759952697031893897968135
0.026302309525402860142
0.000000000000000000000129816599943
1.3486980743114366369
0.2820619256885633631
0.434856891432059204995522
1.528881242310663
0.0000000000000002668522111302707353
0.915175097268
0.359624628068
0.1770538963866114819128
2.29466051423145
0.00000000000000233755183
1.0749977586022735942626077
0.3772942413977264057373923
0.2533173091020065613794155309242
2.081
0.0001854903486686503395133763
0.609750514991988267
-0.526741435873959733
0.023584787566608518701349968240058
0.0730397422
0.0000000000072023126606972
1.7987936289
-0.1653763711
0.8020772938132565
0.831606
0.00000085039
0.9031198
0.2236662
0.1913997010324
1.658370784995472832876
0.0000000000000000000001017232
1.44613829251544
-0.03053829251544
0.522595843442428432
0.9586391592783312283
0.000000000000000000028292888085048
1.5394522011139085984588
0.3394522011139085984588
0.56367132066834515907528
1.565
0.0004522011139085984588
0.988662546728660257
0.143953612571339743
0.23918274718291523563644547005
1.34083601
0.00000000120657282485854543
0.858014801251150934615
-0.245090409704649065385
0.1690300225592148256656245437275085
0.55563
0.000003021591565357615
0.8552439154650186923
0.6032439154650186923
0.0918847333485923552298
5.787650122738243
0.0000000000000000743
0.65580758373388265812
0.16419241626611734188
0.1007811093308918898292
1.6679713203799
0.000000000000002912949972859780212
0.4748149842
0.1597161822
0.0499850025910756632
2.0137530272171583819604
0.0000000000000000000000097742796
0.561440451667039031052109
0.220553902494840968947891
0.06664283921559624322880881446965070246
2.2
0.0160219729915221316853602
0.9937895780880445559
-0.7716182192721446559
0.098055762300924524411988566572174705
0.1258470474
0.00000000003059128669481838034
0.4264177157
0.0755822843
0.0440298466407
1.4308703029131965
0.00000000000000001458476495
0.72214847027
0.33133440147
0.102928981878954483928
2.6956114322
0.00000000000906133232
0.5206220738
-0.1110699262
0.0646777038054348
0.648341513902344813611
0.000000000000000000000220094
0.10847638123445487144274
-0.06746014123445487144274
0.0018040636575875486381322850488
0.233130900988725065
0.0000000000000000000041963523272102497219
1.2348668567185473
0.2769359967185473
0.362050651885862496519839
1.578196210775686462382
0.00000000000000000000002654574
0.629115
0.217885
0.0870779525
2.0596746346
0.000000000006721
0.7073121232928969
-0.5326878767071031
0.054133516441596078
0.140826005
0.0000000001928969
0.921797512779430838
-0.699198901350423438
0.0902078877291764481262956703314106
0.137322087506589351250732
0.000000000000000000000000103844489250834984
0.797390707188235
0.284962233988235
0.138657116277646983466401
2.1122029664304
0.00000000000001463696736
1.723781183
0.038361183
0.74248749662593
1.0455212148900570777
0.000000000000000000051433
1.51262684053871
0.32645151453871
0.54536734184337560593473
1.55
0.00025329988871
0.179522529945830472266727
0.104722529945830472266727
0.0053153826199740596627755898
3.80006764561
0.000000000000016472266727
0.7734950789654382284275
-0.0368505378805217715725
0.14923416876041643762872458088026395
0.909049
0.0000003342183566824075
0.637277790486379797055
0.271915770206379797055
0.0830461990400683604180955971377
2.48847310400787
0.0000000000000008229451982
0.145098038902
-0.139085984902
0.000427132424261733354
0.021155496074425623
0.000000000000000000098870235054
0.89515526054779888516
-0.06771953917753871884
0.19917925112499487645644816889379757432
0.859338848214002727401
0.000000000000000000000322957529246756398
0.5245136186770081254291
0.2735637445640081254291
0.05006935345944200045776312955344415
3.180226194
0.0000000001029255674681
0.994491493095292591744431
0.079011215381094071870431
0.245692639420726689059951288477555392697191847
1.1726115074338289
0.0000000000000000100378980758117172207
1.750972670969710841
-0.078950270969710841
0.7649180372991531238374192
0.9137119174143
0.0000000000000571211114566015737
0.8326695285725185
-0.5196764714274815
0.1058187272144655517005
0.23144450987028245730012
0.00000000000000000000000595924
0.9524536507209887846189
0.4924536507209887846189
0.166164339665827420462347
3.141102829
0.0000000000509887846189
0.8765
-0.5475
0.117124
0.23103932
0.00000000416
0.80811779964904247534905
-0.68168154421301592465095
0.04709116259724199245593948050015574226
0.0848679763197
0.00000000000001839043180076476
1.4049
-0.3951
0.45441
0.561
0
0.8015411612099488822766
0.2058594644099488822766
0.15002252850666056305789426746744
1.691172703528831
0.0000000000000001833763796
0.2347447927616
0.0426031890384
0.01332252150311122145944
1.443456161631442
0.0000000000000000714133075728
1.70102998397716502
-0.21895170519483498
0.71139078929540708937629958172
0.7719231319448064076331
0.0000000000000000000000357337906034
0.909361409933622809948
-0.902067597467002809948
0.00330305586914394384679620257696788
0.00402655165442366146641
0.00000000000000000000000001304976972268415332
0.84911878401617456321
-0.30769818401617456321
0.156581134230563820858948063
0.46802615708
0.0000000000034412146183761509732
1.2047759860608834973678
0.4729838139391165026322
0.30694287208514534218355032722
2.292
0.0002460707484550240330024
0.8542458219051651789120317
0.7442282759051651789120317
0.0439650493964141298542763387541041
14.5292
0.0000035842335651789120317
1.106340070656
0.494575470656
0.2448458639411297888
2.6168
0.000024968016
0.4518195485084306
-0.0171817485084306
0.05096142298313877871834
0.926730486172
0.0000000000001328234212783368
0.5081864652474926298
0.1098954757000926298
0.06154411697034784617065347887626
1.55183
0.0000010173191217588
1.2162050812542915999083796
0.4892652780956740672922204
0.30994357182968018763041341403466997161224698388
2.3460957178
0.00000000003057907988091353489846312
1.925474937056530643167772
0.006866559853509356832228
0.92685164589715720393682673558765561544
1
0.006866559853509356832228
1.5189745935476462958724
0.1244831004523537041276
0.5729469433862516212710481111228
1.178
0.0003733575668726634623128
1.1080949111158297093156328
0.1941710536358297093156328
0.297542983492687571526665109721606672
1.4249173539931993357
0.000000000000000000030874061982
0.49036325566491187
-0.29105125566491187
0.03893632227054245731672
0.255065649
0.00000000026482032735064637
1.727740886549172198
0.024940886549172198
0.7461166308079652093772
1.0292939705
0.000000000065472198
1.2140840724
-0.3966887876
0.329159535161952632
0.5074553371851571
0.000000000000000074241847
0.393575951781490801490806
-0.025345235370412761490806
0.03856491221618118757213694513342240425012
0.8789975959787280305
0.000000000000000000015663772126967089762417
1.2201875925993743801
-0.3569543925993743801
0.34036033068436713206586966
0.5473401939085
0.00000000000004010834027901637915
1.388189516933165484092469
-0.443076218933165484092469
0.432688399784756237125199956776381
0.51609839003124
0.00000000000000629526207404825204126844
0.9595312428473334
-0.6235312428473334
0.1329772487983520112
0.212246833612862
0.0000000000000001628009753578092
1.2504158082902113374
-0.0422064545097886626
0.39043957720494392306010113436
0.9
0.0224246586302113374
1.8219900892652
0.0906099107348
0.82785943236431076
1.104667838824064542506
0.0000000000000000000000946602934088
1.1260503
0.6081897
0.224523641736
3.348854
0.0000002291238
0.767391470197093156
0.507743953602906844
0.0827714365277363238920697564
4.9110249176500352733643014
0.0000000000000000000000000063322157593387816
0.5177691309987029739307
-0.1974212252994583139307
0.057277433204103140360872017180701692531
0.44791977810966500518
0.000000000000000000002401856986502048938974
1.0223468375
0.8223468375
0.09223468375
9.223468375
0
0.7336385137712672617678072
-0.4051422903791866941321928
0.09352129835870516808810249589956832405175124
0.28846308
0.000000002590981918059258114
1.261119890135
-0.238719890135
0.383359047837012
0.681672811622551003989
0.000000000000000000000135173251485
0.9191271839475089646
-0.9191271839475089646
0
0
0
0.9064621957732509346141
-0.0735027084763866636139
0.2040677660531747051654391124072490098269114
0.849989100308305
0.00000000000000027687576808273915823
0.90510414282435071335
-0.90095368886844928665
0.00187398996803403371406399902944
0.0022
0.00008856336308863335
0.79287403658022430762
0.09102006541977569238
0.15509114639349965667117582862
1.2593
0.000024698058823529414134
1.234186507209
0.414886507209
0.33777138017816685
2.01278288101
0.0000000000032535
1.530712588
0.279312588
0.5662663763116
1.44640017260668051782004
0.000000000000000000000000972
1.1572747377285420004577
0.1193255502714579995423
0.3312615579092698558021979759088
1.22992561
0.000000000233920805676443048303
1.01406974898908979934386
-0.51513025101091020065614
0.190744570077058060578315356
0.3262748482724166
0.00000000000000006698386
1.06437781313771267261768
0.16229495713771267261768
0.27664011899687190051117488524704
1.3
0.02698252873771267261768
1.3335927366567177843
-0.2076600289432822157
0.43383672491070725559553963004
0.7305
0.0000237812213177843
0.889715
0.289715
0.1769145
1.965716666666666666666666
0.0000000000000000000000002
1.2902418554970626382822
0.6364232852674143587422
0.314922361911483597954660381455639789850194
2.946788648244958924594
0.00000000000000000000007801595450965349662
0.64502935735
-0.12759595735
0.099945535877822745
0.6697
0.000003113372705
0.1172045469738307774471656
0.0001678490261692225528344
0.0034342194145113298237582949403888
1.0028683144537157757496746
0.00000000000000000000000000488129133969226710768624
1.003936
0.101396
0.24940158582
1.224690318434
0.00000000000028882
0.0816433961071946288
0.0612237741071946288
0.0007293234029968719002631568
6.9965629
0.0000000002485827288
0.1112733653772792335
0.0422995345998322335
0.00264812780375577014610349717118725
2.226538648732
0.000000000000012495299626398
0.14188563363088426
0.02811436636911574
0.0048352788586251621
1.494226
0.00000000720225833571724
0.122052338444196
-0.033424887463804
0.003444887554432150765598984
0.5700349389616406
0.0000000000000000067437476676
0.0797177080948703212
0.0787045090409296788
0.00004012831013129289673433500948
156.358433734
0.0000000000004352868651046392
0.1409399557482
0.0227801937902
0.0048362834742963768950468
1.38558293301
0.00000000000043546978321
0.0767626
0.0630814
0.0004783084332
1ó8
0.000000000046012
